size,n_groups,max_group_size,formula,has_margin,has_answer_stable,tune_f1,tune_calls,eval_f1,eval_em,eval_calls,eval_triggered,diff_f1_vs_as,ci_as_lo,ci_as_hi,diff_calls_vs_as,diff_f1_vs_famA,ci_famA_lo,ci_famA_hi,diff_f1_vs_k3,ci_k3_lo,ci_k3_hi
4,1,4,as&mrg&ovl&tzi,1,1,59.6111111111111,4.52,58.55799755799757,53.666666666666664,4.416666666666667,89,6.650216450216451,3.2520328282828284,10.273742784992784,1.8133333333333332,1.0025974025974025,-1.4763239538239536,3.7628300865800863,5.740115440115441,2.259249639249639,9.46320165945166
5,1,5,as&cnf&mrg&ovl&tzi,1,1,59.6111111111111,4.52,58.55799755799757,53.666666666666664,4.42,88,6.650216450216451,3.2520328282828284,10.273742784992784,1.8166666666666667,1.0025974025974025,-1.4763239538239536,3.7628300865800863,5.740115440115441,2.259249639249639,9.46320165945166
5,1,5,as&gap&mrg&ovl&tzi,1,1,59.6111111111111,4.59,58.55799755799757,53.666666666666664,4.516666666666667,76,6.650216450216451,3.2520328282828284,10.273742784992784,1.9133333333333333,1.0025974025974025,-1.4763239538239536,3.7628300865800863,5.740115440115441,2.259249639249639,9.46320165945166
6,1,6,as&cnf&gap&mrg&ovl&tzi,1,1,59.6111111111111,4.59,58.55799755799757,53.666666666666664,4.52,75,6.650216450216451,3.2520328282828284,10.273742784992784,1.9166666666666667,1.0025974025974025,-1.4763239538239536,3.7628300865800863,5.740115440115441,2.259249639249639,9.46320165945166
3,1,3,mrg&ovl&tzi,1,0,59.6111111111111,4.36,58.513553113553115,53.666666666666664,4.18,116,6.605772005772005,2.9120797258297264,10.237366522366523,1.5766666666666667,0.9581529581529583,-1.6116414141414144,3.6280321067821064,5.695670995670997,2.0845598845598845,9.458759018759016
4,1,4,gap&mrg&ovl&tzi,1,0,59.6111111111111,4.51,58.513553113553115,53.666666666666664,4.303333333333334,102,6.605772005772005,2.9120797258297264,10.237366522366523,1.7,0.9581529581529583,-1.6116414141414144,3.6280321067821064,5.695670995670997,2.0845598845598845,9.458759018759016
4,1,4,cnf&mrg&ovl&tzi,1,0,59.6111111111111,4.36,58.446886446886445,53.666666666666664,4.2,114,6.53910533910534,2.9437499999999996,10.22364898989899,1.5966666666666667,0.8914862914862915,-1.5014971139971138,3.533412698412698,5.62900432900433,2.039828643578644,9.31835137085137
5,1,5,cnf&gap&mrg&ovl&tzi,1,0,59.6111111111111,4.51,58.446886446886445,53.666666666666664,4.323333333333333,100,6.53910533910534,2.9437499999999996,10.22364898989899,1.72,0.8914862914862915,-1.5014971139971138,3.533412698412698,5.62900432900433,2.039828643578644,9.31835137085137
4,1,4,as&gap&mrg&ovl,1,1,59.6111111111111,4.48,58.446886446886445,53.666666666666664,4.486666666666666,82,6.539105339105339,3.1561994949494943,10.11775072150072,1.8833333333333333,0.8914862914862913,-1.5948214285714288,3.6414484126984124,5.62900432900433,2.12872113997114,9.34483585858586
5,1,5,as&cnf&gap&mrg&ovl,1,1,59.6111111111111,4.48,58.446886446886445,53.666666666666664,4.49,81,6.539105339105339,3.1561994949494943,10.11775072150072,1.8866666666666667,0.8914862914862913,-1.5948214285714288,3.6414484126984124,5.62900432900433,2.12872113997114,9.34483585858586
3,1,3,gap&mrg&ovl,1,0,59.6111111111111,4.4,58.402442002442,53.666666666666664,4.266666666666667,109,6.494660894660894,2.789197330447331,10.099191919191918,1.6633333333333333,0.8470418470418472,-1.743771645021645,3.481468253968254,5.584559884559885,1.9728679653679655,9.31175505050505
4,1,4,cnf&gap&mrg&ovl,1,0,59.6111111111111,4.4,58.33577533577534,53.666666666666664,4.286666666666667,107,6.427994227994229,2.9166666666666665,10.102795815295813,1.6833333333333333,0.7803751803751804,-1.6323051948051948,3.357575757575758,5.517893217893218,1.9290836940836942,9.178852813852814
3,1,3,as&mrg&ovl,1,1,58.94444444444444,4.03,57.83577533577534,53.333333333333336,4.066666666666666,154,5.927994227994229,2.6767712842712843,9.531473665223663,1.4633333333333334,0.28037518037518033,-2.1162049062049064,2.8605934343434343,5.017893217893218,1.5672601010101013,8.641491702741703
4,1,4,as&cnf&mrg&ovl,1,1,58.94444444444444,4.03,57.83577533577534,53.333333333333336,4.07,153,5.927994227994229,2.6767712842712843,9.531473665223663,1.4666666666666666,0.28037518037518033,-2.1162049062049064,2.8605934343434343,5.017893217893218,1.5672601010101013,8.641491702741703
4,1,4,as&gap&ovl&tzi,0,1,57.277777777777786,4.22,57.78656898656899,52.666666666666664,4.18,106,5.878787878787879,2.9061237373737376,8.972916666666666,1.5766666666666667,0.23116883116883125,-2.472308802308802,2.8331872294372284,4.96868686868687,1.830088383838384,8.42435606060606
5,1,5,as&cnf&gap&ovl&tzi,0,1,57.277777777777786,4.24,57.78656898656899,52.666666666666664,4.18,106,5.878787878787879,2.9061237373737376,8.972916666666666,1.5766666666666667,0.23116883116883125,-2.472308802308802,2.8331872294372284,4.96868686868687,1.830088383838384,8.42435606060606
3,1,3,as&gap&ovl,0,1,58.277777777777786,4.08,57.67545787545788,52.666666666666664,4.1033333333333335,116,5.767676767676768,2.739457070707071,8.859343434343433,1.5,0.12005772005772009,-2.5834199134199136,2.6779329004329004,4.857575757575757,1.7351641414141412,8.414393939393939
4,1,4,as&cnf&gap&ovl,0,1,58.277777777777786,4.1,57.67545787545788,52.666666666666664,4.1033333333333335,116,5.767676767676768,2.739457070707071,8.859343434343433,1.5,0.12005772005772009,-2.5834199134199136,2.6779329004329004,4.857575757575757,1.7351641414141412,8.414393939393939
2,1,2,mrg&ovl,1,0,58.94444444444444,3.81,57.56910866910867,53.333333333333336,3.703333333333333,190,5.661327561327561,1.9932539682539683,9.168264790764793,1.1,0.013708513708513781,-2.4930104617604614,2.6867893217893206,4.7512265512265515,1.237862554112554,8.289150432900433
3,1,3,cnf&mrg&ovl,1,0,58.94444444444444,3.81,57.502442002442,53.333333333333336,3.723333333333333,188,5.594660894660895,2.1713095238095237,9.077703823953824,1.12,-0.05295815295815295,-2.4938762626262627,2.506704545454545,4.684559884559885,1.2580735930735933,8.229718614718614
3,1,3,as&mrg&tzi,1,1,58.6111111111111,4.24,57.33577533577534,52.33333333333333,4.13,131,5.427994227994228,2.249285714285714,8.960449134199134,1.5266666666666666,-0.2196248196248196,-2.862058080808081,2.5404545454545446,4.517893217893219,0.944121572871573,8.48612012987013
4,1,4,as&cnf&mrg&tzi,1,1,58.6111111111111,4.24,57.33577533577534,52.33333333333333,4.133333333333334,131,5.427994227994228,2.249285714285714,8.960449134199134,1.53,-0.2196248196248196,-2.862058080808081,2.5404545454545446,4.517893217893219,0.944121572871573,8.48612012987013
4,1,4,as&gap&mrg&tzi,1,1,58.6111111111111,4.37,57.33577533577534,52.33333333333333,4.266666666666667,111,5.427994227994228,2.249285714285714,8.960449134199134,1.6633333333333333,-0.2196248196248196,-2.862058080808081,2.5404545454545446,4.517893217893219,0.944121572871573,8.48612012987013
5,1,5,as&cnf&gap&mrg&tzi,1,1,58.6111111111111,4.37,57.33577533577534,52.33333333333333,4.27,111,5.427994227994228,2.249285714285714,8.960449134199134,1.6666666666666667,-0.2196248196248196,-2.862058080808081,2.5404545454545446,4.517893217893219,0.944121572871573,8.48612012987013
3,1,3,as&gap&mrg,1,1,58.6111111111111,4.23,57.22466422466424,52.33333333333333,4.21,123,5.316883116883116,2.1030609668109665,8.848798701298701,1.6066666666666667,-0.33073593073593077,-2.9190025252525253,2.430117243867243,4.4067821067821065,0.9060804473304472,8.263396464646464
4,1,4,as&cnf&gap&mrg,1,1,58.6111111111111,4.23,57.22466422466424,52.33333333333333,4.213333333333333,123,5.316883116883116,2.1030609668109665,8.848798701298701,1.61,-0.33073593073593077,-2.9190025252525253,2.430117243867243,4.4067821067821065,0.9060804473304472,8.263396464646464
3,1,3,as&ovl&tzi,0,1,55.27777777777778,4.08,57.074447774447776,52.0,4.01,127,5.166666666666667,2.1937499999999996,8.334027777777777,1.4066666666666667,-0.48095238095238085,-3.1228300865800867,2.3506529581529585,4.256565656565656,1.2186868686868686,7.684053030303028
4,1,4,as&cnf&ovl&tzi,0,1,55.27777777777778,4.1,57.074447774447776,52.0,4.01,127,5.166666666666667,2.1937499999999996,8.334027777777777,1.4066666666666667,-0.48095238095238085,-3.1228300865800867,2.3506529581529585,4.256565656565656,1.2186868686868686,7.684053030303028
3,1,3,cnf&mrg&tzi,1,0,58.6111111111111,4.11,56.8913308913309,52.0,3.95,144,4.983549783549783,1.6841396103896105,8.396747835497836,1.3466666666666667,-0.6640692640692639,-3.3213041125541123,2.124177489177489,4.073448773448774,0.6111940836940838,7.820896464646465
4,1,4,cnf&gap&mrg&tzi,1,0,58.6111111111111,4.29,56.8913308913309,52.0,4.1033333333333335,123,4.983549783549783,1.6841396103896105,8.396747835497836,1.5,-0.6640692640692639,-3.3213041125541123,2.124177489177489,4.073448773448774,0.6111940836940838,7.820896464646465
3,1,3,cnf&gap&mrg,1,0,58.6111111111111,4.15,56.780219780219774,52.0,4.036666666666667,135,4.872438672438673,1.661679292929293,8.307148268398269,1.4333333333333333,-0.7751803751803751,-3.417395382395382,1.9864466089466084,3.9623376623376623,0.49916666666666676,7.696796536796537
3,1,3,gap&ovl&tzi,0,0,58.249206349206354,4.01,56.47545787545787,51.66666666666667,3.79,138,4.567676767676768,1.087916666666667,7.845593434343434,1.1866666666666668,-1.0799422799422798,-3.8153192640692635,1.6743704906204908,3.657575757575758,0.2835101010101011,7.075050505050505
4,1,4,cnf&gap&ovl&tzi,0,0,58.249206349206354,4.04,56.40879120879121,51.66666666666667,3.8333333333333335,135,4.501010101010102,1.133787878787879,7.723926767676767,1.23,-1.1466089466089464,-3.858089826839827,1.4679888167388164,3.5909090909090913,0.3215782828282825,6.90675505050505
2,1,2,gap&ovl,0,0,59.249206349206354,3.86,56.36434676434676,51.66666666666667,3.69,150,4.456565656565657,0.9107196969696973,7.800972222222223,1.0866666666666667,-1.191053391053391,-3.9616901154401147,1.546029942279942,3.546464646464647,0.15631313131313135,6.952133838383838
6,2,3,as&gap&ovl|cnf&mrg&tzi,1,1,57.6111111111111,3.65,56.34212454212455,51.33333333333333,3.58,171,4.434343434343435,1.4054292929292926,7.518371212121211,0.9766666666666667,-1.2132756132756133,-3.841608946608946,1.5795328282828276,3.524242424242425,0.283699494949495,6.821755050505049
3,1,3,cnf&gap&ovl,0,0,59.249206349206354,3.89,56.29768009768009,51.66666666666667,3.7333333333333334,147,4.38989898989899,1.0223737373737374,7.612790404040403,1.13,-1.2577200577200576,-3.930919913419914,1.4473466810966809,3.4797979797979806,0.18407828282828306,6.759507575757576
2,1,2,ovl&tzi,0,0,56.24920634920635,3.75,55.91990231990231,51.0,3.566666666666667,162,4.012121212121212,0.7264015151515153,7.296704545454545,0.9633333333333334,-1.6354978354978356,-4.5977597402597405,1.2548214285714283,3.102020202020202,-0.31060606060606055,6.480328282828282
3,1,3,as&gap&tzi,0,1,55.111111111111114,3.84,55.897680097680116,50.66666666666667,3.7866666666666666,144,3.98989898989899,1.4339015151515155,6.452209595959597,1.1833333333333333,-1.657720057720058,-4.753194444444444,1.4646338383838375,3.07979797979798,-0.038320707070707234,6.2521338383838385
4,1,4,as&cnf&gap&tzi,0,1,55.111111111111114,3.88,55.897680097680116,50.66666666666667,3.8,144,3.98989898989899,1.4339015151515155,6.452209595959597,1.1966666666666668,-1.657720057720058,-4.753194444444444,1.4646338383838375,3.07979797979798,-0.038320707070707234,6.2521338383838385
3,1,3,cnf&ovl&tzi,0,0,56.24920634920635,3.78,55.85323565323566,51.0,3.61,159,3.945454545454545,0.7722853535353533,7.139166666666666,1.0066666666666666,-1.7021645021645024,-4.465927128427128,0.9899494949494948,3.035353535353535,-0.2778914141414143,6.413522727272728
2,1,2,as&gap,0,1,56.111111111111114,3.67,55.786568986568994,50.66666666666667,3.67,159,3.8787878787878793,1.3597222222222225,6.351262626262627,1.0666666666666667,-1.7688311688311686,-4.864305555555555,1.3545075757575749,2.968686868686869,-0.17799242424242412,6.118648989898989
3,1,3,as&cnf&gap,0,1,56.111111111111114,3.71,55.786568986568994,50.66666666666667,3.683333333333333,159,3.8787878787878793,1.3597222222222225,6.351262626262627,1.08,-1.7688311688311686,-4.864305555555555,1.3545075757575749,2.968686868686869,-0.17799242424242412,6.118648989898989
5,2,3,as&gap|mrg&ovl&tzi,1,1,56.111111111111114,3.48,55.742124542124536,50.66666666666667,3.44,177,3.8343434343434346,1.0796338383838386,6.526704545454544,0.8366666666666667,-1.8132756132756132,-4.980155122655122,1.3026298701298675,2.9242424242424243,-0.40921717171717165,6.117891414141413
6,2,3,as&cnf&gap|mrg&ovl&tzi,1,1,56.111111111111114,3.52,55.742124542124536,50.66666666666667,3.453333333333333,177,3.8343434343434346,1.0796338383838386,6.526704545454544,0.85,-1.8132756132756132,-4.980155122655122,1.3026298701298675,2.9242424242424243,-0.40921717171717165,6.117891414141413
2,1,2,as&mrg,1,1,57.544444444444444,3.59,55.72466422466423,51.33333333333333,3.61,235,3.8168831168831163,0.9160894660894661,7.00616341991342,1.0066666666666666,-1.8307359307359308,-4.566881313131313,1.2305248917748919,2.9067821067821074,-0.49009379509379486,6.486213924963925
3,1,3,as&cnf&mrg,1,1,57.544444444444444,3.59,55.72466422466423,51.33333333333333,3.6133333333333333,235,3.8168831168831163,0.9160894660894661,7.00616341991342,1.01,-1.8307359307359308,-4.566881313131313,1.2305248917748919,2.9067821067821074,-0.49009379509379486,6.486213924963925
5,2,3,as&gap|cnf&mrg&tzi,1,1,56.111111111111114,3.44,55.67545787545788,50.66666666666667,3.39,183,3.767676767676768,1.1111111111111112,6.424684343434343,0.7866666666666666,-1.8799422799422802,-4.970443722943723,1.2413744588744589,2.857575757575758,-0.3712121212121211,6.101401515151515
6,2,4,as&gap|cnf&mrg&ovl&tzi,1,1,56.111111111111114,3.48,55.67545787545788,50.66666666666667,3.4566666666666666,176,3.767676767676768,1.1111111111111112,6.424684343434343,0.8533333333333334,-1.8799422799422802,-4.970443722943723,1.2413744588744589,2.857575757575758,-0.3712121212121211,6.101401515151515
6,2,3,as&ovl&tzi|cnf&gap&mrg,1,1,54.61111111111111,3.69,55.63000333000334,50.66666666666667,3.5733333333333333,173,3.7222222222222228,0.9437499999999998,6.7229166666666655,0.97,-1.9253968253968252,-4.682683982683983,1.0323484848484852,2.8121212121212125,-0.4323232323232323,6.256843434343434
5,2,3,cnf&mrg&tzi|gap&ovl,1,0,58.58253968253968,3.52,55.47545787545787,50.66666666666667,3.3566666666666665,182,3.5676767676767676,0.22839646464646465,6.8420075757575765,0.7533333333333333,-2.07994227994228,-5.0587301587301585,0.7904870129870132,2.6575757575757577,-0.7309090909090907,5.976477272727273
5,2,3,as&mrg&tzi|gap&ovl,1,1,58.58253968253968,3.6,55.47545787545787,50.66666666666667,3.4033333333333333,181,3.5676767676767676,0.22839646464646465,6.8420075757575765,0.8,-2.07994227994228,-5.0587301587301585,0.7904870129870132,2.6575757575757577,-0.7309090909090907,5.976477272727273
6,2,4,as&cnf&mrg&tzi|gap&ovl,1,1,58.58253968253968,3.6,55.47545787545787,50.66666666666667,3.4033333333333333,181,3.5676767676767676,0.22839646464646465,6.8420075757575765,0.8,-2.07994227994228,-5.0587301587301585,0.7904870129870132,2.6575757575757577,-0.7309090909090907,5.976477272727273
6,2,3,as&mrg&tzi|cnf&gap&ovl,1,1,58.58253968253968,3.63,55.40879120879121,50.66666666666667,3.4466666666666668,178,3.501010101010101,0.3875505050505049,6.602878787878787,0.8433333333333334,-2.1466089466089464,-5.0078282828282825,0.7226028138528137,2.5909090909090913,-0.8171590909090908,5.914558080808081
2,1,2,as&ovl,0,1,51.61111111111111,3.21,55.35222555222554,51.0,3.296666666666667,221,3.4444444444444438,1.222222222222222,6.111111111111111,0.6933333333333334,-2.203174603174603,-4.645723304473305,0.2098069985569983,2.5343434343434343,-0.30022727272727284,5.691161616161615
3,1,3,as&cnf&ovl,0,1,51.61111111111111,3.23,55.35222555222554,51.0,3.3,221,3.4444444444444438,1.222222222222222,6.111111111111111,0.6966666666666667,-2.203174603174603,-4.645723304473305,0.2098069985569983,2.5343434343434343,-0.30022727272727284,5.691161616161615
2,1,2,gap&mrg,1,0,58.6111111111111,3.73,55.313553113553105,50.33333333333333,3.8033333333333332,138,3.4057720057720067,-0.442422438672438,7.194159451659451,1.2,-2.2418470418470418,-5.73137025012025,1.260564574314574,2.495670995670996,-1.8644197931697928,6.394791366041362
2,1,2,cnf&mrg,1,0,57.544444444444444,3.38,55.280219780219774,51.0,3.3133333333333335,249,3.3724386724386726,0.20655303030303046,6.416372655122654,0.71,-2.2751803751803754,-4.95580808080808,0.6537626262626255,2.4623376623376623,-0.9935822510822512,5.9466576479076485
3,1,3,gap&mrg&tzi,1,0,58.6111111111111,3.92,55.224664224664224,50.33333333333333,3.8933333333333335,125,3.316883116883117,-0.597368326118326,7.050234487734489,1.29,-2.3307359307359308,-5.807891414141413,1.0611411736411724,2.4067821067821074,-1.864796777296777,6.2826545214045195
2,1,2,as&tzi,0,1,51.11111111111111,3.57,55.18555888555889,50.0,3.57,169,3.277777777777778,0.8881944444444446,5.694444444444445,0.9666666666666667,-2.36984126984127,-5.596890331890332,0.8154743867243859,2.367676767676768,-0.705517676767677,5.608926767676767
3,1,3,as&cnf&tzi,0,1,51.11111111111111,3.61,55.18555888555889,50.0,3.5833333333333335,169,3.277777777777778,0.8881944444444446,5.694444444444445,0.98,-2.36984126984127,-5.596890331890332,0.8154743867243859,2.367676767676768,-0.705517676767677,5.608926767676767
5,2,3,as&tzi|gap&mrg&ovl,1,1,51.11111111111111,3.42,55.03000333000333,50.0,3.4266666666666667,180,3.1222222222222222,0.3552777777777778,5.80625,0.8233333333333334,-2.5253968253968253,-5.783556998556999,0.6414285714285712,2.2121212121212124,-1.072979797979798,5.479911616161616
6,2,3,as&cnf&tzi|gap&mrg&ovl,1,1,51.11111111111111,3.46,55.03000333000333,50.0,3.44,180,3.1222222222222222,0.3552777777777778,5.80625,0.8366666666666667,-2.5253968253968253,-5.783556998556999,0.6414285714285712,2.2121212121212124,-1.072979797979798,5.479911616161616
5,2,3,as&tzi|cnf&gap&mrg,1,1,51.11111111111111,3.38,54.96333666333667,50.0,3.3766666666666665,184,3.055555555555556,0.47083333333333355,5.66736111111111,0.7733333333333333,-2.5920634920634917,-5.638304473304474,0.5205032467532466,2.145454545454546,-1.0327398989898988,5.379191919191919
6,2,4,as&tzi|cnf&gap&mrg&ovl,1,1,51.11111111111111,3.42,54.96333666333667,50.0,3.4433333333333334,179,3.055555555555556,0.47083333333333355,5.66736111111111,0.84,-2.5920634920634917,-5.638304473304474,0.5205032467532466,2.145454545454546,-1.0327398989898988,5.379191919191919
4,2,2,as&gap|ovl&tzi,0,1,55.082539682539675,3.27,54.91990231990233,50.0,3.21,190,3.0121212121212118,0.1675126262626264,5.7905681818181804,0.6066666666666667,-2.635497835497836,-5.834922438672438,0.5343686868686869,2.102020202020203,-1.393598484848485,5.541931818181818
5,2,3,as&cnf&gap|ovl&tzi,0,1,55.082539682539675,3.29,54.91990231990233,50.0,3.21,190,3.0121212121212118,0.1675126262626264,5.7905681818181804,0.6066666666666667,-2.635497835497836,-5.834922438672438,0.5343686868686869,2.102020202020203,-1.393598484848485,5.541931818181818
5,2,3,cnf&gap&mrg|ovl&tzi,1,0,55.582539682539675,3.45,54.91990231990233,50.0,3.32,185,3.0121212121212126,-0.23164141414141393,6.130492424242425,0.7166666666666667,-2.635497835497836,-5.5668759018759015,0.39455447330447324,2.102020202020203,-1.4217171717171713,5.446868686868686
5,2,3,as&gap&mrg|ovl&tzi,1,1,55.582539682539675,3.48,54.91990231990233,50.0,3.36,185,3.0121212121212126,-0.23164141414141393,6.130492424242425,0.7566666666666667,-2.635497835497836,-5.5668759018759015,0.39455447330447324,2.102020202020203,-1.4217171717171713,5.446868686868686
6,2,4,as&cnf&gap&mrg|ovl&tzi,1,1,55.582539682539675,3.48,54.91990231990233,50.0,3.36,185,3.0121212121212126,-0.23164141414141393,6.130492424242425,0.7566666666666667,-2.635497835497836,-5.5668759018759015,0.39455447330447324,2.102020202020203,-1.4217171717171713,5.446868686868686
4,2,2,as&gap|mrg&ovl,1,1,55.44444444444444,3.04,54.90879120879121,50.33333333333333,2.9966666666666666,244,3.001010101010101,0.4071590909090912,5.540290404040404,0.3933333333333333,-2.646608946608947,-5.798917748917749,0.5784036796536798,2.0909090909090913,-1.0685353535353534,5.195404040404039
5,2,3,as&cnf&gap|mrg&ovl,1,1,55.44444444444444,3.08,54.90879120879121,50.33333333333333,3.01,244,3.001010101010101,0.4071590909090912,5.540290404040404,0.4066666666666667,-2.646608946608947,-5.798917748917749,0.5784036796536798,2.0909090909090913,-1.0685353535353534,5.195404040404039
5,2,3,as&gap&tzi|mrg&ovl,1,1,54.44444444444444,3.1,54.90879120879121,50.33333333333333,3.08,236,3.001010101010101,0.4071590909090912,5.540290404040404,0.4766666666666667,-2.646608946608947,-5.798917748917749,0.5784036796536798,2.0909090909090913,-1.0685353535353534,5.195404040404039
6,2,4,as&cnf&gap&tzi|mrg&ovl,1,1,54.44444444444444,3.14,54.90879120879121,50.33333333333333,3.0933333333333333,236,3.001010101010101,0.4071590909090912,5.540290404040404,0.49,-2.646608946608947,-5.798917748917749,0.5784036796536798,2.0909090909090913,-1.0685353535353534,5.195404040404039
5,2,3,as&gap|cnf&ovl&tzi,0,1,55.082539682539675,3.28,54.85323565323566,50.0,3.24,190,2.9454545454545453,0.2059469696969697,5.649532828282826,0.6366666666666667,-2.702164502164502,-5.771773088023088,0.31037518037518014,2.0353535353535355,-1.3157702020202018,5.575492424242423
6,2,3,as&gap&mrg|cnf&ovl&tzi,1,1,55.582539682539675,3.51,54.85323565323566,50.0,3.4033333333333333,182,2.9454545454545458,-0.05689393939393933,6.001679292929293,0.8,-2.702164502164502,-5.461904761904761,0.22856782106782064,2.0353535353535355,-1.3157702020202018,5.29020202020202
5,2,3,as&gap&ovl|cnf&mrg,1,1,56.544444444444444,3.03,54.84212454212455,50.33333333333333,2.9833333333333334,268,2.9343434343434347,0.3505681818181819,5.500694444444444,0.38,-2.7132756132756133,-5.4810263347763355,0.10162698412698414,2.0242424242424244,-1.0935479797979795,5.3790151515151505
5,2,3,as&gap|cnf&mrg&ovl,1,1,55.44444444444444,3.04,54.84212454212455,50.33333333333333,3.013333333333333,243,2.9343434343434347,0.5172348484848486,5.4171085858585855,0.41,-2.7132756132756133,-5.728234126984128,0.2727200577200578,2.0242424242424244,-1.1056565656565658,5.11685606060606
6,2,4,as&gap&ovl&tzi|cnf&mrg,1,1,55.54444444444444,3.06,54.84212454212455,50.33333333333333,3.02,266,2.9343434343434347,0.3505681818181819,5.500694444444444,0.4166666666666667,-2.7132756132756133,-5.4810263347763355,0.10162698412698414,2.0242424242424244,-1.0935479797979795,5.3790151515151505
6,2,3,as&gap&tzi|cnf&mrg&ovl,1,1,54.44444444444444,3.1,54.84212454212455,50.33333333333333,3.0966666666666667,235,2.9343434343434347,0.5172348484848486,5.4171085858585855,0.49333333333333335,-2.7132756132756133,-5.728234126984128,0.2727200577200578,2.0242424242424244,-1.1056565656565658,5.11685606060606
4,2,2,as&tzi|gap&ovl,0,1,53.08253968253969,3.28,54.76333666333666,50.0,3.2333333333333334,188,2.8555555555555556,0.07722222222222234,5.633333333333333,0.63,-2.7920634920634924,-6.029202741702743,0.3571212121212118,1.945454545454546,-1.5214898989898993,5.279406565656563
5,2,3,as&cnf&tzi|gap&ovl,0,1,53.08253968253969,3.3,54.76333666333666,50.0,3.2333333333333334,188,2.8555555555555556,0.07722222222222234,5.633333333333333,0.63,-2.7920634920634924,-6.029202741702743,0.3571212121212118,1.945454545454546,-1.5214898989898993,5.279406565656563
5,2,3,as&tzi|cnf&gap&ovl,0,1,53.08253968253969,3.29,54.696669996669996,50.0,3.263333333333333,188,2.788888888888889,0.04902777777777781,5.511666666666667,0.66,-2.8587301587301583,-5.860589826839827,0.22924422799422747,1.8787878787878791,-1.4556944444444446,5.395479797979799
2,1,2,mrg&tzi,1,0,58.6111111111111,3.71,54.55799755799756,50.0,3.7066666666666666,146,2.650216450216451,-1.2858231120731118,6.583124098124098,1.1033333333333333,-2.9974025974025977,-6.467171717171717,0.4968638768638764,1.7401154401154406,-2.79630772005772,5.84983706108706
3,1,3,cnf&gap&tzi,0,0,54.68253968253969,3.7,54.2976800976801,49.666666666666664,3.533333333333333,151,2.3898989898989904,-0.5957449494949494,5.4171085858585855,0.93,-3.257720057720058,-6.424431818181818,-0.13822871572871548,1.4797979797979801,-2.048800505050505,5.093030303030302
5,2,3,cnf&gap|mrg&ovl&tzi,1,0,55.68253968253969,3.37,54.253235653235656,49.666666666666664,3.256666666666667,180,2.3454545454545452,-0.8268560606060605,5.4944444444444445,0.6533333333333333,-3.3021645021645023,-6.571271645021646,0.04754870129870128,1.4353535353535356,-2.1767550505050504,5.086388888888889
4,2,2,as&tzi|mrg&ovl,1,1,50.44444444444445,2.95,54.196669996669996,49.666666666666664,2.9766666666666666,247,2.2888888888888888,-0.19999999999999987,4.667361111111112,0.37333333333333335,-3.358730158730159,-6.47304292929293,-0.31052849927849924,1.378787878787879,-1.9063636363636358,4.544999999999999
5,2,3,as&cnf&tzi|mrg&ovl,1,1,50.44444444444445,2.99,54.196669996669996,49.666666666666664,2.99,247,2.2888888888888888,-0.19999999999999987,4.667361111111112,0.38666666666666666,-3.358730158730159,-6.47304292929293,-0.31052849927849924,1.378787878787879,-1.9063636363636358,4.544999999999999
5,2,3,as&mrg&tzi|cnf&gap,1,1,55.68253968253969,3.39,54.18656898656899,49.666666666666664,3.25,186,2.2787878787878793,-0.6876010101010099,5.235618686868686,0.6466666666666666,-3.3688311688311683,-6.510218253968253,-0.23628787878788013,1.3686868686868687,-2.1962247474747474,4.925669191919193
6,2,4,as&mrg&ovl&tzi|cnf&gap,1,1,55.68253968253969,3.45,54.18656898656899,49.666666666666664,3.2866666666666666,179,2.2787878787878793,-0.6876010101010099,5.235618686868686,0.6833333333333333,-3.3688311688311683,-6.510218253968253,-0.23628787878788013,1.3686868686868687,-2.1962247474747474,4.925669191919193
2,1,2,cnf&gap,0,0,55.68253968253969,3.52,54.18656898656899,49.666666666666664,3.3866666666666667,166,2.2787878787878793,-0.6876010101010099,5.235618686868686,0.7833333333333333,-3.3688311688311683,-6.510218253968253,-0.23628787878788013,1.3686868686868687,-2.1962247474747474,4.925669191919193
4,2,2,as&gap|cnf&mrg,1,1,55.04444444444444,2.85,54.17545787545788,49.666666666666664,2.8133333333333335,276,2.267676767676768,-0.0011994949494948802,4.434343434343434,0.21,-3.3799422799422802,-6.413134920634921,-0.371928210678211,1.3575757575757579,-1.8991287878787875,4.562588383838384
5,2,3,as&gap&tzi|cnf&mrg,1,1,54.04444444444444,2.88,54.17545787545788,49.666666666666664,2.87,273,2.267676767676768,-0.0011994949494948802,4.434343434343434,0.26666666666666666,-3.3799422799422802,-6.413134920634921,-0.371928210678211,1.3575757575757579,-1.8991287878787875,4.562588383838384
5,2,3,as&ovl&tzi|cnf&mrg,1,1,53.54444444444444,3.0,54.13000333000334,49.666666666666664,2.953333333333333,270,2.2222222222222223,-0.30555555555555547,4.778472222222222,0.35,-3.4253968253968257,-6.473203463203463,-0.619126984126986,1.3121212121212122,-1.7238636363636362,4.774469696969697
5,2,3,as&tzi|cnf&mrg&ovl,1,1,50.44444444444445,2.95,54.13000333000334,49.666666666666664,2.993333333333333,246,2.2222222222222223,-0.08333333333333326,4.555555555555555,0.39,-3.425396825396825,-6.446554834054835,-0.4916323953823963,1.3121212121212122,-1.8731439393939393,4.4622853535353535
4,2,2,cnf&gap|ovl&tzi,0,0,53.682539682539684,3.24,54.03101343101343,49.333333333333336,3.1266666666666665,190,2.123232323232323,-0.8388888888888888,5.223484848484848,0.5233333333333333,-3.5243867243867246,-6.724007936507936,-0.3184397546897548,1.213131313131313,-2.388409090909091,4.7407828282828275
4,2,2,cnf&tzi|gap&ovl,0,0,51.682539682539684,3.2,54.03101343101343,49.333333333333336,3.1366666666666667,189,2.123232323232323,-0.8388888888888888,5.223484848484848,0.5333333333333333,-3.5243867243867246,-6.724007936507936,-0.3184397546897548,1.213131313131313,-2.388409090909091,4.7407828282828275
5,2,3,as&ovl&tzi|gap&mrg,1,1,55.611111111111114,3.37,54.03000333000333,49.0,3.3566666666666665,175,2.1222222222222222,-1.1891203703703703,5.368703703703704,0.7533333333333333,-3.5253968253968253,-6.761672077922078,0.18039502164502144,1.2121212121212124,-2.6704840067340063,5.058417508417508
6,2,4,as&cnf&ovl&tzi|gap&mrg,1,1,55.611111111111114,3.39,54.03000333000333,49.0,3.3566666666666665,175,2.1222222222222222,-1.1891203703703703,5.368703703703704,0.7533333333333333,-3.5253968253968253,-6.761672077922078,0.18039502164502144,1.2121212121212124,-2.6704840067340063,5.058417508417508
5,2,3,as&ovl|cnf&mrg&tzi,1,1,50.94444444444445,2.86,54.01889221889221,49.666666666666664,2.8766666666666665,259,2.111111111111111,0.11111111111111101,4.336111111111109,0.2733333333333333,-3.5365079365079364,-6.085950577200577,-0.9822294372294375,1.2010101010101015,-1.8548232323232323,4.302550505050505
5,2,3,as&ovl|cnf&gap&mrg,1,1,50.94444444444445,2.93,54.01889221889221,49.666666666666664,2.9,259,2.111111111111111,0.11111111111111101,4.336111111111109,0.2966666666666667,-3.5365079365079364,-6.085950577200577,-0.9822294372294375,1.2010101010101015,-1.8548232323232323,4.302550505050505
6,2,4,as&ovl|cnf&gap&mrg&tzi,1,1,50.94444444444445,2.96,54.01889221889221,49.666666666666664,2.9266666666666667,255,2.111111111111111,0.11111111111111101,4.336111111111109,0.3233333333333333,-3.5365079365079364,-6.085950577200577,-0.9822294372294375,1.2010101010101015,-1.8548232323232323,4.302550505050505
4,2,2,cnf&mrg|gap&ovl,1,0,57.51587301587302,2.9,53.97545787545788,49.666666666666664,2.763333333333333,278,2.067676767676768,-0.9781944444444444,4.872247474747475,0.16,-3.5799422799422804,-6.628392857142858,-0.5856096681096681,1.1575757575757577,-2.195050505050505,4.553308080808081
5,2,3,cnf&mrg|gap&ovl&tzi,1,0,56.51587301587302,2.94,53.97545787545788,49.666666666666664,2.82,275,2.067676767676768,-0.9781944444444444,4.872247474747475,0.21666666666666667,-3.5799422799422804,-6.628392857142858,-0.5856096681096681,1.1575757575757577,-2.195050505050505,4.553308080808081
4,2,2,as&mrg|gap&ovl,1,1,57.51587301587302,3.06,53.97545787545788,49.666666666666664,2.92,276,2.067676767676768,-0.9781944444444444,4.872247474747475,0.31666666666666665,-3.5799422799422804,-6.628392857142858,-0.5856096681096681,1.1575757575757577,-2.195050505050505,4.553308080808081
5,2,3,as&cnf&mrg|gap&ovl,1,1,57.51587301587302,3.06,53.97545787545788,49.666666666666664,2.92,276,2.067676767676768,-0.9781944444444444,4.872247474747475,0.31666666666666665,-3.5799422799422804,-6.628392857142858,-0.5856096681096681,1.1575757575757577,-2.195050505050505,4.553308080808081
5,2,3,as&mrg|gap&ovl&tzi,1,1,56.51587301587302,3.1,53.97545787545788,49.666666666666664,2.9833333333333334,273,2.067676767676768,-0.9781944444444444,4.872247474747475,0.38,-3.5799422799422804,-6.628392857142858,-0.5856096681096681,1.1575757575757577,-2.195050505050505,4.553308080808081
6,2,3,as&cnf&mrg|gap&ovl&tzi,1,1,56.51587301587302,3.1,53.97545787545788,49.666666666666664,2.9833333333333334,273,2.067676767676768,-0.9781944444444444,4.872247474747475,0.38,-3.5799422799422804,-6.628392857142858,-0.5856096681096681,1.1575757575757577,-2.195050505050505,4.553308080808081
5,2,3,as&mrg|cnf&gap&ovl,1,1,57.51587301587302,3.09,53.90879120879121,49.666666666666664,2.9633333333333334,273,2.001010101010101,-0.8994065656565653,4.713787878787877,0.36,-3.6466089466089464,-6.605344516594516,-0.8037608225108229,1.0909090909090913,-2.0695075757575756,4.4871464646464645
6,2,4,as&mrg|cnf&gap&ovl&tzi,1,1,56.51587301587302,3.13,53.90879120879121,49.666666666666664,3.026666666666667,270,2.001010101010101,-0.8994065656565653,4.713787878787877,0.42333333333333334,-3.6466089466089464,-6.605344516594516,-0.8037608225108229,1.0909090909090913,-2.0695075757575756,4.4871464646464645
5,2,3,as&gap&ovl|mrg&tzi,1,1,58.6111111111111,3.35,53.87545787545787,49.333333333333336,3.3533333333333335,172,1.9676767676767681,-1.4435858585858585,5.449250841750842,0.75,-3.6799422799422796,-6.902911255411255,-0.12002645502645572,1.0575757575757578,-2.8624621212121206,5.033602693602693
6,2,4,as&cnf&gap&ovl|mrg&tzi,1,1,58.6111111111111,3.37,53.87545787545787,49.333333333333336,3.3533333333333335,172,1.9676767676767681,-1.4435858585858585,5.449250841750842,0.75,-3.6799422799422796,-6.902911255411255,-0.12002645502645572,1.0575757575757578,-2.8624621212121206,5.033602693602693
2,1,2,cnf&tzi,0,0,50.682539682539684,3.37,53.74212454212455,49.0,3.2733333333333334,177,1.8343434343434346,-1.2880176767676768,4.796174242424242,0.67,-3.813275613275613,-7.146654040404039,-0.5242748917748927,0.9242424242424244,-2.5074242424242423,4.519482323232323
5,2,3,cnf&tzi|gap&mrg&ovl,1,0,50.682539682539684,3.26,53.6976800976801,49.0,3.23,184,1.78989898989899,-1.3384595959595955,4.953093434343434,0.6266666666666667,-3.8577200577200577,-7.225708874458873,-0.5807954545454551,0.8797979797979799,-2.6650631313131306,4.53090909090909
4,2,2,as&gap|cnf&tzi,0,1,51.682539682539684,3.17,53.63101343101344,49.0,3.1433333333333335,192,1.7232323232323234,-1.3069444444444442,4.684595959595959,0.54,-3.924386724386724,-7.152674963924964,-0.682274531024531,0.8131313131313131,-2.691906565656566,4.406755050505051
5,2,3,as&gap&ovl|cnf&tzi,0,1,51.682539682539684,3.22,53.63101343101344,49.0,3.1966666666666668,187,1.7232323232323234,-1.3069444444444442,4.684595959595959,0.5933333333333334,-3.924386724386724,-7.152674963924964,-0.682274531024531,0.8131313131313131,-2.691906565656566,4.406755050505051
5,2,3,as&gap&mrg|cnf&tzi,1,1,50.682539682539684,3.23,53.63101343101344,49.0,3.216666666666667,189,1.7232323232323234,-1.3069444444444442,4.684595959595959,0.6133333333333333,-3.924386724386724,-7.152674963924964,-0.682274531024531,0.8131313131313131,-2.691906565656566,4.406755050505051
6,2,4,as&gap&mrg&ovl|cnf&tzi,1,1,50.682539682539684,3.26,53.63101343101344,49.0,3.243333333333333,183,1.7232323232323234,-1.3069444444444442,4.684595959595959,0.64,-3.924386724386724,-7.152674963924964,-0.682274531024531,0.8131313131313131,-2.691906565656566,4.406755050505051
5,2,3,as&mrg&ovl|cnf&gap,1,1,55.01587301587302,3.07,53.57545787545788,49.333333333333336,2.966666666666667,238,1.6676767676767679,-1.3121464646464644,4.67895202020202,0.36333333333333334,-3.97994227994228,-6.994007936507936,-0.934215367965368,0.7575757575757578,-2.729431818181818,4.349520202020201
6,2,3,as&mrg&ovl|cnf&gap&tzi,1,1,54.01587301587302,3.14,53.57545787545788,49.333333333333336,3.0833333333333335,229,1.6676767676767679,-1.3121464646464644,4.67895202020202,0.48,-3.97994227994228,-6.994007936507936,-0.934215367965368,0.7575757575757578,-2.729431818181818,4.349520202020201
4,2,2,as&tzi|cnf&gap,0,1,51.682539682539684,3.22,53.474447774447775,49.0,3.1566666666666667,191,1.5666666666666669,-1.4224999999999999,4.594861111111111,0.5533333333333333,-4.080952380952381,-7.300290404040405,-0.8241432178932182,0.6565656565656566,-2.7435732323232322,4.229962121212121
5,2,3,as&ovl&tzi|cnf&gap,0,1,53.682539682539684,3.37,53.474447774447775,49.0,3.216666666666667,187,1.5666666666666669,-1.4224999999999999,4.594861111111111,0.6133333333333333,-4.080952380952381,-7.300290404040405,-0.8241432178932182,0.6565656565656566,-2.7435732323232322,4.229962121212121
4,2,2,as&tzi|cnf&mrg,1,1,50.044444444444444,2.76,53.46333666333667,49.0,2.79,278,1.5555555555555556,-0.5277777777777778,3.6673611111111106,0.18666666666666668,-4.092063492063492,-7.188369408369407,-1.0677236652236657,0.6454545454545456,-2.5499873737373737,3.870909090909089
1,1,1,ovl,0,0,51.91587301587302,2.64,53.423870573870566,49.333333333333336,2.5866666666666664,270,1.516089466089466,-1.4223484848484844,4.688988095238096,-0.016666666666666666,-4.131529581529582,-6.955178571428572,-1.3499296536796537,0.6059884559884561,-2.6177994227994223,3.9720490620490616
6,3,2,as&gap|cnf&mrg|ovl&tzi,1,1,54.01587301587302,2.64,53.41990231990232,49.0,2.5766666666666667,285,1.5121212121212124,-0.9545707070707069,3.8638257575757575,-0.02666666666666667,-4.135497835497836,-7.393769841269843,-1.062575757575758,0.6020202020202022,-2.879267676767676,4.080075757575758
4,2,2,cnf&mrg|ovl&tzi,1,0,54.51587301587302,2.83,53.41990231990232,49.0,2.723333333333333,280,1.5121212121212124,-1.4005555555555553,4.218118686868687,0.12,-4.135497835497836,-7.226040764790764,-1.1367261904761914,0.6020202020202022,-2.7217676767676764,4.014419191919191
4,2,2,cnf&gap|mrg&ovl,1,0,55.01587301587302,2.93,53.41990231990232,49.333333333333336,2.816666666666667,247,1.5121212121212124,-1.4326010101010096,4.623623737373737,0.21333333333333335,-4.135497835497835,-7.4261002886002885,-0.8753715728715729,0.6020202020202021,-2.748421717171717,4.078459595959597
4,2,2,as&mrg|ovl&tzi,1,1,54.51587301587302,2.94,53.41990231990232,49.0,2.8766666666666665,279,1.5121212121212124,-1.4005555555555553,4.218118686868687,0.2733333333333333,-4.135497835497836,-7.226040764790764,-1.1367261904761914,0.6020202020202022,-2.7217676767676764,4.014419191919191
5,2,3,as&cnf&mrg|ovl&tzi,1,1,54.51587301587302,2.94,53.41990231990232,49.0,2.8766666666666665,279,1.5121212121212124,-1.4005555555555553,4.218118686868687,0.2733333333333333,-4.135497835497836,-7.226040764790764,-1.1367261904761914,0.6020202020202022,-2.7217676767676764,4.014419191919191
5,2,3,cnf&gap&tzi|mrg&ovl,1,0,54.01587301587302,3.0,53.41990231990232,49.333333333333336,2.9266666666666667,239,1.5121212121212124,-1.4326010101010096,4.623623737373737,0.3233333333333333,-4.135497835497835,-7.4261002886002885,-0.8753715728715729,0.6020202020202021,-2.748421717171717,4.078459595959597
4,2,2,as&tzi|gap&mrg,1,1,51.11111111111111,3.11,53.36333666333667,48.333333333333336,3.17,186,1.4555555555555557,-1.51875,4.368703703703703,0.5666666666666667,-4.192063492063492,-7.709202741702742,-0.35338985088985286,0.5454545454545456,-3.0411447811447805,4.333358585858586
5,2,3,as&cnf&tzi|gap&mrg,1,1,51.11111111111111,3.13,53.36333666333667,48.333333333333336,3.183333333333333,186,1.4555555555555557,-1.51875,4.368703703703703,0.58,-4.192063492063492,-7.709202741702742,-0.35338985088985286,0.5454545454545456,-3.0411447811447805,4.333358585858586
2,1,2,cnf&ovl,0,0,50.91587301587302,2.7,53.35720390720391,49.333333333333336,2.64,267,1.4494227994227993,-1.347718253968254,4.226847041847042,0.03666666666666667,-4.198196248196248,-6.865079365079365,-1.4929004329004336,0.5393217893217894,-2.6610082972582974,3.8903282828282815
5,2,3,as&mrg|cnf&ovl&tzi,1,1,54.51587301587302,2.97,53.35323565323565,49.0,2.92,276,1.4454545454545455,-1.304709595959596,4.129962121212121,0.31666666666666665,-4.202164502164503,-7.292970779220781,-1.3034036796536796,0.5353535353535355,-2.5571338383838382,3.792992424242424
6,3,2,as&tzi|cnf&mrg|gap&ovl,1,1,52.01587301587301,2.62,53.263336663336666,49.0,2.5933333333333333,285,1.3555555555555558,-1.1333333333333333,3.689027777777778,-0.01,-4.292063492063492,-7.423400072150073,-1.1850126262626266,0.4454545454545456,-2.911767676767677,3.916830808080808
4,2,2,gap&mrg|ovl&tzi,1,0,55.582539682539675,3.16,53.25323565323564,48.333333333333336,3.13,186,1.3454545454545457,-2.2987962962962962,4.600180976430976,0.5266666666666666,-4.302164502164502,-7.832660533910533,-0.7045845358345361,0.4353535353535355,-3.44915404040404,4.140151515151515
5,2,3,cnf&ovl&tzi|gap&mrg,1,0,55.582539682539675,3.19,53.25323565323564,48.333333333333336,3.1666666666666665,183,1.3454545454545457,-2.2987962962962962,4.600180976430976,0.5633333333333334,-4.302164502164502,-7.832660533910533,-0.7045845358345361,0.4353535353535355,-3.44915404040404,4.140151515151515
4,2,2,as&gap|mrg&tzi,1,1,56.111111111111114,3.19,53.208791208791204,48.66666666666667,3.1733333333333333,184,1.3010101010101014,-1.9484722222222226,4.38648148148148,0.57,-4.346608946608947,-8.004876142376144,-0.5703793891293888,0.39090909090909126,-3.4890235690235687,3.9933880471380467
5,2,3,as&cnf&gap|mrg&tzi,1,1,56.111111111111114,3.21,53.208791208791204,48.66666666666667,3.1866666666666665,184,1.3010101010101014,-1.9484722222222226,4.38648148148148,0.5833333333333334,-4.346608946608947,-8.004876142376144,-0.5703793891293888,0.39090909090909126,-3.4890235690235687,3.9933880471380467
4,2,2,as&ovl|cnf&mrg,1,1,50.544444444444444,2.69,53.130003330003326,49.0,2.6466666666666665,284,1.2222222222222223,-0.6666666666666667,3.1138888888888867,0.043333333333333335,-4.425396825396826,-7.170670995670997,-1.758010461760463,0.3121212121212123,-2.800378787878788,3.7010101010101013
5,2,3,as&mrg&ovl|cnf&tzi,1,1,50.01587301587303,2.88,53.01990231990232,48.66666666666667,2.9233333333333333,242,1.1121212121212123,-1.8112247474747476,3.935315656565656,0.32,-4.535497835497836,-7.598638167388167,-1.5201388888888903,0.20202020202020218,-3.2048863636363634,3.6853914141414137
4,2,2,gap&ovl|mrg&tzi,1,0,58.58253968253968,3.25,52.94212454212454,48.66666666666667,3.1566666666666667,182,1.0343434343434348,-2.825092592592592,4.54959595959596,0.5533333333333333,-4.613275613275613,-8.12853835978836,-1.0866041366041372,0.12424242424242435,-3.777424242424242,3.937521043771043
5,2,3,cnf&gap&ovl|mrg&tzi,1,0,58.58253968253968,3.28,52.94212454212454,48.66666666666667,3.1933333333333334,179,1.0343434343434348,-2.825092592592592,4.54959595959596,0.59,-4.613275613275613,-8.12853835978836,-1.0866041366041372,0.12424242424242435,-3.777424242424242,3.937521043771043
6,3,2,as&gap|cnf&tzi|mrg&ovl,1,1,51.01587301587301,2.73,52.86434676434677,48.66666666666667,2.6933333333333334,259,0.9565656565656567,-2.050618686868687,3.874911616161616,0.09,-4.691053391053391,-7.966562049062049,-1.4863257575757582,0.04646464646464654,-3.433863636363636,3.452714646464646
4,2,2,cnf&tzi|mrg&ovl,1,0,50.01587301587303,2.82,52.86434676434677,48.66666666666667,2.79,251,0.9565656565656567,-2.050618686868687,3.874911616161616,0.18666666666666668,-4.691053391053391,-7.966562049062049,-1.4863257575757582,0.04646464646464654,-3.433863636363636,3.452714646464646
6,3,2,as&tzi|cnf&gap|mrg&ovl,1,1,51.01587301587301,2.75,52.7077811077811,48.66666666666667,2.7,258,0.8000000000000002,-2.156388888888889,3.7620833333333326,0.09666666666666666,-4.847619047619048,-8.181343795093795,-1.6529112554112557,-0.11010101010101003,-3.612285353535353,3.40314393939394
4,2,2,as&mrg|cnf&gap,1,1,54.61587301587302,2.88,52.68656898656899,48.66666666666667,2.7866666666666666,278,0.778787878787879,-2.033333333333333,3.56669191919192,0.18333333333333332,-4.868831168831169,-8.291098484848485,-1.6901875901875907,-0.1313131313131311,-3.6306313131313126,3.38989898989899
5,2,3,as&mrg|cnf&gap&tzi,1,1,53.615873015873014,2.92,52.68656898656899,48.66666666666667,2.8766666666666665,275,0.778787878787879,-2.033333333333333,3.56669191919192,0.2733333333333333,-4.868831168831169,-8.291098484848485,-1.6901875901875907,-0.1313131313131311,-3.6306313131313126,3.38989898989899
6,3,3,as&gap|cnf&mrg&tzi|ovl,1,1,49.749206349206354,2.26,52.53498168498169,48.333333333333336,2.2533333333333334,288,0.6272005772005772,-1.5783351370851368,3.1580808080808076,-0.35,-5.020418470418471,-8.047025613275613,-1.9300342712842717,-0.2829004329004329,-3.612438672438673,3.1842694805194807
6,3,3,as&tzi|cnf&gap&mrg|ovl,1,1,47.749206349206354,2.22,52.53498168498169,48.333333333333336,2.2666666666666666,288,0.6272005772005772,-1.5783351370851368,3.1580808080808076,-0.33666666666666667,-5.020418470418471,-8.047025613275613,-1.9300342712842717,-0.2829004329004329,-3.612438672438673,3.1842694805194807
3,2,2,as&gap|ovl,0,1,49.749206349206354,2.3,52.53498168498169,48.333333333333336,2.31,286,0.6272005772005772,-1.5783351370851368,3.1580808080808076,-0.29333333333333333,-5.020418470418471,-8.047025613275613,-1.9300342712842717,-0.2829004329004329,-3.612438672438673,3.1842694805194807
4,2,3,as&cnf&gap|ovl,0,1,49.749206349206354,2.32,52.53498168498169,48.333333333333336,2.31,286,0.6272005772005772,-1.5783351370851368,3.1580808080808076,-0.29333333333333333,-5.020418470418471,-8.047025613275613,-1.9300342712842717,-0.2829004329004329,-3.612438672438673,3.1842694805194807
3,2,2,as&tzi|ovl,0,1,47.749206349206354,2.26,52.53498168498169,48.333333333333336,2.32,285,0.6272005772005772,-1.5783351370851368,3.1580808080808076,-0.2833333333333333,-5.020418470418471,-8.047025613275613,-1.9300342712842717,-0.2829004329004329,-3.612438672438673,3.1842694805194807
4,2,3,as&cnf&tzi|ovl,0,1,47.749206349206354,2.28,52.53498168498169,48.333333333333336,2.32,285,0.6272005772005772,-1.5783351370851368,3.1580808080808076,-0.2833333333333333,-5.020418470418471,-8.047025613275613,-1.9300342712842717,-0.2829004329004329,-3.612438672438673,3.1842694805194807
4,2,3,as&gap&tzi|ovl,0,1,49.749206349206354,2.33,52.53498168498169,48.333333333333336,2.3466666666666667,283,0.6272005772005772,-1.5783351370851368,3.1580808080808076,-0.25666666666666665,-5.020418470418471,-8.047025613275613,-1.9300342712842717,-0.2829004329004329,-3.612438672438673,3.1842694805194807
5,2,4,as&cnf&gap&tzi|ovl,0,1,49.749206349206354,2.35,52.53498168498169,48.333333333333336,2.3466666666666667,283,0.6272005772005772,-1.5783351370851368,3.1580808080808076,-0.25666666666666665,-5.020418470418471,-8.047025613275613,-1.9300342712842717,-0.2829004329004329,-3.612438672438673,3.1842694805194807
4,2,3,cnf&mrg&tzi|ovl,1,0,51.249206349206354,2.45,52.53498168498169,48.333333333333336,2.38,283,0.6272005772005772,-2.1333333333333333,3.449980158730157,-0.22333333333333333,-5.02041847041847,-8.047094155844157,-2.0534632034632048,-0.2829004329004329,-3.5666666666666664,2.8928932178932167
4,2,3,cnf&gap&mrg|ovl,1,0,51.249206349206354,2.45,52.53498168498169,48.333333333333336,2.3833333333333333,284,0.6272005772005772,-2.1333333333333333,3.449980158730157,-0.22,-5.02041847041847,-8.047094155844157,-2.0534632034632048,-0.2829004329004329,-3.5666666666666664,2.8928932178932167
5,2,4,cnf&gap&mrg&tzi|ovl,1,0,51.249206349206354,2.48,52.53498168498169,48.333333333333336,2.4066666666666667,281,0.6272005772005772,-2.1333333333333333,3.449980158730157,-0.19666666666666666,-5.02041847041847,-8.047094155844157,-2.0534632034632048,-0.2829004329004329,-3.5666666666666664,2.8928932178932167
4,2,3,as&mrg&tzi|ovl,1,1,51.249206349206354,2.48,52.53498168498169,48.333333333333336,2.4166666666666665,283,0.6272005772005772,-2.1333333333333333,3.449980158730157,-0.18666666666666668,-5.02041847041847,-8.047094155844157,-2.0534632034632048,-0.2829004329004329,-3.5666666666666664,2.8928932178932167
4,2,3,as&gap&mrg|ovl,1,1,51.249206349206354,2.48,52.53498168498169,48.333333333333336,2.4166666666666665,284,0.6272005772005772,-2.1333333333333333,3.449980158730157,-0.18666666666666668,-5.02041847041847,-8.047094155844157,-2.0534632034632048,-0.2829004329004329,-3.5666666666666664,2.8928932178932167
5,2,4,as&cnf&mrg&tzi|ovl,1,1,51.249206349206354,2.48,52.53498168498169,48.333333333333336,2.4166666666666665,283,0.6272005772005772,-2.1333333333333333,3.449980158730157,-0.18666666666666668,-5.02041847041847,-8.047094155844157,-2.0534632034632048,-0.2829004329004329,-3.5666666666666664,2.8928932178932167
5,2,4,as&cnf&gap&mrg|ovl,1,1,51.249206349206354,2.48,52.53498168498169,48.333333333333336,2.4166666666666665,284,0.6272005772005772,-2.1333333333333333,3.449980158730157,-0.18666666666666668,-5.02041847041847,-8.047094155844157,-2.0534632034632048,-0.2829004329004329,-3.5666666666666664,2.8928932178932167
5,2,4,as&gap&mrg&tzi|ovl,1,1,51.249206349206354,2.51,52.53498168498169,48.333333333333336,2.4366666666666665,281,0.6272005772005772,-2.1333333333333333,3.449980158730157,-0.16666666666666666,-5.02041847041847,-8.047094155844157,-2.0534632034632048,-0.2829004329004329,-3.5666666666666664,2.8928932178932167
6,2,5,as&cnf&gap&mrg&tzi|ovl,1,1,51.249206349206354,2.51,52.53498168498169,48.333333333333336,2.4366666666666665,281,0.6272005772005772,-2.1333333333333333,3.449980158730157,-0.16666666666666666,-5.02041847041847,-8.047094155844157,-2.0534632034632048,-0.2829004329004329,-3.5666666666666664,2.8928932178932167
6,3,2,as&mrg|cnf&gap|ovl&tzi,1,1,52.615873015873014,2.7,52.53101343101343,48.333333333333336,2.6433333333333335,284,0.6232323232323234,-1.9941540404040405,3.2519823232323226,0.04,-5.024386724386725,-8.394319985569986,-1.8527272727272737,-0.2868686868686868,-3.9103535353535355,3.295391414141412
6,3,2,as&mrg|cnf&tzi|gap&ovl,1,1,50.61587301587303,2.66,52.53101343101343,48.333333333333336,2.6533333333333333,284,0.6232323232323234,-1.9941540404040405,3.2519823232323226,0.05,-5.024386724386725,-8.394319985569986,-1.8527272727272737,-0.2868686868686868,-3.9103535353535355,3.295391414141412
4,2,2,as&gap|cnf&ovl,0,1,48.749206349206354,2.34,52.46831501831502,48.333333333333336,2.35,286,0.5605339105339106,-1.4590043290043295,2.8730609668109666,-0.25333333333333335,-5.087085137085137,-7.975708874458874,-1.9774494949494954,-0.34956709956709964,-3.601331168831169,3.126464646464646
4,2,2,as&tzi|cnf&ovl,0,1,46.749206349206354,2.3,52.46831501831502,48.333333333333336,2.36,285,0.5605339105339106,-1.4590043290043295,2.8730609668109666,-0.24333333333333335,-5.087085137085137,-7.975708874458874,-1.9774494949494954,-0.34956709956709964,-3.601331168831169,3.126464646464646
5,2,3,as&gap&tzi|cnf&ovl,0,1,48.749206349206354,2.37,52.46831501831502,48.333333333333336,2.3866666666666667,283,0.5605339105339106,-1.4590043290043295,2.8730609668109666,-0.21666666666666667,-5.087085137085137,-7.975708874458874,-1.9774494949494954,-0.34956709956709964,-3.601331168831169,3.126464646464646
5,2,3,as&mrg&tzi|cnf&ovl,1,1,50.249206349206354,2.54,52.46831501831502,48.333333333333336,2.47,280,0.5605339105339104,-2.1343939393939393,3.2222222222222228,-0.13333333333333333,-5.087085137085137,-7.972460317460316,-2.276489898989899,-0.3495670995670995,-3.6336904761904765,2.8623520923520918
5,2,3,as&gap&mrg|cnf&ovl,1,1,50.249206349206354,2.54,52.46831501831502,48.333333333333336,2.47,281,0.5605339105339104,-2.1343939393939393,3.2222222222222228,-0.13333333333333333,-5.087085137085137,-7.972460317460316,-2.276489898989899,-0.3495670995670995,-3.6336904761904765,2.8623520923520918
6,2,4,as&gap&mrg&tzi|cnf&ovl,1,1,50.249206349206354,2.57,52.46831501831502,48.333333333333336,2.49,278,0.5605339105339104,-2.1343939393939393,3.2222222222222228,-0.11333333333333333,-5.087085137085137,-7.972460317460316,-2.276489898989899,-0.3495670995670995,-3.6336904761904765,2.8623520923520918
4,2,2,as&ovl|gap&mrg,1,1,51.944444444444436,2.62,52.418892218892225,48.0,2.69,260,0.5111111111111111,-1.9559259259259258,3.156111111111111,0.08666666666666667,-5.136507936507936,-8.17679292929293,-1.8577398989899,-0.3989898989898985,-3.642819865319866,3.1509090909090904
5,2,3,as&cnf&ovl|gap&mrg,1,1,51.944444444444436,2.64,52.418892218892225,48.0,2.6933333333333334,260,0.5111111111111111,-1.9559259259259258,3.156111111111111,0.09,-5.136507936507936,-8.17679292929293,-1.8577398989899,-0.3989898989898985,-3.642819865319866,3.1509090909090904
4,2,2,cnf&tzi|gap&mrg,1,0,50.682539682539684,2.97,52.36434676434677,47.66666666666667,3.0166666666666666,190,0.4565656565656568,-2.9565361952861955,3.765164141414141,0.41333333333333333,-5.191053391053391,-8.850589826839824,-1.231391293891294,-0.45353535353535346,-4.2581523569023565,3.2087584175084163
5,2,3,as&ovl|gap&mrg&tzi,1,1,51.944444444444436,2.69,52.21889221889221,48.0,2.7333333333333334,256,0.31111111111111117,-2.223148148148148,2.941111111111111,0.13,-5.336507936507935,-8.396938431938434,-2.1155303030303036,-0.5989898989898984,-3.9035269360269362,3.0150505050505045
6,2,3,as&cnf&ovl|gap&mrg&tzi,1,1,51.944444444444436,2.71,52.21889221889221,48.0,2.736666666666667,256,0.31111111111111117,-2.223148148148148,2.941111111111111,0.13333333333333333,-5.336507936507935,-8.396938431938434,-2.1155303030303036,-0.5989898989898984,-3.9035269360269362,3.0150505050505045
4,2,2,as&mrg|cnf&tzi,1,1,49.61587301587302,2.72,52.13101343101344,48.0,2.7533333333333334,281,0.2232323232323233,-2.4625,2.8901515151515156,0.15,-5.424386724386725,-8.820344516594517,-2.246183261183261,-0.6868686868686869,-4.098030303030303,2.8399873737373715
4,2,2,cnf&gap|mrg&tzi,1,0,55.68253968253969,3.1,52.05323565323565,48.0,3.033333333333333,187,0.14545454545454578,-3.5501936026936027,3.657003367003367,0.43,-5.502164502164502,-9.125147306397306,-1.7405303030303032,-0.7646464646464646,-4.658872053872053,3.099507575757576
4,2,2,as&ovl|cnf&tzi,0,1,47.01587301587302,2.49,52.019902319902315,48.0,2.56,271,0.11212121212121218,-2.2434595959595955,2.4444444444444446,-0.043333333333333335,-5.535497835497836,-8.488784271284272,-2.481376262626263,-0.7979797979797979,-4.064898989898991,2.480328282828282
1,1,1,as,0,1,46.044444444444444,2.43,51.90778110778111,47.66666666666667,2.6033333333333335,290,0.0,0.0,0.0,0.0,-5.647619047619048,-8.873246753246752,-2.3119173881673882,-0.91010101010101,-3.645252525252525,1.9699242424242425
2,1,2,as&cnf,0,1,46.044444444444444,2.47,51.90778110778111,47.66666666666667,2.6233333333333335,290,0.0,0.0,0.0,0.02,-5.647619047619048,-8.873246753246752,-2.3119173881673882,-0.91010101010101,-3.645252525252525,1.9699242424242425
5,3,2,as&gap|cnf&mrg|ovl,1,1,49.349206349206355,2.19,51.86831501831502,47.66666666666667,2.14,300,-0.03946608946608947,-2.08643759018759,2.1862211399711393,-0.4633333333333333,-5.687085137085138,-8.88170634920635,-2.459671717171718,-0.9495670995670998,-4.400218253968253,2.6282377344877337
5,3,2,as&tzi|cnf&mrg|ovl,1,1,47.349206349206355,2.15,51.86831501831502,47.66666666666667,2.15,300,-0.03946608946608947,-2.08643759018759,2.1862211399711393,-0.4533333333333333,-5.687085137085138,-8.88170634920635,-2.459671717171718,-0.9495670995670998,-4.400218253968253,2.6282377344877337
6,3,3,as&gap&tzi|cnf&mrg|ovl,1,1,49.349206349206355,2.19,51.86831501831502,47.66666666666667,2.1566666666666667,300,-0.03946608946608947,-2.08643759018759,2.1862211399711393,-0.44666666666666666,-5.687085137085138,-8.88170634920635,-2.459671717171718,-0.9495670995670998,-4.400218253968253,2.6282377344877337
3,2,2,cnf&mrg|ovl,1,0,50.849206349206355,2.35,51.86831501831502,47.66666666666667,2.2466666666666666,298,-0.03946608946608947,-2.577323232323232,2.6491630591630586,-0.3566666666666667,-5.687085137085137,-8.754949494949493,-2.576709956709957,-0.9495670995670998,-4.286767676767677,2.358860028860027
3,2,2,as&mrg|ovl,1,1,50.849206349206355,2.39,51.86831501831502,47.66666666666667,2.3,298,-0.03946608946608947,-2.577323232323232,2.6491630591630586,-0.30333333333333334,-5.687085137085137,-8.754949494949493,-2.576709956709957,-0.9495670995670998,-4.286767676767677,2.358860028860027
4,2,3,as&cnf&mrg|ovl,1,1,50.849206349206355,2.39,51.86831501831502,47.66666666666667,2.3,298,-0.03946608946608947,-2.577323232323232,2.6491630591630586,-0.30333333333333334,-5.687085137085137,-8.754949494949493,-2.576709956709957,-0.9495670995670998,-4.286767676767677,2.358860028860027
3,2,2,as|mrg&ovl,1,1,46.044444444444444,2.35,51.86333666333665,47.66666666666667,2.4266666666666667,294,-0.0444444444444444,-1.2888888888888885,1.2222222222222223,-0.17666666666666667,-5.692063492063492,-9.13857683982684,-2.479992784992786,-0.9545454545454545,-3.9094191919191923,2.1031313131313123
4,2,2,as&cnf|mrg&ovl,1,1,46.044444444444444,2.39,51.86333666333665,47.66666666666667,2.4466666666666668,294,-0.0444444444444444,-1.2888888888888885,1.2222222222222223,-0.15666666666666668,-5.692063492063492,-9.13857683982684,-2.479992784992786,-0.9545454545454545,-3.9094191919191923,2.1031313131313123
4,2,3,as|mrg&ovl&tzi,1,1,46.044444444444444,2.36,51.86333666333665,47.66666666666667,2.486666666666667,294,-0.0444444444444444,-1.2888888888888885,1.2222222222222223,-0.11666666666666667,-5.692063492063492,-9.13857683982684,-2.479992784992786,-0.9545454545454545,-3.9094191919191923,2.1031313131313123
4,2,3,as|gap&mrg&ovl,1,1,46.044444444444444,2.39,51.86333666333665,47.66666666666667,2.493333333333333,294,-0.0444444444444444,-1.2888888888888885,1.2222222222222223,-0.11,-5.692063492063492,-9.13857683982684,-2.479992784992786,-0.9545454545454545,-3.9094191919191923,2.1031313131313123
5,2,4,as|gap&mrg&ovl&tzi,1,1,46.044444444444444,2.39,51.86333666333665,47.66666666666667,2.4966666666666666,294,-0.0444444444444444,-1.2888888888888885,1.2222222222222223,-0.10666666666666667,-5.692063492063492,-9.13857683982684,-2.479992784992786,-0.9545454545454545,-3.9094191919191923,2.1031313131313123
5,2,3,as&cnf|mrg&ovl&tzi,1,1,46.044444444444444,2.4,51.86333666333665,47.66666666666667,2.506666666666667,294,-0.0444444444444444,-1.2888888888888885,1.2222222222222223,-0.09666666666666666,-5.692063492063492,-9.13857683982684,-2.479992784992786,-0.9545454545454545,-3.9094191919191923,2.1031313131313123
5,2,3,as&cnf|gap&mrg&ovl,1,1,46.044444444444444,2.43,51.86333666333665,47.66666666666667,2.513333333333333,294,-0.0444444444444444,-1.2888888888888885,1.2222222222222223,-0.09,-5.692063492063492,-9.13857683982684,-2.479992784992786,-0.9545454545454545,-3.9094191919191923,2.1031313131313123
6,2,4,as&cnf|gap&mrg&ovl&tzi,1,1,46.044444444444444,2.43,51.86333666333665,47.66666666666667,2.5166666666666666,294,-0.0444444444444444,-1.2888888888888885,1.2222222222222223,-0.08666666666666667,-5.692063492063492,-9.13857683982684,-2.479992784992786,-0.9545454545454545,-3.9094191919191923,2.1031313131313123
4,2,2,as&ovl|cnf&gap,0,1,49.01587301587302,2.64,51.86333666333665,48.0,2.58,271,-0.04444444444444444,-2.3777777777777778,2.2222222222222223,-0.023333333333333334,-5.692063492063492,-8.662996031746033,-2.5251785714285715,-0.9545454545454545,-4.1237121212121215,2.2365656565656566
5,2,3,as&ovl|cnf&gap&tzi,0,1,49.01587301587302,2.68,51.86333666333665,48.0,2.65,266,-0.04444444444444444,-2.3777777777777778,2.2222222222222223,0.04666666666666667,-5.692063492063492,-8.662996031746033,-2.5251785714285715,-0.9545454545454545,-4.1237121212121215,2.2365656565656566
4,2,2,as&mrg|cnf&ovl,1,1,49.849206349206355,2.45,51.801648351648346,47.66666666666667,2.3533333333333335,295,-0.10613275613275616,-2.5101533189033187,2.413297258297258,-0.25,-5.753751803751804,-8.81207251082251,-2.715081168831169,-1.0162337662337666,-4.330147907647907,2.2987914862914844
3,2,2,as|cnf&mrg,1,1,46.044444444444444,2.33,51.79666999667,47.66666666666667,2.3833333333333333,294,-0.11111111111111109,-1.0,0.6666666666666667,-0.22,-5.758730158730159,-9.032905844155845,-2.7588888888888894,-1.021212121212121,-3.9680303030303032,1.97020202020202
4,2,3,as|cnf&mrg&ovl,1,1,46.044444444444444,2.35,51.79666999667,47.66666666666667,2.4433333333333334,293,-0.11111111111111109,-1.0,0.6666666666666667,-0.16,-5.758730158730159,-9.032905844155845,-2.7588888888888894,-1.021212121212121,-3.9680303030303032,1.97020202020202
4,2,3,as|cnf&mrg&tzi,1,1,46.044444444444444,2.35,51.79666999667,47.66666666666667,2.46,294,-0.11111111111111109,-1.0,0.6666666666666667,-0.14333333333333334,-5.758730158730159,-9.032905844155845,-2.7588888888888894,-1.021212121212121,-3.9680303030303032,1.97020202020202
4,2,3,as|cnf&gap&mrg,1,1,46.044444444444444,2.38,51.79666999667,47.66666666666667,2.47,293,-0.11111111111111109,-1.0,0.6666666666666667,-0.13333333333333333,-5.758730158730159,-9.032905844155845,-2.7588888888888894,-1.021212121212121,-3.9680303030303032,1.97020202020202
5,2,4,as|cnf&gap&mrg&tzi,1,1,46.044444444444444,2.38,51.79666999667,47.66666666666667,2.4766666666666666,293,-0.11111111111111109,-1.0,0.6666666666666667,-0.12666666666666668,-5.758730158730159,-9.032905844155845,-2.7588888888888894,-1.021212121212121,-3.9680303030303032,1.97020202020202
5,2,4,as|cnf&mrg&ovl&tzi,1,1,46.044444444444444,2.36,51.79666999667,47.66666666666667,2.5033333333333334,293,-0.11111111111111109,-1.0,0.6666666666666667,-0.1,-5.758730158730159,-9.032905844155845,-2.7588888888888894,-1.021212121212121,-3.9680303030303032,1.97020202020202
5,2,4,as|cnf&gap&mrg&ovl,1,1,46.044444444444444,2.39,51.79666999667,47.66666666666667,2.51,293,-0.11111111111111109,-1.0,0.6666666666666667,-0.09333333333333334,-5.758730158730159,-9.032905844155845,-2.7588888888888894,-1.021212121212121,-3.9680303030303032,1.97020202020202
6,2,5,as|cnf&gap&mrg&ovl&tzi,1,1,46.044444444444444,2.39,51.79666999667,47.66666666666667,2.513333333333333,293,-0.11111111111111109,-1.0,0.6666666666666667,-0.09,-5.758730158730159,-9.032905844155845,-2.7588888888888894,-1.021212121212121,-3.9680303030303032,1.97020202020202
5,3,2,as|cnf&mrg|ovl&tzi,1,1,47.01587301587302,2.2,51.75323565323564,47.66666666666667,2.22,298,-0.15454545454545449,-1.712171717171717,1.4242424242424243,-0.38333333333333336,-5.802164502164501,-9.108318903318903,-2.686758658008658,-1.0646464646464646,-4.372626262626262,2.379696969696969
6,3,3,as|cnf&gap&mrg|ovl&tzi,1,1,47.01587301587302,2.22,51.75323565323564,47.66666666666667,2.296666666666667,298,-0.15454545454545449,-1.712171717171717,1.4242424242424243,-0.30666666666666664,-5.802164502164501,-9.108318903318903,-2.686758658008658,-1.0646464646464646,-4.372626262626262,2.379696969696969
3,2,2,as|ovl&tzi,0,1,47.01587301587302,2.23,51.75323565323564,47.66666666666667,2.3333333333333335,298,-0.15454545454545449,-1.712171717171717,1.4242424242424243,-0.27,-5.802164502164501,-9.108318903318903,-2.686758658008658,-1.0646464646464646,-4.372626262626262,2.379696969696969
4,2,2,as&cnf|ovl&tzi,0,1,47.01587301587302,2.25,51.75323565323564,47.66666666666667,2.34,298,-0.15454545454545449,-1.712171717171717,1.4242424242424243,-0.2633333333333333,-5.802164502164501,-9.108318903318903,-2.686758658008658,-1.0646464646464646,-4.372626262626262,2.379696969696969
4,2,3,as|cnf&ovl&tzi,0,1,47.01587301587302,2.24,51.68656898656898,47.66666666666667,2.3633333333333333,298,-0.22121212121212122,-1.6207828282828283,1.1565656565656566,-0.24,-5.86883116883117,-9.13299062049062,-2.7033297258297266,-1.131313131313131,-4.256085858585858,2.158611111111111
5,3,2,as&gap|cnf&tzi|ovl,0,1,46.349206349206355,2.19,51.64609279609279,47.66666666666667,2.22,288,-0.26168831168831164,-2.8579437229437223,2.2529329004329,-0.38333333333333336,-5.909307359307359,-9.26530303030303,-2.741450216450217,-1.1717893217893218,-4.756127344877345,2.373308080808079
5,3,2,as&tzi|cnf&gap|ovl,0,1,46.349206349206355,2.19,51.64609279609279,47.66666666666667,2.22,288,-0.26168831168831164,-2.8579437229437223,2.2529329004329,-0.38333333333333336,-5.909307359307359,-9.26530303030303,-2.741450216450217,-1.1717893217893218,-4.756127344877345,2.373308080808079
6,3,3,as&mrg&tzi|cnf&gap|ovl,1,1,48.349206349206355,2.25,51.64609279609279,47.66666666666667,2.2266666666666666,288,-0.26168831168831164,-2.8579437229437223,2.2529329004329,-0.37666666666666665,-5.909307359307359,-9.26530303030303,-2.741450216450217,-1.1717893217893218,-4.756127344877345,2.373308080808079
6,3,3,as&gap&mrg|cnf&tzi|ovl,1,1,46.349206349206355,2.21,51.64609279609279,47.66666666666667,2.236666666666667,288,-0.26168831168831164,-2.8579437229437223,2.2529329004329,-0.36666666666666664,-5.909307359307359,-9.26530303030303,-2.741450216450217,-1.1717893217893218,-4.756127344877345,2.373308080808079
3,2,2,cnf&gap|ovl,0,0,48.349206349206355,2.28,51.64609279609279,47.66666666666667,2.2466666666666666,286,-0.26168831168831164,-2.8579437229437223,2.2529329004329,-0.3566666666666667,-5.909307359307359,-9.26530303030303,-2.741450216450217,-1.1717893217893218,-4.756127344877345,2.373308080808079
3,2,2,cnf&tzi|ovl,0,0,46.349206349206355,2.24,51.64609279609279,47.66666666666667,2.256666666666667,285,-0.26168831168831164,-2.8579437229437223,2.2529329004329,-0.3466666666666667,-5.909307359307359,-9.26530303030303,-2.741450216450217,-1.1717893217893218,-4.756127344877345,2.373308080808079
4,2,3,cnf&gap&tzi|ovl,0,0,48.349206349206355,2.31,51.64609279609279,47.66666666666667,2.2933333333333334,283,-0.26168831168831164,-2.8579437229437223,2.2529329004329,-0.31,-5.909307359307359,-9.26530303030303,-2.741450216450217,-1.1717893217893218,-4.756127344877345,2.373308080808079
5,3,2,as|cnf&mrg|gap&ovl,1,1,47.01587301587302,2.22,51.596669996669995,47.66666666666667,2.2266666666666666,298,-0.3111111111111111,-1.844444444444444,1.2227777777777773,-0.37666666666666665,-5.958730158730159,-9.276136363636365,-2.8375541125541144,-1.221212121212121,-4.509343434343434,2.0803535353535354
6,3,3,as|cnf&mrg|gap&ovl&tzi,1,1,47.01587301587302,2.23,51.596669996669995,47.66666666666667,2.243333333333333,298,-0.3111111111111111,-1.844444444444444,1.2227777777777773,-0.36,-5.958730158730159,-9.276136363636365,-2.8375541125541144,-1.221212121212121,-4.509343434343434,2.0803535353535354
6,3,3,as|cnf&mrg&tzi|gap&ovl,1,1,47.01587301587302,2.24,51.596669996669995,47.66666666666667,2.3,298,-0.3111111111111111,-1.844444444444444,1.2227777777777773,-0.30333333333333334,-5.958730158730159,-9.276136363636365,-2.8375541125541144,-1.221212121212121,-4.509343434343434,2.0803535353535354
3,2,2,as|gap&ovl,0,1,47.01587301587302,2.28,51.596669996669995,47.66666666666667,2.3466666666666667,297,-0.3111111111111111,-1.844444444444444,1.2227777777777773,-0.25666666666666665,-5.958730158730159,-9.276136363636365,-2.8375541125541144,-1.221212121212121,-4.509343434343434,2.0803535353535354
4,2,2,as&cnf|gap&ovl,0,1,47.01587301587302,2.3,51.596669996669995,47.66666666666667,2.3533333333333335,297,-0.3111111111111111,-1.844444444444444,1.2227777777777773,-0.25,-5.958730158730159,-9.276136363636365,-2.8375541125541144,-1.221212121212121,-4.509343434343434,2.0803535353535354
4,2,3,as|gap&ovl&tzi,0,1,47.01587301587302,2.29,51.596669996669995,47.66666666666667,2.3666666666666667,297,-0.3111111111111111,-1.844444444444444,1.2227777777777773,-0.23666666666666666,-5.958730158730159,-9.276136363636365,-2.8375541125541144,-1.221212121212121,-4.509343434343434,2.0803535353535354
5,2,3,as&cnf|gap&ovl&tzi,0,1,47.01587301587302,2.31,51.596669996669995,47.66666666666667,2.3733333333333335,297,-0.3111111111111111,-1.844444444444444,1.2227777777777773,-0.23,-5.958730158730159,-9.276136363636365,-2.8375541125541144,-1.221212121212121,-4.509343434343434,2.0803535353535354
4,2,2,as&ovl|mrg&tzi,1,1,51.944444444444436,2.57,51.55222555222555,47.66666666666667,2.65,260,-0.3555555555555555,-2.907685185185185,2.40037037037037,0.04666666666666667,-6.003174603174602,-9.039675324675326,-2.721115921115922,-1.2656565656565655,-4.6109343434343435,2.3677020202020205
5,2,3,as&cnf&ovl|mrg&tzi,1,1,51.944444444444436,2.59,51.55222555222555,47.66666666666667,2.6533333333333333,260,-0.3555555555555555,-2.907685185185185,2.40037037037037,0.05,-6.003174603174602,-9.039675324675326,-2.721115921115922,-1.2656565656565655,-4.6109343434343435,2.3677020202020205
4,3,2,as|cnf&mrg|ovl,1,1,47.349206349206355,2.09,51.53498168498169,47.333333333333336,2.08,300,-0.3727994227994228,-2.306231962481963,1.7122709235209237,-0.5233333333333333,-6.020418470418472,-9.389814213564213,-2.598944805194805,-1.282900432900433,-4.669963924963925,2.2011345598845597
5,3,3,as|cnf&mrg&tzi|ovl,1,1,47.349206349206355,2.1,51.53498168498169,47.333333333333336,2.0966666666666667,300,-0.3727994227994228,-2.306231962481963,1.7122709235209237,-0.5066666666666667,-6.020418470418472,-9.389814213564213,-2.598944805194805,-1.282900432900433,-4.669963924963925,2.2011345598845597
5,3,3,as|cnf&gap&mrg|ovl,1,1,47.349206349206355,2.1,51.53498168498169,47.333333333333336,2.1,300,-0.3727994227994228,-2.306231962481963,1.7122709235209237,-0.5033333333333333,-6.020418470418472,-9.389814213564213,-2.598944805194805,-1.282900432900433,-4.669963924963925,2.2011345598845597
6,3,4,as|cnf&gap&mrg&tzi|ovl,1,1,47.349206349206355,2.1,51.53498168498169,47.333333333333336,2.1033333333333335,300,-0.3727994227994228,-2.306231962481963,1.7122709235209237,-0.5,-6.020418470418472,-9.389814213564213,-2.598944805194805,-1.282900432900433,-4.669963924963925,2.2011345598845597
2,2,1,as|ovl,0,1,47.349206349206355,2.11,51.53498168498169,47.333333333333336,2.1333333333333333,300,-0.3727994227994228,-2.306231962481963,1.7122709235209237,-0.47,-6.020418470418472,-9.389814213564213,-2.598944805194805,-1.282900432900433,-4.669963924963925,2.2011345598845597
3,2,2,as&cnf|ovl,0,1,47.349206349206355,2.13,51.53498168498169,47.333333333333336,2.1366666666666667,300,-0.3727994227994228,-2.306231962481963,1.7122709235209237,-0.4666666666666667,-6.020418470418472,-9.389814213564213,-2.598944805194805,-1.282900432900433,-4.669963924963925,2.2011345598845597
4,2,3,as|cnf&gap&ovl,0,1,47.01587301587302,2.29,51.53000333000334,47.66666666666667,2.3766666666666665,297,-0.37777777777777777,-1.7333333333333332,0.8888888888888891,-0.22666666666666666,-6.025396825396825,-9.274152236652238,-2.824307359307359,-1.2878787878787876,-4.388888888888889,1.9889141414141416
5,2,4,as|cnf&gap&ovl&tzi,0,1,47.01587301587302,2.3,51.53000333000334,47.66666666666667,2.3966666666666665,297,-0.37777777777777777,-1.7333333333333332,0.8888888888888891,-0.20666666666666667,-6.025396825396825,-9.274152236652238,-2.824307359307359,-1.2878787878787876,-4.388888888888889,1.9889141414141416
3,2,2,as|cnf&ovl,0,1,46.349206349206355,2.15,51.46831501831501,47.333333333333336,2.17,300,-0.43946608946608945,-2.306158008658009,1.4465909090909082,-0.43333333333333335,-6.087085137085137,-9.256616161616162,-2.8315025252525268,-1.3495670995670999,-4.600977633477634,2.227656926406926
5,3,2,as&mrg|cnf&gap|ovl,1,1,47.94920634920636,2.19,50.97942612942613,47.0,2.13,300,-0.9283549783549783,-3.2955357142857147,1.4919678932178935,-0.47333333333333333,-6.575974025974025,-9.936901154401156,-3.3538437950937956,-1.8384559884559886,-5.331392496392496,1.8706060606060588
5,3,2,as&mrg|cnf&tzi|ovl,1,1,45.94920634920636,2.15,50.97942612942613,47.0,2.14,300,-0.9283549783549783,-3.2955357142857147,1.4919678932178935,-0.4633333333333333,-6.575974025974025,-9.936901154401156,-3.3538437950937956,-1.8384559884559886,-5.331392496392496,1.8706060606060588
6,3,3,as&mrg|cnf&gap&tzi|ovl,1,1,47.94920634920636,2.19,50.97942612942613,47.0,2.1566666666666667,300,-0.9283549783549783,-3.2955357142857147,1.4919678932178935,-0.44666666666666666,-6.575974025974025,-9.936901154401156,-3.3538437950937956,-1.8384559884559886,-5.331392496392496,1.8706060606060588
1,1,1,mrg,1,0,55.87777777777778,2.73,50.88021978021978,46.666666666666664,2.8566666666666665,256,-1.0275613275613276,-4.906253607503607,2.716675084175084,0.25333333333333335,-6.675180375180374,-10.209333213083212,-2.82428811928812,-1.9376623376623374,-6.322291366041366,2.183802308802309
5,3,2,as&tzi|gap&mrg|ovl,1,1,46.749206349206354,1.98,50.86831501831502,46.666666666666664,2.0866666666666664,288,-1.0394660894660894,-3.7411586099086103,1.6543903318903315,-0.5166666666666667,-6.687085137085136,-10.223018278018278,-3.087717051467052,-1.9495670995670997,-5.561082251082251,1.7099963924963903
6,3,3,as&cnf&tzi|gap&mrg|ovl,1,1,46.749206349206354,1.98,50.86831501831502,46.666666666666664,2.0866666666666664,288,-1.0394660894660894,-3.7411586099086103,1.6543903318903315,-0.5166666666666667,-6.687085137085136,-10.223018278018278,-3.087717051467052,-1.9495670995670997,-5.561082251082251,1.7099963924963903
6,3,2,as&tzi|cnf&ovl|gap&mrg,1,1,45.749206349206354,2.02,50.86831501831502,46.666666666666664,2.12,288,-1.0394660894660894,-3.7411586099086103,1.6543903318903315,-0.48333333333333334,-6.687085137085136,-10.223018278018278,-3.087717051467052,-1.9495670995670997,-5.561082251082251,1.7099963924963903
3,2,2,gap&mrg|ovl,1,0,51.249206349206354,2.17,50.86831501831502,46.666666666666664,2.2,284,-1.0394660894660894,-4.037063492063492,2.083563011063011,-0.4033333333333333,-6.687085137085136,-10.128023689273688,-3.0468097643097654,-1.9495670995670997,-5.623120490620492,1.5819943482443481
4,2,2,cnf&ovl|gap&mrg,1,0,50.249206349206354,2.23,50.86831501831502,46.666666666666664,2.2466666666666666,281,-1.0394660894660894,-4.037063492063492,2.083563011063011,-0.3566666666666667,-6.687085137085136,-10.128023689273688,-3.0468097643097654,-1.9495670995670997,-5.623120490620492,1.5819943482443481
5,3,2,as|cnf&gap|ovl&tzi,0,1,45.61587301587302,2.18,50.864346764346756,47.0,2.25,298,-1.0434343434343434,-3.0424747474747473,0.6934090909090908,-0.35333333333333333,-6.691053391053391,-10.165093795093796,-3.4050865800865804,-1.9535353535353535,-5.429646464646465,1.6026262626262622
5,3,2,as|cnf&tzi|gap&ovl,0,1,45.61587301587302,2.18,50.864346764346756,47.0,2.25,298,-1.0434343434343434,-3.0424747474747473,0.6934090909090908,-0.35333333333333333,-6.691053391053391,-10.165093795093796,-3.4050865800865804,-1.9535353535353535,-5.429646464646465,1.6026262626262622
6,3,2,as&ovl|cnf&tzi|gap&mrg,1,1,47.01587301587302,2.21,50.75323565323565,46.666666666666664,2.35,275,-1.1545454545454545,-3.712752525252525,1.7875757575757572,-0.25333333333333335,-6.802164502164501,-10.268508297258297,-3.1224476911976913,-2.064646464646464,-5.541809764309765,1.527415824915824
4,2,3,gap&mrg&tzi|ovl,1,0,51.249206349206354,2.24,50.66831501831501,46.666666666666664,2.24,281,-1.2394660894660892,-4.1302405002405,1.8835630110630104,-0.36333333333333334,-6.887085137085138,-10.272949735449735,-3.457437469937471,-2.1495670995670997,-5.715864598364599,1.4211483886483882
5,2,3,cnf&ovl|gap&mrg&tzi,1,0,50.249206349206354,2.3,50.66831501831501,46.666666666666664,2.2866666666666666,278,-1.2394660894660892,-4.1302405002405,1.8835630110630104,-0.31666666666666665,-6.887085137085138,-10.272949735449735,-3.457437469937471,-2.1495670995670997,-5.715864598364599,1.4211483886483882
4,3,2,as|cnf&tzi|ovl,0,1,45.94920634920636,2.07,50.64609279609279,46.666666666666664,2.07,300,-1.2616883116883115,-3.662169913419913,1.1566648629148628,-0.5333333333333333,-6.909307359307359,-10.342283549783549,-3.466204906204907,-2.171789321789322,-5.659871933621933,1.5369949494949477
4,3,2,as|cnf&gap|ovl,0,1,45.94920634920636,2.07,50.64609279609279,46.666666666666664,2.07,300,-1.2616883116883115,-3.662169913419913,1.1566648629148628,-0.5333333333333333,-6.909307359307359,-10.342283549783549,-3.466204906204907,-2.171789321789322,-5.659871933621933,1.5369949494949477
5,3,3,as|cnf&gap&tzi|ovl,0,1,45.94920634920636,2.07,50.64609279609279,46.666666666666664,2.08,300,-1.2616883116883115,-3.662169913419913,1.1566648629148628,-0.5233333333333333,-6.909307359307359,-10.342283549783549,-3.466204906204907,-2.171789321789322,-5.659871933621933,1.5369949494949477
5,3,2,as|cnf&tzi|mrg&ovl,1,1,45.61587301587302,2.19,50.53101343101343,46.666666666666664,2.2266666666666666,298,-1.3767676767676766,-3.4884343434343434,0.5127020202020198,-0.37666666666666665,-7.024386724386724,-10.397619047619047,-3.6923286435786435,-2.2868686868686865,-5.644242424242424,1.0706313131313114
6,3,3,as|cnf&tzi|gap&mrg&ovl,1,1,45.61587301587302,2.2,50.53101343101343,46.666666666666664,2.283333333333333,298,-1.3767676767676766,-3.4884343434343434,0.5127020202020198,-0.32,-7.024386724386724,-10.397619047619047,-3.6923286435786435,-2.2868686868686865,-5.644242424242424,1.0706313131313114
3,2,2,as|cnf&tzi,0,1,45.61587301587302,2.2,50.46434676434676,46.666666666666664,2.2933333333333334,298,-1.4434343434343433,-3.4233333333333325,0.31313131313131315,-0.31,-7.091053391053391,-10.353580447330447,-3.7929599567099577,-2.353535353535353,-5.7313636363636355,0.8282575757575732
5,3,2,as|cnf&gap|mrg&ovl,1,1,45.61587301587302,2.21,50.37444777444777,46.666666666666664,2.2333333333333334,297,-1.5333333333333332,-3.6888888888888887,0.3555555555555556,-0.37,-7.180952380952381,-10.517252886002888,-3.806939033189036,-2.4434343434343435,-5.648156565656565,0.9898989898989897
6,3,3,as|cnf&gap&tzi|mrg&ovl,1,1,45.61587301587302,2.22,50.37444777444777,46.666666666666664,2.26,297,-1.5333333333333332,-3.6888888888888887,0.3555555555555556,-0.3433333333333333,-7.180952380952381,-10.517252886002888,-3.806939033189036,-2.4434343434343435,-5.648156565656565,0.9898989898989897
6,3,3,as|cnf&gap|mrg&ovl&tzi,1,1,45.61587301587302,2.22,50.37444777444777,46.666666666666664,2.29,297,-1.5333333333333332,-3.6888888888888887,0.3555555555555556,-0.31333333333333335,-7.180952380952381,-10.517252886002888,-3.806939033189036,-2.4434343434343435,-5.648156565656565,0.9898989898989897
5,3,2,cnf&tzi|gap&mrg|ovl,1,0,46.349206349206355,1.96,50.31275946275946,46.33333333333333,2.0566666666666666,288,-1.5950216450216448,-4.422026214526214,1.3265879028379028,-0.5466666666666666,-7.242640692640691,-10.848619528619526,-3.5542033429533437,-2.505122655122655,-6.146874699374698,1.267181337181337
4,2,3,as&gap&ovl|mrg,1,1,55.87777777777778,2.49,50.308791208791206,46.0,2.55,273,-1.5989898989898987,-5.137878787878787,1.8010690235690228,-0.05333333333333334,-7.246608946608947,-10.945113035113035,-3.6039880952380963,-2.5090909090909084,-6.784869528619529,1.553026094276094
5,2,4,as&cnf&gap&ovl|mrg,1,1,55.87777777777778,2.51,50.308791208791206,46.0,2.55,273,-1.5989898989898987,-5.137878787878787,1.8010690235690228,-0.05333333333333334,-7.246608946608947,-10.945113035113035,-3.6039880952380963,-2.5090909090909084,-6.784869528619529,1.553026094276094
5,2,4,as&gap&ovl&tzi|mrg,1,1,54.87777777777778,2.51,50.308791208791206,46.0,2.58,272,-1.5989898989898987,-5.137878787878787,1.8010690235690228,-0.023333333333333334,-7.246608946608947,-10.945113035113035,-3.6039880952380963,-2.5090909090909084,-6.784869528619529,1.553026094276094
6,2,5,as&cnf&gap&ovl&tzi|mrg,1,1,54.87777777777778,2.53,50.308791208791206,46.0,2.58,272,-1.5989898989898987,-5.137878787878787,1.8010690235690228,-0.023333333333333334,-7.246608946608947,-10.945113035113035,-3.6039880952380963,-2.5090909090909084,-6.784869528619529,1.553026094276094
3,2,2,as|cnf&gap,0,1,45.61587301587302,2.25,50.3077811077811,46.666666666666664,2.3066666666666666,297,-1.6,-3.5561111111111114,0.1111111111111112,-0.2966666666666667,-7.2476190476190485,-10.56329184704185,-3.85239898989899,-2.51010101010101,-5.773838383838383,0.7577525252525245
4,2,3,as|cnf&gap&tzi,0,1,45.61587301587302,2.26,50.3077811077811,46.666666666666664,2.3366666666666664,297,-1.6,-3.5561111111111114,0.1111111111111112,-0.26666666666666666,-7.2476190476190485,-10.56329184704185,-3.85239898989899,-2.51010101010101,-5.773838383838383,0.7577525252525245
3,2,2,as|gap&mrg,1,1,46.044444444444444,2.12,50.196669996669996,46.0,2.27,294,-1.7111111111111112,-3.4816666666666665,-0.04407407407407436,-0.3333333333333333,-7.358730158730159,-11.05900012025012,-3.3793259980759993,-2.6212121212121207,-5.939234006734006,0.8079882154882149
4,2,2,as&cnf|gap&mrg,1,1,46.044444444444444,2.14,50.196669996669996,46.0,2.29,294,-1.7111111111111112,-3.4816666666666665,-0.04407407407407436,-0.31333333333333335,-7.358730158730159,-11.05900012025012,-3.3793259980759993,-2.6212121212121207,-5.939234006734006,0.8079882154882149
5,3,2,as|gap&mrg|ovl&tzi,1,1,46.01587301587302,1.98,50.08656898656899,46.0,2.1166666666666667,298,-1.8212121212121215,-4.074419191919191,0.1938131313131311,-0.4866666666666667,-7.4688311688311675,-11.067421837421836,-3.751187469937471,-2.7313131313131307,-6.337398989898989,0.7505134680134677
6,3,2,as&cnf|gap&mrg|ovl&tzi,1,1,46.01587301587302,1.98,50.08656898656899,46.0,2.1233333333333335,298,-1.8212121212121215,-4.074419191919191,0.1938131313131311,-0.48,-7.4688311688311675,-11.067421837421836,-3.751187469937471,-2.7313131313131307,-6.337398989898989,0.7505134680134677
6,3,3,as|cnf&ovl&tzi|gap&mrg,1,1,46.01587301587302,1.99,50.08656898656899,46.0,2.14,298,-1.8212121212121215,-4.074419191919191,0.1938131313131311,-0.4633333333333333,-7.4688311688311675,-11.067421837421836,-3.751187469937471,-2.7313131313131307,-6.337398989898989,0.7505134680134677
5,3,2,as&gap|mrg&tzi|ovl,1,1,48.749206349206354,2.04,50.00164835164834,46.33333333333333,2.0566666666666666,288,-1.9061327561327561,-4.693896705146705,0.889309764309764,-0.5466666666666666,-7.553751803751804,-11.288588263588263,-3.981661856661857,-2.8162337662337658,-6.549175685425686,1.0145340307840305
6,3,3,as&cnf&gap|mrg&tzi|ovl,1,1,48.749206349206354,2.04,50.00164835164834,46.33333333333333,2.0566666666666666,288,-1.9061327561327561,-4.693896705146705,0.889309764309764,-0.5466666666666666,-7.553751803751804,-11.288588263588263,-3.981661856661857,-2.8162337662337658,-6.549175685425686,1.0145340307840305
6,3,2,as&gap|cnf&ovl|mrg&tzi,1,1,47.749206349206354,2.08,50.00164835164834,46.33333333333333,2.09,288,-1.9061327561327561,-4.693896705146705,0.889309764309764,-0.5133333333333333,-7.553751803751804,-11.288588263588263,-3.981661856661857,-2.8162337662337658,-6.549175685425686,1.0145340307840305
3,2,2,mrg&tzi|ovl,1,0,51.249206349206354,2.19,50.00164835164834,46.33333333333333,2.18,283,-1.9061327561327557,-5.13017316017316,1.1038029100529099,-0.42333333333333334,-7.553751803751803,-11.014935064935063,-3.8778048340548343,-2.8162337662337658,-6.4362217412217415,0.8985822510822509
4,2,2,cnf&ovl|mrg&tzi,1,0,50.249206349206354,2.25,50.00164835164834,46.33333333333333,2.2266666666666666,280,-1.9061327561327557,-5.13017316017316,1.1038029100529099,-0.37666666666666665,-7.553751803751803,-11.014935064935063,-3.8778048340548343,-2.8162337662337658,-6.4362217412217415,0.8985822510822509
4,2,3,as|gap&mrg&tzi,1,1,46.044444444444444,2.16,49.99666999666999,46.0,2.2933333333333334,294,-1.911111111111111,-3.7629629629629626,-0.3035185185185187,-0.31,-7.558730158730158,-11.225437109187107,-3.6666462241462243,-2.821212121212121,-6.2362373737373735,0.546170033670033
5,2,3,as&cnf|gap&mrg&tzi,1,1,46.044444444444444,2.18,49.99666999666999,46.0,2.3133333333333335,294,-1.911111111111111,-3.7629629629629626,-0.3035185185185187,-0.29,-7.558730158730158,-11.225437109187107,-3.6666462241462243,-2.821212121212121,-6.2362373737373735,0.546170033670033
2,2,1,cnf|ovl,0,0,45.94920634920636,2.04,49.97942612942612,46.0,2.013333333333333,300,-1.928354978354978,-4.332606421356421,0.45103715728715704,-0.59,-7.575974025974026,-11.09911616161616,-4.089547258297259,-2.838455988455988,-6.3806457431457435,0.8233080808080807
3,3,1,as|cnf|ovl,0,1,45.94920634920636,2.02,49.97942612942612,46.0,2.013333333333333,300,-1.928354978354978,-4.332606421356421,0.45103715728715704,-0.59,-7.575974025974026,-11.09911616161616,-4.089547258297259,-2.838455988455988,-6.3806457431457435,0.8233080808080807
4,3,2,as&mrg|cnf|ovl,1,1,45.94920634920636,2.04,49.97942612942612,46.0,2.013333333333333,300,-1.928354978354978,-4.332606421356421,0.45103715728715704,-0.59,-7.575974025974026,-11.09911616161616,-4.089547258297259,-2.838455988455988,-6.3806457431457435,0.8233080808080807
4,3,2,as&tzi|cnf|ovl,0,1,45.94920634920636,2.02,49.97942612942612,46.0,2.013333333333333,300,-1.928354978354978,-4.332606421356421,0.45103715728715704,-0.59,-7.575974025974026,-11.09911616161616,-4.089547258297259,-2.838455988455988,-6.3806457431457435,0.8233080808080807
4,3,2,as&gap|cnf|ovl,0,1,45.94920634920636,2.02,49.97942612942612,46.0,2.013333333333333,300,-1.928354978354978,-4.332606421356421,0.45103715728715704,-0.59,-7.575974025974026,-11.09911616161616,-4.089547258297259,-2.838455988455988,-6.3806457431457435,0.8233080808080807
5,3,3,as&mrg&tzi|cnf|ovl,1,1,45.94920634920636,2.04,49.97942612942612,46.0,2.013333333333333,300,-1.928354978354978,-4.332606421356421,0.45103715728715704,-0.59,-7.575974025974026,-11.09911616161616,-4.089547258297259,-2.838455988455988,-6.3806457431457435,0.8233080808080807
5,3,3,as&gap&mrg|cnf|ovl,1,1,45.94920634920636,2.04,49.97942612942612,46.0,2.013333333333333,300,-1.928354978354978,-4.332606421356421,0.45103715728715704,-0.59,-7.575974025974026,-11.09911616161616,-4.089547258297259,-2.838455988455988,-6.3806457431457435,0.8233080808080807
5,3,3,as&gap&tzi|cnf|ovl,0,1,45.94920634920636,2.02,49.97942612942612,46.0,2.013333333333333,300,-1.928354978354978,-4.332606421356421,0.45103715728715704,-0.59,-7.575974025974026,-11.09911616161616,-4.089547258297259,-2.838455988455988,-6.3806457431457435,0.8233080808080807
6,3,4,as&gap&mrg&tzi|cnf|ovl,1,1,45.94920634920636,2.04,49.97942612942612,46.0,2.013333333333333,300,-1.928354978354978,-4.332606421356421,0.45103715728715704,-0.59,-7.575974025974026,-11.09911616161616,-4.089547258297259,-2.838455988455988,-6.3806457431457435,0.8233080808080807
4,3,2,as|cnf|ovl&tzi,0,1,44.94920634920636,2.04,49.97942612942612,46.0,2.0166666666666666,300,-1.928354978354978,-4.332606421356421,0.45103715728715704,-0.5866666666666667,-7.575974025974026,-11.09911616161616,-4.089547258297259,-2.838455988455988,-6.3806457431457435,0.8233080808080807
4,3,2,as|cnf|gap&ovl,0,1,44.94920634920636,2.04,49.97942612942612,46.0,2.0166666666666666,300,-1.928354978354978,-4.332606421356421,0.45103715728715704,-0.5866666666666667,-7.575974025974026,-11.09911616161616,-4.089547258297259,-2.838455988455988,-6.3806457431457435,0.8233080808080807
5,3,3,as|cnf|gap&ovl&tzi,0,1,44.94920634920636,2.04,49.97942612942612,46.0,2.0166666666666666,300,-1.928354978354978,-4.332606421356421,0.45103715728715704,-0.5866666666666667,-7.575974025974026,-11.09911616161616,-4.089547258297259,-2.838455988455988,-6.3806457431457435,0.8233080808080807
3,2,2,cnf|ovl&tzi,0,0,44.94920634920636,2.06,49.97942612942612,46.0,2.02,300,-1.928354978354978,-4.332606421356421,0.45103715728715704,-0.5833333333333334,-7.575974025974026,-11.09911616161616,-4.089547258297259,-2.838455988455988,-6.3806457431457435,0.8233080808080807
3,2,2,cnf|gap&ovl,0,0,44.94920634920636,2.06,49.97942612942612,46.0,2.02,300,-1.928354978354978,-4.332606421356421,0.45103715728715704,-0.5833333333333334,-7.575974025974026,-11.09911616161616,-4.089547258297259,-2.838455988455988,-6.3806457431457435,0.8233080808080807
4,2,3,cnf|gap&ovl&tzi,0,0,44.94920634920636,2.06,49.97942612942612,46.0,2.02,300,-1.928354978354978,-4.332606421356421,0.45103715728715704,-0.5833333333333334,-7.575974025974026,-11.09911616161616,-4.089547258297259,-2.838455988455988,-6.3806457431457435,0.8233080808080807
5,3,2,as&mrg|cnf|ovl&tzi,1,1,44.94920634920636,2.06,49.97942612942612,46.0,2.02,300,-1.928354978354978,-4.332606421356421,0.45103715728715704,-0.5833333333333334,-7.575974025974026,-11.09911616161616,-4.089547258297259,-2.838455988455988,-6.3806457431457435,0.8233080808080807
5,3,2,as&mrg|cnf|gap&ovl,1,1,44.94920634920636,2.06,49.97942612942612,46.0,2.02,300,-1.928354978354978,-4.332606421356421,0.45103715728715704,-0.5833333333333334,-7.575974025974026,-11.09911616161616,-4.089547258297259,-2.838455988455988,-6.3806457431457435,0.8233080808080807
5,3,2,as&gap|cnf|ovl&tzi,0,1,44.94920634920636,2.04,49.97942612942612,46.0,2.02,300,-1.928354978354978,-4.332606421356421,0.45103715728715704,-0.5833333333333334,-7.575974025974026,-11.09911616161616,-4.089547258297259,-2.838455988455988,-6.3806457431457435,0.8233080808080807
5,3,2,as&tzi|cnf|gap&ovl,0,1,44.94920634920636,2.04,49.97942612942612,46.0,2.02,300,-1.928354978354978,-4.332606421356421,0.45103715728715704,-0.5833333333333334,-7.575974025974026,-11.09911616161616,-4.089547258297259,-2.838455988455988,-6.3806457431457435,0.8233080808080807
6,3,3,as&gap&mrg|cnf|ovl&tzi,1,1,44.94920634920636,2.06,49.97942612942612,46.0,2.02,300,-1.928354978354978,-4.332606421356421,0.45103715728715704,-0.5833333333333334,-7.575974025974026,-11.09911616161616,-4.089547258297259,-2.838455988455988,-6.3806457431457435,0.8233080808080807
6,3,3,as&mrg&tzi|cnf|gap&ovl,1,1,44.94920634920636,2.06,49.97942612942612,46.0,2.02,300,-1.928354978354978,-4.332606421356421,0.45103715728715704,-0.5833333333333334,-7.575974025974026,-11.09911616161616,-4.089547258297259,-2.838455988455988,-6.3806457431457435,0.8233080808080807
6,3,3,as&mrg|cnf|gap&ovl&tzi,1,1,44.94920634920636,2.06,49.97942612942612,46.0,2.02,300,-1.928354978354978,-4.332606421356421,0.45103715728715704,-0.5833333333333334,-7.575974025974026,-11.09911616161616,-4.089547258297259,-2.838455988455988,-6.3806457431457435,0.8233080808080807
4,3,2,as|gap&mrg|ovl,1,1,46.349206349206355,1.86,49.868315018315016,45.666666666666664,1.92,300,-2.039466089466089,-4.522228835978836,0.3788618326118326,-0.6833333333333333,-7.687085137085137,-11.470511063011063,-3.7930699855699865,-2.9495670995670995,-6.639497955747956,0.7113017075517062
5,3,2,as&cnf|gap&mrg|ovl,1,1,46.349206349206355,1.86,49.868315018315016,45.666666666666664,1.9233333333333333,300,-2.039466089466089,-4.522228835978836,0.3788618326118326,-0.68,-7.687085137085137,-11.470511063011063,-3.7930699855699865,-2.9495670995670995,-6.639497955747956,0.7113017075517062
5,3,2,as|cnf&ovl|gap&mrg,1,1,45.349206349206355,1.9,49.868315018315016,45.666666666666664,1.95,300,-2.039466089466089,-4.522228835978836,0.3788618326118326,-0.6533333333333333,-7.687085137085137,-11.470511063011063,-3.7930699855699865,-2.9495670995670995,-6.639497955747956,0.7113017075517062
6,3,2,as&ovl|cnf&gap|mrg&tzi,1,1,49.01587301587302,2.31,49.73000333000333,46.33333333333333,2.33,275,-2.1777777777777776,-4.855555555555555,0.7158333333333324,-0.2733333333333333,-7.825396825396824,-11.283420514670512,-4.084980759980762,-3.087878787878788,-6.691700336700336,0.4472138047138032
5,3,3,as|gap&mrg&tzi|ovl,1,1,46.349206349206355,1.9,49.66831501831501,45.666666666666664,1.94,300,-2.239466089466089,-4.73281746031746,0.16795454545454533,-0.6633333333333333,-7.887085137085137,-11.63996212121212,-4.200892857142858,-3.1495670995670992,-6.7672727272727276,0.47731000481000413
6,3,3,as&cnf|gap&mrg&tzi|ovl,1,1,46.349206349206355,1.9,49.66831501831501,45.666666666666664,1.9433333333333334,300,-2.239466089466089,-4.73281746031746,0.16795454545454533,-0.66,-7.887085137085137,-11.63996212121212,-4.200892857142858,-3.1495670995670992,-6.7672727272727276,0.47731000481000413
6,3,3,as|cnf&ovl|gap&mrg&tzi,1,1,45.349206349206355,1.94,49.66831501831501,45.666666666666664,1.97,300,-2.239466089466089,-4.73281746031746,0.16795454545454533,-0.6333333333333333,-7.887085137085137,-11.63996212121212,-4.200892857142858,-3.1495670995670992,-6.7672727272727276,0.47731000481000413
4,3,2,as|cnf|mrg&ovl,1,1,44.94920634920636,2.05,49.646092796092795,45.666666666666664,2.033333333333333,300,-2.2616883116883115,-4.840907287157286,0.22497113997113935,-0.57,-7.909307359307359,-11.40697510822511,-4.216709956709959,-3.1717893217893223,-6.658832972582972,0.3692424242424237
5,3,3,as|cnf|mrg&ovl&tzi,1,1,44.94920634920636,2.05,49.646092796092795,45.666666666666664,2.033333333333333,300,-2.2616883116883115,-4.840907287157286,0.22497113997113935,-0.57,-7.909307359307359,-11.40697510822511,-4.216709956709959,-3.1717893217893223,-6.658832972582972,0.3692424242424237
5,3,3,as|cnf|gap&mrg&ovl,1,1,44.94920634920636,2.05,49.646092796092795,45.666666666666664,2.033333333333333,300,-2.2616883116883115,-4.840907287157286,0.22497113997113935,-0.57,-7.909307359307359,-11.40697510822511,-4.216709956709959,-3.1717893217893223,-6.658832972582972,0.3692424242424237
6,3,4,as|cnf|gap&mrg&ovl&tzi,1,1,44.94920634920636,2.05,49.646092796092795,45.666666666666664,2.033333333333333,300,-2.2616883116883115,-4.840907287157286,0.22497113997113935,-0.57,-7.909307359307359,-11.40697510822511,-4.216709956709959,-3.1717893217893223,-6.658832972582972,0.3692424242424237
5,3,2,as&tzi|cnf|mrg&ovl,1,1,44.94920634920636,2.05,49.646092796092795,45.666666666666664,2.0366666666666666,300,-2.2616883116883115,-4.840907287157286,0.22497113997113935,-0.5666666666666667,-7.909307359307359,-11.40697510822511,-4.216709956709959,-3.1717893217893223,-6.658832972582972,0.3692424242424237
5,3,2,as&gap|cnf|mrg&ovl,1,1,44.94920634920636,2.05,49.646092796092795,45.666666666666664,2.0366666666666666,300,-2.2616883116883115,-4.840907287157286,0.22497113997113935,-0.5666666666666667,-7.909307359307359,-11.40697510822511,-4.216709956709959,-3.1717893217893223,-6.658832972582972,0.3692424242424237
6,3,3,as&gap|cnf|mrg&ovl&tzi,1,1,44.94920634920636,2.05,49.646092796092795,45.666666666666664,2.0366666666666666,300,-2.2616883116883115,-4.840907287157286,0.22497113997113935,-0.5666666666666667,-7.909307359307359,-11.40697510822511,-4.216709956709959,-3.1717893217893223,-6.658832972582972,0.3692424242424237
6,3,3,as&tzi|cnf|gap&mrg&ovl,1,1,44.94920634920636,2.05,49.646092796092795,45.666666666666664,2.0366666666666666,300,-2.2616883116883115,-4.840907287157286,0.22497113997113935,-0.5666666666666667,-7.909307359307359,-11.40697510822511,-4.216709956709959,-3.1717893217893223,-6.658832972582972,0.3692424242424237
6,3,3,as&gap&tzi|cnf|mrg&ovl,1,1,44.94920634920636,2.05,49.646092796092795,45.666666666666664,2.0366666666666666,300,-2.2616883116883115,-4.840907287157286,0.22497113997113935,-0.5666666666666667,-7.909307359307359,-11.40697510822511,-4.216709956709959,-3.1717893217893223,-6.658832972582972,0.3692424242424237
3,2,2,cnf|mrg&ovl,1,0,44.94920634920636,2.08,49.646092796092795,45.666666666666664,2.05,300,-2.2616883116883115,-4.840907287157286,0.22497113997113935,-0.5533333333333333,-7.909307359307359,-11.40697510822511,-4.216709956709959,-3.1717893217893223,-6.658832972582972,0.3692424242424237
4,2,3,cnf|mrg&ovl&tzi,1,0,44.94920634920636,2.08,49.646092796092795,45.666666666666664,2.05,300,-2.2616883116883115,-4.840907287157286,0.22497113997113935,-0.5533333333333333,-7.909307359307359,-11.40697510822511,-4.216709956709959,-3.1717893217893223,-6.658832972582972,0.3692424242424237
4,2,3,cnf|gap&mrg&ovl,1,0,44.94920634920636,2.08,49.646092796092795,45.666666666666664,2.05,300,-2.2616883116883115,-4.840907287157286,0.22497113997113935,-0.5533333333333333,-7.909307359307359,-11.40697510822511,-4.216709956709959,-3.1717893217893223,-6.658832972582972,0.3692424242424237
5,2,4,cnf|gap&mrg&ovl&tzi,1,0,44.94920634920636,2.08,49.646092796092795,45.666666666666664,2.05,300,-2.2616883116883115,-4.840907287157286,0.22497113997113935,-0.5533333333333333,-7.909307359307359,-11.40697510822511,-4.216709956709959,-3.1717893217893223,-6.658832972582972,0.3692424242424237
3,2,2,as&gap|mrg,1,1,53.37777777777778,2.36,49.64212454212454,45.33333333333333,2.39,281,-2.2656565656565655,-5.472441077441077,0.81773148148148,-0.21333333333333335,-7.913275613275614,-11.945807479557478,-3.895610870610872,-3.1757575757575753,-7.492537878787879,0.6489141414141409
4,2,3,as&cnf&gap|mrg,1,1,53.37777777777778,2.38,49.64212454212454,45.33333333333333,2.4033333333333333,281,-2.2656565656565655,-5.472441077441077,0.81773148148148,-0.2,-7.913275613275614,-11.945807479557478,-3.895610870610872,-3.1757575757575753,-7.492537878787879,0.6489141414141409
4,2,3,as&gap&tzi|mrg,1,1,52.37777777777778,2.38,49.64212454212454,45.33333333333333,2.44,279,-2.2656565656565655,-5.472441077441077,0.81773148148148,-0.16333333333333333,-7.913275613275614,-11.945807479557478,-3.895610870610872,-3.1757575757575753,-7.492537878787879,0.6489141414141409
5,2,4,as&cnf&gap&tzi|mrg,1,1,52.37777777777778,2.4,49.64212454212454,45.33333333333333,2.453333333333333,279,-2.2656565656565655,-5.472441077441077,0.81773148148148,-0.15,-7.913275613275614,-11.945807479557478,-3.895610870610872,-3.1757575757575753,-7.492537878787879,0.6489141414141409
4,2,3,as&ovl&tzi|mrg,1,1,52.87777777777778,2.46,49.596669996669995,45.33333333333333,2.513333333333333,276,-2.3111111111111113,-5.643194444444443,1.0354629629629628,-0.09,-7.95873015873016,-11.639156445406446,-4.301699735449736,-3.2212121212121207,-7.3864898989898995,0.795601851851851
5,2,4,as&cnf&ovl&tzi|mrg,1,1,52.87777777777778,2.48,49.596669996669995,45.33333333333333,2.513333333333333,276,-2.3111111111111113,-5.643194444444443,1.0354629629629628,-0.09,-7.95873015873016,-11.639156445406446,-4.301699735449736,-3.2212121212121207,-7.3864898989898995,0.795601851851851
2,2,1,as|cnf,0,1,44.94920634920636,2.05,49.57942612942613,45.666666666666664,2.04,300,-2.3283549783549784,-4.906787518037517,-0.17118506493506552,-0.5633333333333334,-7.9759740259740255,-11.312967171717172,-4.357931096681097,-3.238455988455989,-6.72035533910534,0.25767496392496375
3,2,2,as&tzi|cnf,0,1,44.94920634920636,2.05,49.57942612942613,45.666666666666664,2.0433333333333334,300,-2.3283549783549784,-4.906787518037517,-0.17118506493506552,-0.56,-7.9759740259740255,-11.312967171717172,-4.357931096681097,-3.238455988455989,-6.72035533910534,0.25767496392496375
3,2,2,as&gap|cnf,0,1,44.94920634920636,2.05,49.57942612942613,45.666666666666664,2.0433333333333334,300,-2.3283549783549784,-4.906787518037517,-0.17118506493506552,-0.56,-7.9759740259740255,-11.312967171717172,-4.357931096681097,-3.238455988455989,-6.72035533910534,0.25767496392496375
4,2,3,as&gap&tzi|cnf,0,1,44.94920634920636,2.05,49.57942612942613,45.666666666666664,2.0433333333333334,300,-2.3283549783549784,-4.906787518037517,-0.17118506493506552,-0.56,-7.9759740259740255,-11.312967171717172,-4.357931096681097,-3.238455988455989,-6.72035533910534,0.25767496392496375
3,2,2,as&ovl|cnf,0,1,44.94920634920636,2.07,49.57942612942613,45.666666666666664,2.0533333333333332,300,-2.3283549783549784,-4.906787518037517,-0.17118506493506552,-0.55,-7.9759740259740255,-11.312967171717172,-4.357931096681097,-3.238455988455989,-6.72035533910534,0.25767496392496375
1,1,1,cnf,0,0,44.94920634920636,2.08,49.57942612942613,45.666666666666664,2.0566666666666666,300,-2.3283549783549784,-4.906787518037517,-0.17118506493506552,-0.5466666666666666,-7.9759740259740255,-11.312967171717172,-4.357931096681097,-3.238455988455989,-6.72035533910534,0.25767496392496375
3,2,2,as&mrg|cnf,1,1,44.94920634920636,2.08,49.57942612942613,45.666666666666664,2.0566666666666666,300,-2.3283549783549784,-4.906787518037517,-0.17118506493506552,-0.5466666666666666,-7.9759740259740255,-11.312967171717172,-4.357931096681097,-3.238455988455989,-6.72035533910534,0.25767496392496375
4,2,3,as&mrg&ovl|cnf,1,1,44.94920634920636,2.08,49.57942612942613,45.666666666666664,2.0566666666666666,300,-2.3283549783549784,-4.906787518037517,-0.17118506493506552,-0.5466666666666666,-7.9759740259740255,-11.312967171717172,-4.357931096681097,-3.238455988455989,-6.72035533910534,0.25767496392496375
4,2,3,as&mrg&tzi|cnf,1,1,44.94920634920636,2.08,49.57942612942613,45.666666666666664,2.0566666666666666,300,-2.3283549783549784,-4.906787518037517,-0.17118506493506552,-0.5466666666666666,-7.9759740259740255,-11.312967171717172,-4.357931096681097,-3.238455988455989,-6.72035533910534,0.25767496392496375
4,2,3,as&gap&mrg|cnf,1,1,44.94920634920636,2.08,49.57942612942613,45.666666666666664,2.0566666666666666,300,-2.3283549783549784,-4.906787518037517,-0.17118506493506552,-0.5466666666666666,-7.9759740259740255,-11.312967171717172,-4.357931096681097,-3.238455988455989,-6.72035533910534,0.25767496392496375
4,2,3,as&ovl&tzi|cnf,0,1,44.94920634920636,2.07,49.57942612942613,45.666666666666664,2.0566666666666666,300,-2.3283549783549784,-4.906787518037517,-0.17118506493506552,-0.5466666666666666,-7.9759740259740255,-11.312967171717172,-4.357931096681097,-3.238455988455989,-6.72035533910534,0.25767496392496375
4,2,3,as&gap&ovl|cnf,0,1,44.94920634920636,2.07,49.57942612942613,45.666666666666664,2.0566666666666666,300,-2.3283549783549784,-4.906787518037517,-0.17118506493506552,-0.5466666666666666,-7.9759740259740255,-11.312967171717172,-4.357931096681097,-3.238455988455989,-6.72035533910534,0.25767496392496375
5,2,4,as&mrg&ovl&tzi|cnf,1,1,44.94920634920636,2.08,49.57942612942613,45.666666666666664,2.0566666666666666,300,-2.3283549783549784,-4.906787518037517,-0.17118506493506552,-0.5466666666666666,-7.9759740259740255,-11.312967171717172,-4.357931096681097,-3.238455988455989,-6.72035533910534,0.25767496392496375
5,2,4,as&gap&mrg&ovl|cnf,1,1,44.94920634920636,2.08,49.57942612942613,45.666666666666664,2.0566666666666666,300,-2.3283549783549784,-4.906787518037517,-0.17118506493506552,-0.5466666666666666,-7.9759740259740255,-11.312967171717172,-4.357931096681097,-3.238455988455989,-6.72035533910534,0.25767496392496375
5,2,4,as&gap&mrg&tzi|cnf,1,1,44.94920634920636,2.08,49.57942612942613,45.666666666666664,2.0566666666666666,300,-2.3283549783549784,-4.906787518037517,-0.17118506493506552,-0.5466666666666666,-7.9759740259740255,-11.312967171717172,-4.357931096681097,-3.238455988455989,-6.72035533910534,0.25767496392496375
5,2,4,as&gap&ovl&tzi|cnf,0,1,44.94920634920636,2.07,49.57942612942613,45.666666666666664,2.0566666666666666,300,-2.3283549783549784,-4.906787518037517,-0.17118506493506552,-0.5466666666666666,-7.9759740259740255,-11.312967171717172,-4.357931096681097,-3.238455988455989,-6.72035533910534,0.25767496392496375
6,2,5,as&gap&mrg&ovl&tzi|cnf,1,1,44.94920634920636,2.08,49.57942612942613,45.666666666666664,2.0566666666666666,300,-2.3283549783549784,-4.906787518037517,-0.17118506493506552,-0.5466666666666666,-7.9759740259740255,-11.312967171717172,-4.357931096681097,-3.238455988455989,-6.72035533910534,0.25767496392496375
5,3,2,cnf&gap|mrg&tzi|ovl,1,0,48.349206349206355,2.02,49.44609279609279,46.0,2.026666666666667,288,-2.4616883116883117,-5.405178571428572,0.528451178451178,-0.5766666666666667,-8.109307359307358,-12.010061928811927,-4.373851611351613,-3.3717893217893216,-7.207561928811929,0.45799362674362676
3,2,2,gap&ovl|mrg,1,0,55.84920634920636,2.39,49.37545787545787,45.33333333333333,2.3566666666666665,282,-2.5323232323232325,-6.33878367003367,0.9622222222222212,-0.24666666666666667,-8.17994227994228,-11.921362433862434,-4.462608225108225,-3.442424242424242,-7.6958712121212125,0.3359974747474744
4,2,3,cnf&gap&ovl|mrg,1,0,55.84920634920636,2.42,49.37545787545787,45.33333333333333,2.3933333333333335,279,-2.5323232323232325,-6.33878367003367,0.9622222222222212,-0.21,-8.17994227994228,-11.921362433862434,-4.462608225108225,-3.442424242424242,-7.6958712121212125,0.3359974747474744
4,2,3,gap&ovl&tzi|mrg,1,0,54.849206349206355,2.42,49.37545787545787,45.33333333333333,2.4066666666666667,280,-2.5323232323232325,-6.33878367003367,0.9622222222222212,-0.19666666666666666,-8.17994227994228,-11.921362433862434,-4.462608225108225,-3.442424242424242,-7.6958712121212125,0.3359974747474744
5,2,4,cnf&gap&ovl&tzi|mrg,1,0,54.849206349206355,2.45,49.37545787545787,45.33333333333333,2.4433333333333334,277,-2.5323232323232325,-6.33878367003367,0.9622222222222212,-0.16,-8.17994227994228,-11.921362433862434,-4.462608225108225,-3.442424242424242,-7.6958712121212125,0.3359974747474744
3,2,2,as|mrg&tzi,1,1,46.044444444444444,2.11,49.33000333000332,45.666666666666664,2.243333333333333,295,-2.577777777777778,-4.485185185185185,-0.802685185185186,-0.36,-8.225396825396825,-11.936359427609428,-4.3020364357864365,-3.4878787878787882,-6.773434343434342,-0.03682659932659925
4,2,2,as&cnf|mrg&tzi,1,1,46.044444444444444,2.13,49.33000333000332,45.666666666666664,2.263333333333333,295,-2.577777777777778,-4.485185185185185,-0.802685185185186,-0.34,-8.225396825396825,-11.936359427609428,-4.3020364357864365,-3.4878787878787882,-6.773434343434342,-0.03682659932659925
6,4,2,as|cnf&tzi|gap&mrg|ovl,1,1,45.94920634920636,1.84,49.31275946275946,45.33333333333333,1.89,300,-2.5950216450216446,-5.17939393939394,-0.006313131313131775,-0.7133333333333334,-8.242640692640691,-11.931953463203465,-4.219676527176527,-3.505122655122655,-7.184618807118808,0.2319763107263106
5,3,2,as|cnf&tzi|gap&mrg,1,1,45.61587301587302,1.97,49.1976800976801,45.33333333333333,2.1033333333333335,298,-2.7101010101010097,-5.0668265993266,-0.3693350168350166,-0.5,-8.357720057720057,-12.157541486291485,-4.344843674843675,-3.62020202020202,-7.058232323232323,-0.17536195286195325
5,3,2,as|gap&ovl|mrg&tzi,1,1,46.01587301587302,2.02,49.06333666333666,45.666666666666664,2.1033333333333335,298,-2.844444444444444,-5.118703703703704,-0.8590740740740741,-0.5,-8.49206349206349,-12.163194444444446,-4.747679172679172,-3.754545454545455,-7.301868686868687,-0.22808922558922606
6,3,2,as&cnf|gap&ovl|mrg&tzi,1,1,46.01587301587302,2.02,49.06333666333666,45.666666666666664,2.11,298,-2.844444444444444,-5.118703703703704,-0.8590740740740741,-0.49333333333333335,-8.49206349206349,-12.163194444444446,-4.747679172679172,-3.754545454545455,-7.301868686868687,-0.22808922558922606
6,3,3,as|cnf&gap&ovl|mrg&tzi,1,1,46.01587301587302,2.03,49.06333666333666,45.666666666666664,2.1266666666666665,298,-2.844444444444444,-5.118703703703704,-0.8590740740740741,-0.4766666666666667,-8.49206349206349,-12.163194444444446,-4.747679172679172,-3.754545454545455,-7.301868686868687,-0.22808922558922606
4,3,2,as|mrg&tzi|ovl,1,1,46.349206349206355,1.88,49.00164835164835,45.33333333333333,1.9,300,-2.906132756132756,-5.600670995670996,-0.5399945887445893,-0.7033333333333334,-8.553751803751803,-12.380092592592591,-4.7653258778258785,-3.816233766233766,-7.6097721260221265,-0.10261964886964904
5,3,2,as&cnf|mrg&tzi|ovl,1,1,46.349206349206355,1.88,49.00164835164835,45.33333333333333,1.9033333333333333,300,-2.906132756132756,-5.600670995670996,-0.5399945887445893,-0.7,-8.553751803751803,-12.380092592592591,-4.7653258778258785,-3.816233766233766,-7.6097721260221265,-0.10261964886964904
5,3,2,as|cnf&ovl|mrg&tzi,1,1,45.349206349206355,1.92,49.00164835164835,45.33333333333333,1.93,300,-2.906132756132756,-5.600670995670996,-0.5399945887445893,-0.6733333333333333,-8.553751803751803,-12.380092592592591,-4.7653258778258785,-3.816233766233766,-7.6097721260221265,-0.10261964886964904
3,2,2,as&tzi|mrg,1,1,48.37777777777778,2.27,48.93000333000333,44.666666666666664,2.36,284,-2.977777777777778,-6.113518518518519,0.2427777777777778,-0.24333333333333335,-8.625396825396825,-12.527035834535832,-4.55519660894661,-3.8878787878787873,-7.9828409090909105,0.055580808080808154
4,2,3,as&cnf&tzi|mrg,1,1,48.37777777777778,2.29,48.93000333000333,44.666666666666664,2.3733333333333335,284,-2.977777777777778,-6.113518518518519,0.2427777777777778,-0.23,-8.625396825396825,-12.527035834535832,-4.55519660894661,-3.8878787878787873,-7.9828409090909105,0.055580808080808154
5,3,2,as&gap|mrg|ovl&tzi,1,1,51.349206349206355,2.18,48.819902319902326,44.666666666666664,2.1733333333333333,289,-3.087878787878788,-6.377739898989898,0.10188973063972989,-0.43,-8.735497835497837,-12.64832792207792,-4.88628306878307,-3.9979797979797977,-8.341056397306398,-0.07568602693602693
6,3,3,as&cnf&gap|mrg|ovl&tzi,1,1,51.349206349206355,2.18,48.819902319902326,44.666666666666664,2.1733333333333333,289,-3.087878787878788,-6.377739898989898,0.10188973063972989,-0.43,-8.735497835497837,-12.64832792207792,-4.88628306878307,-3.9979797979797977,-8.341056397306398,-0.07568602693602693
6,3,3,as&gap|cnf&ovl&tzi|mrg,1,1,51.349206349206355,2.19,48.819902319902326,44.666666666666664,2.1966666666666668,289,-3.087878787878788,-6.377739898989898,0.10188973063972989,-0.4066666666666667,-8.735497835497837,-12.64832792207792,-4.88628306878307,-3.9979797979797977,-8.341056397306398,-0.07568602693602693
3,2,2,mrg|ovl&tzi,1,0,52.849206349206355,2.32,48.819902319902326,44.666666666666664,2.31,285,-3.087878787878788,-6.882436868686868,0.3403745791245779,-0.29333333333333333,-8.735497835497833,-12.538459595959598,-4.983032106782108,-3.9979797979797977,-8.219566498316498,-0.1489646464646477
4,2,3,cnf&ovl&tzi|mrg,1,0,52.849206349206355,2.35,48.819902319902326,44.666666666666664,2.3466666666666667,282,-3.087878787878788,-6.882436868686868,0.3403745791245779,-0.25666666666666665,-8.735497835497833,-12.538459595959598,-4.983032106782108,-3.9979797979797977,-8.219566498316498,-0.1489646464646477
3,2,2,as&ovl|mrg,1,1,49.87777777777778,2.22,48.818892218892216,44.666666666666664,2.27,285,-3.0888888888888895,-6.048333333333334,-0.08120370370370389,-0.3333333333333333,-8.736507936507937,-12.383663419913418,-4.941151394901396,-3.9989898989898984,-7.707508417508419,-0.2413636363636371
4,2,3,as&cnf&ovl|mrg,1,1,49.87777777777778,2.24,48.818892218892216,44.666666666666664,2.2733333333333334,285,-3.0888888888888895,-6.048333333333334,-0.08120370370370389,-0.33,-8.736507936507937,-12.383663419913418,-4.941151394901396,-3.9989898989898984,-7.707508417508419,-0.2413636363636371
5,3,2,as&tzi|gap&ovl|mrg,1,1,49.349206349206355,2.16,48.66333666333666,44.666666666666664,2.19,289,-3.244444444444445,-6.520694444444443,-0.01972222222222274,-0.41333333333333333,-8.892063492063492,-12.857824074074072,-5.042848725348727,-4.154545454545454,-8.49539983164983,-0.18025673400673417
6,3,3,as&cnf&tzi|gap&ovl|mrg,1,1,49.349206349206355,2.16,48.66333666333666,44.666666666666664,2.19,289,-3.244444444444445,-6.520694444444443,-0.01972222222222274,-0.41333333333333333,-8.892063492063492,-12.857824074074072,-5.042848725348727,-4.154545454545454,-8.49539983164983,-0.18025673400673417
6,3,3,as&tzi|cnf&gap&ovl|mrg,1,1,49.349206349206355,2.17,48.66333666333666,44.666666666666664,2.2133333333333334,289,-3.244444444444445,-6.520694444444443,-0.01972222222222274,-0.39,-8.892063492063492,-12.857824074074072,-5.042848725348727,-4.154545454545454,-8.49539983164983,-0.18025673400673417
4,3,2,cnf|gap&mrg|ovl,1,0,45.94920634920636,1.79,48.646092796092795,44.666666666666664,1.84,300,-3.2616883116883115,-5.828225108225108,-0.7217219817219818,-0.7633333333333333,-8.909307359307359,-12.69943241943242,-4.880877224627225,-4.171789321789322,-7.969685545935546,-0.3987037037037045
5,4,2,as|cnf|gap&mrg|ovl,1,1,45.94920634920636,1.79,48.646092796092795,44.666666666666664,1.84,300,-3.2616883116883115,-5.828225108225108,-0.7217219817219818,-0.7633333333333333,-8.909307359307359,-12.69943241943242,-4.880877224627225,-4.171789321789322,-7.969685545935546,-0.3987037037037045
6,4,2,as&tzi|cnf|gap&mrg|ovl,1,1,45.94920634920636,1.79,48.646092796092795,44.666666666666664,1.84,300,-3.2616883116883115,-5.828225108225108,-0.7217219817219818,-0.7633333333333333,-8.909307359307359,-12.69943241943242,-4.880877224627225,-4.171789321789322,-7.969685545935546,-0.3987037037037045
6,4,2,as|cnf|gap&mrg|ovl&tzi,1,1,44.94920634920636,1.81,48.646092796092795,44.666666666666664,1.8433333333333333,300,-3.2616883116883115,-5.828225108225108,-0.7217219817219818,-0.76,-8.909307359307359,-12.69943241943242,-4.880877224627225,-4.171789321789322,-7.969685545935546,-0.3987037037037045
5,3,2,cnf|gap&mrg|ovl&tzi,1,0,44.94920634920636,1.81,48.646092796092795,44.666666666666664,1.8466666666666667,300,-3.2616883116883115,-5.828225108225108,-0.7217219817219818,-0.7566666666666667,-8.909307359307359,-12.69943241943242,-4.880877224627225,-4.171789321789322,-7.969685545935546,-0.3987037037037045
2,1,2,gap&tzi,0,0,51.11111111111111,3.2,48.52466422466423,44.0,2.986666666666667,151,-3.383116883116883,-7.938624338624339,1.0580940355940345,0.38333333333333336,-9.030735930735933,-13.404712000962002,-4.240333092833094,-4.293217893217893,-9.072601010101009,0.3481307118807113
3,2,2,cnf&gap|mrg,1,0,52.94920634920636,2.27,48.48656898656898,44.666666666666664,2.26,284,-3.4212121212121214,-7.015206228956229,-0.02741582491582565,-0.3433333333333333,-9.068831168831167,-13.140577200577203,-5.144439033189034,-4.331313131313131,-8.523295454545455,-0.32143097643097707
4,2,3,cnf&gap&tzi|mrg,1,0,51.94920634920636,2.3,48.48656898656898,44.666666666666664,2.33,282,-3.4212121212121214,-7.015206228956229,-0.02741582491582565,-0.2733333333333333,-9.068831168831167,-13.140577200577203,-5.144439033189034,-4.331313131313131,-8.523295454545455,-0.32143097643097707
5,3,3,cnf|gap&mrg&tzi|ovl,1,0,45.94920634920636,1.83,48.44609279609279,44.666666666666664,1.8533333333333333,300,-3.4616883116883117,-6.058387445887446,-0.9543704906204905,-0.75,-9.109307359307358,-12.797766354016352,-5.0841089466089455,-4.371789321789322,-8.16428391053391,-0.5599218374218385
6,4,3,as|cnf|gap&mrg&tzi|ovl,1,1,45.94920634920636,1.83,48.44609279609279,44.666666666666664,1.8533333333333333,300,-3.4616883116883117,-6.058387445887446,-0.9543704906204905,-0.75,-9.109307359307358,-12.797766354016352,-5.0841089466089455,-4.371789321789322,-8.16428391053391,-0.5599218374218385
6,4,2,as|cnf&gap|mrg&tzi|ovl,1,1,45.94920634920636,1.86,48.44609279609279,45.0,1.87,300,-3.4616883116883117,-6.343454184704184,-0.8709175084175094,-0.7333333333333333,-9.109307359307358,-12.947534872534874,-5.260651154401154,-4.371789321789322,-8.21856661856662,-0.5235485810485812
4,3,2,as|cnf|gap&mrg,1,1,44.94920634920636,1.82,48.31275946275946,44.333333333333336,1.86,300,-3.5950216450216446,-6.260887445887445,-0.9089057239057242,-0.7433333333333333,-9.242640692640691,-13.056183862433862,-5.127719456469458,-4.505122655122655,-8.063635762385763,-0.9014832852332866
5,3,2,as&tzi|cnf|gap&mrg,1,1,44.94920634920636,1.82,48.31275946275946,44.333333333333336,1.8633333333333333,300,-3.5950216450216446,-6.260887445887445,-0.9089057239057242,-0.74,-9.242640692640691,-13.056183862433862,-5.127719456469458,-4.505122655122655,-8.063635762385763,-0.9014832852332866
5,3,2,as&ovl|cnf|gap&mrg,1,1,44.94920634920636,1.82,48.31275946275946,44.333333333333336,1.8733333333333333,300,-3.5950216450216446,-6.260887445887445,-0.9089057239057242,-0.73,-9.242640692640691,-13.056183862433862,-5.127719456469458,-4.505122655122655,-8.063635762385763,-0.9014832852332866
3,2,2,cnf|gap&mrg,1,0,44.94920634920636,1.83,48.31275946275946,44.333333333333336,1.8766666666666667,300,-3.5950216450216446,-6.260887445887445,-0.9089057239057242,-0.7266666666666667,-9.242640692640691,-13.056183862433862,-5.127719456469458,-4.505122655122655,-8.063635762385763,-0.9014832852332866
6,3,3,as&ovl&tzi|cnf|gap&mrg,1,1,44.94920634920636,1.82,48.31275946275946,44.333333333333336,1.8766666666666667,300,-3.5950216450216446,-6.260887445887445,-0.9089057239057242,-0.7266666666666667,-9.242640692640691,-13.056183862433862,-5.127719456469458,-4.505122655122655,-8.063635762385763,-0.9014832852332866
4,2,3,cnf&mrg&tzi|gap,1,0,51.11111111111111,2.78,48.280219780219774,43.666666666666664,2.6333333333333333,187,-3.6275613275613274,-8.253243746993746,0.8267989417989415,0.03,-9.275180375180375,-13.789306758056755,-4.5209475709475715,-4.537662337662337,-9.27821127946128,0.37806156806156804
4,2,3,as&mrg&tzi|gap,1,1,51.11111111111111,2.83,48.280219780219774,43.666666666666664,2.65,186,-3.6275613275613274,-8.253243746993746,0.8267989417989415,0.04666666666666667,-9.275180375180375,-13.789306758056755,-4.5209475709475715,-4.537662337662337,-9.27821127946128,0.37806156806156804
5,2,4,as&cnf&mrg&tzi|gap,1,1,51.11111111111111,2.83,48.280219780219774,43.666666666666664,2.65,186,-3.6275613275613274,-8.253243746993746,0.8267989417989415,0.04666666666666667,-9.275180375180375,-13.789306758056755,-4.5209475709475715,-4.537662337662337,-9.27821127946128,0.37806156806156804
4,2,3,gap|mrg&ovl&tzi,1,0,51.11111111111111,2.81,48.280219780219774,43.666666666666664,2.6633333333333336,180,-3.6275613275613274,-8.253243746993746,0.8267989417989415,0.06,-9.275180375180375,-13.789306758056755,-4.5209475709475715,-4.537662337662337,-9.27821127946128,0.37806156806156804
5,2,4,cnf&mrg&ovl&tzi|gap,1,0,51.11111111111111,2.81,48.280219780219774,43.666666666666664,2.6633333333333336,180,-3.6275613275613274,-8.253243746993746,0.8267989417989415,0.06,-9.275180375180375,-13.789306758056755,-4.5209475709475715,-4.537662337662337,-9.27821127946128,0.37806156806156804
5,2,4,as&mrg&ovl&tzi|gap,1,1,51.11111111111111,2.89,48.280219780219774,43.666666666666664,2.6866666666666665,179,-3.6275613275613274,-8.253243746993746,0.8267989417989415,0.08333333333333333,-9.275180375180375,-13.789306758056755,-4.5209475709475715,-4.537662337662337,-9.27821127946128,0.37806156806156804
6,2,5,as&cnf&mrg&ovl&tzi|gap,1,1,51.11111111111111,2.89,48.280219780219774,43.666666666666664,2.6866666666666665,179,-3.6275613275613274,-8.253243746993746,0.8267989417989415,0.08333333333333333,-9.275180375180375,-13.789306758056755,-4.5209475709475715,-4.537662337662337,-9.27821127946128,0.37806156806156804
1,1,1,gap,0,0,51.11111111111111,2.96,48.280219780219774,43.666666666666664,2.7866666666666666,166,-3.6275613275613274,-8.253243746993746,0.8267989417989415,0.18333333333333332,-9.275180375180375,-13.789306758056755,-4.5209475709475715,-4.537662337662337,-9.27821127946128,0.37806156806156804
5,3,2,cnf&gap|mrg|ovl&tzi,1,0,50.94920634920636,2.15,48.26434676434677,44.333333333333336,2.1333333333333333,289,-3.6434343434343432,-7.153796296296296,-0.3596759259259273,-0.47,-9.291053391053392,-13.255081168831168,-5.404353054353055,-4.553535353535353,-8.93928872053872,-0.555252525252525
5,3,2,cnf&tzi|gap&ovl|mrg,1,0,48.94920634920636,2.11,48.26434676434677,44.333333333333336,2.1433333333333335,289,-3.6434343434343432,-7.153796296296296,-0.3596759259259273,-0.46,-9.291053391053392,-13.255081168831168,-5.404353054353055,-4.553535353535353,-8.93928872053872,-0.555252525252525
5,3,2,as|cnf&gap|mrg&tzi,1,1,45.61587301587302,2.01,48.17444777444777,45.0,2.09,298,-3.733333333333333,-6.215277777777779,-1.4064814814814823,-0.5133333333333333,-9.38095238095238,-13.38501082251082,-5.438410894660895,-4.643434343434343,-8.170311447811446,-1.0661952861952855
5,3,3,as|cnf|gap&mrg&tzi,1,1,44.94920634920636,1.86,48.11275946275946,44.333333333333336,1.8733333333333333,300,-3.7950216450216447,-6.478314694564695,-1.1632858345358343,-0.73,-9.44264069264069,-13.229975348725349,-5.369988576238578,-4.705122655122655,-8.376649831649832,-1.0748791486291496
6,3,3,as&ovl|cnf|gap&mrg&tzi,1,1,44.94920634920636,1.86,48.11275946275946,44.333333333333336,1.8866666666666667,300,-3.7950216450216447,-6.478314694564695,-1.1632858345358343,-0.7166666666666667,-9.44264069264069,-13.229975348725349,-5.369988576238578,-4.705122655122655,-8.376649831649832,-1.0748791486291496
4,2,3,cnf|gap&mrg&tzi,1,0,44.94920634920636,1.87,48.11275946275946,44.333333333333336,1.89,300,-3.7950216450216447,-6.478314694564695,-1.1632858345358343,-0.7133333333333334,-9.44264069264069,-13.229975348725349,-5.369988576238578,-4.705122655122655,-8.376649831649832,-1.0748791486291496
5,3,2,as&gap|cnf&tzi|mrg,1,1,48.94920634920636,2.13,47.93101343101343,44.0,2.16,289,-3.9767676767676763,-7.547138047138047,-0.584882154882155,-0.44333333333333336,-9.624386724386724,-13.683962842712843,-5.565272366522366,-4.886868686868687,-8.994549663299663,-0.8979124579124581
6,3,3,as&gap&ovl|cnf&tzi|mrg,1,1,48.94920634920636,2.13,47.93101343101343,44.0,2.1933333333333334,288,-3.9767676767676763,-7.547138047138047,-0.584882154882155,-0.41,-9.624386724386724,-13.683962842712843,-5.565272366522366,-4.886868686868687,-8.994549663299663,-0.8979124579124581
3,2,2,cnf&tzi|mrg,1,0,47.94920634920636,2.16,47.93101343101343,44.0,2.223333333333333,287,-3.9767676767676763,-7.547138047138047,-0.584882154882155,-0.38,-9.624386724386724,-13.683962842712843,-5.565272366522366,-4.886868686868687,-8.994549663299663,-0.8979124579124581
5,2,3,as&mrg&ovl|gap&tzi,1,1,50.44444444444445,2.64,47.80244200244201,43.666666666666664,2.5366666666666666,229,-4.105339105339105,-8.612410413660413,0.047513227513224364,-0.06666666666666667,-9.752958152958154,-14.077540283790285,-5.227614838864839,-5.015440115440114,-9.627575156325156,-0.5193187830687838
6,2,4,as&cnf&mrg&ovl|gap&tzi,1,1,50.44444444444445,2.64,47.80244200244201,43.666666666666664,2.5366666666666666,229,-4.105339105339105,-8.612410413660413,0.047513227513224364,-0.06666666666666667,-9.752958152958154,-14.077540283790285,-5.227614838864839,-5.015440115440114,-9.627575156325156,-0.5193187830687838
4,3,2,cnf|mrg&tzi|ovl,1,0,45.94920634920636,1.81,47.77942612942613,44.333333333333336,1.82,300,-4.128354978354978,-6.994789562289562,-1.443204064454065,-0.7833333333333333,-9.775974025974026,-13.686616161616163,-5.7499549062049065,-5.038455988455989,-9.004750481000482,-1.175128066378067
5,4,2,as|cnf|mrg&tzi|ovl,1,1,45.94920634920636,1.81,47.77942612942613,44.333333333333336,1.82,300,-4.128354978354978,-6.994789562289562,-1.443204064454065,-0.7833333333333333,-9.775974025974026,-13.686616161616163,-5.7499549062049065,-5.038455988455989,-9.004750481000482,-1.175128066378067
6,4,2,as&gap|cnf|mrg&tzi|ovl,1,1,45.94920634920636,1.81,47.77942612942613,44.333333333333336,1.82,300,-4.128354978354978,-6.994789562289562,-1.443204064454065,-0.7833333333333333,-9.775974025974026,-13.686616161616163,-5.7499549062049065,-5.038455988455989,-9.004750481000482,-1.175128066378067
6,4,2,as|cnf|gap&ovl|mrg&tzi,1,1,44.94920634920636,1.83,47.77942612942613,44.333333333333336,1.8233333333333333,300,-4.128354978354978,-6.994789562289562,-1.443204064454065,-0.78,-9.775974025974026,-13.686616161616163,-5.7499549062049065,-5.038455988455989,-9.004750481000482,-1.175128066378067
5,3,2,cnf|gap&ovl|mrg&tzi,1,0,44.94920634920636,1.83,47.77942612942613,44.333333333333336,1.8266666666666667,300,-4.128354978354978,-6.994789562289562,-1.443204064454065,-0.7766666666666666,-9.775974025974026,-13.686616161616163,-5.7499549062049065,-5.038455988455989,-9.004750481000482,-1.175128066378067
5,3,2,as&tzi|cnf&gap|mrg,1,1,48.94920634920636,2.15,47.77444777444778,44.0,2.1666666666666665,289,-4.133333333333333,-7.672731481481482,-0.784675925925928,-0.43666666666666665,-9.78095238095238,-13.840321067821066,-5.674807599807599,-5.043434343434343,-9.144877946127945,-1.0448695286195289
6,3,3,as&ovl&tzi|cnf&gap|mrg,1,1,50.94920634920636,2.21,47.77444777444778,44.0,2.1933333333333334,288,-4.133333333333333,-7.672731481481482,-0.784675925925928,-0.41,-9.78095238095238,-13.840321067821066,-5.674807599807599,-5.043434343434343,-9.144877946127945,-1.0448695286195289
3,2,2,cnf&tzi|gap,0,0,47.11111111111111,2.63,47.724664224664224,43.0,2.526666666666667,192,-4.183116883116883,-8.708752405002405,0.25117604617604455,-0.07666666666666666,-9.830735930735932,-14.231117724867726,-5.129610990860991,-5.093217893217893,-9.702920875420872,-0.31106301106301176
3,2,2,gap|ovl&tzi,0,0,49.11111111111111,2.7,47.724664224664224,43.0,2.5633333333333335,190,-4.183116883116883,-8.708752405002405,0.25117604617604455,-0.04,-9.830735930735932,-14.231117724867726,-5.129610990860991,-5.093217893217893,-9.702920875420872,-0.31106301106301176
4,2,3,cnf&ovl&tzi|gap,0,0,49.11111111111111,2.7,47.724664224664224,43.0,2.5633333333333335,190,-4.183116883116883,-8.708752405002405,0.25117604617604455,-0.04,-9.830735930735932,-14.231117724867726,-5.129610990860991,-5.093217893217893,-9.702920875420872,-0.31106301106301176
4,2,3,as&mrg&ovl|gap,1,1,50.44444444444445,2.51,47.669108669108674,43.333333333333336,2.3666666666666667,238,-4.238672438672438,-8.928685064935065,0.07146705146705133,-0.23666666666666666,-9.886291486291485,-14.283647186147183,-5.23508116883117,-5.148773448773449,-9.755576599326599,-0.3963311688311687
5,2,4,as&cnf&mrg&ovl|gap,1,1,50.44444444444445,2.51,47.669108669108674,43.333333333333336,2.3666666666666667,238,-4.238672438672438,-8.928685064935065,0.07146705146705133,-0.23666666666666666,-9.886291486291485,-14.283647186147183,-5.23508116883117,-5.148773448773449,-9.755576599326599,-0.3963311688311687
3,2,2,gap|mrg&tzi,1,0,51.11111111111111,2.75,47.61355311355311,43.333333333333336,2.6,187,-4.2942279942279935,-9.082136844636844,0.27208934583934435,-0.0033333333333333335,-9.941847041847042,-14.588170394420393,-5.111985930735931,-5.204329004329004,-10.029532227032226,-0.11896043771043789
4,2,2,gap&tzi|mrg&ovl,1,0,50.44444444444445,2.5,47.58021978021979,43.666666666666664,2.3866666666666667,239,-4.327561327561328,-8.85357263107263,-0.12557178932178903,-0.21666666666666667,-9.975180375180374,-14.273766233766233,-5.263241341991343,-5.237662337662337,-9.841523569023568,-0.7598599086099099
5,2,3,cnf&mrg&ovl|gap&tzi,1,0,50.44444444444445,2.5,47.58021978021979,43.666666666666664,2.3866666666666667,239,-4.327561327561328,-8.85357263107263,-0.12557178932178903,-0.21666666666666667,-9.975180375180374,-14.273766233766233,-5.263241341991343,-5.237662337662337,-9.841523569023568,-0.7598599086099099
3,2,2,as&tzi|gap,0,1,47.11111111111111,2.69,47.56809856809856,43.0,2.57,191,-4.33968253968254,-8.830271164021164,0.13715608465608495,-0.03333333333333333,-9.987301587301587,-14.387169913419912,-5.20004268879269,-5.249783549783549,-9.94228415103415,-0.38027176527176587
4,2,3,as&cnf&tzi|gap,0,1,47.11111111111111,2.69,47.56809856809856,43.0,2.57,191,-4.33968253968254,-8.830271164021164,0.13715608465608495,-0.03333333333333333,-9.987301587301587,-14.387169913419912,-5.20004268879269,-5.249783549783549,-9.94228415103415,-0.38027176527176587
4,2,3,as&ovl&tzi|gap,0,1,49.11111111111111,2.82,47.56809856809856,43.0,2.6166666666666667,187,-4.33968253968254,-8.830271164021164,0.13715608465608495,0.013333333333333334,-9.987301587301587,-14.387169913419912,-5.20004268879269,-5.249783549783549,-9.94228415103415,-0.38027176527176587
5,2,4,as&cnf&ovl&tzi|gap,0,1,49.11111111111111,2.82,47.56809856809856,43.0,2.6166666666666667,187,-4.33968253968254,-8.830271164021164,0.13715608465608495,0.013333333333333334,-9.987301587301587,-14.387169913419912,-5.20004268879269,-5.249783549783549,-9.94228415103415,-0.38027176527176587
4,3,2,as&gap|mrg|ovl,1,1,47.349206349206355,1.82,47.49053724053724,43.333333333333336,1.8166666666666667,300,-4.417243867243867,-7.42564935064935,-1.3655675805675804,-0.7866666666666666,-10.064862914862916,-14.251449013949014,-6.021759860509862,-5.327344877344878,-9.343392255892255,-1.3104599567099569
5,3,3,as&cnf&gap|mrg|ovl,1,1,47.349206349206355,1.82,47.49053724053724,43.333333333333336,1.8166666666666667,300,-4.417243867243867,-7.42564935064935,-1.3655675805675804,-0.7866666666666666,-10.064862914862916,-14.251449013949014,-6.021759860509862,-5.327344877344878,-9.343392255892255,-1.3104599567099569
4,3,2,as&tzi|mrg|ovl,1,1,45.349206349206355,1.78,47.49053724053724,43.333333333333336,1.8266666666666667,300,-4.417243867243867,-7.42564935064935,-1.3655675805675804,-0.7766666666666666,-10.064862914862916,-14.251449013949014,-6.021759860509862,-5.327344877344878,-9.343392255892255,-1.3104599567099569
5,3,3,as&cnf&tzi|mrg|ovl,1,1,45.349206349206355,1.78,47.49053724053724,43.333333333333336,1.8266666666666667,300,-4.417243867243867,-7.42564935064935,-1.3655675805675804,-0.7766666666666666,-10.064862914862916,-14.251449013949014,-6.021759860509862,-5.327344877344878,-9.343392255892255,-1.3104599567099569
5,3,3,as&gap&tzi|mrg|ovl,1,1,47.349206349206355,1.82,47.49053724053724,43.333333333333336,1.8333333333333333,300,-4.417243867243867,-7.42564935064935,-1.3655675805675804,-0.77,-10.064862914862916,-14.251449013949014,-6.021759860509862,-5.327344877344878,-9.343392255892255,-1.3104599567099569
6,3,4,as&cnf&gap&tzi|mrg|ovl,1,1,47.349206349206355,1.82,47.49053724053724,43.333333333333336,1.8333333333333333,300,-4.417243867243867,-7.42564935064935,-1.3655675805675804,-0.77,-10.064862914862916,-14.251449013949014,-6.021759860509862,-5.327344877344878,-9.343392255892255,-1.3104599567099569
5,3,2,as&gap|cnf&ovl|mrg,1,1,46.349206349206355,1.86,47.49053724053724,43.333333333333336,1.85,300,-4.417243867243867,-7.42564935064935,-1.3655675805675804,-0.7533333333333333,-10.064862914862916,-14.251449013949014,-6.021759860509862,-5.327344877344878,-9.343392255892255,-1.3104599567099569
5,3,2,as&tzi|cnf&ovl|mrg,1,1,44.349206349206355,1.82,47.49053724053724,43.333333333333336,1.86,300,-4.417243867243867,-7.42564935064935,-1.3655675805675804,-0.7433333333333333,-10.064862914862916,-14.251449013949014,-6.021759860509862,-5.327344877344878,-9.343392255892255,-1.3104599567099569
6,3,3,as&gap&tzi|cnf&ovl|mrg,1,1,46.349206349206355,1.86,47.49053724053724,43.333333333333336,1.8666666666666667,300,-4.417243867243867,-7.42564935064935,-1.3655675805675804,-0.7366666666666667,-10.064862914862916,-14.251449013949014,-6.021759860509862,-5.327344877344878,-9.343392255892255,-1.3104599567099569
2,2,1,mrg|ovl,1,0,49.849206349206355,1.94,47.49053724053724,43.333333333333336,1.92,298,-4.417243867243867,-7.818697089947091,-1.2255501443001446,-0.6833333333333333,-10.064862914862916,-14.081622174122174,-6.162403198653199,-5.327344877344877,-9.462254088504087,-1.5665806878306883
3,2,2,cnf&ovl|mrg,1,0,48.849206349206355,2.0,47.49053724053724,43.333333333333336,1.9666666666666666,295,-4.417243867243867,-7.818697089947091,-1.2255501443001446,-0.6366666666666667,-10.064862914862916,-14.081622174122174,-6.162403198653199,-5.327344877344877,-9.462254088504087,-1.5665806878306883
2,2,1,as|mrg,1,1,45.37777777777778,1.92,47.48555888555888,43.333333333333336,2.026666666666667,295,-4.4222222222222225,-6.949259259259259,-2.1222222222222222,-0.5766666666666667,-10.06984126984127,-14.016652837902837,-5.9203523328523335,-5.332323232323232,-8.899452861952861,-1.7110858585858586
3,2,2,as&cnf|mrg,1,1,45.37777777777778,1.94,47.48555888555888,43.333333333333336,2.046666666666667,295,-4.4222222222222225,-6.949259259259259,-2.1222222222222222,-0.5566666666666666,-10.06984126984127,-14.016652837902837,-5.9203523328523335,-5.332323232323232,-8.899452861952861,-1.7110858585858586
3,2,2,gap|mrg&ovl,1,0,50.44444444444445,2.37,47.446886446886445,43.333333333333336,2.223333333333333,247,-4.4608946608946605,-9.083189634439634,-0.21936628186628288,-0.38,-10.10851370851371,-14.511542207792209,-5.5171843434343435,-5.37099567099567,-9.917987012987012,-0.7402567340067341
4,2,3,cnf&mrg&ovl|gap,1,0,50.44444444444445,2.37,47.446886446886445,43.333333333333336,2.223333333333333,247,-4.4608946608946605,-9.083189634439634,-0.21936628186628288,-0.38,-10.10851370851371,-14.511542207792209,-5.5171843434343435,-5.37099567099567,-9.917987012987012,-0.7402567340067341
4,3,2,as|cnf|mrg&tzi,1,1,44.94920634920636,1.84,47.44609279609279,44.0,1.84,300,-4.461688311688312,-7.344213564213565,-1.6740590428090427,-0.7633333333333333,-10.109307359307358,-14.019146825396826,-5.896702140452141,-5.371789321789322,-9.182742303992303,-1.6087674362674373
5,3,2,as&gap|cnf|mrg&tzi,1,1,44.94920634920636,1.84,47.44609279609279,44.0,1.8433333333333333,300,-4.461688311688312,-7.344213564213565,-1.6740590428090427,-0.76,-10.109307359307358,-14.019146825396826,-5.896702140452141,-5.371789321789322,-9.182742303992303,-1.6087674362674373
5,3,2,as&ovl|cnf|mrg&tzi,1,1,44.94920634920636,1.84,47.44609279609279,44.0,1.8533333333333333,300,-4.461688311688312,-7.344213564213565,-1.6740590428090427,-0.75,-10.109307359307358,-14.019146825396826,-5.896702140452141,-5.371789321789322,-9.182742303992303,-1.6087674362674373
3,2,2,cnf|mrg&tzi,1,0,44.94920634920636,1.85,47.44609279609279,44.0,1.8566666666666667,300,-4.461688311688312,-7.344213564213565,-1.6740590428090427,-0.7466666666666667,-10.109307359307358,-14.019146825396826,-5.896702140452141,-5.371789321789322,-9.182742303992303,-1.6087674362674373
6,3,3,as&gap&ovl|cnf|mrg&tzi,1,1,44.94920634920636,1.84,47.44609279609279,44.0,1.8566666666666667,300,-4.461688311688312,-7.344213564213565,-1.6740590428090427,-0.7466666666666667,-10.109307359307358,-14.019146825396826,-5.896702140452141,-5.371789321789322,-9.182742303992303,-1.6087674362674373
4,3,2,as|mrg|ovl&tzi,1,1,45.349206349206355,1.81,47.375457875457876,43.333333333333336,1.8833333333333333,298,-4.5323232323232325,-7.2479713804713795,-2.0088636363636363,-0.72,-10.17994227994228,-14.137733285233283,-6.273558802308804,-5.4424242424242415,-9.291338383838383,-1.5200841750841751
5,3,2,as&cnf|mrg|ovl&tzi,1,1,45.349206349206355,1.81,47.375457875457876,43.333333333333336,1.89,298,-4.5323232323232325,-7.2479713804713795,-2.0088636363636363,-0.7133333333333334,-10.17994227994228,-14.137733285233283,-6.273558802308804,-5.4424242424242415,-9.291338383838383,-1.5200841750841751
5,3,3,as|cnf&ovl&tzi|mrg,1,1,45.349206349206355,1.82,47.375457875457876,43.333333333333336,1.9066666666666667,298,-4.5323232323232325,-7.2479713804713795,-2.0088636363636363,-0.6966666666666667,-10.17994227994228,-14.137733285233283,-6.273558802308804,-5.4424242424242415,-9.291338383838383,-1.5200841750841751
4,3,2,as|gap&ovl|mrg,1,1,45.349206349206355,1.83,47.21889221889221,43.333333333333336,1.89,298,-4.688888888888889,-7.396481481481482,-2.258148148148149,-0.7133333333333334,-10.336507936507937,-14.28918710918711,-6.432961760461761,-5.598989898989899,-9.460378787878788,-1.9540235690235723
5,3,2,as&cnf|gap&ovl|mrg,1,1,45.349206349206355,1.83,47.21889221889221,43.333333333333336,1.8966666666666667,298,-4.688888888888889,-7.396481481481482,-2.258148148148149,-0.7066666666666667,-10.336507936507937,-14.28918710918711,-6.432961760461761,-5.598989898989899,-9.460378787878788,-1.9540235690235723
5,3,3,as|gap&ovl&tzi|mrg,1,1,45.349206349206355,1.84,47.21889221889221,43.333333333333336,1.9066666666666667,298,-4.688888888888889,-7.396481481481482,-2.258148148148149,-0.6966666666666667,-10.336507936507937,-14.28918710918711,-6.432961760461761,-5.598989898989899,-9.460378787878788,-1.9540235690235723
5,3,3,as|cnf&gap&ovl|mrg,1,1,45.349206349206355,1.84,47.21889221889221,43.333333333333336,1.9133333333333333,298,-4.688888888888889,-7.396481481481482,-2.258148148148149,-0.69,-10.336507936507937,-14.28918710918711,-6.432961760461761,-5.598989898989899,-9.460378787878788,-1.9540235690235723
6,3,3,as&cnf|gap&ovl&tzi|mrg,1,1,45.349206349206355,1.84,47.21889221889221,43.333333333333336,1.9133333333333333,298,-4.688888888888889,-7.396481481481482,-2.258148148148149,-0.69,-10.336507936507937,-14.28918710918711,-6.432961760461761,-5.598989898989899,-9.460378787878788,-1.9540235690235723
6,3,4,as|cnf&gap&ovl&tzi|mrg,1,1,45.349206349206355,1.85,47.21889221889221,43.333333333333336,1.93,298,-4.688888888888889,-7.396481481481482,-2.258148148148149,-0.6733333333333333,-10.336507936507937,-14.28918710918711,-6.432961760461761,-5.598989898989899,-9.460378787878788,-1.9540235690235723
3,3,1,as|mrg|ovl,1,1,46.349206349206355,1.73,47.15720390720391,43.0,1.76,300,-4.7505772005772,-7.769418590668592,-1.9529509379509382,-0.8433333333333334,-10.398196248196248,-14.464088504088505,-6.341469456469458,-5.660678210678212,-9.657191558441557,-1.732510221260222
4,3,2,as&cnf|mrg|ovl,1,1,46.349206349206355,1.73,47.15720390720391,43.0,1.7633333333333334,300,-4.7505772005772,-7.769418590668592,-1.9529509379509382,-0.84,-10.398196248196248,-14.464088504088505,-6.341469456469458,-5.660678210678212,-9.657191558441557,-1.732510221260222
4,3,2,as|cnf&ovl|mrg,1,1,45.349206349206355,1.77,47.15720390720391,43.0,1.79,300,-4.7505772005772,-7.769418590668592,-1.9529509379509382,-0.8133333333333334,-10.398196248196248,-14.464088504088505,-6.341469456469458,-5.660678210678212,-9.657191558441557,-1.732510221260222
5,3,2,as&ovl|cnf&tzi|mrg,1,1,44.94920634920636,1.91,47.15323565323565,43.333333333333336,1.98,296,-4.754545454545455,-7.837314814814817,-1.6539814814814826,-0.6233333333333333,-10.402164502164501,-14.310800264550267,-6.269895382395381,-5.664646464646464,-9.589065656565655,-1.697971380471381
6,3,3,as&mrg&ovl|cnf&tzi|gap,1,1,46.44444444444444,2.25,47.11355311355311,42.66666666666667,2.2066666666666666,251,-4.7942279942279935,-9.262739297739298,-0.7012157287157302,-0.39666666666666667,-10.44184704184704,-14.796934223184218,-5.746973905723905,-5.704329004329004,-10.131972703222702,-1.1333760221260223
5,3,2,as&ovl|cnf&gap|mrg,1,1,46.94920634920636,1.99,46.99666999666999,43.333333333333336,1.98,296,-4.911111111111111,-7.9336111111111105,-1.758981481481482,-0.6233333333333333,-10.558730158730159,-14.469734247234248,-6.483948412698415,-5.82121212121212,-9.74347643097643,-1.9569191919191924
6,3,3,as&ovl|cnf&gap&tzi|mrg,1,1,46.94920634920636,2.0,46.99666999666999,43.333333333333336,2.02,295,-4.911111111111111,-7.9336111111111105,-1.758981481481482,-0.5833333333333334,-10.558730158730159,-14.469734247234248,-6.483948412698415,-5.82121212121212,-9.74347643097643,-1.9569191919191924
6,4,2,as&gap|cnf&tzi|mrg|ovl,1,1,44.94920634920636,1.76,46.934981684981686,43.0,1.7866666666666666,300,-4.972799422799422,-8.025563371813373,-1.8485732323232342,-0.8166666666666667,-10.620418470418471,-14.83270803270803,-6.36835437710438,-5.882900432900433,-10.053271404521404,-1.910176166426169
6,4,2,as&tzi|cnf&gap|mrg|ovl,1,1,44.94920634920636,1.76,46.934981684981686,43.0,1.7866666666666666,300,-4.972799422799422,-8.025563371813373,-1.8485732323232342,-0.8166666666666667,-10.620418470418471,-14.83270803270803,-6.36835437710438,-5.882900432900433,-10.053271404521404,-1.910176166426169
4,3,2,cnf&gap|mrg|ovl,1,0,46.94920634920636,1.8,46.934981684981686,43.0,1.7933333333333332,300,-4.972799422799422,-8.025563371813373,-1.8485732323232342,-0.81,-10.620418470418471,-14.83270803270803,-6.36835437710438,-5.882900432900433,-10.053271404521404,-1.910176166426169
4,3,2,cnf&tzi|mrg|ovl,1,0,44.94920634920636,1.76,46.934981684981686,43.0,1.8033333333333332,300,-4.972799422799422,-8.025563371813373,-1.8485732323232342,-0.8,-10.620418470418471,-14.83270803270803,-6.36835437710438,-5.882900432900433,-10.053271404521404,-1.910176166426169
5,3,3,cnf&gap&tzi|mrg|ovl,1,0,46.94920634920636,1.8,46.934981684981686,43.0,1.8133333333333332,300,-4.972799422799422,-8.025563371813373,-1.8485732323232342,-0.79,-10.620418470418471,-14.83270803270803,-6.36835437710438,-5.882900432900433,-10.053271404521404,-1.910176166426169
4,2,2,cnf&mrg|gap&tzi,1,0,50.044444444444444,2.29,46.91355311355312,43.0,2.1966666666666668,277,-4.994227994227994,-9.393950817700816,-0.884901394901395,-0.4066666666666667,-10.641847041847042,-14.894717412217412,-5.851807960557961,-5.9043290043290035,-10.360701659451658,-1.426231962481964
4,2,2,as&mrg|gap&tzi,1,1,50.044444444444444,2.42,46.91355311355312,43.0,2.33,275,-4.994227994227994,-9.393950817700816,-0.884901394901395,-0.2733333333333333,-10.641847041847042,-14.894717412217412,-5.851807960557961,-5.9043290043290035,-10.360701659451658,-1.426231962481964
5,2,3,as&cnf&mrg|gap&tzi,1,1,50.044444444444444,2.42,46.91355311355312,43.0,2.33,275,-4.994227994227994,-9.393950817700816,-0.884901394901395,-0.2733333333333333,-10.641847041847042,-14.894717412217412,-5.851807960557961,-5.9043290043290035,-10.360701659451658,-1.426231962481964
5,3,2,cnf&tzi|gap|mrg&ovl,1,0,46.44444444444444,2.19,46.8913308913309,42.66666666666667,2.0866666666666664,259,-5.016450216450217,-9.51850048100048,-0.894082491582492,-0.5166666666666667,-10.664069264069266,-15.091158609908605,-6.013406685906686,-5.926551226551226,-10.277748316498316,-1.3776094276094275
6,4,2,as|cnf&gap|mrg|ovl&tzi,1,1,44.94920634920636,1.78,46.81990231990232,43.0,1.8433333333333333,298,-5.087878787878789,-7.877777777777778,-2.4347390572390575,-0.76,-10.735497835497835,-14.756720177970179,-6.736912578162579,-5.997979797979798,-10.130446127946128,-2.198569023569024
6,4,2,as|cnf&tzi|gap&ovl|mrg,1,1,44.94920634920636,1.78,46.81990231990232,43.0,1.8433333333333333,298,-5.087878787878789,-7.877777777777778,-2.4347390572390575,-0.76,-10.735497835497835,-14.756720177970179,-6.736912578162579,-5.997979797979798,-10.130446127946128,-2.198569023569024
3,2,2,cnf&mrg|gap,1,0,50.044444444444444,2.19,46.78021978021978,42.66666666666667,2.0633333333333335,280,-5.127561327561327,-9.502196368446368,-0.963287638287638,-0.54,-10.775180375180376,-15.11621151996152,-6.03973605098605,-6.037662337662337,-10.584169672919671,-1.3616654641654635
3,2,2,as&mrg|gap,1,1,50.044444444444444,2.32,46.78021978021978,42.66666666666667,2.1866666666666665,278,-5.127561327561327,-9.502196368446368,-0.963287638287638,-0.4166666666666667,-10.775180375180376,-15.11621151996152,-6.03973605098605,-6.037662337662337,-10.584169672919671,-1.3616654641654635
4,2,3,as&cnf&mrg|gap,1,1,50.044444444444444,2.32,46.78021978021978,42.66666666666667,2.1866666666666665,278,-5.127561327561327,-9.502196368446368,-0.963287638287638,-0.4166666666666667,-10.775180375180376,-15.11621151996152,-6.03973605098605,-6.037662337662337,-10.584169672919671,-1.3616654641654635
5,3,2,as&tzi|gap|mrg&ovl,1,1,46.44444444444444,2.22,46.734765234765234,42.66666666666667,2.12,258,-5.173015873015873,-9.629708994708995,-0.9969047619047621,-0.48333333333333334,-10.820634920634921,-15.10945226070226,-6.216410533910536,-6.083116883116882,-10.440286195286195,-1.6359295334295345
6,3,3,as&tzi|cnf&mrg&ovl|gap,1,1,46.44444444444444,2.22,46.734765234765234,42.66666666666667,2.12,258,-5.173015873015873,-9.629708994708995,-0.9969047619047621,-0.48333333333333334,-10.820634920634921,-15.10945226070226,-6.216410533910536,-6.083116883116882,-10.440286195286195,-1.6359295334295345
6,3,3,as&cnf&tzi|gap|mrg&ovl,1,1,46.44444444444444,2.22,46.734765234765234,42.66666666666667,2.12,258,-5.173015873015873,-9.629708994708995,-0.9969047619047621,-0.48333333333333334,-10.820634920634921,-15.10945226070226,-6.216410533910536,-6.083116883116882,-10.440286195286195,-1.6359295334295345
5,4,2,as|cnf&tzi|mrg|ovl,1,1,45.94920634920636,1.71,46.60164835164835,42.66666666666667,1.7366666666666666,300,-5.306132756132756,-8.400913900913901,-2.282298581048581,-0.8666666666666667,-10.953751803751805,-15.09455808080808,-6.703539562289562,-6.216233766233765,-10.435301226551227,-2.3420388407888413
5,4,2,as|cnf&gap|mrg|ovl,1,1,45.94920634920636,1.71,46.60164835164835,42.66666666666667,1.7366666666666666,300,-5.306132756132756,-8.400913900913901,-2.282298581048581,-0.8666666666666667,-10.953751803751805,-15.09455808080808,-6.703539562289562,-6.216233766233765,-10.435301226551227,-2.3420388407888413
6,4,3,as|cnf&gap&tzi|mrg|ovl,1,1,45.94920634920636,1.71,46.60164835164835,42.66666666666667,1.74,300,-5.306132756132756,-8.400913900913901,-2.282298581048581,-0.8633333333333333,-10.953751803751805,-15.09455808080808,-6.703539562289562,-6.216233766233765,-10.435301226551227,-2.3420388407888413
4,3,2,as|cnf&tzi|mrg,1,1,44.94920634920636,1.8,46.48656898656898,42.66666666666667,1.8766666666666667,298,-5.421212121212122,-8.139141414141413,-2.5834595959595967,-0.7266666666666667,-11.068831168831167,-15.036812169312169,-6.980814694564695,-6.331313131313131,-10.226658249158248,-2.474377104377105
3,2,2,gap&mrg|tzi,1,0,44.11111111111111,2.57,46.39133089133089,42.66666666666667,2.55,190,-5.516450216450217,-9.838857022607021,-1.054682539682542,-0.05333333333333334,-11.164069264069264,-15.505589225589228,-6.409737253487253,-6.426551226551227,-11.327526455026454,-1.4904280904280907
4,3,2,as|cnf&gap|mrg,1,1,44.94920634920636,1.82,46.33000333000333,42.66666666666667,1.8833333333333333,298,-5.577777777777778,-8.281944444444443,-2.777314814814815,-0.72,-11.225396825396823,-15.252035834535835,-7.085170153920154,-6.4878787878787865,-10.311203703703704,-2.7644107744107744
5,3,3,as|cnf&gap&tzi|mrg,1,1,44.94920634920636,1.83,46.33000333000333,42.66666666666667,1.9033333333333333,298,-5.577777777777778,-8.281944444444443,-2.777314814814815,-0.7,-11.225396825396823,-15.252035834535835,-7.085170153920154,-6.4878787878787865,-10.311203703703704,-2.7644107744107744
1,1,1,tzi,0,0,44.11111111111111,2.76,46.30244200244199,42.66666666666667,2.64,177,-5.605339105339105,-9.92765452140452,-1.11522546897547,0.03666666666666667,-11.252958152958154,-15.469399350649349,-6.4840626503126515,-6.515440115440114,-11.419780543530544,-1.6432653920153935
5,3,2,cnf&mrg|gap|ovl&tzi,1,0,48.044444444444444,2.08,46.22466422466424,42.0,1.9666666666666666,285,-5.683116883116884,-10.026435185185186,-1.6817923280423284,-0.6366666666666667,-11.330735930735932,-15.767017195767194,-6.555577801827801,-6.593217893217893,-11.13761544011544,-1.8743903318903319
5,3,2,as&mrg|cnf&tzi|gap,1,1,46.044444444444444,2.12,46.22466422466424,42.0,2.0633333333333335,284,-5.683116883116884,-10.026435185185186,-1.6817923280423284,-0.54,-11.330735930735932,-15.767017195767194,-6.555577801827801,-6.593217893217893,-11.13761544011544,-1.8743903318903319
5,3,2,as&mrg|gap|ovl&tzi,1,1,48.044444444444444,2.16,46.22466422466424,42.0,2.08,284,-5.683116883116884,-10.026435185185186,-1.6817923280423284,-0.5233333333333333,-11.330735930735932,-15.767017195767194,-6.555577801827801,-6.593217893217893,-11.13761544011544,-1.8743903318903319
6,3,3,as&cnf&mrg|gap|ovl&tzi,1,1,48.044444444444444,2.16,46.22466422466424,42.0,2.08,284,-5.683116883116884,-10.026435185185186,-1.6817923280423284,-0.5233333333333333,-11.330735930735932,-15.767017195767194,-6.555577801827801,-6.593217893217893,-11.13761544011544,-1.8743903318903319
6,3,3,as&mrg|cnf&ovl&tzi|gap,1,1,48.044444444444444,2.16,46.22466422466424,42.0,2.08,284,-5.683116883116884,-10.026435185185186,-1.6817923280423284,-0.5233333333333333,-11.330735930735932,-15.767017195767194,-6.555577801827801,-6.593217893217893,-11.13761544011544,-1.8743903318903319
3,2,2,cnf&gap|tzi,0,0,45.11111111111111,2.58,46.19133089133089,42.66666666666667,2.493333333333333,192,-5.716450216450218,-10.035271164021163,-1.1174350649350648,-0.11,-11.364069264069265,-15.705847162097161,-6.551906565656567,-6.626551226551227,-11.421022727272728,-1.7398851611351622
3,2,2,as&gap|tzi,0,1,45.11111111111111,2.59,46.19133089133089,42.66666666666667,2.5233333333333334,192,-5.716450216450218,-10.035271164021163,-1.1174350649350648,-0.08,-11.364069264069265,-15.705847162097161,-6.551906565656567,-6.626551226551227,-11.421022727272728,-1.7398851611351622
4,2,3,as&cnf&gap|tzi,0,1,45.11111111111111,2.59,46.19133089133089,42.66666666666667,2.5233333333333334,192,-5.716450216450218,-10.035271164021163,-1.1174350649350648,-0.08,-11.364069264069265,-15.705847162097161,-6.551906565656567,-6.626551226551227,-11.421022727272728,-1.7398851611351622
3,2,2,gap&ovl|tzi,0,0,45.11111111111111,2.61,46.19133089133089,42.66666666666667,2.54,189,-5.716450216450218,-10.035271164021163,-1.1174350649350648,-0.06333333333333334,-11.364069264069265,-15.705847162097161,-6.551906565656567,-6.626551226551227,-11.421022727272728,-1.7398851611351622
4,2,3,cnf&gap&ovl|tzi,0,0,45.11111111111111,2.61,46.19133089133089,42.66666666666667,2.54,189,-5.716450216450218,-10.035271164021163,-1.1174350649350648,-0.06333333333333334,-11.364069264069265,-15.705847162097161,-6.551906565656567,-6.626551226551227,-11.421022727272728,-1.7398851611351622
4,2,3,as&gap&ovl|tzi,0,1,45.11111111111111,2.62,46.19133089133089,42.66666666666667,2.5633333333333335,187,-5.716450216450218,-10.035271164021163,-1.1174350649350648,-0.04,-11.364069264069265,-15.705847162097161,-6.551906565656567,-6.626551226551227,-11.421022727272728,-1.7398851611351622
5,2,4,as&cnf&gap&ovl|tzi,0,1,45.11111111111111,2.62,46.19133089133089,42.66666666666667,2.5633333333333335,187,-5.716450216450218,-10.035271164021163,-1.1174350649350648,-0.04,-11.364069264069265,-15.705847162097161,-6.551906565656567,-6.626551226551227,-11.421022727272728,-1.7398851611351622
4,2,3,cnf&gap&mrg|tzi,1,0,44.11111111111111,2.62,46.19133089133089,42.66666666666667,2.5733333333333333,189,-5.716450216450218,-10.035271164021163,-1.1174350649350648,-0.03,-11.364069264069265,-15.705847162097161,-6.551906565656567,-6.626551226551227,-11.421022727272728,-1.7398851611351622
4,2,3,as&gap&mrg|tzi,1,1,44.11111111111111,2.62,46.19133089133089,42.66666666666667,2.5833333333333335,189,-5.716450216450218,-10.035271164021163,-1.1174350649350648,-0.02,-11.364069264069265,-15.705847162097161,-6.551906565656567,-6.626551226551227,-11.421022727272728,-1.7398851611351622
5,2,4,as&cnf&gap&mrg|tzi,1,1,44.11111111111111,2.62,46.19133089133089,42.66666666666667,2.5833333333333335,189,-5.716450216450218,-10.035271164021163,-1.1174350649350648,-0.02,-11.364069264069265,-15.705847162097161,-6.551906565656567,-6.626551226551227,-11.421022727272728,-1.7398851611351622
4,2,3,gap&mrg&ovl|tzi,1,0,44.11111111111111,2.65,46.19133089133089,42.66666666666667,2.6033333333333335,184,-5.716450216450218,-10.035271164021163,-1.1174350649350648,0.0,-11.364069264069265,-15.705847162097161,-6.551906565656567,-6.626551226551227,-11.421022727272728,-1.7398851611351622
5,2,4,cnf&gap&mrg&ovl|tzi,1,0,44.11111111111111,2.65,46.19133089133089,42.66666666666667,2.6033333333333335,184,-5.716450216450218,-10.035271164021163,-1.1174350649350648,0.0,-11.364069264069265,-15.705847162097161,-6.551906565656567,-6.626551226551227,-11.421022727272728,-1.7398851611351622
5,2,4,as&gap&mrg&ovl|tzi,1,1,44.11111111111111,2.65,46.19133089133089,42.66666666666667,2.61,183,-5.716450216450218,-10.035271164021163,-1.1174350649350648,0.006666666666666667,-11.364069264069265,-15.705847162097161,-6.551906565656567,-6.626551226551227,-11.421022727272728,-1.7398851611351622
6,2,5,as&cnf&gap&mrg&ovl|tzi,1,1,44.11111111111111,2.65,46.19133089133089,42.66666666666667,2.61,183,-5.716450216450218,-10.035271164021163,-1.1174350649350648,0.006666666666666667,-11.364069264069265,-15.705847162097161,-6.551906565656567,-6.626551226551227,-11.421022727272728,-1.7398851611351622
5,3,2,as&ovl|cnf&tzi|gap,0,1,42.44444444444444,1.9,46.11355311355312,42.0,1.89,276,-5.794227994227993,-9.718771043771044,-1.8691269841269842,-0.7133333333333334,-11.44184704184704,-15.824017556517559,-6.82985088985089,-6.704329004329004,-11.335458152958152,-2.0157431457431456
4,2,2,as&ovl|gap&tzi,0,1,45.44444444444444,2.19,46.09032079032079,42.333333333333336,2.1033333333333335,266,-5.817460317460316,-9.499775132275131,-1.9198544973544975,-0.5,-11.465079365079367,-15.58959235209235,-6.783934583934584,-6.727561327561328,-11.15820226070226,-2.1150541125541125
5,2,3,as&cnf&ovl|gap&tzi,0,1,45.44444444444444,2.19,46.09032079032079,42.333333333333336,2.1066666666666665,266,-5.817460317460316,-9.499775132275131,-1.9198544973544975,-0.49666666666666665,-11.465079365079367,-15.58959235209235,-6.783934583934584,-6.727561327561328,-11.15820226070226,-2.1150541125541125
5,3,2,as&tzi|cnf&mrg|gap,1,1,46.044444444444444,2.07,46.06809856809857,42.0,1.9833333333333334,285,-5.83968253968254,-10.247460317460316,-1.8700859788359823,-0.62,-11.487301587301587,-15.827381553631554,-6.663160173160172,-6.749783549783548,-11.267355699855699,-2.061257215007215
6,3,3,as&ovl&tzi|cnf&mrg|gap,1,1,48.044444444444444,2.13,46.06809856809857,42.0,1.9966666666666666,284,-5.83968253968254,-10.247460317460316,-1.8700859788359823,-0.6066666666666667,-11.487301587301587,-15.827381553631554,-6.663160173160172,-6.749783549783548,-11.267355699855699,-2.061257215007215
2,2,1,gap|tzi,0,0,44.11111111111111,2.52,46.05799755799756,42.333333333333336,2.44,192,-5.84978354978355,-10.246700336700336,-1.288710317460318,-0.16333333333333333,-11.497402597402598,-15.980232683982685,-6.637521043771044,-6.759884559884559,-11.655340909090906,-1.748072390572391
6,3,3,as&ovl|cnf&mrg&tzi|gap,1,1,44.44444444444444,1.99,45.95698745698746,42.0,1.93,275,-5.95079365079365,-9.828650793650793,-1.90968253968254,-0.6733333333333333,-11.598412698412696,-15.979743265993266,-7.09692760942761,-6.860894660894661,-11.440193602693602,-2.119878547378548
3,2,2,as&ovl|gap,0,1,44.44444444444444,2.09,45.95698745698746,42.0,1.98,271,-5.95079365079365,-9.828650793650793,-1.90968253968254,-0.6233333333333333,-11.598412698412696,-15.979743265993266,-7.09692760942761,-6.860894660894661,-11.440193602693602,-2.119878547378548
4,2,3,as&cnf&ovl|gap,0,1,44.44444444444444,2.09,45.95698745698746,42.0,1.9833333333333334,271,-5.95079365079365,-9.828650793650793,-1.90968253968254,-0.62,-11.598412698412696,-15.979743265993266,-7.09692760942761,-6.860894660894661,-11.440193602693602,-2.119878547378548
3,3,1,cnf|mrg|ovl,1,0,45.94920634920636,1.67,45.934981684981686,42.0,1.7,300,-5.972799422799422,-9.261151996151996,-2.9551346801346807,-0.9033333333333333,-11.620418470418471,-15.798018278018281,-7.303401274651275,-6.882900432900432,-11.1774037999038,-2.7009559884559886
4,4,1,as|cnf|mrg|ovl,1,1,45.94920634920636,1.67,45.934981684981686,42.0,1.7,300,-5.972799422799422,-9.261151996151996,-2.9551346801346807,-0.9033333333333333,-11.620418470418471,-15.798018278018281,-7.303401274651275,-6.882900432900432,-11.1774037999038,-2.7009559884559886
5,4,2,as&tzi|cnf|mrg|ovl,1,1,45.94920634920636,1.67,45.934981684981686,42.0,1.7,300,-5.972799422799422,-9.261151996151996,-2.9551346801346807,-0.9033333333333333,-11.620418470418471,-15.798018278018281,-7.303401274651275,-6.882900432900432,-11.1774037999038,-2.7009559884559886
5,4,2,as&gap|cnf|mrg|ovl,1,1,45.94920634920636,1.67,45.934981684981686,42.0,1.7,300,-5.972799422799422,-9.261151996151996,-2.9551346801346807,-0.9033333333333333,-11.620418470418471,-15.798018278018281,-7.303401274651275,-6.882900432900432,-11.1774037999038,-2.7009559884559886
6,4,3,as&gap&tzi|cnf|mrg|ovl,1,1,45.94920634920636,1.67,45.934981684981686,42.0,1.7,300,-5.972799422799422,-9.261151996151996,-2.9551346801346807,-0.9033333333333333,-11.620418470418471,-15.798018278018281,-7.303401274651275,-6.882900432900432,-11.1774037999038,-2.7009559884559886
5,4,2,as|cnf|mrg|ovl&tzi,1,1,44.94920634920636,1.69,45.934981684981686,42.0,1.7033333333333334,300,-5.972799422799422,-9.261151996151996,-2.9551346801346807,-0.9,-11.620418470418471,-15.798018278018281,-7.303401274651275,-6.882900432900432,-11.1774037999038,-2.7009559884559886
5,4,2,as|cnf|gap&ovl|mrg,1,1,44.94920634920636,1.69,45.934981684981686,42.0,1.7033333333333334,300,-5.972799422799422,-9.261151996151996,-2.9551346801346807,-0.9,-11.620418470418471,-15.798018278018281,-7.303401274651275,-6.882900432900432,-11.1774037999038,-2.7009559884559886
6,4,3,as|cnf|gap&ovl&tzi|mrg,1,1,44.94920634920636,1.69,45.934981684981686,42.0,1.7033333333333334,300,-5.972799422799422,-9.261151996151996,-2.9551346801346807,-0.9,-11.620418470418471,-15.798018278018281,-7.303401274651275,-6.882900432900432,-11.1774037999038,-2.7009559884559886
4,3,2,cnf|mrg|ovl&tzi,1,0,44.94920634920636,1.69,45.934981684981686,42.0,1.7066666666666668,300,-5.972799422799422,-9.261151996151996,-2.9551346801346807,-0.8966666666666666,-11.620418470418471,-15.798018278018281,-7.303401274651275,-6.882900432900432,-11.1774037999038,-2.7009559884559886
4,3,2,cnf|gap&ovl|mrg,1,0,44.94920634920636,1.69,45.934981684981686,42.0,1.7066666666666668,300,-5.972799422799422,-9.261151996151996,-2.9551346801346807,-0.8966666666666666,-11.620418470418471,-15.798018278018281,-7.303401274651275,-6.882900432900432,-11.1774037999038,-2.7009559884559886
5,3,3,cnf|gap&ovl&tzi|mrg,1,0,44.94920634920636,1.69,45.934981684981686,42.0,1.7066666666666668,300,-5.972799422799422,-9.261151996151996,-2.9551346801346807,-0.8966666666666666,-11.620418470418471,-15.798018278018281,-7.303401274651275,-6.882900432900432,-11.1774037999038,-2.7009559884559886
6,4,2,as&gap|cnf|mrg|ovl&tzi,1,1,44.94920634920636,1.69,45.934981684981686,42.0,1.7066666666666668,300,-5.972799422799422,-9.261151996151996,-2.9551346801346807,-0.8966666666666666,-11.620418470418471,-15.798018278018281,-7.303401274651275,-6.882900432900432,-11.1774037999038,-2.7009559884559886
6,4,2,as&tzi|cnf|gap&ovl|mrg,1,1,44.94920634920636,1.69,45.934981684981686,42.0,1.7066666666666668,300,-5.972799422799422,-9.261151996151996,-2.9551346801346807,-0.8966666666666666,-11.620418470418471,-15.798018278018281,-7.303401274651275,-6.882900432900432,-11.1774037999038,-2.7009559884559886
3,3,1,as|cnf|mrg,1,1,44.94920634920636,1.7,45.60164835164835,41.66666666666667,1.72,300,-6.306132756132755,-9.666224146224145,-3.11263468013468,-0.8833333333333333,-11.953751803751803,-16.209104737854734,-7.668194444444445,-7.216233766233766,-11.450854978354979,-3.1746602934102945
4,3,2,as&tzi|cnf|mrg,1,1,44.94920634920636,1.7,45.60164835164835,41.66666666666667,1.7233333333333334,300,-6.306132756132755,-9.666224146224145,-3.11263468013468,-0.88,-11.953751803751803,-16.209104737854734,-7.668194444444445,-7.216233766233766,-11.450854978354979,-3.1746602934102945
4,3,2,as&gap|cnf|mrg,1,1,44.94920634920636,1.7,45.60164835164835,41.66666666666667,1.7233333333333334,300,-6.306132756132755,-9.666224146224145,-3.11263468013468,-0.88,-11.953751803751803,-16.209104737854734,-7.668194444444445,-7.216233766233766,-11.450854978354979,-3.1746602934102945
5,3,3,as&gap&tzi|cnf|mrg,1,1,44.94920634920636,1.7,45.60164835164835,41.66666666666667,1.7233333333333334,300,-6.306132756132755,-9.666224146224145,-3.11263468013468,-0.88,-11.953751803751803,-16.209104737854734,-7.668194444444445,-7.216233766233766,-11.450854978354979,-3.1746602934102945
4,3,2,as&ovl|cnf|mrg,1,1,44.94920634920636,1.7,45.60164835164835,41.66666666666667,1.7333333333333334,300,-6.306132756132755,-9.666224146224145,-3.11263468013468,-0.87,-11.953751803751803,-16.209104737854734,-7.668194444444445,-7.216233766233766,-11.450854978354979,-3.1746602934102945
2,2,1,cnf|mrg,1,0,44.94920634920636,1.71,45.60164835164835,41.66666666666667,1.7366666666666666,300,-6.306132756132755,-9.666224146224145,-3.11263468013468,-0.8666666666666667,-11.953751803751803,-16.209104737854734,-7.668194444444445,-7.216233766233766,-11.450854978354979,-3.1746602934102945
5,3,3,as&ovl&tzi|cnf|mrg,1,1,44.94920634920636,1.7,45.60164835164835,41.66666666666667,1.7366666666666666,300,-6.306132756132755,-9.666224146224145,-3.11263468013468,-0.8666666666666667,-11.953751803751803,-16.209104737854734,-7.668194444444445,-7.216233766233766,-11.450854978354979,-3.1746602934102945
5,3,3,as&gap&ovl|cnf|mrg,1,1,44.94920634920636,1.7,45.60164835164835,41.66666666666667,1.7366666666666666,300,-6.306132756132755,-9.666224146224145,-3.11263468013468,-0.8666666666666667,-11.953751803751803,-16.209104737854734,-7.668194444444445,-7.216233766233766,-11.450854978354979,-3.1746602934102945
6,3,4,as&gap&ovl&tzi|cnf|mrg,1,1,44.94920634920636,1.7,45.60164835164835,41.66666666666667,1.7366666666666666,300,-6.306132756132755,-9.666224146224145,-3.11263468013468,-0.8666666666666667,-11.953751803751803,-16.209104737854734,-7.668194444444445,-7.216233766233766,-11.450854978354979,-3.1746602934102945
6,3,3,as&mrg&ovl|cnf&gap|tzi,1,1,44.44444444444444,2.2,45.580219780219785,42.333333333333336,2.1733333333333333,251,-6.327561327561328,-10.63207311207311,-2.0056174843674843,-0.43,-11.975180375180376,-16.257720057720057,-7.348419913419914,-7.2376623376623375,-11.948931577681577,-2.6983760221260225
4,2,3,as&mrg&ovl|tzi,1,1,43.44444444444444,2.27,45.580219780219785,42.333333333333336,2.29,242,-6.327561327561328,-10.63207311207311,-2.0056174843674843,-0.31333333333333335,-11.975180375180376,-16.257720057720057,-7.348419913419914,-7.2376623376623375,-11.948931577681577,-2.6983760221260225
5,2,4,as&cnf&mrg&ovl|tzi,1,1,43.44444444444444,2.27,45.580219780219785,42.333333333333336,2.29,242,-6.327561327561328,-10.63207311207311,-2.0056174843674843,-0.31333333333333335,-11.975180375180376,-16.257720057720057,-7.348419913419914,-7.2376623376623375,-11.948931577681577,-2.6983760221260225
3,2,2,gap&tzi|ovl,0,0,44.77777777777778,1.83,45.47307692307694,41.66666666666667,1.7833333333333334,283,-6.434704184704186,-10.328637566137566,-2.5001136363636367,-0.82,-12.08232323232323,-16.50496212121212,-7.6216835016835045,-7.344805194805194,-12.021290283790284,-2.7745989658489694
4,2,2,cnf&ovl|gap&tzi,0,0,43.77777777777778,1.86,45.47307692307694,41.66666666666667,1.7933333333333332,283,-6.434704184704186,-10.328637566137566,-2.5001136363636367,-0.81,-12.08232323232323,-16.50496212121212,-7.6216835016835045,-7.344805194805194,-12.021290283790284,-2.7745989658489694
5,3,3,as&mrg&ovl|gap|tzi,1,1,43.44444444444444,2.14,45.446886446886445,42.0,2.12,251,-6.4608946608946605,-10.975096801346803,-2.062700216450216,-0.48333333333333334,-12.10851370851371,-16.55107323232323,-7.516595117845119,-7.370995670995671,-12.023295454545453,-2.633792688792689
6,3,4,as&cnf&mrg&ovl|gap|tzi,1,1,43.44444444444444,2.14,45.446886446886445,42.0,2.12,251,-6.4608946608946605,-10.975096801346803,-2.062700216450216,-0.48333333333333334,-12.10851370851371,-16.55107323232323,-7.516595117845119,-7.370995670995671,-12.023295454545453,-2.633792688792689
5,3,2,cnf&gap|mrg&ovl|tzi,1,0,44.44444444444444,2.14,45.35799755799756,42.333333333333336,2.0533333333333332,259,-6.54978354978355,-10.787288359788361,-2.3328324915824914,-0.55,-12.197402597402599,-16.57306397306397,-7.5199158249158256,-7.45988455988456,-12.067356902356902,-2.9025895863395865
5,3,2,as&gap|mrg&ovl|tzi,1,1,44.44444444444444,2.15,45.35799755799756,42.333333333333336,2.08,259,-6.54978354978355,-10.787288359788361,-2.3328324915824914,-0.5233333333333333,-12.197402597402599,-16.57306397306397,-7.5199158249158256,-7.45988455988456,-12.067356902356902,-2.9025895863395865
6,3,3,as&gap|cnf&mrg&ovl|tzi,1,1,44.44444444444444,2.15,45.35799755799756,42.333333333333336,2.08,259,-6.54978354978355,-10.787288359788361,-2.3328324915824914,-0.5233333333333333,-12.197402597402599,-16.57306397306397,-7.5199158249158256,-7.45988455988456,-12.067356902356902,-2.9025895863395865
6,3,3,as&cnf&gap|mrg&ovl|tzi,1,1,44.44444444444444,2.15,45.35799755799756,42.333333333333336,2.08,259,-6.54978354978355,-10.787288359788361,-2.3328324915824914,-0.5233333333333333,-12.197402597402599,-16.57306397306397,-7.5199158249158256,-7.45988455988456,-12.067356902356902,-2.9025895863395865
3,2,2,mrg&ovl|tzi,1,0,43.44444444444444,2.21,45.35799755799756,42.333333333333336,2.1633333333333336,251,-6.54978354978355,-10.787288359788361,-2.3328324915824914,-0.44,-12.197402597402599,-16.57306397306397,-7.5199158249158256,-7.45988455988456,-12.067356902356902,-2.9025895863395865
4,2,3,cnf&mrg&ovl|tzi,1,0,43.44444444444444,2.21,45.35799755799756,42.333333333333336,2.1633333333333336,251,-6.54978354978355,-10.787288359788361,-2.3328324915824914,-0.44,-12.197402597402599,-16.57306397306397,-7.5199158249158256,-7.45988455988456,-12.067356902356902,-2.9025895863395865
4,3,2,cnf&tzi|gap|ovl,0,0,41.77777777777778,1.67,45.33974358974359,41.333333333333336,1.6466666666666667,288,-6.568037518037519,-10.374782948532948,-2.4777801827801835,-0.9566666666666667,-12.215656565656564,-16.685345117845117,-7.513455387205386,-7.478138528138528,-12.052317821067819,-2.8578920153920166
4,3,2,as&tzi|gap|ovl,0,1,41.77777777777778,1.67,45.33974358974359,41.333333333333336,1.6566666666666667,288,-6.568037518037519,-10.374782948532948,-2.4777801827801835,-0.9466666666666667,-12.215656565656564,-16.685345117845117,-7.513455387205386,-7.478138528138528,-12.052317821067819,-2.8578920153920166
5,3,3,cnf&mrg&tzi|gap|ovl,1,0,43.77777777777778,1.71,45.33974358974359,41.333333333333336,1.6566666666666667,288,-6.568037518037519,-10.374782948532948,-2.4777801827801835,-0.9466666666666667,-12.215656565656564,-16.685345117845117,-7.513455387205386,-7.478138528138528,-12.052317821067819,-2.8578920153920166
5,3,3,as&cnf&tzi|gap|ovl,0,1,41.77777777777778,1.67,45.33974358974359,41.333333333333336,1.6566666666666667,288,-6.568037518037519,-10.374782948532948,-2.4777801827801835,-0.9466666666666667,-12.215656565656564,-16.685345117845117,-7.513455387205386,-7.478138528138528,-12.052317821067819,-2.8578920153920166
5,3,3,as&mrg&tzi|gap|ovl,1,1,43.77777777777778,1.71,45.33974358974359,41.333333333333336,1.6633333333333333,288,-6.568037518037519,-10.374782948532948,-2.4777801827801835,-0.94,-12.215656565656564,-16.685345117845117,-7.513455387205386,-7.478138528138528,-12.052317821067819,-2.8578920153920166
6,3,4,as&cnf&mrg&tzi|gap|ovl,1,1,43.77777777777778,1.71,45.33974358974359,41.333333333333336,1.6633333333333333,288,-6.568037518037519,-10.374782948532948,-2.4777801827801835,-0.94,-12.215656565656564,-16.685345117845117,-7.513455387205386,-7.478138528138528,-12.052317821067819,-2.8578920153920166
5,3,2,as&tzi|cnf&ovl|gap,0,1,40.77777777777778,1.7,45.33974358974359,41.333333333333336,1.6666666666666667,288,-6.568037518037519,-10.374782948532948,-2.4777801827801835,-0.9366666666666666,-12.215656565656564,-16.685345117845117,-7.513455387205386,-7.478138528138528,-12.052317821067819,-2.8578920153920166
6,3,3,as&mrg&tzi|cnf&ovl|gap,1,1,42.77777777777778,1.74,45.33974358974359,41.333333333333336,1.6733333333333333,288,-6.568037518037519,-10.374782948532948,-2.4777801827801835,-0.93,-12.215656565656564,-16.685345117845117,-7.513455387205386,-7.478138528138528,-12.052317821067819,-2.8578920153920166
2,2,1,gap|ovl,0,0,43.77777777777778,1.74,45.33974358974359,41.333333333333336,1.6833333333333333,286,-6.568037518037519,-10.374782948532948,-2.4777801827801835,-0.92,-12.215656565656564,-16.685345117845117,-7.513455387205386,-7.478138528138528,-12.052317821067819,-2.8578920153920166
3,2,2,cnf&ovl|gap,0,0,42.77777777777778,1.77,45.33974358974359,41.333333333333336,1.6933333333333334,286,-6.568037518037519,-10.374782948532948,-2.4777801827801835,-0.91,-12.215656565656564,-16.685345117845117,-7.513455387205386,-7.478138528138528,-12.052317821067819,-2.8578920153920166
5,3,2,as&ovl|gap|mrg&tzi,1,1,44.44444444444444,1.97,45.2903207903208,41.66666666666667,1.8966666666666667,275,-6.617460317460316,-10.548293650793651,-2.4539417989417993,-0.7066666666666667,-12.265079365079364,-16.704829846079846,-7.703595478595479,-7.527561327561328,-12.014517797017795,-2.6721572871572876
6,3,3,as&cnf&ovl|gap|mrg&tzi,1,1,44.44444444444444,1.97,45.2903207903208,41.66666666666667,1.9,275,-6.617460317460316,-10.548293650793651,-2.4539417989417993,-0.7033333333333334,-12.265079365079364,-16.704829846079846,-7.703595478595479,-7.527561327561328,-12.014517797017795,-2.6721572871572876
4,3,2,gap|mrg&ovl|tzi,1,0,43.44444444444444,2.08,45.224664224664224,42.0,2.0,259,-6.683116883116884,-11.29830747955748,-2.329850889850892,-0.6033333333333334,-12.330735930735932,-16.906397306397306,-7.550808682058682,-7.593217893217892,-12.15756313131313,-2.9811760461760475
5,3,3,cnf&mrg&ovl|gap|tzi,1,0,43.44444444444444,2.08,45.224664224664224,42.0,2.0,259,-6.683116883116884,-11.29830747955748,-2.329850889850892,-0.6033333333333334,-12.330735930735932,-16.906397306397306,-7.550808682058682,-7.593217893217892,-12.15756313131313,-2.9811760461760475
6,3,2,as&ovl|cnf&mrg|gap&tzi,1,1,45.044444444444444,1.92,45.2014319014319,41.66666666666667,1.8233333333333333,295,-6.7063492063492065,-10.421322751322752,-3.1879497354497377,-0.78,-12.353968253968253,-16.65170153920154,-7.9066522366522385,-7.616450216450217,-12.134292929292931,-3.337739297739299
5,3,2,as&ovl|cnf&mrg|gap,1,1,44.044444444444444,1.85,45.06809856809857,41.333333333333336,1.7266666666666666,296,-6.83968253968254,-10.75526455026455,-3.198386243386244,-0.8766666666666667,-12.487301587301587,-16.974174482924482,-7.841363636363637,-7.749783549783551,-12.349056036556034,-3.0570346320346333
5,3,2,cnf&mrg|gap&tzi|ovl,1,0,44.37777777777778,1.7,44.80641025641026,41.0,1.6233333333333333,300,-7.101370851370853,-10.96959175084175,-3.23843253968254,-0.98,-12.7489898989899,-17.209941077441076,-8.215307239057239,-8.011471861471861,-12.68795695045695,-3.47191257816258
5,3,2,as&mrg|gap&tzi|ovl,1,1,44.37777777777778,1.71,44.80641025641026,41.0,1.6466666666666667,300,-7.101370851370853,-10.96959175084175,-3.23843253968254,-0.9566666666666667,-12.7489898989899,-17.209941077441076,-8.215307239057239,-8.011471861471861,-12.68795695045695,-3.47191257816258
6,3,3,as&cnf&mrg|gap&tzi|ovl,1,1,44.37777777777778,1.71,44.80641025641026,41.0,1.6466666666666667,300,-7.101370851370853,-10.96959175084175,-3.23843253968254,-0.9566666666666667,-12.7489898989899,-17.209941077441076,-8.215307239057239,-8.011471861471861,-12.68795695045695,-3.47191257816258
6,3,2,as&mrg|cnf&ovl|gap&tzi,1,1,43.37777777777778,1.74,44.80641025641026,41.0,1.6566666666666667,300,-7.101370851370853,-10.96959175084175,-3.23843253968254,-0.9466666666666667,-12.7489898989899,-17.209941077441076,-8.215307239057239,-8.011471861471861,-12.68795695045695,-3.47191257816258
5,3,2,as&ovl|gap&mrg|tzi,1,1,40.44444444444444,1.82,44.780219780219774,41.66666666666667,1.8833333333333333,275,-7.127561327561327,-10.855293410293411,-3.0394047619047617,-0.72,-12.775180375180373,-17.037688792688794,-7.966773088023089,-8.037662337662338,-12.636946849446847,-3.386374458874459
6,3,3,as&cnf&ovl|gap&mrg|tzi,1,1,40.44444444444444,1.82,44.780219780219774,41.66666666666667,1.8866666666666667,275,-7.127561327561327,-10.855293410293411,-3.0394047619047617,-0.7166666666666667,-12.775180375180373,-17.037688792688794,-7.966773088023089,-8.037662337662338,-12.636946849446847,-3.386374458874459
5,3,2,as&gap|cnf&mrg|tzi,1,1,44.044444444444444,2.0,44.69133089133089,41.66666666666667,1.9466666666666668,285,-7.216450216450217,-11.383962842712842,-3.045947570947572,-0.6566666666666666,-12.864069264069263,-17.397098364598364,-8.089981962481962,-8.126551226551227,-12.727493386243385,-3.4180050505050503
5,3,2,cnf&mrg|gap&ovl|tzi,1,0,44.044444444444444,1.99,44.69133089133089,41.66666666666667,1.9466666666666668,285,-7.216450216450217,-11.383962842712842,-3.045947570947572,-0.6566666666666666,-12.864069264069263,-17.397098364598364,-8.089981962481962,-8.126551226551227,-12.727493386243385,-3.4180050505050503
6,3,3,as&gap&ovl|cnf&mrg|tzi,1,1,44.044444444444444,2.0,44.69133089133089,41.66666666666667,1.9666666666666666,284,-7.216450216450217,-11.383962842712842,-3.045947570947572,-0.6366666666666667,-12.864069264069263,-17.397098364598364,-8.089981962481962,-8.126551226551227,-12.727493386243385,-3.4180050505050503
3,2,2,cnf&mrg|tzi,1,0,43.044444444444444,2.03,44.69133089133089,41.66666666666667,2.0033333333333334,282,-7.216450216450217,-11.383962842712842,-3.045947570947572,-0.6,-12.864069264069263,-17.397098364598364,-8.089981962481962,-8.126551226551227,-12.727493386243385,-3.4180050505050503
5,3,2,as&mrg|cnf&gap|tzi,1,1,44.044444444444444,2.07,44.69133089133089,41.66666666666667,2.03,284,-7.216450216450217,-11.383962842712842,-3.045947570947572,-0.5733333333333334,-12.864069264069263,-17.397098364598364,-8.089981962481962,-8.126551226551227,-12.727493386243385,-3.4180050505050503
5,3,2,as&mrg|gap&ovl|tzi,1,1,44.044444444444444,2.07,44.69133089133089,41.66666666666667,2.0566666666666666,284,-7.216450216450217,-11.383962842712842,-3.045947570947572,-0.5466666666666666,-12.864069264069263,-17.397098364598364,-8.089981962481962,-8.126551226551227,-12.727493386243385,-3.4180050505050503
6,3,3,as&cnf&mrg|gap&ovl|tzi,1,1,44.044444444444444,2.07,44.69133089133089,41.66666666666667,2.0566666666666666,284,-7.216450216450217,-11.383962842712842,-3.045947570947572,-0.5466666666666666,-12.864069264069263,-17.397098364598364,-8.089981962481962,-8.126551226551227,-12.727493386243385,-3.4180050505050503
6,3,3,as&mrg|cnf&gap&ovl|tzi,1,1,44.044444444444444,2.07,44.69133089133089,41.66666666666667,2.0566666666666666,284,-7.216450216450217,-11.383962842712842,-3.045947570947572,-0.5466666666666666,-12.864069264069263,-17.397098364598364,-8.089981962481962,-8.126551226551227,-12.727493386243385,-3.4180050505050503
3,2,2,as&mrg|tzi,1,1,43.044444444444444,2.11,44.69133089133089,41.66666666666667,2.12,281,-7.216450216450217,-11.383962842712842,-3.045947570947572,-0.48333333333333334,-12.864069264069263,-17.397098364598364,-8.089981962481962,-8.126551226551227,-12.727493386243385,-3.4180050505050503
4,2,3,as&cnf&mrg|tzi,1,1,43.044444444444444,2.11,44.69133089133089,41.66666666666667,2.12,281,-7.216450216450217,-11.383962842712842,-3.045947570947572,-0.48333333333333334,-12.864069264069263,-17.397098364598364,-8.089981962481962,-8.126551226551227,-12.727493386243385,-3.4180050505050503
6,4,2,as&tzi|cnf&mrg|gap|ovl,1,1,41.37777777777778,1.6,44.67307692307693,40.666666666666664,1.54,300,-7.234704184704185,-11.236991943241943,-3.3001232563732565,-1.0633333333333332,-12.88232323232323,-17.402521043771042,-8.165180976430982,-8.144805194805196,-12.85374098124098,-3.5315824915824927
4,3,2,cnf&mrg|gap|ovl,1,0,43.37777777777778,1.64,44.67307692307693,40.666666666666664,1.5466666666666666,300,-7.234704184704185,-11.236991943241943,-3.3001232563732565,-1.0566666666666666,-12.88232323232323,-17.402521043771042,-8.165180976430982,-8.144805194805196,-12.85374098124098,-3.5315824915824927
6,4,2,as&mrg|cnf&tzi|gap|ovl,1,1,41.37777777777778,1.61,44.67307692307693,40.666666666666664,1.55,300,-7.234704184704185,-11.236991943241943,-3.3001232563732565,-1.0533333333333332,-12.88232323232323,-17.402521043771042,-8.165180976430982,-8.144805194805196,-12.85374098124098,-3.5315824915824927
4,3,2,as&mrg|gap|ovl,1,1,43.37777777777778,1.65,44.67307692307693,40.666666666666664,1.5666666666666667,300,-7.234704184704185,-11.236991943241943,-3.3001232563732565,-1.0366666666666666,-12.88232323232323,-17.402521043771042,-8.165180976430982,-8.144805194805196,-12.85374098124098,-3.5315824915824927
5,3,3,as&cnf&mrg|gap|ovl,1,1,43.37777777777778,1.65,44.67307692307693,40.666666666666664,1.5666666666666667,300,-7.234704184704185,-11.236991943241943,-3.3001232563732565,-1.0366666666666666,-12.88232323232323,-17.402521043771042,-8.165180976430982,-8.144805194805196,-12.85374098124098,-3.5315824915824927
5,3,2,as&mrg|cnf&ovl|gap,1,1,42.37777777777778,1.68,44.67307692307693,40.666666666666664,1.5766666666666667,300,-7.234704184704185,-11.236991943241943,-3.3001232563732565,-1.0266666666666666,-12.88232323232323,-17.402521043771042,-8.165180976430982,-8.144805194805196,-12.85374098124098,-3.5315824915824927
4,3,2,gap|mrg&tzi|ovl,1,0,43.77777777777778,1.69,44.67307692307693,41.0,1.6233333333333333,288,-7.234704184704185,-11.35460497835498,-3.04045093795094,-0.98,-12.88232323232323,-17.404305555555553,-8.027079124579124,-8.144805194805196,-12.91373496873497,-3.4403300865800865
5,3,2,cnf&ovl|gap|mrg&tzi,1,0,42.77777777777778,1.72,44.67307692307693,41.0,1.6333333333333333,288,-7.234704184704185,-11.35460497835498,-3.04045093795094,-0.97,-12.88232323232323,-17.404305555555553,-8.027079124579124,-8.144805194805196,-12.91373496873497,-3.4403300865800865
5,3,2,as&ovl|cnf&gap|tzi,0,1,40.44444444444444,1.85,44.58021978021978,41.66666666666667,1.8566666666666667,276,-7.327561327561327,-11.155806878306878,-3.228267195767196,-0.7466666666666667,-12.975180375180376,-17.21511964886965,-8.167594396344397,-8.237662337662337,-12.785406445406444,-3.506333573833577
6,3,3,as&ovl|cnf&gap&mrg|tzi,1,1,40.44444444444444,1.86,44.58021978021978,41.66666666666667,1.9,275,-7.327561327561327,-11.155806878306878,-3.228267195767196,-0.7033333333333334,-12.975180375180376,-17.21511964886965,-8.167594396344397,-8.237662337662337,-12.785406445406444,-3.506333573833577
3,2,2,as&ovl|tzi,0,1,40.44444444444444,1.89,44.58021978021978,41.66666666666667,1.9266666666666667,271,-7.327561327561327,-11.155806878306878,-3.228267195767196,-0.6766666666666666,-12.975180375180376,-17.21511964886965,-8.167594396344397,-8.237662337662337,-12.785406445406444,-3.506333573833577
4,2,3,as&cnf&ovl|tzi,0,1,40.44444444444444,1.89,44.58021978021978,41.66666666666667,1.93,271,-7.327561327561327,-11.155806878306878,-3.228267195767196,-0.6733333333333333,-12.975180375180376,-17.21511964886965,-8.167594396344397,-8.237662337662337,-12.785406445406444,-3.506333573833577
6,4,2,as|cnf&mrg|gap|ovl&tzi,1,1,41.044444444444444,1.64,44.55799755799757,40.666666666666664,1.61,298,-7.349783549783551,-11.039947089947091,-3.7078246753246757,-0.9933333333333333,-12.997402597402596,-17.586006493506492,-8.017667147667147,-8.25988455988456,-12.858534151034148,-3.699978354978356
6,4,2,as|cnf&tzi|gap|mrg&ovl,1,1,41.044444444444444,1.65,44.55799755799757,40.666666666666664,1.62,298,-7.349783549783551,-11.039947089947091,-3.7078246753246757,-0.9833333333333333,-12.997402597402596,-17.586006493506492,-8.017667147667147,-8.25988455988456,-12.858534151034148,-3.699978354978356
4,3,2,as|cnf&tzi|gap,0,1,41.044444444444444,1.66,44.55799755799757,40.666666666666664,1.6766666666666667,298,-7.349783549783551,-11.039947089947091,-3.7078246753246757,-0.9266666666666666,-12.997402597402596,-17.586006493506492,-8.017667147667147,-8.25988455988456,-12.858534151034148,-3.699978354978356
4,3,2,as|gap|ovl&tzi,0,1,41.044444444444444,1.66,44.55799755799757,40.666666666666664,1.6866666666666668,298,-7.349783549783551,-11.039947089947091,-3.7078246753246757,-0.9166666666666666,-12.997402597402596,-17.586006493506492,-8.017667147667147,-8.25988455988456,-12.858534151034148,-3.699978354978356
5,3,3,as|cnf&ovl&tzi|gap,0,1,41.044444444444444,1.66,44.55799755799757,40.666666666666664,1.6866666666666668,298,-7.349783549783551,-11.039947089947091,-3.7078246753246757,-0.9166666666666666,-12.997402597402596,-17.586006493506492,-8.017667147667147,-8.25988455988456,-12.858534151034148,-3.699978354978356
5,3,2,as&cnf|gap|ovl&tzi,0,1,41.044444444444444,1.66,44.55799755799757,40.666666666666664,1.6933333333333334,298,-7.349783549783551,-11.039947089947091,-3.7078246753246757,-0.91,-12.997402597402596,-17.586006493506492,-8.017667147667147,-8.25988455988456,-12.858534151034148,-3.699978354978356
4,3,2,cnf&mrg|gap|tzi,1,0,43.044444444444444,1.93,44.55799755799756,41.333333333333336,1.87,285,-7.349783549783551,-11.857110389610389,-3.1086117123617125,-0.7333333333333333,-12.997402597402596,-17.68889129389129,-8.220632515632516,-8.25988455988456,-12.77239838864839,-3.418008056758057
4,3,2,as&mrg|gap|tzi,1,1,43.044444444444444,2.01,44.55799755799756,41.333333333333336,1.9766666666666666,284,-7.349783549783551,-11.857110389610389,-3.1086117123617125,-0.6266666666666667,-12.997402597402596,-17.68889129389129,-8.220632515632516,-8.25988455988456,-12.77239838864839,-3.418008056758057
5,3,3,as&cnf&mrg|gap|tzi,1,1,43.044444444444444,2.01,44.55799755799756,41.333333333333336,1.9766666666666666,284,-7.349783549783551,-11.857110389610389,-3.1086117123617125,-0.6266666666666667,-12.997402597402596,-17.68889129389129,-8.220632515632516,-8.25988455988456,-12.77239838864839,-3.418008056758057
5,3,2,as|cnf&mrg|gap&tzi,1,1,42.044444444444444,1.74,44.53476523476523,41.0,1.71,298,-7.373015873015873,-10.932010582010584,-3.7560449735449737,-0.8933333333333333,-13.020634920634919,-17.497907046657048,-8.358802910052908,-8.283116883116884,-12.796363636363633,-4.037359307359307
5,3,2,as|gap&tzi|mrg&ovl,1,1,42.044444444444444,1.75,44.53476523476523,41.0,1.7333333333333334,297,-7.373015873015873,-10.932010582010584,-3.7560449735449737,-0.87,-13.020634920634919,-17.497907046657048,-8.358802910052908,-8.283116883116884,-12.796363636363633,-4.037359307359307
6,3,3,as|cnf&mrg&ovl|gap&tzi,1,1,42.044444444444444,1.75,44.53476523476523,41.0,1.7333333333333334,297,-7.373015873015873,-10.932010582010584,-3.7560449735449737,-0.87,-13.020634920634919,-17.497907046657048,-8.358802910052908,-8.283116883116884,-12.796363636363633,-4.037359307359307
6,3,2,as&cnf|gap&tzi|mrg&ovl,1,1,42.044444444444444,1.75,44.53476523476523,41.0,1.74,297,-7.373015873015873,-10.932010582010584,-3.7560449735449737,-0.8633333333333333,-13.020634920634919,-17.497907046657048,-8.358802910052908,-8.283116883116884,-12.796363636363633,-4.037359307359307
3,2,2,as|gap&tzi,0,1,42.044444444444444,1.79,44.53476523476523,41.0,1.8033333333333332,297,-7.373015873015873,-10.932010582010584,-3.7560449735449737,-0.8,-13.020634920634919,-17.497907046657048,-8.358802910052908,-8.283116883116884,-12.796363636363633,-4.037359307359307
4,2,2,as&cnf|gap&tzi,0,1,42.044444444444444,1.79,44.53476523476523,41.0,1.81,297,-7.373015873015873,-10.932010582010584,-3.7560449735449737,-0.7933333333333333,-13.020634920634919,-17.497907046657048,-8.358802910052908,-8.283116883116884,-12.796363636363633,-4.037359307359307
6,4,2,as|cnf&mrg|gap&tzi|ovl,1,1,42.37777777777778,1.6,44.473076923076924,40.666666666666664,1.5466666666666666,300,-7.434704184704185,-11.235304834054833,-3.6148911736411735,-1.0566666666666666,-13.082323232323233,-17.55121212121212,-8.436001683501686,-8.344805194805195,-13.015934944684945,-3.8178210678210687
4,3,2,as|gap&tzi|ovl,0,1,42.37777777777778,1.61,44.473076923076924,40.666666666666664,1.57,300,-7.434704184704185,-11.235304834054833,-3.6148911736411735,-1.0333333333333334,-13.082323232323233,-17.55121212121212,-8.436001683501686,-8.344805194805195,-13.015934944684945,-3.8178210678210687
5,3,2,as&cnf|gap&tzi|ovl,0,1,42.37777777777778,1.61,44.473076923076924,40.666666666666664,1.5733333333333333,300,-7.434704184704185,-11.235304834054833,-3.6148911736411735,-1.03,-13.082323232323233,-17.55121212121212,-8.436001683501686,-8.344805194805195,-13.015934944684945,-3.8178210678210687
5,3,2,as|cnf&ovl|gap&tzi,0,1,41.37777777777778,1.64,44.473076923076924,40.666666666666664,1.5766666666666667,300,-7.434704184704185,-11.235304834054833,-3.6148911736411735,-1.0266666666666666,-13.082323232323233,-17.55121212121212,-8.436001683501686,-8.344805194805195,-13.015934944684945,-3.8178210678210687
4,3,2,as&ovl|gap|tzi,0,1,39.44444444444444,1.79,44.44688644688644,41.333333333333336,1.8033333333333332,276,-7.460894660894661,-11.381734006734007,-3.3209800384800383,-0.8,-13.108513708513708,-17.667752525252524,-8.374623015873016,-8.37099567099567,-13.083187830687828,-3.312415824915824
5,3,3,as&cnf&ovl|gap|tzi,0,1,39.44444444444444,1.79,44.44688644688644,41.333333333333336,1.8066666666666666,276,-7.460894660894661,-11.381734006734007,-3.3209800384800383,-0.7966666666666666,-13.108513708513708,-17.667752525252524,-8.374623015873016,-8.37099567099567,-13.083187830687828,-3.312415824915824
4,3,2,as|cnf&mrg|gap,1,1,41.044444444444444,1.67,44.401431901431906,40.666666666666664,1.6333333333333333,298,-7.506349206349207,-11.31005291005291,-3.8671560846560844,-0.97,-13.153968253968253,-17.751087061087063,-8.27160533910534,-8.416450216450217,-12.955033670033666,-3.882607022607023
4,3,2,as|gap|mrg&ovl,1,1,41.044444444444444,1.68,44.401431901431906,40.666666666666664,1.6533333333333333,297,-7.506349206349207,-11.31005291005291,-3.8671560846560844,-0.95,-13.153968253968253,-17.751087061087063,-8.27160533910534,-8.416450216450217,-12.955033670033666,-3.882607022607023
5,3,3,as|cnf&mrg&ovl|gap,1,1,41.044444444444444,1.68,44.401431901431906,40.666666666666664,1.6533333333333333,297,-7.506349206349207,-11.31005291005291,-3.8671560846560844,-0.95,-13.153968253968253,-17.751087061087063,-8.27160533910534,-8.416450216450217,-12.955033670033666,-3.882607022607023
5,3,2,as&cnf|gap|mrg&ovl,1,1,41.044444444444444,1.68,44.401431901431906,40.666666666666664,1.66,297,-7.506349206349207,-11.31005291005291,-3.8671560846560844,-0.9433333333333334,-13.153968253968253,-17.751087061087063,-8.27160533910534,-8.416450216450217,-12.955033670033666,-3.882607022607023
5,3,3,as|cnf&mrg&tzi|gap,1,1,41.044444444444444,1.69,44.401431901431906,40.666666666666664,1.7033333333333334,298,-7.506349206349207,-11.31005291005291,-3.8671560846560844,-0.9,-13.153968253968253,-17.751087061087063,-8.27160533910534,-8.416450216450217,-12.955033670033666,-3.882607022607023
5,3,3,as|gap|mrg&ovl&tzi,1,1,41.044444444444444,1.69,44.401431901431906,40.666666666666664,1.71,297,-7.506349206349207,-11.31005291005291,-3.8671560846560844,-0.8933333333333333,-13.153968253968253,-17.751087061087063,-8.27160533910534,-8.416450216450217,-12.955033670033666,-3.882607022607023
6,3,4,as|cnf&mrg&ovl&tzi|gap,1,1,41.044444444444444,1.69,44.401431901431906,40.666666666666664,1.71,297,-7.506349206349207,-11.31005291005291,-3.8671560846560844,-0.8933333333333333,-13.153968253968253,-17.751087061087063,-8.27160533910534,-8.416450216450217,-12.955033670033666,-3.882607022607023
6,3,3,as&cnf|gap|mrg&ovl&tzi,1,1,41.044444444444444,1.69,44.401431901431906,40.666666666666664,1.7166666666666666,297,-7.506349206349207,-11.31005291005291,-3.8671560846560844,-0.8866666666666667,-13.153968253968253,-17.751087061087063,-8.27160533910534,-8.416450216450217,-12.955033670033666,-3.882607022607023
2,2,1,as|gap,0,1,41.044444444444444,1.72,44.401431901431906,40.666666666666664,1.72,297,-7.506349206349207,-11.31005291005291,-3.8671560846560844,-0.8833333333333333,-13.153968253968253,-17.751087061087063,-8.27160533910534,-8.416450216450217,-12.955033670033666,-3.882607022607023
3,2,2,as&cnf|gap,0,1,41.044444444444444,1.72,44.401431901431906,40.666666666666664,1.7266666666666666,297,-7.506349206349207,-11.31005291005291,-3.8671560846560844,-0.8766666666666667,-13.153968253968253,-17.751087061087063,-8.27160533910534,-8.416450216450217,-12.955033670033666,-3.882607022607023
5,4,2,as|cnf&mrg|gap|ovl,1,1,41.37777777777778,1.54,44.33974358974359,40.33333333333333,1.4866666666666666,300,-7.568037518037518,-11.423822751322751,-3.5075420875420877,-1.1166666666666667,-13.215656565656564,-17.7043265993266,-8.293295454545456,-8.47813852813853,-13.133838383838384,-3.8134060846560853
5,4,2,as|cnf&tzi|gap|ovl,0,1,41.37777777777778,1.55,44.33974358974359,40.33333333333333,1.4966666666666666,300,-7.568037518037518,-11.423822751322751,-3.5075420875420877,-1.1066666666666667,-13.215656565656564,-17.7043265993266,-8.293295454545456,-8.47813852813853,-13.133838383838384,-3.8134060846560853
6,4,3,as|cnf&mrg&tzi|gap|ovl,1,1,41.37777777777778,1.55,44.33974358974359,40.33333333333333,1.5,300,-7.568037518037518,-11.423822751322751,-3.5075420875420877,-1.1033333333333333,-13.215656565656564,-17.7043265993266,-8.293295454545456,-8.47813852813853,-13.133838383838384,-3.8134060846560853
3,3,1,as|gap|ovl,0,1,41.37777777777778,1.55,44.33974358974359,40.33333333333333,1.5066666666666666,300,-7.568037518037518,-11.423822751322751,-3.5075420875420877,-1.0966666666666667,-13.215656565656564,-17.7043265993266,-8.293295454545456,-8.47813852813853,-13.133838383838384,-3.8134060846560853
4,3,2,as&cnf|gap|ovl,0,1,41.37777777777778,1.55,44.33974358974359,40.33333333333333,1.51,300,-7.568037518037518,-11.423822751322751,-3.5075420875420877,-1.0933333333333333,-13.215656565656564,-17.7043265993266,-8.293295454545456,-8.47813852813853,-13.133838383838384,-3.8134060846560853
4,3,2,as|cnf&ovl|gap,0,1,40.37777777777778,1.58,44.33974358974359,40.33333333333333,1.5133333333333334,300,-7.568037518037518,-11.423822751322751,-3.5075420875420877,-1.09,-13.215656565656564,-17.7043265993266,-8.293295454545456,-8.47813852813853,-13.133838383838384,-3.8134060846560853
3,2,2,gap&tzi|mrg,1,0,48.37777777777778,2.01,44.18021978021978,40.33333333333333,1.95,282,-7.727561327561327,-12.395815897065896,-3.6795171957671964,-0.6533333333333333,-13.375180375180374,-18.044368085618085,-8.77214466089466,-8.637662337662338,-13.525853775853777,-3.85025493025493
4,3,2,gap&mrg|ovl|tzi,1,0,39.77777777777778,1.58,44.006410256410255,41.0,1.62,288,-7.901370851370852,-11.845370370370368,-3.6411664261664285,-0.9833333333333333,-13.5489898989899,-17.98482323232323,-8.897344276094277,-8.811471861471862,-13.535710076960077,-4.05893638768639
5,3,2,cnf&ovl|gap&mrg|tzi,1,0,38.77777777777778,1.61,44.006410256410255,41.0,1.63,288,-7.901370851370852,-11.845370370370368,-3.6411664261664285,-0.9733333333333334,-13.5489898989899,-17.98482323232323,-8.897344276094277,-8.811471861471862,-13.535710076960077,-4.05893638768639
2,2,1,gap|mrg,1,0,48.37777777777778,1.96,43.846886446886444,40.0,1.84,284,-8.060894660894661,-12.654074074074073,-3.924950096200097,-0.7633333333333333,-13.708513708513706,-18.57762746512746,-8.919274891774894,-8.970995670995672,-13.883493265993266,-4.229862914862916
4,3,2,cnf|gap&tzi|ovl,0,0,42.37777777777778,1.56,43.80641025641026,40.0,1.5033333333333334,300,-8.101370851370852,-11.984121572871572,-4.344255050505052,-1.1,-13.7489898989899,-18.07414141414141,-8.98040404040404,-9.011471861471861,-13.447008177008177,-4.343872655122655
5,4,2,as|cnf|gap&tzi|ovl,0,1,42.37777777777778,1.56,43.80641025641026,40.0,1.5033333333333334,300,-8.101370851370852,-11.984121572871572,-4.344255050505052,-1.1,-13.7489898989899,-18.07414141414141,-8.98040404040404,-9.011471861471861,-13.447008177008177,-4.343872655122655
6,4,2,as&mrg|cnf|gap&tzi|ovl,1,1,42.37777777777778,1.56,43.80641025641026,40.0,1.5033333333333334,300,-8.101370851370852,-11.984121572871572,-4.344255050505052,-1.1,-13.7489898989899,-18.07414141414141,-8.98040404040404,-9.011471861471861,-13.447008177008177,-4.343872655122655
4,3,2,as|cnf|gap&tzi,0,1,41.37777777777778,1.58,43.80641025641026,40.0,1.5066666666666666,300,-8.101370851370852,-11.984121572871572,-4.344255050505052,-1.0966666666666667,-13.7489898989899,-18.07414141414141,-8.98040404040404,-9.011471861471861,-13.447008177008177,-4.343872655122655
5,3,2,as&ovl|cnf|gap&tzi,0,1,41.37777777777778,1.58,43.80641025641026,40.0,1.5066666666666666,300,-8.101370851370852,-11.984121572871572,-4.344255050505052,-1.0966666666666667,-13.7489898989899,-18.07414141414141,-8.98040404040404,-9.011471861471861,-13.447008177008177,-4.343872655122655
6,4,2,as|cnf|gap&tzi|mrg&ovl,1,1,41.37777777777778,1.58,43.80641025641026,40.0,1.5066666666666666,300,-8.101370851370852,-11.984121572871572,-4.344255050505052,-1.0966666666666667,-13.7489898989899,-18.07414141414141,-8.98040404040404,-9.011471861471861,-13.447008177008177,-4.343872655122655
3,2,2,cnf|gap&tzi,0,0,41.37777777777778,1.58,43.80641025641026,40.0,1.51,300,-8.101370851370852,-11.984121572871572,-4.344255050505052,-1.0933333333333333,-13.7489898989899,-18.07414141414141,-8.98040404040404,-9.011471861471861,-13.447008177008177,-4.343872655122655
5,3,2,as&mrg|cnf|gap&tzi,1,1,41.37777777777778,1.58,43.80641025641026,40.0,1.51,300,-8.101370851370852,-11.984121572871572,-4.344255050505052,-1.0933333333333333,-13.7489898989899,-18.07414141414141,-8.98040404040404,-9.011471861471861,-13.447008177008177,-4.343872655122655
5,3,2,cnf|gap&tzi|mrg&ovl,1,0,41.37777777777778,1.58,43.80641025641026,40.0,1.51,300,-8.101370851370852,-11.984121572871572,-4.344255050505052,-1.0933333333333333,-13.7489898989899,-18.07414141414141,-8.98040404040404,-9.011471861471861,-13.447008177008177,-4.343872655122655
6,3,3,as&mrg&ovl|cnf|gap&tzi,1,1,41.37777777777778,1.58,43.80641025641026,40.0,1.51,300,-8.101370851370852,-11.984121572871572,-4.344255050505052,-1.0933333333333333,-13.7489898989899,-18.07414141414141,-8.98040404040404,-9.011471861471861,-13.447008177008177,-4.343872655122655
4,3,2,cnf&gap|ovl|tzi,0,0,39.77777777777778,1.62,43.80641025641026,41.0,1.6133333333333333,288,-8.10137085137085,-12.006598124098126,-3.953985690235691,-0.99,-13.7489898989899,-18.210193602693604,-9.041372053872053,-9.011471861471861,-13.773530543530544,-4.341028739778741
4,3,2,as&gap|ovl|tzi,0,1,39.77777777777778,1.62,43.80641025641026,41.0,1.6233333333333333,288,-8.10137085137085,-12.006598124098126,-3.953985690235691,-0.98,-13.7489898989899,-18.210193602693604,-9.041372053872053,-9.011471861471861,-13.773530543530544,-4.341028739778741
5,3,3,as&cnf&gap|ovl|tzi,0,1,39.77777777777778,1.62,43.80641025641026,41.0,1.6233333333333333,288,-8.10137085137085,-12.006598124098126,-3.953985690235691,-0.98,-13.7489898989899,-18.210193602693604,-9.041372053872053,-9.011471861471861,-13.773530543530544,-4.341028739778741
5,3,2,as&gap|cnf&ovl|tzi,0,1,38.77777777777778,1.65,43.80641025641026,41.0,1.6333333333333333,288,-8.10137085137085,-12.006598124098126,-3.953985690235691,-0.97,-13.7489898989899,-18.210193602693604,-9.041372053872053,-9.011471861471861,-13.773530543530544,-4.341028739778741
5,3,3,cnf&gap&mrg|ovl|tzi,1,0,39.77777777777778,1.62,43.80641025641026,41.0,1.6366666666666667,288,-8.10137085137085,-12.006598124098126,-3.953985690235691,-0.9666666666666667,-13.7489898989899,-18.210193602693604,-9.041372053872053,-9.011471861471861,-13.773530543530544,-4.341028739778741
5,3,3,as&gap&mrg|ovl|tzi,1,1,39.77777777777778,1.62,43.80641025641026,41.0,1.64,288,-8.10137085137085,-12.006598124098126,-3.953985690235691,-0.9633333333333334,-13.7489898989899,-18.210193602693604,-9.041372053872053,-9.011471861471861,-13.773530543530544,-4.341028739778741
6,3,4,as&cnf&gap&mrg|ovl|tzi,1,1,39.77777777777778,1.62,43.80641025641026,41.0,1.64,288,-8.10137085137085,-12.006598124098126,-3.953985690235691,-0.9633333333333334,-13.7489898989899,-18.210193602693604,-9.041372053872053,-9.011471861471861,-13.773530543530544,-4.341028739778741
6,3,3,as&gap&mrg|cnf&ovl|tzi,1,1,38.77777777777778,1.65,43.80641025641026,41.0,1.65,288,-8.10137085137085,-12.006598124098126,-3.953985690235691,-0.9533333333333334,-13.7489898989899,-18.210193602693604,-9.041372053872053,-9.011471861471861,-13.773530543530544,-4.341028739778741
2,2,1,ovl|tzi,0,0,39.77777777777778,1.65,43.80641025641026,41.0,1.66,285,-8.10137085137085,-12.006598124098126,-3.953985690235691,-0.9433333333333334,-13.7489898989899,-18.210193602693604,-9.041372053872053,-9.011471861471861,-13.773530543530544,-4.341028739778741
3,2,2,cnf&ovl|tzi,0,0,38.77777777777778,1.68,43.80641025641026,41.0,1.67,285,-8.10137085137085,-12.006598124098126,-3.953985690235691,-0.9333333333333333,-13.7489898989899,-18.210193602693604,-9.041372053872053,-9.011471861471861,-13.773530543530544,-4.341028739778741
4,3,2,as|gap|mrg&tzi,1,1,41.044444444444444,1.67,43.734765234765234,40.33333333333333,1.67,298,-8.173015873015874,-11.933425925925926,-4.505185185185186,-0.9333333333333333,-13.82063492063492,-18.34209716209716,-8.883222101972105,-9.083116883116881,-13.754564694564694,-4.5284163059163065
5,3,2,as&cnf|gap|mrg&tzi,1,1,41.044444444444444,1.67,43.734765234765234,40.33333333333333,1.6766666666666667,298,-8.173015873015874,-11.933425925925926,-4.505185185185186,-0.9266666666666666,-13.82063492063492,-18.34209716209716,-8.883222101972105,-9.083116883116881,-13.754564694564694,-4.5284163059163065
5,3,2,as&ovl|cnf&mrg|tzi,1,1,40.044444444444444,1.72,43.69133089133089,41.0,1.6966666666666668,296,-8.216450216450216,-11.977937710437708,-4.398340548340552,-0.9066666666666666,-13.864069264069261,-18.233142135642137,-8.926316137566136,-9.126551226551227,-13.888341750841752,-4.561260221260224
3,3,1,cnf|gap|ovl,0,0,41.37777777777778,1.5,43.67307692307693,39.666666666666664,1.45,300,-8.234704184704185,-12.235079365079365,-4.327613636363637,-1.1533333333333333,-13.882323232323229,-18.366026936026934,-8.903005050505051,-9.144805194805196,-13.68795695045695,-4.441909571909573
4,4,1,as|cnf|gap|ovl,0,1,41.37777777777778,1.5,43.67307692307693,39.666666666666664,1.45,300,-8.234704184704185,-12.235079365079365,-4.327613636363637,-1.1533333333333333,-13.882323232323229,-18.366026936026934,-8.903005050505051,-9.144805194805196,-13.68795695045695,-4.441909571909573
5,4,2,as&mrg|cnf|gap|ovl,1,1,41.37777777777778,1.5,43.67307692307693,39.666666666666664,1.45,300,-8.234704184704185,-12.235079365079365,-4.327613636363637,-1.1533333333333333,-13.882323232323229,-18.366026936026934,-8.903005050505051,-9.144805194805196,-13.68795695045695,-4.441909571909573
5,4,2,as&tzi|cnf|gap|ovl,0,1,41.37777777777778,1.5,43.67307692307693,39.666666666666664,1.45,300,-8.234704184704185,-12.235079365079365,-4.327613636363637,-1.1533333333333333,-13.882323232323229,-18.366026936026934,-8.903005050505051,-9.144805194805196,-13.68795695045695,-4.441909571909573
6,4,3,as&mrg&tzi|cnf|gap|ovl,1,1,41.37777777777778,1.5,43.67307692307693,39.666666666666664,1.45,300,-8.234704184704185,-12.235079365079365,-4.327613636363637,-1.1533333333333333,-13.882323232323229,-18.366026936026934,-8.903005050505051,-9.144805194805196,-13.68795695045695,-4.441909571909573
3,3,1,as|cnf|gap,0,1,40.37777777777778,1.52,43.67307692307693,39.666666666666664,1.4533333333333334,300,-8.234704184704185,-12.235079365079365,-4.327613636363637,-1.15,-13.882323232323229,-18.366026936026934,-8.903005050505051,-9.144805194805196,-13.68795695045695,-4.441909571909573
4,3,2,as&ovl|cnf|gap,0,1,40.37777777777778,1.52,43.67307692307693,39.666666666666664,1.4533333333333334,300,-8.234704184704185,-12.235079365079365,-4.327613636363637,-1.15,-13.882323232323229,-18.366026936026934,-8.903005050505051,-9.144805194805196,-13.68795695045695,-4.441909571909573
5,4,2,as|cnf|gap|mrg&ovl,1,1,40.37777777777778,1.52,43.67307692307693,39.666666666666664,1.4533333333333334,300,-8.234704184704185,-12.235079365079365,-4.327613636363637,-1.15,-13.882323232323229,-18.366026936026934,-8.903005050505051,-9.144805194805196,-13.68795695045695,-4.441909571909573
5,4,2,as|cnf|gap|ovl&tzi,0,1,40.37777777777778,1.52,43.67307692307693,39.666666666666664,1.4533333333333334,300,-8.234704184704185,-12.235079365079365,-4.327613636363637,-1.15,-13.882323232323229,-18.366026936026934,-8.903005050505051,-9.144805194805196,-13.68795695045695,-4.441909571909573
6,4,3,as|cnf|gap|mrg&ovl&tzi,1,1,40.37777777777778,1.52,43.67307692307693,39.666666666666664,1.4533333333333334,300,-8.234704184704185,-12.235079365079365,-4.327613636363637,-1.15,-13.882323232323229,-18.366026936026934,-8.903005050505051,-9.144805194805196,-13.68795695045695,-4.441909571909573
2,2,1,cnf|gap,0,0,40.37777777777778,1.52,43.67307692307693,39.666666666666664,1.4566666666666668,300,-8.234704184704185,-12.235079365079365,-4.327613636363637,-1.1466666666666667,-13.882323232323229,-18.366026936026934,-8.903005050505051,-9.144805194805196,-13.68795695045695,-4.441909571909573
4,3,2,as&mrg|cnf|gap,1,1,40.37777777777778,1.52,43.67307692307693,39.666666666666664,1.4566666666666668,300,-8.234704184704185,-12.235079365079365,-4.327613636363637,-1.1466666666666667,-13.882323232323229,-18.366026936026934,-8.903005050505051,-9.144805194805196,-13.68795695045695,-4.441909571909573
4,3,2,cnf|gap|mrg&ovl,1,0,40.37777777777778,1.52,43.67307692307693,39.666666666666664,1.4566666666666668,300,-8.234704184704185,-12.235079365079365,-4.327613636363637,-1.1466666666666667,-13.882323232323229,-18.366026936026934,-8.903005050505051,-9.144805194805196,-13.68795695045695,-4.441909571909573
4,3,2,as&tzi|cnf|gap,0,1,40.37777777777778,1.52,43.67307692307693,39.666666666666664,1.4566666666666668,300,-8.234704184704185,-12.235079365079365,-4.327613636363637,-1.1466666666666667,-13.882323232323229,-18.366026936026934,-8.903005050505051,-9.144805194805196,-13.68795695045695,-4.441909571909573
4,3,2,cnf|gap|ovl&tzi,0,0,40.37777777777778,1.52,43.67307692307693,39.666666666666664,1.4566666666666668,300,-8.234704184704185,-12.235079365079365,-4.327613636363637,-1.1466666666666667,-13.882323232323229,-18.366026936026934,-8.903005050505051,-9.144805194805196,-13.68795695045695,-4.441909571909573
5,3,3,as&mrg&ovl|cnf|gap,1,1,40.37777777777778,1.52,43.67307692307693,39.666666666666664,1.4566666666666668,300,-8.234704184704185,-12.235079365079365,-4.327613636363637,-1.1466666666666667,-13.882323232323229,-18.366026936026934,-8.903005050505051,-9.144805194805196,-13.68795695045695,-4.441909571909573
5,3,3,as&mrg&tzi|cnf|gap,1,1,40.37777777777778,1.52,43.67307692307693,39.666666666666664,1.4566666666666668,300,-8.234704184704185,-12.235079365079365,-4.327613636363637,-1.1466666666666667,-13.882323232323229,-18.366026936026934,-8.903005050505051,-9.144805194805196,-13.68795695045695,-4.441909571909573
5,3,3,cnf|gap|mrg&ovl&tzi,1,0,40.37777777777778,1.52,43.67307692307693,39.666666666666664,1.4566666666666668,300,-8.234704184704185,-12.235079365079365,-4.327613636363637,-1.1466666666666667,-13.882323232323229,-18.366026936026934,-8.903005050505051,-9.144805194805196,-13.68795695045695,-4.441909571909573
5,3,3,as&ovl&tzi|cnf|gap,0,1,40.37777777777778,1.52,43.67307692307693,39.666666666666664,1.4566666666666668,300,-8.234704184704185,-12.235079365079365,-4.327613636363637,-1.1466666666666667,-13.882323232323229,-18.366026936026934,-8.903005050505051,-9.144805194805196,-13.68795695045695,-4.441909571909573
6,4,2,as&tzi|cnf|gap|mrg&ovl,1,1,40.37777777777778,1.52,43.67307692307693,39.666666666666664,1.4566666666666668,300,-8.234704184704185,-12.235079365079365,-4.327613636363637,-1.1466666666666667,-13.882323232323229,-18.366026936026934,-8.903005050505051,-9.144805194805196,-13.68795695045695,-4.441909571909573
6,4,2,as&mrg|cnf|gap|ovl&tzi,1,1,40.37777777777778,1.52,43.67307692307693,39.666666666666664,1.4566666666666668,300,-8.234704184704185,-12.235079365079365,-4.327613636363637,-1.1466666666666667,-13.882323232323229,-18.366026936026934,-8.903005050505051,-9.144805194805196,-13.68795695045695,-4.441909571909573
6,3,4,as&mrg&ovl&tzi|cnf|gap,1,1,40.37777777777778,1.52,43.67307692307693,39.666666666666664,1.4566666666666668,300,-8.234704184704185,-12.235079365079365,-4.327613636363637,-1.1466666666666667,-13.882323232323229,-18.366026936026934,-8.903005050505051,-9.144805194805196,-13.68795695045695,-4.441909571909573
5,4,2,as|gap|mrg&tzi|ovl,1,1,41.37777777777778,1.53,43.67307692307693,40.0,1.4666666666666666,300,-8.234704184704185,-12.22646164021164,-4.133197450697451,-1.1366666666666667,-13.882323232323229,-18.523552188552188,-8.969175084175083,-9.144805194805196,-13.869218975468975,-4.313146945646946
6,4,2,as&cnf|gap|mrg&tzi|ovl,1,1,41.37777777777778,1.53,43.67307692307693,40.0,1.47,300,-8.234704184704185,-12.22646164021164,-4.133197450697451,-1.1333333333333333,-13.882323232323229,-18.523552188552188,-8.969175084175083,-9.144805194805196,-13.869218975468975,-4.313146945646946
6,4,2,as|cnf&ovl|gap|mrg&tzi,1,1,40.37777777777778,1.56,43.67307692307693,40.0,1.4733333333333334,300,-8.234704184704185,-12.22646164021164,-4.133197450697451,-1.13,-13.882323232323229,-18.523552188552188,-8.969175084175083,-9.144805194805196,-13.869218975468975,-4.313146945646946
3,3,1,gap|ovl|tzi,0,0,38.77777777777778,1.56,43.67307692307693,40.666666666666664,1.56,288,-8.234704184704185,-12.26491462241462,-3.830690235690236,-1.0433333333333332,-13.882323232323232,-18.380795454545456,-9.054322390572391,-9.144805194805196,-13.873176406926408,-4.364250841750843
4,3,2,cnf&ovl|gap|tzi,0,0,37.77777777777778,1.59,43.67307692307693,40.666666666666664,1.57,288,-8.234704184704185,-12.26491462241462,-3.830690235690236,-1.0333333333333334,-13.882323232323232,-18.380795454545456,-9.054322390572391,-9.144805194805196,-13.873176406926408,-4.364250841750843
6,4,2,as&ovl|cnf&mrg|gap|tzi,1,1,39.044444444444444,1.65,43.55799755799756,40.666666666666664,1.6,297,-8.34978354978355,-12.099758297258298,-4.361560846560847,-1.0033333333333334,-13.997402597402598,-18.63426046176046,-8.988421115921115,-9.25988455988456,-13.910483405483404,-4.385975228475229
4,3,2,cnf&tzi|gap|mrg,1,0,44.37777777777778,1.82,43.2913308913309,39.33333333333333,1.7333333333333334,289,-8.616450216450216,-13.003141534391533,-4.463428932178933,-0.87,-14.264069264069262,-19.06888407888408,-9.383479437229438,-9.526551226551227,-14.453626743626744,-4.813858826358827
4,3,2,gap|mrg|ovl&tzi,1,0,46.37777777777778,1.86,43.2913308913309,39.33333333333333,1.7433333333333334,289,-8.616450216450216,-13.003141534391533,-4.463428932178933,-0.86,-14.264069264069262,-19.06888407888408,-9.383479437229438,-9.526551226551227,-14.453626743626744,-4.813858826358827
5,3,3,cnf&ovl&tzi|gap|mrg,1,0,46.37777777777778,1.86,43.2913308913309,39.33333333333333,1.7433333333333334,289,-8.616450216450216,-13.003141534391533,-4.463428932178933,-0.86,-14.264069264069262,-19.06888407888408,-9.383479437229438,-9.526551226551227,-14.453626743626744,-4.813858826358827
4,3,2,as|gap&mrg|tzi,1,1,39.044444444444444,1.58,43.224664224664224,40.33333333333333,1.65,298,-8.683116883116883,-12.406429773929775,-4.937186147186151,-0.9533333333333334,-14.33073593073593,-18.93611531986532,-9.321668470418471,-9.593217893217894,-14.246589706589708,-5.029646464646466
5,3,2,as&cnf|gap&mrg|tzi,1,1,39.044444444444444,1.58,43.224664224664224,40.33333333333333,1.6566666666666667,298,-8.683116883116883,-12.406429773929775,-4.937186147186151,-0.9466666666666667,-14.33073593073593,-18.93611531986532,-9.321668470418471,-9.593217893217894,-14.246589706589708,-5.029646464646466
6,4,2,as&gap|cnf&mrg|ovl|tzi,1,1,39.37777777777778,1.55,43.139743589743595,40.33333333333333,1.51,300,-8.768037518037518,-12.69224506974507,-4.638917748917749,-1.0933333333333333,-14.415656565656567,-19.000227272727273,-9.699785353535352,-9.678138528138527,-14.45799482924483,-4.747406806156807
6,4,2,as&mrg|cnf&gap|ovl|tzi,1,1,39.37777777777778,1.56,43.139743589743595,40.33333333333333,1.5166666666666666,300,-8.768037518037518,-12.69224506974507,-4.638917748917749,-1.0866666666666667,-14.415656565656567,-19.000227272727273,-9.699785353535352,-9.678138528138527,-14.45799482924483,-4.747406806156807
4,3,2,cnf&mrg|ovl|tzi,1,0,39.37777777777778,1.55,43.139743589743595,40.33333333333333,1.5266666666666666,300,-8.768037518037518,-12.69224506974507,-4.638917748917749,-1.0766666666666667,-14.415656565656567,-19.000227272727273,-9.699785353535352,-9.678138528138527,-14.45799482924483,-4.747406806156807
4,3,2,as&mrg|ovl|tzi,1,1,39.37777777777778,1.56,43.139743589743595,40.33333333333333,1.5433333333333332,300,-8.768037518037518,-12.69224506974507,-4.638917748917749,-1.06,-14.415656565656567,-19.000227272727273,-9.699785353535352,-9.678138528138527,-14.45799482924483,-4.747406806156807
5,3,3,as&cnf&mrg|ovl|tzi,1,1,39.37777777777778,1.56,43.139743589743595,40.33333333333333,1.5433333333333332,300,-8.768037518037518,-12.69224506974507,-4.638917748917749,-1.06,-14.415656565656567,-19.000227272727273,-9.699785353535352,-9.678138528138527,-14.45799482924483,-4.747406806156807
5,3,2,as&mrg|cnf&ovl|tzi,1,1,38.37777777777778,1.59,43.139743589743595,40.33333333333333,1.5533333333333332,300,-8.768037518037518,-12.69224506974507,-4.638917748917749,-1.05,-14.415656565656567,-19.000227272727273,-9.699785353535352,-9.678138528138527,-14.45799482924483,-4.747406806156807
4,3,2,as&tzi|gap|mrg,1,1,44.37777777777778,1.85,43.13476523476524,39.33333333333333,1.76,289,-8.773015873015874,-13.13276455026455,-4.619735449735451,-0.8433333333333334,-14.42063492063492,-19.22489838864839,-9.592054473304474,-9.683116883116885,-14.504935666185666,-4.987581168831172
5,3,3,as&cnf&tzi|gap|mrg,1,1,44.37777777777778,1.85,43.13476523476524,39.33333333333333,1.76,289,-8.773015873015874,-13.13276455026455,-4.619735449735451,-0.8433333333333334,-14.42063492063492,-19.22489838864839,-9.592054473304474,-9.683116883116885,-14.504935666185666,-4.987581168831172
5,3,3,as&ovl&tzi|gap|mrg,1,1,46.37777777777778,1.91,43.13476523476524,39.33333333333333,1.7733333333333334,288,-8.773015873015874,-13.13276455026455,-4.619735449735451,-0.83,-14.42063492063492,-19.22489838864839,-9.592054473304474,-9.683116883116885,-14.504935666185666,-4.987581168831172
6,3,4,as&cnf&ovl&tzi|gap|mrg,1,1,46.37777777777778,1.91,43.13476523476524,39.33333333333333,1.7733333333333334,288,-8.773015873015874,-13.13276455026455,-4.619735449735451,-0.83,-14.42063492063492,-19.22489838864839,-9.592054473304474,-9.683116883116885,-14.504935666185666,-4.987581168831172
6,4,2,as|cnf&mrg|gap&ovl|tzi,1,1,39.044444444444444,1.59,43.02466422466423,40.33333333333333,1.58,298,-8.883116883116884,-12.613745791245792,-5.181319143819145,-1.0233333333333334,-14.530735930735931,-19.05068903318903,-9.71499579124579,-9.793217893217895,-14.398828763828764,-5.231008898508898
6,4,2,as|cnf&gap|mrg&ovl|tzi,1,1,39.044444444444444,1.6,43.02466422466423,40.33333333333333,1.5866666666666667,298,-8.883116883116884,-12.613745791245792,-5.181319143819145,-1.0166666666666666,-14.530735930735931,-19.05068903318903,-9.71499579124579,-9.793217893217895,-14.398828763828764,-5.231008898508898
4,3,2,as|cnf&mrg|tzi,1,1,39.044444444444444,1.6,43.02466422466423,40.33333333333333,1.5966666666666667,298,-8.883116883116884,-12.613745791245792,-5.181319143819145,-1.0066666666666666,-14.530735930735931,-19.05068903318903,-9.71499579124579,-9.793217893217895,-14.398828763828764,-5.231008898508898
4,3,2,as|mrg&ovl|tzi,1,1,39.044444444444444,1.61,43.02466422466423,40.33333333333333,1.6133333333333333,298,-8.883116883116884,-12.613745791245792,-5.181319143819145,-0.99,-14.530735930735931,-19.05068903318903,-9.71499579124579,-9.793217893217895,-14.398828763828764,-5.231008898508898
5,3,3,as|cnf&mrg&ovl|tzi,1,1,39.044444444444444,1.61,43.02466422466423,40.33333333333333,1.6133333333333333,298,-8.883116883116884,-12.613745791245792,-5.181319143819145,-0.99,-14.530735930735931,-19.05068903318903,-9.71499579124579,-9.793217893217895,-14.398828763828764,-5.231008898508898
5,3,2,as&cnf|mrg&ovl|tzi,1,1,39.044444444444444,1.61,43.02466422466423,40.33333333333333,1.62,298,-8.883116883116884,-12.613745791245792,-5.181319143819145,-0.9833333333333333,-14.530735930735931,-19.05068903318903,-9.71499579124579,-9.793217893217895,-14.398828763828764,-5.231008898508898
4,3,2,as|cnf&gap|tzi,0,1,39.044444444444444,1.61,43.02466422466423,40.33333333333333,1.6433333333333333,298,-8.883116883116884,-12.613745791245792,-5.181319143819145,-0.96,-14.530735930735931,-19.05068903318903,-9.71499579124579,-9.793217893217895,-14.398828763828764,-5.231008898508898
4,3,2,as|gap&ovl|tzi,0,1,39.044444444444444,1.61,43.02466422466423,40.33333333333333,1.6533333333333333,298,-8.883116883116884,-12.613745791245792,-5.181319143819145,-0.95,-14.530735930735931,-19.05068903318903,-9.71499579124579,-9.793217893217895,-14.398828763828764,-5.231008898508898
5,3,3,as|cnf&gap&ovl|tzi,0,1,39.044444444444444,1.61,43.02466422466423,40.33333333333333,1.6533333333333333,298,-8.883116883116884,-12.613745791245792,-5.181319143819145,-0.95,-14.530735930735931,-19.05068903318903,-9.71499579124579,-9.793217893217895,-14.398828763828764,-5.231008898508898
5,3,2,as&cnf|gap&ovl|tzi,0,1,39.044444444444444,1.61,43.02466422466423,40.33333333333333,1.66,298,-8.883116883116884,-12.613745791245792,-5.181319143819145,-0.9433333333333334,-14.530735930735931,-19.05068903318903,-9.71499579124579,-9.793217893217895,-14.398828763828764,-5.231008898508898
5,3,3,as|cnf&gap&mrg|tzi,1,1,39.044444444444444,1.62,43.02466422466423,40.33333333333333,1.6666666666666667,298,-8.883116883116884,-12.613745791245792,-5.181319143819145,-0.9366666666666666,-14.530735930735931,-19.05068903318903,-9.71499579124579,-9.793217893217895,-14.398828763828764,-5.231008898508898
5,3,3,as|gap&mrg&ovl|tzi,1,1,39.044444444444444,1.62,43.02466422466423,40.33333333333333,1.67,298,-8.883116883116884,-12.613745791245792,-5.181319143819145,-0.9333333333333333,-14.530735930735931,-19.05068903318903,-9.71499579124579,-9.793217893217895,-14.398828763828764,-5.231008898508898
6,3,4,as|cnf&gap&mrg&ovl|tzi,1,1,39.044444444444444,1.62,43.02466422466423,40.33333333333333,1.67,298,-8.883116883116884,-12.613745791245792,-5.181319143819145,-0.9333333333333333,-14.530735930735931,-19.05068903318903,-9.71499579124579,-9.793217893217895,-14.398828763828764,-5.231008898508898
2,2,1,as|tzi,0,1,39.044444444444444,1.62,43.02466422466423,40.33333333333333,1.6733333333333333,298,-8.883116883116884,-12.613745791245792,-5.181319143819145,-0.93,-14.530735930735931,-19.05068903318903,-9.71499579124579,-9.793217893217895,-14.398828763828764,-5.231008898508898
6,3,3,as&cnf|gap&mrg&ovl|tzi,1,1,39.044444444444444,1.62,43.02466422466423,40.33333333333333,1.6766666666666667,298,-8.883116883116884,-12.613745791245792,-5.181319143819145,-0.9266666666666666,-14.530735930735931,-19.05068903318903,-9.71499579124579,-9.793217893217895,-14.398828763828764,-5.231008898508898
3,2,2,as&cnf|tzi,0,1,39.044444444444444,1.62,43.02466422466423,40.33333333333333,1.68,298,-8.883116883116884,-12.613745791245792,-5.181319143819145,-0.9233333333333333,-14.530735930735931,-19.05068903318903,-9.71499579124579,-9.793217893217895,-14.398828763828764,-5.231008898508898
5,4,2,cnf|gap|mrg&tzi|ovl,1,0,41.37777777777778,1.48,43.00641025641026,39.33333333333333,1.4166666666666667,300,-8.901370851370851,-12.855178571428574,-4.871382275132277,-1.1866666666666668,-14.548989898989898,-19.14618686868687,-9.44141835016835,-9.811471861471862,-14.466417748917749,-4.982028018278017
6,5,2,as|cnf|gap|mrg&tzi|ovl,1,1,41.37777777777778,1.48,43.00641025641026,39.33333333333333,1.4166666666666667,300,-8.901370851370851,-12.855178571428574,-4.871382275132277,-1.1866666666666668,-14.548989898989898,-19.14618686868687,-9.44141835016835,-9.811471861471862,-14.466417748917749,-4.982028018278017
5,4,2,as|cnf|gap|mrg&tzi,1,1,40.37777777777778,1.5,43.00641025641026,39.33333333333333,1.42,300,-8.901370851370851,-12.855178571428574,-4.871382275132277,-1.1833333333333333,-14.548989898989898,-19.14618686868687,-9.44141835016835,-9.811471861471862,-14.466417748917749,-4.982028018278017
6,4,2,as&ovl|cnf|gap|mrg&tzi,1,1,40.37777777777778,1.5,43.00641025641026,39.33333333333333,1.42,300,-8.901370851370851,-12.855178571428574,-4.871382275132277,-1.1833333333333333,-14.548989898989898,-19.14618686868687,-9.44141835016835,-9.811471861471862,-14.466417748917749,-4.982028018278017
4,3,2,cnf|gap|mrg&tzi,1,0,40.37777777777778,1.5,43.00641025641026,39.33333333333333,1.4233333333333333,300,-8.901370851370851,-12.855178571428574,-4.871382275132277,-1.18,-14.548989898989898,-19.14618686868687,-9.44141835016835,-9.811471861471862,-14.466417748917749,-4.982028018278017
5,4,2,cnf&mrg|gap|ovl|tzi,1,0,38.37777777777778,1.49,43.00641025641026,40.0,1.45,300,-8.901370851370851,-12.759591149591145,-4.655346921596922,-1.1533333333333333,-14.5489898989899,-19.18892255892256,-9.499785353535355,-9.811471861471862,-14.534870129870125,-4.906770081770082
5,4,2,as|gap&mrg|ovl|tzi,1,1,39.37777777777778,1.46,43.00641025641026,40.0,1.4533333333333334,300,-8.901370851370851,-12.709074074074072,-5.054280904280904,-1.15,-14.5489898989899,-19.116279461279458,-9.787487373737374,-9.811471861471862,-14.534891173641174,-5.030929533429536
6,4,2,as&cnf|gap&mrg|ovl|tzi,1,1,39.37777777777778,1.46,43.00641025641026,40.0,1.4566666666666668,300,-8.901370851370851,-12.709074074074072,-5.054280904280904,-1.1466666666666667,-14.5489898989899,-19.116279461279458,-9.787487373737374,-9.811471861471862,-14.534891173641174,-5.030929533429536
6,4,2,as|cnf&ovl|gap&mrg|tzi,1,1,38.37777777777778,1.49,43.00641025641026,40.0,1.46,300,-8.901370851370851,-12.709074074074072,-5.054280904280904,-1.1433333333333333,-14.5489898989899,-19.116279461279458,-9.787487373737374,-9.811471861471862,-14.534891173641174,-5.030929533429536
5,4,2,as&mrg|gap|ovl|tzi,1,1,38.37777777777778,1.5,43.00641025641026,40.0,1.4633333333333334,300,-8.901370851370851,-12.759591149591145,-4.655346921596922,-1.14,-14.5489898989899,-19.18892255892256,-9.499785353535355,-9.811471861471862,-14.534870129870125,-4.906770081770082
6,4,3,as&cnf&mrg|gap|ovl|tzi,1,1,38.37777777777778,1.5,43.00641025641026,40.0,1.4633333333333334,300,-8.901370851370851,-12.759591149591145,-4.655346921596922,-1.14,-14.5489898989899,-19.18892255892256,-9.499785353535355,-9.811471861471862,-14.534870129870125,-4.906770081770082
6,4,2,as&mrg|cnf&ovl|gap|tzi,1,1,37.37777777777778,1.53,43.00641025641026,40.0,1.4733333333333334,300,-8.901370851370851,-12.759591149591145,-4.655346921596922,-1.13,-14.5489898989899,-19.18892255892256,-9.499785353535355,-9.811471861471862,-14.534870129870125,-4.906770081770082
5,4,2,as|cnf&mrg|gap|tzi,1,1,38.044444444444444,1.53,42.891330891330895,40.0,1.52,298,-9.016450216450217,-12.74241943241943,-5.124487734487737,-1.0833333333333333,-14.664069264069266,-19.668122895622894,-9.609137205387206,-9.926551226551226,-14.649949494949494,-5.09485088985089
5,4,2,as|gap|mrg&ovl|tzi,1,1,38.044444444444444,1.54,42.891330891330895,40.0,1.5333333333333334,298,-9.016450216450217,-12.74241943241943,-5.124487734487737,-1.07,-14.664069264069266,-19.668122895622894,-9.609137205387206,-9.926551226551226,-14.649949494949494,-5.09485088985089
6,4,3,as|cnf&mrg&ovl|gap|tzi,1,1,38.044444444444444,1.54,42.891330891330895,40.0,1.5333333333333334,298,-9.016450216450217,-12.74241943241943,-5.124487734487737,-1.07,-14.664069264069266,-19.668122895622894,-9.609137205387206,-9.926551226551226,-14.649949494949494,-5.09485088985089
6,4,2,as&cnf|gap|mrg&ovl|tzi,1,1,38.044444444444444,1.54,42.891330891330895,40.0,1.54,298,-9.016450216450217,-12.74241943241943,-5.124487734487737,-1.0633333333333332,-14.664069264069266,-19.668122895622894,-9.609137205387206,-9.926551226551226,-14.649949494949494,-5.09485088985089
3,3,1,as|gap|tzi,0,1,38.044444444444444,1.55,42.891330891330895,40.0,1.59,298,-9.016450216450217,-12.74241943241943,-5.124487734487737,-1.0133333333333334,-14.664069264069266,-19.668122895622894,-9.609137205387206,-9.926551226551226,-14.649949494949494,-5.09485088985089
4,3,2,as&cnf|gap|tzi,0,1,38.044444444444444,1.55,42.891330891330895,40.0,1.5966666666666667,298,-9.016450216450217,-12.74241943241943,-5.124487734487737,-1.0066666666666666,-14.664069264069266,-19.668122895622894,-9.609137205387206,-9.926551226551226,-14.649949494949494,-5.09485088985089
5,4,2,as|cnf&mrg|ovl|tzi,1,1,39.37777777777778,1.49,42.80641025641026,40.0,1.4566666666666668,300,-9.10137085137085,-13.006528379028381,-5.388508297258298,-1.1466666666666667,-14.748989898989901,-19.27578282828283,-10.002045454545454,-10.011471861471861,-14.878342352092352,-5.2291089466089495
5,4,2,as|cnf&gap|ovl|tzi,0,1,39.37777777777778,1.5,42.80641025641026,40.0,1.4633333333333334,300,-9.10137085137085,-13.006528379028381,-5.388508297258298,-1.14,-14.748989898989901,-19.27578282828283,-10.002045454545454,-10.011471861471861,-14.878342352092352,-5.2291089466089495
6,4,3,as|cnf&gap&mrg|ovl|tzi,1,1,39.37777777777778,1.5,42.80641025641026,40.0,1.47,300,-9.10137085137085,-13.006528379028381,-5.388508297258298,-1.1333333333333333,-14.748989898989901,-19.27578282828283,-10.002045454545454,-10.011471861471861,-14.878342352092352,-5.2291089466089495
3,3,1,as|ovl|tzi,0,1,39.37777777777778,1.5,42.80641025641026,40.0,1.4733333333333334,300,-9.10137085137085,-13.006528379028381,-5.388508297258298,-1.13,-14.748989898989901,-19.27578282828283,-10.002045454545454,-10.011471861471861,-14.878342352092352,-5.2291089466089495
4,3,2,as&cnf|ovl|tzi,0,1,39.37777777777778,1.5,42.80641025641026,40.0,1.4766666666666666,300,-9.10137085137085,-13.006528379028381,-5.388508297258298,-1.1266666666666667,-14.748989898989901,-19.27578282828283,-10.002045454545454,-10.011471861471861,-14.878342352092352,-5.2291089466089495
4,3,2,as|cnf&ovl|tzi,0,1,38.37777777777778,1.53,42.80641025641026,40.0,1.48,300,-9.10137085137085,-13.006528379028381,-5.388508297258298,-1.1233333333333333,-14.748989898989901,-19.27578282828283,-10.002045454545454,-10.011471861471861,-14.878342352092352,-5.2291089466089495
5,3,2,as&ovl|gap&tzi|mrg,1,1,43.37777777777778,1.72,42.69032079032079,39.0,1.64,295,-9.217460317460317,-13.332301587301586,-5.616904761904761,-0.9633333333333334,-14.865079365079364,-19.60239898989899,-10.133650793650796,-10.127561327561327,-14.817830687830686,-5.514351851851854
6,3,3,as&cnf&ovl|gap&tzi|mrg,1,1,43.37777777777778,1.72,42.69032079032079,39.0,1.6433333333333333,295,-9.217460317460317,-13.332301587301586,-5.616904761904761,-0.96,-14.865079365079364,-19.60239898989899,-10.133650793650796,-10.127561327561327,-14.817830687830686,-5.514351851851854
6,5,2,as|cnf&mrg|gap|ovl|tzi,1,1,38.37777777777778,1.43,42.67307692307693,39.666666666666664,1.3966666666666667,300,-9.234704184704185,-13.291793530543531,-5.088864237614239,-1.2066666666666668,-14.882323232323232,-19.59844696969697,-9.832773569023571,-10.144805194805196,-14.858119889369888,-5.301963083213083
4,4,1,as|gap|ovl|tzi,0,1,38.37777777777778,1.44,42.67307692307693,39.666666666666664,1.41,300,-9.234704184704185,-13.291793530543531,-5.088864237614239,-1.1933333333333334,-14.882323232323232,-19.59844696969697,-9.832773569023571,-10.144805194805196,-14.858119889369888,-5.301963083213083
5,4,2,as&cnf|gap|ovl|tzi,0,1,38.37777777777778,1.44,42.67307692307693,39.666666666666664,1.4133333333333333,300,-9.234704184704185,-13.291793530543531,-5.088864237614239,-1.19,-14.882323232323232,-19.59844696969697,-9.832773569023571,-10.144805194805196,-14.858119889369888,-5.301963083213083
5,4,2,as|cnf&ovl|gap|tzi,0,1,37.37777777777778,1.47,42.67307692307693,39.666666666666664,1.4166666666666667,300,-9.234704184704185,-13.291793530543531,-5.088864237614239,-1.1866666666666668,-14.882323232323232,-19.59844696969697,-9.832773569023571,-10.144805194805196,-14.858119889369888,-5.301963083213083
4,3,2,cnf&gap|mrg|tzi,1,0,42.37777777777778,1.75,42.62466422466423,39.33333333333333,1.72,289,-9.283116883116884,-13.812295574795574,-5.346602934102934,-0.8833333333333333,-14.930735930735931,-19.58298941798942,-10.243882876382877,-10.193217893217895,-15.316007094757095,-5.355486411736413
4,3,2,as&gap|mrg|tzi,1,1,42.37777777777778,1.76,42.62466422466423,39.33333333333333,1.74,289,-9.283116883116884,-13.812295574795574,-5.346602934102934,-0.8633333333333333,-14.930735930735931,-19.58298941798942,-10.243882876382877,-10.193217893217895,-15.316007094757095,-5.355486411736413
4,3,2,gap&ovl|mrg|tzi,1,0,42.37777777777778,1.75,42.62466422466423,39.33333333333333,1.74,289,-9.283116883116884,-13.812295574795574,-5.346602934102934,-0.8633333333333333,-14.930735930735931,-19.58298941798942,-10.243882876382877,-10.193217893217895,-15.316007094757095,-5.355486411736413
5,3,3,as&cnf&gap|mrg|tzi,1,1,42.37777777777778,1.76,42.62466422466423,39.33333333333333,1.74,289,-9.283116883116884,-13.812295574795574,-5.346602934102934,-0.8633333333333333,-14.930735930735931,-19.58298941798942,-10.243882876382877,-10.193217893217895,-15.316007094757095,-5.355486411736413
5,3,3,cnf&gap&ovl|mrg|tzi,1,0,42.37777777777778,1.75,42.62466422466423,39.33333333333333,1.74,289,-9.283116883116884,-13.812295574795574,-5.346602934102934,-0.8633333333333333,-14.930735930735931,-19.58298941798942,-10.243882876382877,-10.193217893217895,-15.316007094757095,-5.355486411736413
5,3,3,as&gap&ovl|mrg|tzi,1,1,42.37777777777778,1.76,42.62466422466423,39.33333333333333,1.76,288,-9.283116883116884,-13.812295574795574,-5.346602934102934,-0.8433333333333334,-14.930735930735931,-19.58298941798942,-10.243882876382877,-10.193217893217895,-15.316007094757095,-5.355486411736413
6,3,4,as&cnf&gap&ovl|mrg|tzi,1,1,42.37777777777778,1.76,42.62466422466423,39.33333333333333,1.76,288,-9.283116883116884,-13.812295574795574,-5.346602934102934,-0.8433333333333334,-14.930735930735931,-19.58298941798942,-10.243882876382877,-10.193217893217895,-15.316007094757095,-5.355486411736413
2,2,1,mrg|tzi,1,0,41.37777777777778,1.78,42.62466422466423,39.33333333333333,1.79,287,-9.283116883116884,-13.812295574795574,-5.346602934102934,-0.8133333333333334,-14.930735930735931,-19.58298941798942,-10.243882876382877,-10.193217893217895,-15.316007094757095,-5.355486411736413
6,4,2,as&ovl|cnf&tzi|gap|mrg,1,1,40.37777777777778,1.6,42.51355311355312,38.666666666666664,1.52,297,-9.394227994227993,-13.705761183261181,-5.596761664261665,-1.0833333333333333,-15.041847041847042,-19.88267376142376,-10.021139971139972,-10.304329004329006,-15.005454545454544,-5.5567340067340085
4,3,2,as&ovl|gap|mrg,1,1,42.37777777777778,1.69,42.35698745698746,38.666666666666664,1.56,296,-9.55079365079365,-13.84488095238095,-5.711838624338625,-1.0433333333333332,-15.198412698412698,-20.042290764790764,-10.252420033670035,-10.460894660894661,-15.166616161616162,-5.694943482443484
5,3,3,as&cnf&ovl|gap|mrg,1,1,42.37777777777778,1.69,42.35698745698746,38.666666666666664,1.5633333333333332,296,-9.55079365079365,-13.84488095238095,-5.711838624338625,-1.04,-15.198412698412698,-20.042290764790764,-10.252420033670035,-10.460894660894661,-15.166616161616162,-5.694943482443484
5,4,2,cnf|gap&mrg|ovl|tzi,1,0,39.37777777777778,1.41,42.33974358974359,39.33333333333333,1.4033333333333333,300,-9.568037518037517,-13.624188912938914,-5.73707130832131,-1.2,-15.215656565656566,-19.752499999999998,-10.309612794612796,-10.478138528138528,-15.169651875901874,-5.6143314093314105
6,5,2,as|cnf|gap&mrg|ovl|tzi,1,1,39.37777777777778,1.41,42.33974358974359,39.33333333333333,1.4033333333333333,300,-9.568037518037517,-13.624188912938914,-5.73707130832131,-1.2,-15.215656565656566,-19.752499999999998,-10.309612794612796,-10.478138528138528,-15.169651875901874,-5.6143314093314105
5,4,2,as|cnf|gap&mrg|tzi,1,1,38.37777777777778,1.43,42.33974358974359,39.33333333333333,1.4066666666666667,300,-9.568037518037517,-13.624188912938914,-5.73707130832131,-1.1966666666666668,-15.215656565656566,-19.752499999999998,-10.309612794612796,-10.478138528138528,-15.169651875901874,-5.6143314093314105
6,4,2,as&ovl|cnf|gap&mrg|tzi,1,1,38.37777777777778,1.43,42.33974358974359,39.33333333333333,1.4066666666666667,300,-9.568037518037517,-13.624188912938914,-5.73707130832131,-1.1966666666666668,-15.215656565656566,-19.752499999999998,-10.309612794612796,-10.478138528138528,-15.169651875901874,-5.6143314093314105
4,3,2,cnf|gap&mrg|tzi,1,0,38.37777777777778,1.43,42.33974358974359,39.33333333333333,1.41,300,-9.568037518037517,-13.624188912938914,-5.73707130832131,-1.1933333333333334,-15.215656565656566,-19.752499999999998,-10.309612794612796,-10.478138528138528,-15.169651875901874,-5.6143314093314105
4,3,2,gap&tzi|mrg|ovl,1,0,43.37777777777778,1.53,42.29529914529914,38.333333333333336,1.4633333333333334,300,-9.612481962481963,-13.853796296296295,-5.705146705146704,-1.14,-15.26010101010101,-20.099175084175087,-10.181279461279463,-10.522582972582972,-15.34844336219336,-6.102748316498322
5,3,2,cnf&ovl|gap&tzi|mrg,1,0,42.37777777777778,1.56,42.29529914529914,38.333333333333336,1.4733333333333334,300,-9.612481962481963,-13.853796296296295,-5.705146705146704,-1.13,-15.26010101010101,-20.099175084175087,-10.181279461279463,-10.522582972582972,-15.34844336219336,-6.102748316498322
3,3,1,gap|mrg|tzi,1,0,41.37777777777778,1.73,42.291330891330894,39.0,1.68,289,-9.616450216450218,-14.151655242905242,-5.547251683501684,-0.9233333333333333,-15.264069264069263,-20.070642135642135,-10.349406565656565,-10.526551226551227,-15.589968133718132,-5.741791726791732
3,3,1,cnf|ovl|tzi,0,0,39.37777777777778,1.45,42.139743589743595,39.33333333333333,1.4166666666666667,300,-9.768037518037517,-13.82905423280423,-5.986550625300627,-1.1866666666666668,-15.415656565656565,-19.91209175084175,-10.506165824915826,-10.678138528138529,-15.47306277056277,-5.904678932178933
4,4,1,as|cnf|ovl|tzi,0,1,39.37777777777778,1.45,42.139743589743595,39.33333333333333,1.4166666666666667,300,-9.768037518037517,-13.82905423280423,-5.986550625300627,-1.1866666666666668,-15.415656565656565,-19.91209175084175,-10.506165824915826,-10.678138528138529,-15.47306277056277,-5.904678932178933
5,4,2,as&mrg|cnf|ovl|tzi,1,1,39.37777777777778,1.45,42.139743589743595,39.33333333333333,1.4166666666666667,300,-9.768037518037517,-13.82905423280423,-5.986550625300627,-1.1866666666666668,-15.415656565656565,-19.91209175084175,-10.506165824915826,-10.678138528138529,-15.47306277056277,-5.904678932178933
5,4,2,as&gap|cnf|ovl|tzi,0,1,39.37777777777778,1.45,42.139743589743595,39.33333333333333,1.4166666666666667,300,-9.768037518037517,-13.82905423280423,-5.986550625300627,-1.1866666666666668,-15.415656565656565,-19.91209175084175,-10.506165824915826,-10.678138528138529,-15.47306277056277,-5.904678932178933
6,4,3,as&gap&mrg|cnf|ovl|tzi,1,1,39.37777777777778,1.45,42.139743589743595,39.33333333333333,1.4166666666666667,300,-9.768037518037517,-13.82905423280423,-5.986550625300627,-1.1866666666666668,-15.415656565656565,-19.91209175084175,-10.506165824915826,-10.678138528138529,-15.47306277056277,-5.904678932178933
3,3,1,as|cnf|tzi,0,1,38.37777777777778,1.47,42.139743589743595,39.33333333333333,1.42,300,-9.768037518037517,-13.82905423280423,-5.986550625300627,-1.1833333333333333,-15.415656565656565,-19.91209175084175,-10.506165824915826,-10.678138528138529,-15.47306277056277,-5.904678932178933
4,3,2,as&ovl|cnf|tzi,0,1,38.37777777777778,1.47,42.139743589743595,39.33333333333333,1.42,300,-9.768037518037517,-13.82905423280423,-5.986550625300627,-1.1833333333333333,-15.415656565656565,-19.91209175084175,-10.506165824915826,-10.678138528138529,-15.47306277056277,-5.904678932178933
5,4,2,as|cnf|mrg&ovl|tzi,1,1,38.37777777777778,1.47,42.139743589743595,39.33333333333333,1.42,300,-9.768037518037517,-13.82905423280423,-5.986550625300627,-1.1833333333333333,-15.415656565656565,-19.91209175084175,-10.506165824915826,-10.678138528138529,-15.47306277056277,-5.904678932178933
5,4,2,as|cnf|gap&ovl|tzi,0,1,38.37777777777778,1.47,42.139743589743595,39.33333333333333,1.42,300,-9.768037518037517,-13.82905423280423,-5.986550625300627,-1.1833333333333333,-15.415656565656565,-19.91209175084175,-10.506165824915826,-10.678138528138529,-15.47306277056277,-5.904678932178933
6,4,3,as|cnf|gap&mrg&ovl|tzi,1,1,38.37777777777778,1.47,42.139743589743595,39.33333333333333,1.42,300,-9.768037518037517,-13.82905423280423,-5.986550625300627,-1.1833333333333333,-15.415656565656565,-19.91209175084175,-10.506165824915826,-10.678138528138529,-15.47306277056277,-5.904678932178933
2,2,1,cnf|tzi,0,0,38.37777777777778,1.47,42.139743589743595,39.33333333333333,1.4233333333333333,300,-9.768037518037517,-13.82905423280423,-5.986550625300627,-1.18,-15.415656565656565,-19.91209175084175,-10.506165824915826,-10.678138528138529,-15.47306277056277,-5.904678932178933
4,3,2,as&mrg|cnf|tzi,1,1,38.37777777777778,1.47,42.139743589743595,39.33333333333333,1.4233333333333333,300,-9.768037518037517,-13.82905423280423,-5.986550625300627,-1.18,-15.415656565656565,-19.91209175084175,-10.506165824915826,-10.678138528138529,-15.47306277056277,-5.904678932178933
4,3,2,cnf|mrg&ovl|tzi,1,0,38.37777777777778,1.47,42.139743589743595,39.33333333333333,1.4233333333333333,300,-9.768037518037517,-13.82905423280423,-5.986550625300627,-1.18,-15.415656565656565,-19.91209175084175,-10.506165824915826,-10.678138528138529,-15.47306277056277,-5.904678932178933
4,3,2,as&gap|cnf|tzi,0,1,38.37777777777778,1.47,42.139743589743595,39.33333333333333,1.4233333333333333,300,-9.768037518037517,-13.82905423280423,-5.986550625300627,-1.18,-15.415656565656565,-19.91209175084175,-10.506165824915826,-10.678138528138529,-15.47306277056277,-5.904678932178933
4,3,2,cnf|gap&ovl|tzi,0,0,38.37777777777778,1.47,42.139743589743595,39.33333333333333,1.4233333333333333,300,-9.768037518037517,-13.82905423280423,-5.986550625300627,-1.18,-15.415656565656565,-19.91209175084175,-10.506165824915826,-10.678138528138529,-15.47306277056277,-5.904678932178933
5,3,3,as&mrg&ovl|cnf|tzi,1,1,38.37777777777778,1.47,42.139743589743595,39.33333333333333,1.4233333333333333,300,-9.768037518037517,-13.82905423280423,-5.986550625300627,-1.18,-15.415656565656565,-19.91209175084175,-10.506165824915826,-10.678138528138529,-15.47306277056277,-5.904678932178933
5,3,3,as&gap&mrg|cnf|tzi,1,1,38.37777777777778,1.47,42.139743589743595,39.33333333333333,1.4233333333333333,300,-9.768037518037517,-13.82905423280423,-5.986550625300627,-1.18,-15.415656565656565,-19.91209175084175,-10.506165824915826,-10.678138528138529,-15.47306277056277,-5.904678932178933
5,3,3,cnf|gap&mrg&ovl|tzi,1,0,38.37777777777778,1.47,42.139743589743595,39.33333333333333,1.4233333333333333,300,-9.768037518037517,-13.82905423280423,-5.986550625300627,-1.18,-15.415656565656565,-19.91209175084175,-10.506165824915826,-10.678138528138529,-15.47306277056277,-5.904678932178933
5,3,3,as&gap&ovl|cnf|tzi,0,1,38.37777777777778,1.47,42.139743589743595,39.33333333333333,1.4233333333333333,300,-9.768037518037517,-13.82905423280423,-5.986550625300627,-1.18,-15.415656565656565,-19.91209175084175,-10.506165824915826,-10.678138528138529,-15.47306277056277,-5.904678932178933
6,4,2,as&gap|cnf|mrg&ovl|tzi,1,1,38.37777777777778,1.47,42.139743589743595,39.33333333333333,1.4233333333333333,300,-9.768037518037517,-13.82905423280423,-5.986550625300627,-1.18,-15.415656565656565,-19.91209175084175,-10.506165824915826,-10.678138528138529,-15.47306277056277,-5.904678932178933
6,4,2,as&mrg|cnf|gap&ovl|tzi,1,1,38.37777777777778,1.47,42.139743589743595,39.33333333333333,1.4233333333333333,300,-9.768037518037517,-13.82905423280423,-5.986550625300627,-1.18,-15.415656565656565,-19.91209175084175,-10.506165824915826,-10.678138528138529,-15.47306277056277,-5.904678932178933
6,3,4,as&gap&mrg&ovl|cnf|tzi,1,1,38.37777777777778,1.47,42.139743589743595,39.33333333333333,1.4233333333333333,300,-9.768037518037517,-13.82905423280423,-5.986550625300627,-1.18,-15.415656565656565,-19.91209175084175,-10.506165824915826,-10.678138528138529,-15.47306277056277,-5.904678932178933
4,3,2,as|gap&tzi|mrg,1,1,41.37777777777778,1.55,42.02365412365413,38.333333333333336,1.5366666666666666,298,-9.884126984126985,-13.885648148148148,-6.3480952380952385,-1.0666666666666667,-15.531746031746033,-20.497034632034634,-10.52272546897547,-10.794227994227995,-15.39802429052429,-6.305631313131315
5,3,2,as&cnf|gap&tzi|mrg,1,1,41.37777777777778,1.55,42.02365412365413,38.333333333333336,1.5433333333333332,298,-9.884126984126985,-13.885648148148148,-6.3480952380952385,-1.06,-15.531746031746033,-20.497034632034634,-10.52272546897547,-10.794227994227995,-15.39802429052429,-6.305631313131315
4,4,1,cnf|gap|ovl|tzi,0,0,38.37777777777778,1.39,42.00641025641026,39.0,1.3633333333333333,300,-9.901370851370851,-14.077830687830689,-5.804003126503128,-1.24,-15.548989898989898,-20.254406565656563,-10.483876262626262,-10.811471861471864,-15.50177609427609,-5.950434704184703
5,5,1,as|cnf|gap|ovl|tzi,0,1,38.37777777777778,1.39,42.00641025641026,39.0,1.3633333333333333,300,-9.901370851370851,-14.077830687830689,-5.804003126503128,-1.24,-15.548989898989898,-20.254406565656563,-10.483876262626262,-10.811471861471864,-15.50177609427609,-5.950434704184703
6,5,2,as&mrg|cnf|gap|ovl|tzi,1,1,38.37777777777778,1.39,42.00641025641026,39.0,1.3633333333333333,300,-9.901370851370851,-14.077830687830689,-5.804003126503128,-1.24,-15.548989898989898,-20.254406565656563,-10.483876262626262,-10.811471861471864,-15.50177609427609,-5.950434704184703
4,4,1,as|cnf|gap|tzi,0,1,37.37777777777778,1.41,42.00641025641026,39.0,1.3666666666666667,300,-9.901370851370851,-14.077830687830689,-5.804003126503128,-1.2366666666666666,-15.548989898989898,-20.254406565656563,-10.483876262626262,-10.811471861471864,-15.50177609427609,-5.950434704184703
5,4,2,as&ovl|cnf|gap|tzi,0,1,37.37777777777778,1.41,42.00641025641026,39.0,1.3666666666666667,300,-9.901370851370851,-14.077830687830689,-5.804003126503128,-1.2366666666666666,-15.548989898989898,-20.254406565656563,-10.483876262626262,-10.811471861471864,-15.50177609427609,-5.950434704184703
6,5,2,as|cnf|gap|mrg&ovl|tzi,1,1,37.37777777777778,1.41,42.00641025641026,39.0,1.3666666666666667,300,-9.901370851370851,-14.077830687830689,-5.804003126503128,-1.2366666666666666,-15.548989898989898,-20.254406565656563,-10.483876262626262,-10.811471861471864,-15.50177609427609,-5.950434704184703
3,3,1,cnf|gap|tzi,0,0,37.37777777777778,1.41,42.00641025641026,39.0,1.37,300,-9.901370851370851,-14.077830687830689,-5.804003126503128,-1.2333333333333334,-15.548989898989898,-20.254406565656563,-10.483876262626262,-10.811471861471864,-15.50177609427609,-5.950434704184703
5,4,2,as&mrg|cnf|gap|tzi,1,1,37.37777777777778,1.41,42.00641025641026,39.0,1.37,300,-9.901370851370851,-14.077830687830689,-5.804003126503128,-1.2333333333333334,-15.548989898989898,-20.254406565656563,-10.483876262626262,-10.811471861471864,-15.50177609427609,-5.950434704184703
5,4,2,cnf|gap|mrg&ovl|tzi,1,0,37.37777777777778,1.41,42.00641025641026,39.0,1.37,300,-9.901370851370851,-14.077830687830689,-5.804003126503128,-1.2333333333333334,-15.548989898989898,-20.254406565656563,-10.483876262626262,-10.811471861471864,-15.50177609427609,-5.950434704184703
6,4,3,as&mrg&ovl|cnf|gap|tzi,1,1,37.37777777777778,1.41,42.00641025641026,39.0,1.37,300,-9.901370851370851,-14.077830687830689,-5.804003126503128,-1.2333333333333334,-15.548989898989898,-20.254406565656563,-10.483876262626262,-10.811471861471864,-15.50177609427609,-5.950434704184703
5,4,2,as|gap&tzi|mrg|ovl,1,1,42.37777777777778,1.44,41.96196581196581,38.0,1.39,300,-9.945815295815297,-14.16940536315536,-5.973534151034152,-1.2133333333333334,-15.593434343434343,-20.43317760942761,-10.56305134680135,-10.855916305916304,-15.687415824915824,-6.367594997594998
5,4,2,cnf&tzi|gap|mrg|ovl,1,0,40.37777777777778,1.47,41.96196581196581,38.0,1.3933333333333333,300,-9.945815295815297,-14.425708874458875,-5.9180393217893235,-1.21,-15.593434343434343,-20.473362794612797,-10.412777777777778,-10.855916305916304,-15.870968614718612,-6.029861111111116
6,4,2,as&cnf|gap&tzi|mrg|ovl,1,1,42.37777777777778,1.44,41.96196581196581,38.0,1.3933333333333333,300,-9.945815295815297,-14.16940536315536,-5.973534151034152,-1.21,-15.593434343434343,-20.43317760942761,-10.56305134680135,-10.855916305916304,-15.687415824915824,-6.367594997594998
5,4,2,as&tzi|gap|mrg|ovl,1,1,40.37777777777778,1.47,41.96196581196581,38.0,1.3966666666666667,300,-9.945815295815297,-14.425708874458875,-5.9180393217893235,-1.2066666666666668,-15.593434343434343,-20.473362794612797,-10.412777777777778,-10.855916305916304,-15.870968614718612,-6.029861111111116
6,4,3,as&cnf&tzi|gap|mrg|ovl,1,1,40.37777777777778,1.47,41.96196581196581,38.0,1.3966666666666667,300,-9.945815295815297,-14.425708874458875,-5.9180393217893235,-1.2066666666666668,-15.593434343434343,-20.473362794612797,-10.412777777777778,-10.855916305916304,-15.870968614718612,-6.029861111111116
6,4,2,as|cnf&ovl|gap&tzi|mrg,1,1,41.37777777777778,1.47,41.96196581196581,38.0,1.3966666666666667,300,-9.945815295815297,-14.16940536315536,-5.973534151034152,-1.2066666666666668,-15.593434343434343,-20.43317760942761,-10.56305134680135,-10.855916305916304,-15.687415824915824,-6.367594997594998
3,3,1,gap|mrg|ovl,1,0,42.37777777777778,1.51,41.96196581196581,38.0,1.4033333333333333,300,-9.945815295815297,-14.425708874458875,-5.9180393217893235,-1.2,-15.593434343434343,-20.473362794612797,-10.412777777777778,-10.855916305916304,-15.870968614718612,-6.029861111111116
6,4,2,as&tzi|cnf&ovl|gap|mrg,1,1,39.37777777777778,1.5,41.96196581196581,38.0,1.4066666666666667,300,-9.945815295815297,-14.425708874458875,-5.9180393217893235,-1.1966666666666668,-15.593434343434343,-20.473362794612797,-10.412777777777778,-10.855916305916304,-15.870968614718612,-6.029861111111116
4,3,2,cnf&ovl|gap|mrg,1,0,41.37777777777778,1.54,41.96196581196581,38.0,1.4133333333333333,300,-9.945815295815297,-14.425708874458875,-5.9180393217893235,-1.19,-15.593434343434343,-20.473362794612797,-10.412777777777778,-10.855916305916304,-15.870968614718612,-6.029861111111116
5,4,2,as|cnf&tzi|gap|mrg,1,1,40.37777777777778,1.49,41.84688644688646,38.0,1.45,298,-10.060894660894661,-14.162242664742664,-6.359029581529582,-1.1533333333333333,-15.708513708513708,-20.733597883597884,-10.560132876382879,-10.970995670995674,-15.716743626743623,-6.021510341510343
5,4,2,as|gap|mrg|ovl&tzi,1,1,40.37777777777778,1.49,41.84688644688646,38.0,1.4533333333333334,298,-10.060894660894661,-14.162242664742664,-6.359029581529582,-1.15,-15.708513708513708,-20.733597883597884,-10.560132876382879,-10.970995670995674,-15.716743626743623,-6.021510341510343
6,4,3,as|cnf&ovl&tzi|gap|mrg,1,1,40.37777777777778,1.49,41.84688644688646,38.0,1.4533333333333334,298,-10.060894660894661,-14.162242664742664,-6.359029581529582,-1.15,-15.708513708513708,-20.733597883597884,-10.560132876382879,-10.970995670995674,-15.716743626743623,-6.021510341510343
6,4,2,as&cnf|gap|mrg|ovl&tzi,1,1,40.37777777777778,1.49,41.84688644688646,38.0,1.46,298,-10.060894660894661,-14.162242664742664,-6.359029581529582,-1.1433333333333333,-15.708513708513708,-20.733597883597884,-10.560132876382879,-10.970995670995674,-15.716743626743623,-6.021510341510343
6,4,2,as&ovl|cnf&gap|mrg|tzi,1,1,38.37777777777778,1.53,41.84688644688645,38.666666666666664,1.5066666666666666,297,-10.060894660894661,-14.26425925925926,-6.37765873015873,-1.0966666666666667,-15.708513708513708,-20.185378787878786,-10.835974025974027,-10.970995670995674,-15.839577922077922,-6.250222462722463
4,3,2,as&ovl|mrg|tzi,1,1,38.37777777777778,1.54,41.84688644688645,38.666666666666664,1.5466666666666666,296,-10.060894660894661,-14.26425925925926,-6.37765873015873,-1.0566666666666666,-15.708513708513708,-20.185378787878786,-10.835974025974027,-10.970995670995674,-15.839577922077922,-6.250222462722463
5,3,3,as&cnf&ovl|mrg|tzi,1,1,38.37777777777778,1.54,41.84688644688645,38.666666666666664,1.55,296,-10.060894660894661,-14.26425925925926,-6.37765873015873,-1.0533333333333332,-15.708513708513708,-20.185378787878786,-10.835974025974027,-10.970995670995674,-15.839577922077922,-6.250222462722463
3,3,1,as|gap|mrg,1,1,40.37777777777778,1.52,41.6903207903208,38.0,1.4766666666666666,298,-10.217460317460317,-14.235436507936509,-6.51559523809524,-1.1266666666666667,-15.865079365079366,-20.87311507936508,-10.786566859066863,-11.12756132756133,-15.82767917267917,-6.382039442039441
4,3,2,as&cnf|gap|mrg,1,1,40.37777777777778,1.52,41.6903207903208,38.0,1.4833333333333334,298,-10.217460317460317,-14.235436507936509,-6.51559523809524,-1.12,-15.865079365079366,-20.87311507936508,-10.786566859066863,-11.12756132756133,-15.82767917267917,-6.382039442039441
6,5,2,as|cnf&tzi|gap|mrg|ovl,1,1,41.37777777777778,1.42,41.628632478632476,37.666666666666664,1.3433333333333333,300,-10.279148629148631,-14.687964766714767,-6.3126617364117354,-1.26,-15.926767676767678,-20.645572390572394,-10.740092592592593,-11.189249639249638,-16.091610149110146,-6.4286916786916795
4,4,1,as|gap|mrg|ovl,1,1,41.37777777777778,1.42,41.628632478632476,37.666666666666664,1.3466666666666667,300,-10.279148629148631,-14.687964766714767,-6.3126617364117354,-1.2566666666666666,-15.926767676767678,-20.645572390572394,-10.740092592592593,-11.189249639249638,-16.091610149110146,-6.4286916786916795
5,4,2,as&cnf|gap|mrg|ovl,1,1,41.37777777777778,1.42,41.628632478632476,37.666666666666664,1.35,300,-10.279148629148631,-14.687964766714767,-6.3126617364117354,-1.2533333333333334,-15.926767676767678,-20.645572390572394,-10.740092592592593,-11.189249639249638,-16.091610149110146,-6.4286916786916795
5,4,2,as|cnf&ovl|gap|mrg,1,1,40.37777777777778,1.45,41.628632478632476,37.666666666666664,1.3533333333333333,300,-10.279148629148631,-14.687964766714767,-6.3126617364117354,-1.25,-15.926767676767678,-20.645572390572394,-10.740092592592593,-11.189249639249638,-16.091610149110146,-6.4286916786916795
5,4,2,as&ovl|gap|mrg|tzi,1,1,37.37777777777778,1.51,41.513553113553115,38.333333333333336,1.4666666666666666,297,-10.394227994227995,-14.628862433862434,-6.525010822510826,-1.1366666666666667,-16.041847041847042,-21.00141895141895,-10.836112914862914,-11.304329004329006,-16.10899591149591,-6.627498797498797
6,4,3,as&cnf&ovl|gap|mrg|tzi,1,1,37.37777777777778,1.51,41.513553113553115,38.333333333333336,1.47,297,-10.394227994227995,-14.628862433862434,-6.525010822510826,-1.1333333333333333,-16.041847041847042,-21.00141895141895,-10.836112914862914,-11.304329004329006,-16.10899591149591,-6.627498797498797
5,4,2,cnf|gap&tzi|mrg|ovl,1,0,42.37777777777778,1.4,41.29529914529915,37.333333333333336,1.35,300,-10.612481962481962,-14.871039562289562,-6.7587644300144305,-1.2533333333333334,-16.26010101010101,-21.328017676767676,-11.02175505050505,-11.522582972582972,-16.225200817700816,-6.819039201539204
6,5,2,as|cnf|gap&tzi|mrg|ovl,1,1,42.37777777777778,1.4,41.29529914529915,37.333333333333336,1.35,300,-10.612481962481962,-14.871039562289562,-6.7587644300144305,-1.2533333333333334,-16.26010101010101,-21.328017676767676,-11.02175505050505,-11.522582972582972,-16.225200817700816,-6.819039201539204
5,4,2,as|cnf|gap&tzi|mrg,1,1,41.37777777777778,1.42,41.29529914529915,37.333333333333336,1.3533333333333333,300,-10.612481962481962,-14.871039562289562,-6.7587644300144305,-1.25,-16.26010101010101,-21.328017676767676,-11.02175505050505,-11.522582972582972,-16.225200817700816,-6.819039201539204
6,4,2,as&ovl|cnf|gap&tzi|mrg,1,1,41.37777777777778,1.42,41.29529914529915,37.333333333333336,1.3533333333333333,300,-10.612481962481962,-14.871039562289562,-6.7587644300144305,-1.25,-16.26010101010101,-21.328017676767676,-11.02175505050505,-11.522582972582972,-16.225200817700816,-6.819039201539204
4,3,2,cnf|gap&tzi|mrg,1,0,41.37777777777778,1.42,41.29529914529915,37.333333333333336,1.3566666666666667,300,-10.612481962481962,-14.871039562289562,-6.7587644300144305,-1.2466666666666666,-16.26010101010101,-21.328017676767676,-11.02175505050505,-11.522582972582972,-16.225200817700816,-6.819039201539204
5,4,2,cnf&gap|mrg|ovl|tzi,1,0,38.37777777777778,1.4,41.29529914529915,38.0,1.38,300,-10.612481962481962,-14.936040163540163,-6.679544853294855,-1.2233333333333334,-16.26010101010101,-21.113918350168348,-11.371851851851853,-11.522582972582972,-16.44093434343434,-6.872120009620009
5,4,2,as&gap|mrg|ovl|tzi,1,1,38.37777777777778,1.4,41.29529914529915,38.0,1.3833333333333333,300,-10.612481962481962,-14.936040163540163,-6.679544853294855,-1.22,-16.26010101010101,-21.113918350168348,-11.371851851851853,-11.522582972582972,-16.44093434343434,-6.872120009620009
6,4,3,as&cnf&gap|mrg|ovl|tzi,1,1,38.37777777777778,1.4,41.29529914529915,38.0,1.3833333333333333,300,-10.612481962481962,-14.936040163540163,-6.679544853294855,-1.22,-16.26010101010101,-21.113918350168348,-11.371851851851853,-11.522582972582972,-16.44093434343434,-6.872120009620009
6,4,2,as&gap|cnf&ovl|mrg|tzi,1,1,37.37777777777778,1.43,41.29529914529915,38.0,1.3933333333333333,300,-10.612481962481962,-14.936040163540163,-6.679544853294855,-1.21,-16.26010101010101,-21.113918350168348,-11.371851851851853,-11.522582972582972,-16.44093434343434,-6.872120009620009
3,3,1,mrg|ovl|tzi,1,0,38.37777777777778,1.4,41.29529914529915,38.0,1.4,300,-10.612481962481962,-14.936040163540163,-6.679544853294855,-1.2033333333333334,-16.26010101010101,-21.113918350168348,-11.371851851851853,-11.522582972582972,-16.44093434343434,-6.872120009620009
4,3,2,cnf&ovl|mrg|tzi,1,0,37.37777777777778,1.43,41.29529914529915,38.0,1.41,300,-10.612481962481962,-14.936040163540163,-6.679544853294855,-1.1933333333333334,-16.26010101010101,-21.113918350168348,-11.371851851851853,-11.522582972582972,-16.44093434343434,-6.872120009620009
5,4,2,as|cnf&gap|mrg|tzi,1,1,38.37777777777778,1.42,41.18021978021979,38.0,1.4366666666666668,298,-10.727561327561327,-14.61575036075036,-7.07708633958634,-1.1666666666666667,-16.375180375180378,-21.33260642135642,-11.25765392015392,-11.637662337662338,-16.504763107263106,-6.868181818181819
5,4,2,as|gap&ovl|mrg|tzi,1,1,38.37777777777778,1.42,41.18021978021979,38.0,1.44,298,-10.727561327561327,-14.61575036075036,-7.07708633958634,-1.1633333333333333,-16.375180375180378,-21.33260642135642,-11.25765392015392,-11.637662337662338,-16.504763107263106,-6.868181818181819
6,4,3,as|cnf&gap&ovl|mrg|tzi,1,1,38.37777777777778,1.42,41.18021978021979,38.0,1.44,298,-10.727561327561327,-14.61575036075036,-7.07708633958634,-1.1633333333333333,-16.375180375180378,-21.33260642135642,-11.25765392015392,-11.637662337662338,-16.504763107263106,-6.868181818181819
6,4,2,as&cnf|gap&ovl|mrg|tzi,1,1,38.37777777777778,1.42,41.18021978021979,38.0,1.4466666666666668,298,-10.727561327561327,-14.61575036075036,-7.07708633958634,-1.1566666666666667,-16.375180375180378,-21.33260642135642,-11.25765392015392,-11.637662337662338,-16.504763107263106,-6.868181818181819
3,3,1,as|mrg|tzi,1,1,38.37777777777778,1.43,41.18021978021979,38.0,1.4566666666666668,298,-10.727561327561327,-14.61575036075036,-7.07708633958634,-1.1466666666666667,-16.375180375180378,-21.33260642135642,-11.25765392015392,-11.637662337662338,-16.504763107263106,-6.868181818181819
4,3,2,as&cnf|mrg|tzi,1,1,38.37777777777778,1.43,41.18021978021979,38.0,1.4633333333333334,298,-10.727561327561327,-14.61575036075036,-7.07708633958634,-1.14,-16.375180375180378,-21.33260642135642,-11.25765392015392,-11.637662337662338,-16.504763107263106,-6.868181818181819
4,4,1,cnf|gap|mrg|ovl,1,0,41.37777777777778,1.38,40.96196581196581,37.0,1.31,300,-10.945815295815299,-15.181937830687831,-6.797752525252526,-1.2933333333333332,-16.593434343434343,-21.64483164983165,-11.189541245791247,-11.855916305916304,-16.62242845117845,-7.085475589225592
5,5,1,as|cnf|gap|mrg|ovl,1,1,41.37777777777778,1.38,40.96196581196581,37.0,1.31,300,-10.945815295815299,-15.181937830687831,-6.797752525252526,-1.2933333333333332,-16.593434343434343,-21.64483164983165,-11.189541245791247,-11.855916305916304,-16.62242845117845,-7.085475589225592
6,5,2,as&tzi|cnf|gap|mrg|ovl,1,1,41.37777777777778,1.38,40.96196581196581,37.0,1.31,300,-10.945815295815299,-15.181937830687831,-6.797752525252526,-1.2933333333333332,-16.593434343434343,-21.64483164983165,-11.189541245791247,-11.855916305916304,-16.62242845117845,-7.085475589225592
4,4,1,as|cnf|gap|mrg,1,1,40.37777777777778,1.4,40.96196581196581,37.0,1.3133333333333332,300,-10.945815295815299,-15.181937830687831,-6.797752525252526,-1.29,-16.593434343434343,-21.64483164983165,-11.189541245791247,-11.855916305916304,-16.62242845117845,-7.085475589225592
5,4,2,as&ovl|cnf|gap|mrg,1,1,40.37777777777778,1.4,40.96196581196581,37.0,1.3133333333333332,300,-10.945815295815299,-15.181937830687831,-6.797752525252526,-1.29,-16.593434343434343,-21.64483164983165,-11.189541245791247,-11.855916305916304,-16.62242845117845,-7.085475589225592
6,5,2,as|cnf|gap|mrg|ovl&tzi,1,1,40.37777777777778,1.4,40.96196581196581,37.0,1.3133333333333332,300,-10.945815295815299,-15.181937830687831,-6.797752525252526,-1.29,-16.593434343434343,-21.64483164983165,-11.189541245791247,-11.855916305916304,-16.62242845117845,-7.085475589225592
3,3,1,cnf|gap|mrg,1,0,40.37777777777778,1.4,40.96196581196581,37.0,1.3166666666666667,300,-10.945815295815299,-15.181937830687831,-6.797752525252526,-1.2866666666666666,-16.593434343434343,-21.64483164983165,-11.189541245791247,-11.855916305916304,-16.62242845117845,-7.085475589225592
5,4,2,as&tzi|cnf|gap|mrg,1,1,40.37777777777778,1.4,40.96196581196581,37.0,1.3166666666666667,300,-10.945815295815299,-15.181937830687831,-6.797752525252526,-1.2866666666666666,-16.593434343434343,-21.64483164983165,-11.189541245791247,-11.855916305916304,-16.62242845117845,-7.085475589225592
5,4,2,cnf|gap|mrg|ovl&tzi,1,0,40.37777777777778,1.4,40.96196581196581,37.0,1.3166666666666667,300,-10.945815295815299,-15.181937830687831,-6.797752525252526,-1.2866666666666666,-16.593434343434343,-21.64483164983165,-11.189541245791247,-11.855916305916304,-16.62242845117845,-7.085475589225592
6,4,3,as&ovl&tzi|cnf|gap|mrg,1,1,40.37777777777778,1.4,40.96196581196581,37.0,1.3166666666666667,300,-10.945815295815299,-15.181937830687831,-6.797752525252526,-1.2866666666666666,-16.593434343434343,-21.64483164983165,-11.189541245791247,-11.855916305916304,-16.62242845117845,-7.085475589225592
6,5,2,as|cnf&gap|mrg|ovl|tzi,1,1,39.37777777777778,1.35,40.96196581196581,37.666666666666664,1.33,300,-10.945815295815294,-15.13507275132275,-7.014486531986533,-1.2733333333333334,-16.593434343434343,-21.45847643097643,-11.651060606060609,-11.855916305916304,-16.737646705146705,-7.1289177489177495
4,4,1,as|mrg|ovl|tzi,1,1,39.37777777777778,1.35,40.96196581196581,37.666666666666664,1.3333333333333333,300,-10.945815295815294,-15.13507275132275,-7.014486531986533,-1.27,-16.593434343434343,-21.45847643097643,-11.651060606060609,-11.855916305916304,-16.737646705146705,-7.1289177489177495
5,4,2,as&cnf|mrg|ovl|tzi,1,1,39.37777777777778,1.35,40.96196581196581,37.666666666666664,1.3366666666666667,300,-10.945815295815294,-15.13507275132275,-7.014486531986533,-1.2666666666666666,-16.593434343434343,-21.45847643097643,-11.651060606060609,-11.855916305916304,-16.737646705146705,-7.1289177489177495
4,4,1,gap|mrg|ovl|tzi,1,0,37.37777777777778,1.38,40.96196581196581,37.666666666666664,1.34,300,-10.945815295815295,-15.428314093314091,-6.831545815295816,-1.2633333333333334,-16.593434343434343,-21.335067340067337,-11.408998316498318,-11.855916305916304,-16.7850487012987,-7.074414983164984
5,4,2,as|cnf&ovl|mrg|tzi,1,1,38.37777777777778,1.38,40.96196581196581,37.666666666666664,1.34,300,-10.945815295815294,-15.13507275132275,-7.014486531986533,-1.2633333333333334,-16.593434343434343,-21.45847643097643,-11.651060606060609,-11.855916305916304,-16.737646705146705,-7.1289177489177495
5,4,2,cnf&ovl|gap|mrg|tzi,1,0,36.37777777777778,1.41,40.96196581196581,37.666666666666664,1.35,300,-10.945815295815295,-15.428314093314091,-6.831545815295816,-1.2533333333333334,-16.593434343434343,-21.335067340067337,-11.408998316498318,-11.855916305916304,-16.7850487012987,-7.074414983164984
4,4,1,as|gap|mrg|tzi,1,1,37.37777777777778,1.4,40.84688644688645,37.666666666666664,1.3966666666666667,298,-11.060894660894661,-15.134166666666662,-7.1946320346320345,-1.2066666666666668,-16.70851370851371,-21.816653439153438,-11.325007215007215,-11.970995670995672,-16.837912457912456,-7.18060365560366
5,4,2,as&cnf|gap|mrg|tzi,1,1,37.37777777777778,1.4,40.84688644688645,37.666666666666664,1.4033333333333333,298,-11.060894660894661,-15.134166666666662,-7.1946320346320345,-1.2,-16.70851370851371,-21.816653439153438,-11.325007215007215,-11.970995670995672,-16.837912457912456,-7.18060365560366
5,5,1,as|gap|mrg|ovl|tzi,1,1,38.37777777777778,1.33,40.628632478632476,37.333333333333336,1.29,300,-11.27914862914863,-15.598387445887443,-7.21536075036075,-1.3133333333333332,-16.926767676767675,-21.89552609427609,-11.62696548821549,-12.189249639249638,-17.093633357383357,-7.353596681096683
6,5,2,as&cnf|gap|mrg|ovl|tzi,1,1,38.37777777777778,1.33,40.628632478632476,37.333333333333336,1.2933333333333332,300,-11.27914862914863,-15.598387445887443,-7.21536075036075,-1.31,-16.926767676767675,-21.89552609427609,-11.62696548821549,-12.189249639249638,-17.093633357383357,-7.353596681096683
6,5,2,as|cnf&ovl|gap|mrg|tzi,1,1,37.37777777777778,1.36,40.628632478632476,37.333333333333336,1.2966666666666666,300,-11.27914862914863,-15.598387445887443,-7.21536075036075,-1.3066666666666666,-16.926767676767675,-21.89552609427609,-11.62696548821549,-12.189249639249638,-17.093633357383357,-7.353596681096683
4,4,1,cnf|mrg|ovl|tzi,1,0,39.37777777777778,1.31,40.29529914529915,37.0,1.2966666666666666,300,-11.61248196248196,-15.950821308321306,-7.76011483886484,-1.3066666666666666,-17.26010101010101,-22.2050968013468,-12.123400673400674,-12.52258297258297,-17.42602513227513,-7.84957671957672
5,5,1,as|cnf|mrg|ovl|tzi,1,1,39.37777777777778,1.31,40.29529914529915,37.0,1.2966666666666666,300,-11.61248196248196,-15.950821308321306,-7.76011483886484,-1.3066666666666666,-17.26010101010101,-22.2050968013468,-12.123400673400674,-12.52258297258297,-17.42602513227513,-7.84957671957672
6,5,2,as&gap|cnf|mrg|ovl|tzi,1,1,39.37777777777778,1.31,40.29529914529915,37.0,1.2966666666666666,300,-11.61248196248196,-15.950821308321306,-7.76011483886484,-1.3066666666666666,-17.26010101010101,-22.2050968013468,-12.123400673400674,-12.52258297258297,-17.42602513227513,-7.84957671957672
4,4,1,as|cnf|mrg|tzi,1,1,38.37777777777778,1.33,40.29529914529915,37.0,1.3,300,-11.61248196248196,-15.950821308321306,-7.76011483886484,-1.3033333333333332,-17.26010101010101,-22.2050968013468,-12.123400673400674,-12.52258297258297,-17.42602513227513,-7.84957671957672
5,4,2,as&ovl|cnf|mrg|tzi,1,1,38.37777777777778,1.33,40.29529914529915,37.0,1.3,300,-11.61248196248196,-15.950821308321306,-7.76011483886484,-1.3033333333333332,-17.26010101010101,-22.2050968013468,-12.123400673400674,-12.52258297258297,-17.42602513227513,-7.84957671957672
6,5,2,as|cnf|gap&ovl|mrg|tzi,1,1,38.37777777777778,1.33,40.29529914529915,37.0,1.3,300,-11.61248196248196,-15.950821308321306,-7.76011483886484,-1.3033333333333332,-17.26010101010101,-22.2050968013468,-12.123400673400674,-12.52258297258297,-17.42602513227513,-7.84957671957672
3,3,1,cnf|mrg|tzi,1,0,38.37777777777778,1.33,40.29529914529915,37.0,1.3033333333333332,300,-11.61248196248196,-15.950821308321306,-7.76011483886484,-1.3,-17.26010101010101,-22.2050968013468,-12.123400673400674,-12.52258297258297,-17.42602513227513,-7.84957671957672
5,4,2,as&gap|cnf|mrg|tzi,1,1,38.37777777777778,1.33,40.29529914529915,37.0,1.3033333333333332,300,-11.61248196248196,-15.950821308321306,-7.76011483886484,-1.3,-17.26010101010101,-22.2050968013468,-12.123400673400674,-12.52258297258297,-17.42602513227513,-7.84957671957672
5,4,2,cnf|gap&ovl|mrg|tzi,1,0,38.37777777777778,1.33,40.29529914529915,37.0,1.3033333333333332,300,-11.61248196248196,-15.950821308321306,-7.76011483886484,-1.3,-17.26010101010101,-22.2050968013468,-12.123400673400674,-12.52258297258297,-17.42602513227513,-7.84957671957672
6,4,3,as&gap&ovl|cnf|mrg|tzi,1,1,38.37777777777778,1.33,40.29529914529915,37.0,1.3033333333333332,300,-11.61248196248196,-15.950821308321306,-7.76011483886484,-1.3,-17.26010101010101,-22.2050968013468,-12.123400673400674,-12.52258297258297,-17.42602513227513,-7.84957671957672
5,5,1,cnf|gap|mrg|ovl|tzi,1,0,38.37777777777778,1.29,39.96196581196581,36.666666666666664,1.2566666666666666,300,-11.945815295815295,-16.24826058201058,-7.847250481000484,-1.3466666666666667,-17.593434343434346,-22.545054713804713,-12.342079124579126,-12.855916305916304,-17.87512866762867,-8.027982804232806
6,6,1,as|cnf|gap|mrg|ovl|tzi,1,1,38.37777777777778,1.29,39.96196581196581,36.666666666666664,1.2566666666666666,300,-11.945815295815295,-16.24826058201058,-7.847250481000484,-1.3466666666666667,-17.593434343434346,-22.545054713804713,-12.342079124579126,-12.855916305916304,-17.87512866762867,-8.027982804232806
5,5,1,as|cnf|gap|mrg|tzi,1,1,37.37777777777778,1.31,39.96196581196581,36.666666666666664,1.26,300,-11.945815295815295,-16.24826058201058,-7.847250481000484,-1.3433333333333333,-17.593434343434346,-22.545054713804713,-12.342079124579126,-12.855916305916304,-17.87512866762867,-8.027982804232806
6,5,2,as&ovl|cnf|gap|mrg|tzi,1,1,37.37777777777778,1.31,39.96196581196581,36.666666666666664,1.26,300,-11.945815295815295,-16.24826058201058,-7.847250481000484,-1.3433333333333333,-17.593434343434346,-22.545054713804713,-12.342079124579126,-12.855916305916304,-17.87512866762867,-8.027982804232806
4,4,1,cnf|gap|mrg|tzi,1,0,37.37777777777778,1.31,39.96196581196581,36.666666666666664,1.2633333333333334,300,-11.945815295815295,-16.24826058201058,-7.847250481000484,-1.34,-17.593434343434346,-22.545054713804713,-12.342079124579126,-12.855916305916304,-17.87512866762867,-8.027982804232806
