size,n_groups,max_group_size,formula,has_margin,has_answer_stable,tune_f1,tune_calls,eval_f1,eval_em,eval_calls,eval_triggered,diff_f1_vs_as,ci_as_lo,ci_as_hi,diff_calls_vs_as,diff_f1_vs_famA,ci_famA_lo,ci_famA_hi,diff_f1_vs_k3,ci_k3_lo,ci_k3_hi
4,1,4,as&mrg&ovl&tzi,1,1,53.75,4.67,53.528937728937734,49.333333333333336,4.5633333333333335,88,15.22936507936508,11.299246031746032,19.49007936507936,1.9933333333333334,5.553703703703704,2.7380092592592593,8.371666666666664,10.549999999999999,6.998611111111113,14.46347222222222
5,1,5,as&cnf&mrg&ovl&tzi,1,1,53.75,4.7,53.528937728937734,49.333333333333336,4.6066666666666665,88,15.22936507936508,11.299246031746032,19.49007936507936,2.0366666666666666,5.553703703703704,2.7380092592592593,8.371666666666664,10.549999999999999,6.998611111111113,14.46347222222222
5,1,5,as&gap&mrg&ovl&tzi,1,1,53.75,4.76,53.528937728937734,49.333333333333336,4.653333333333333,73,15.22936507936508,11.299246031746032,19.49007936507936,2.0833333333333335,5.553703703703704,2.7380092592592593,8.371666666666664,10.549999999999999,6.998611111111113,14.46347222222222
6,1,6,as&cnf&gap&mrg&ovl&tzi,1,1,53.75,4.79,53.528937728937734,49.333333333333336,4.683333333333334,73,15.22936507936508,11.299246031746032,19.49007936507936,2.1133333333333333,5.553703703703704,2.7380092592592593,8.371666666666664,10.549999999999999,6.998611111111113,14.46347222222222
4,1,4,as&gap&mrg&ovl,1,1,53.75,4.72,53.41782661782663,49.333333333333336,4.62,82,15.118253968253967,11.157539682539682,19.35255952380952,2.05,5.442592592592592,2.636805555555555,8.322453703703705,10.43888888888889,6.9416666666666655,14.396111111111113
5,1,5,as&cnf&gap&mrg&ovl,1,1,53.75,4.75,53.41782661782663,49.333333333333336,4.65,82,15.118253968253967,11.157539682539682,19.35255952380952,2.08,5.442592592592592,2.636805555555555,8.322453703703705,10.43888888888889,6.9416666666666655,14.396111111111113
4,1,4,cnf&mrg&ovl&tzi,1,0,53.75,4.51,53.1956043956044,49.0,4.5,108,14.896031746031746,10.730674603174602,19.33501984126984,1.93,5.220370370370371,2.370324074074074,8.089398148148147,10.216666666666665,6.722222222222221,13.906527777777777
5,1,5,cnf&gap&mrg&ovl&tzi,1,0,53.75,4.65,53.1956043956044,49.0,4.586666666666667,91,14.896031746031746,10.730674603174602,19.33501984126984,2.0166666666666666,5.220370370370371,2.370324074074074,8.089398148148147,10.216666666666665,6.722222222222221,13.906527777777777
4,1,4,cnf&gap&mrg&ovl,1,0,54.75,4.57,53.084493284493284,49.0,4.55,100,14.784920634920635,10.590873015873015,19.283730158730155,1.98,5.109259259259259,2.2862962962962965,7.9272222222222215,10.105555555555554,6.665277777777778,13.752083333333331
3,1,3,mrg&ovl&tzi,1,0,54.75,4.25,52.86227106227107,48.66666666666667,4.253333333333333,121,14.562698412698413,10.259642857142858,18.790615079365082,1.6833333333333333,4.887037037037037,2.0738425925925923,7.800509259259258,9.883333333333333,6.2775,13.586944444444441
4,1,4,gap&mrg&ovl&tzi,1,0,54.75,4.47,52.86227106227107,48.66666666666667,4.38,102,14.562698412698413,10.259642857142858,18.790615079365082,1.81,4.887037037037037,2.0738425925925923,7.800509259259258,9.883333333333333,6.2775,13.586944444444441
3,1,3,gap&mrg&ovl,1,0,55.75,4.39,52.751159951159956,48.66666666666667,4.343333333333334,111,14.4515873015873,10.139186507936508,18.785059523809526,1.7733333333333334,4.775925925925926,2.0370370370370368,7.655648148148147,9.772222222222222,6.263472222222221,13.457777777777777
4,1,4,as&cnf&mrg&ovl,1,1,52.75,4.4,52.751159951159956,48.66666666666667,4.35,149,14.4515873015873,10.585317460317462,18.759384920634922,1.78,4.775925925925926,1.8700925925925922,7.495231481481482,9.772222222222222,6.188888888888889,13.48486111111111
4,1,4,as&gap&mrg&tzi,1,1,53.75,4.46,52.640048840048834,48.66666666666667,4.276666666666666,139,14.34047619047619,10.496686507936507,18.557242063492062,1.7066666666666668,4.6648148148148145,1.9530092592592592,7.5539351851851855,9.661111111111111,6.287777777777778,13.18486111111111
5,1,5,as&cnf&gap&mrg&tzi,1,1,53.75,4.52,52.640048840048834,48.66666666666667,4.316666666666666,139,14.34047619047619,10.496686507936507,18.557242063492062,1.7466666666666666,4.6648148148148145,1.9530092592592592,7.5539351851851855,9.661111111111111,6.287777777777778,13.18486111111111
3,1,3,as&gap&mrg,1,1,53.75,4.36,52.52893772893773,48.66666666666667,4.226666666666667,154,14.229365079365078,10.333333333333334,18.44686507936508,1.6566666666666667,4.553703703703704,1.8425925925925926,7.479907407407406,9.55,6.133333333333333,13.05208333333333
3,1,3,as&mrg&ovl,1,1,52.75,4.35,52.52893772893773,48.66666666666667,4.266666666666667,151,14.229365079365078,10.388273809523808,18.537162698412697,1.6966666666666668,4.553703703703704,1.7304629629629629,7.304444444444444,9.55,5.888472222222221,13.239027777777778
4,1,4,as&cnf&gap&mrg,1,1,53.75,4.44,52.52893772893773,48.66666666666667,4.27,154,14.229365079365078,10.333333333333334,18.44686507936508,1.7,4.553703703703704,1.8425925925925926,7.479907407407406,9.55,6.133333333333333,13.05208333333333
3,1,3,cnf&mrg&ovl,1,0,53.0,4.07,52.50115995115995,48.333333333333336,4.156666666666666,176,14.2015873015873,10.09202380952381,18.624603174603177,1.5866666666666667,4.525925925925925,1.7027777777777777,7.455277777777777,9.522222222222222,6.330555555555556,13.21111111111111
3,1,3,as&mrg&tzi,1,1,53.75,4.32,52.47338217338218,48.66666666666667,4.126666666666667,163,14.173809523809524,10.355456349206348,18.37422619047619,1.5566666666666666,4.498148148148148,1.7858333333333334,7.316111111111109,9.494444444444444,6.110277777777777,13.0
4,1,4,as&cnf&mrg&tzi,1,1,53.75,4.38,52.47338217338218,48.66666666666667,4.176666666666667,163,14.173809523809524,10.355456349206348,18.37422619047619,1.6066666666666667,4.498148148148148,1.7858333333333334,7.316111111111109,9.494444444444444,6.110277777777777,13.0
4,1,4,as&cnf&ovl&tzi,0,1,51.74999999999999,4.53,52.3956043956044,48.333333333333336,4.483333333333333,104,14.096031746031745,10.229067460317461,18.29716269841269,1.9133333333333333,4.420370370370371,1.2420833333333332,7.43212962962963,9.416666666666666,6.277083333333334,13.194444444444443
5,1,5,as&cnf&gap&ovl&tzi,0,1,52.75,4.64,52.3956043956044,48.333333333333336,4.573333333333333,87,14.096031746031745,10.229067460317461,18.29716269841269,2.0033333333333334,4.420370370370371,1.2420833333333332,7.43212962962963,9.416666666666666,6.277083333333334,13.194444444444443
4,1,4,cnf&gap&mrg&tzi,1,0,52.75,4.37,52.306715506715506,48.333333333333336,4.226666666666667,147,14.007142857142856,9.983690476190477,18.223948412698416,1.6566666666666667,4.3314814814814815,1.6293981481481483,7.1930092592592585,9.327777777777778,6.027777777777777,12.834583333333333
3,1,3,cnf&gap&mrg,1,0,53.75,4.25,52.19560439560439,48.333333333333336,4.17,162,13.896031746031746,9.855,18.114325396825397,1.6,4.22037037037037,1.517777777777778,7.054814814814813,9.216666666666667,5.965416666666666,12.686249999999996
3,1,3,cnf&mrg&tzi,1,0,52.75,4.2,52.140048840048834,48.333333333333336,4.08,171,13.840476190476192,9.830615079365081,18.05728174603175,1.51,4.1648148148148145,1.3683333333333336,7.026342592592592,9.161111111111111,5.911111111111111,12.58
3,1,3,cnf&ovl&tzi,0,0,51.74999999999999,4.32,52.06227106227107,48.0,4.373333333333333,124,13.762698412698413,9.753948412698412,17.964623015873016,1.8033333333333332,4.087037037037038,0.8888888888888888,7.099027777777776,9.083333333333334,5.944444444444444,12.613194444444439
4,1,4,cnf&gap&ovl&tzi,0,0,52.75,4.49,52.06227106227107,48.0,4.473333333333334,105,13.762698412698413,9.753948412698412,17.964623015873016,1.9033333333333333,4.087037037037038,0.8888888888888888,7.099027777777776,9.083333333333334,5.944444444444444,12.613194444444439
2,1,2,mrg&ovl,1,0,54.0,3.75,51.945604395604406,48.0,3.8266666666666667,193,13.646031746031746,9.500714285714286,17.890714285714285,1.2566666666666666,3.9703703703703708,1.3658333333333332,6.883425925925926,8.966666666666665,5.666666666666666,12.611111111111109
4,1,4,as&cnf&gap&ovl,0,1,52.75,4.6,51.61782661782662,47.66666666666667,4.51,97,13.318253968253968,9.699166666666667,17.603690476190476,1.94,3.6425925925925924,0.5754166666666667,6.748333333333332,8.638888888888888,5.470833333333332,12.335416666666665
3,1,3,cnf&gap&ovl,0,0,53.75,4.41,51.28449328449328,47.333333333333336,4.403333333333333,116,12.984920634920636,9.055555555555554,17.187023809523808,1.8333333333333333,3.309259259259259,0.22018518518518523,6.3667592592592595,8.305555555555555,5.277083333333333,11.918055555555556
4,1,4,as&gap&ovl&tzi,0,1,50.74999999999999,4.37,51.240048840048836,47.66666666666667,4.343333333333334,95,12.940476190476192,9.212797619047619,16.99295634920635,1.7733333333333334,3.264814814814815,0.10111111111111123,6.302175925925925,8.261111111111111,4.983194444444444,11.830694444444442
2,1,2,cnf&mrg,1,0,49.333333333333336,3.51,51.112271062271056,47.333333333333336,3.533333333333333,285,12.812698412698412,9.012380952380953,16.661349206349207,0.9633333333333334,3.1370370370370373,0.008981481481481467,6.14824074074074,8.133333333333333,5.133333333333334,11.466666666666667
3,1,3,as&cnf&mrg,1,1,51.74999999999999,3.88,51.112271062271056,47.333333333333336,3.743333333333333,270,12.812698412698412,9.244285714285713,16.645396825396823,1.1733333333333333,3.1370370370370373,-0.08337962962962964,6.102083333333333,8.133333333333333,5.065,11.6
3,1,3,as&ovl&tzi,0,1,49.75,4.24,51.073382173382164,47.66666666666667,4.1866666666666665,114,12.773809523809524,9.11111111111111,16.77390873015873,1.6166666666666667,3.098148148148148,-0.16111111111111104,6.098842592592592,8.094444444444445,4.892916666666666,11.585694444444442
6,2,3,as&gap&mrg|cnf&ovl&tzi,1,1,51.74999999999999,3.95,51.06227106227107,47.333333333333336,3.9566666666666666,179,12.76269841269841,9.053789682539682,17.005337301587296,1.3866666666666667,3.087037037037038,0.06587962962962975,6.215277777777778,8.083333333333332,5.166666666666667,11.416666666666666
2,1,2,as&mrg,1,1,51.74999999999999,3.77,50.89004884004884,47.333333333333336,3.66,271,12.59047619047619,8.967936507936509,16.394365079365077,1.09,2.9148148148148145,-0.28388888888888864,5.874675925925925,7.911111111111111,4.976111111111112,11.333333333333332
3,1,3,gap&mrg&tzi,1,0,53.75,4.14,50.70671550671552,47.0,4.006666666666667,147,12.407142857142858,8.062658730158729,16.957658730158727,1.4366666666666668,2.7314814814814814,-0.2397685185185185,5.915370370370369,7.727777777777776,3.9766666666666666,11.629027777777775
2,1,2,gap&mrg,1,0,54.75,3.97,50.5956043956044,47.0,3.933333333333333,162,12.296031746031744,7.971666666666666,16.835198412698414,1.3633333333333333,2.6203703703703707,-0.35212962962962957,5.8281481481481485,7.616666666666667,3.882916666666667,11.567083333333334
2,1,2,mrg&tzi,1,0,53.75,3.9,50.54004884004885,47.0,3.82,171,12.240476190476192,7.892222222222221,16.686825396825398,1.25,2.5648148148148144,-0.39699074074074064,5.752314814814814,7.56111111111111,3.9090277777777778,11.451527777777777
3,1,3,as&gap&ovl,0,1,49.75,4.31,50.46227106227106,47.0,4.263333333333334,106,12.162698412698415,8.629761904761905,16.056051587301585,1.6933333333333334,2.4870370370370374,-0.6059722222222221,5.542731481481482,7.483333333333333,4.26625,11.085416666666665
6,2,3,as&mrg&tzi|cnf&gap&ovl,1,1,53.75,4.0,50.22893772893773,46.666666666666664,3.8866666666666667,180,11.92936507936508,8.31123015873016,16.005734126984127,1.3166666666666667,2.253703703703704,-0.8225000000000001,5.284259259259258,7.249999999999999,4.331250000000001,10.583333333333334
6,2,3,as&ovl&tzi|cnf&gap&mrg,1,1,50.74999999999999,3.8,49.962271062271064,46.666666666666664,3.76,182,11.662698412698413,7.995932539682539,15.714285714285714,1.19,1.9870370370370372,-1.1880555555555554,4.87662037037037,6.983333333333333,3.916666666666667,10.383333333333333
3,1,3,as&cnf&ovl,0,1,47.75,4.07,49.617826617826616,45.666666666666664,4.1033333333333335,181,11.318253968253968,7.924801587301587,15.017261904761906,1.5333333333333334,1.6425925925925928,-1.4150462962962966,4.692777777777778,6.638888888888888,3.6666666666666665,9.945833333333333
5,2,3,cnf&ovl&tzi|gap&mrg,1,0,53.75,3.66,49.462271062271064,46.0,3.73,181,11.162698412698411,7.063829365079366,15.612301587301584,1.16,1.4870370370370374,-1.6742592592592591,4.90398148148148,6.4833333333333325,3.1991666666666667,10.083333333333332
6,2,4,as&cnf&ovl&tzi|gap&mrg,1,1,53.75,3.74,49.462271062271064,46.0,3.7466666666666666,179,11.162698412698411,7.063829365079366,15.612301587301584,1.1766666666666667,1.4870370370370374,-1.6742592592592591,4.90398148148148,6.4833333333333325,3.1991666666666667,10.083333333333332
5,2,3,as&mrg|cnf&ovl&tzi,1,1,49.75,3.47,49.423382173382166,46.0,3.473333333333333,279,11.123809523809522,7.679365079365079,15.016111111111108,0.9033333333333333,1.4481481481481484,-1.8667129629629626,4.68486111111111,6.444444444444445,3.6666666666666665,9.777777777777779
6,2,4,as&mrg|cnf&gap&ovl&tzi,1,1,50.74999999999999,3.53,49.423382173382166,46.0,3.49,277,11.123809523809522,7.679365079365079,15.016111111111108,0.92,1.4481481481481484,-1.8667129629629626,4.68486111111111,6.444444444444445,3.6666666666666665,9.777777777777779
6,2,3,as&gap&ovl|cnf&mrg&tzi,1,1,49.75,3.82,49.2956043956044,46.0,3.7466666666666666,183,10.996031746031747,7.249999999999999,14.748115079365077,1.1766666666666667,1.3203703703703704,-1.8372685185185187,4.2280092592592595,6.316666666666666,3.25,9.667916666666665
3,1,3,gap&ovl&tzi,0,0,50.74999999999999,4.09,49.240048840048836,45.666666666666664,3.9566666666666666,125,10.94047619047619,6.91190476190476,14.679563492063489,1.3866666666666667,1.2648148148148148,-1.860046296296296,4.203749999999999,6.26111111111111,2.9991666666666665,9.75
4,1,4,as&cnf&gap&tzi,0,1,52.75,4.28,49.173382173382166,45.33333333333333,4.076666666666667,150,10.873809523809522,7.488888888888889,14.641765873015872,1.5066666666666666,1.198148148148148,-2.22787037037037,4.405648148148147,6.194444444444444,3.5826388888888894,9.139583333333333
1,1,1,mrg,1,0,48.333333333333336,3.0,49.06782661782662,46.0,3.14,286,10.768253968253969,6.666428571428572,14.978333333333332,0.57,1.0925925925925928,-2.0006481481481484,4.320694444444445,6.088888888888889,2.644444444444445,9.777777777777779
5,2,3,as&ovl&tzi|cnf&mrg,1,1,46.333333333333336,3.16,49.0456043956044,45.666666666666664,3.2266666666666666,288,10.746031746031747,7.1876984126984125,14.271031746031746,0.6566666666666666,1.0703703703703704,-2.342685185185185,4.011111111111109,6.066666666666666,3.1333333333333333,9.073333333333327
6,2,4,as&gap&ovl&tzi|cnf&mrg,1,1,47.333333333333336,3.19,49.0456043956044,45.666666666666664,3.28,286,10.746031746031747,7.1876984126984125,14.271031746031746,0.71,1.0703703703703704,-2.342685185185185,4.011111111111109,6.066666666666666,3.1333333333333333,9.073333333333327
2,1,2,cnf&ovl,0,0,48.30555555555556,3.71,49.03449328449329,45.0,3.88,215,10.734920634920634,7.220555555555555,14.458015873015869,1.31,1.0592592592592593,-1.8969907407407405,4.057453703703703,6.055555555555555,3.4444444444444438,9.222222222222221
3,1,3,as&cnf&tzi,0,1,50.74999999999999,4.09,49.0067155067155,45.33333333333333,3.91,176,10.707142857142856,7.420039682539683,14.409067460317457,1.34,1.0314814814814812,-2.3782870370370373,4.239166666666666,6.027777777777777,3.3611111111111107,8.917361111111111
2,1,2,ovl&tzi,0,0,49.75,3.83,48.82338217338217,45.33333333333333,3.76,147,10.523809523809522,6.522519841269841,14.414186507936508,1.19,0.8481481481481481,-2.354814814814815,3.6373148148148147,5.844444444444444,2.5829166666666667,9.327916666666667
5,2,3,as&mrg|cnf&gap&ovl,1,1,51.74999999999999,3.5,48.7567155067155,45.33333333333333,3.453333333333333,277,10.457142857142857,7.000000000000001,14.14968253968254,0.8833333333333333,0.7814814814814814,-2.7862962962962956,3.9236111111111103,5.777777777777778,3.111111111111111,8.777777777777779
5,2,3,cnf&gap&ovl|mrg&tzi,1,0,54.75,3.68,48.62893772893773,45.33333333333333,3.6466666666666665,182,10.329365079365079,6.234642857142856,14.746825396825397,1.0766666666666667,0.6537037037037039,-2.5980092592592587,3.9733333333333323,5.6499999999999995,2.31625,9.25
6,2,4,as&cnf&gap&ovl|mrg&tzi,1,1,53.75,3.74,48.62893772893773,45.33333333333333,3.66,181,10.329365079365079,6.234642857142856,14.746825396825397,1.09,0.6537037037037039,-2.5980092592592587,3.9733333333333323,5.6499999999999995,2.31625,9.25
3,1,3,cnf&gap&tzi,0,0,52.75,4.1,48.5067155067155,44.666666666666664,3.993333333333333,151,10.207142857142856,6.869623015873015,13.974027777777778,1.4233333333333333,0.5314814814814814,-2.94837962962963,3.783333333333333,5.527777777777778,2.998611111111111,8.277777777777777
3,1,3,as&cnf&gap,0,1,52.75,4.2,48.395604395604394,44.666666666666664,3.986666666666667,165,10.096031746031747,6.79045634920635,13.668849206349206,1.4166666666666667,0.42037037037037034,-2.918703703703704,3.5617592592592584,5.416666666666667,2.9145833333333337,8.25
5,2,3,as&gap&ovl|cnf&mrg,1,1,46.333333333333336,3.18,48.37893772893773,45.0,3.24,286,10.079365079365079,6.666666666666667,13.55674603174603,0.67,0.4037037037037038,-3.026527777777778,3.4168055555555554,5.4,2.5333333333333337,8.399999999999999
5,2,3,cnf&gap&mrg|ovl&tzi,1,0,50.74999999999999,3.56,48.37893772893773,45.0,3.5233333333333334,187,10.079365079365079,6.083234126984127,13.82549603174603,0.9533333333333334,0.4037037037037038,-2.731296296296296,3.1933333333333334,5.4,2.0658333333333334,8.717083333333333
5,2,3,as&gap&mrg|ovl&tzi,1,1,49.75,3.58,48.37893772893773,45.0,3.53,187,10.079365079365079,6.083234126984127,13.82549603174603,0.96,0.4037037037037038,-2.731296296296296,3.1933333333333334,5.4,2.0658333333333334,8.717083333333333
6,2,4,as&cnf&gap&mrg|ovl&tzi,1,1,49.75,3.64,48.37893772893773,45.0,3.5533333333333332,187,10.079365079365079,6.083234126984127,13.82549603174603,0.9833333333333333,0.4037037037037038,-2.731296296296296,3.1933333333333334,5.4,2.0658333333333334,8.717083333333333
5,2,3,as&ovl&tzi|gap&mrg,1,1,51.74999999999999,3.54,48.362271062271056,45.33333333333333,3.546666666666667,182,10.062698412698412,6.02329365079365,14.25765873015873,0.9766666666666667,0.3870370370370371,-2.7890277777777777,3.4849537037037006,5.383333333333333,2.115,9.050833333333333
2,1,2,cnf&tzi,0,0,50.74999999999999,3.88,48.34004884004884,44.666666666666664,3.82,177,10.04047619047619,6.694444444444445,13.692440476190477,1.25,0.36481481481481476,-3.0356944444444443,3.5986111111111114,5.361111111111111,2.9166666666666665,8.027777777777777
6,2,3,as&cnf&tzi|gap&mrg&ovl,1,1,52.75,3.83,48.22893772893773,44.666666666666664,3.7266666666666666,186,9.929365079365079,6.444345238095238,13.676884920634919,1.1566666666666667,0.2537037037037037,-3.2346759259259263,3.3138425925925903,5.25,2.5833333333333335,8.25
5,2,3,as&gap&mrg|cnf&tzi,1,1,50.74999999999999,3.74,48.22893772893773,44.666666666666664,3.73,192,9.929365079365079,6.555,13.581269841269838,1.16,0.2537037037037037,-3.1709722222222214,3.4871296296296297,5.25,2.666666666666667,7.916666666666666
6,2,4,as&gap&mrg&ovl|cnf&tzi,1,1,50.74999999999999,3.83,48.22893772893773,44.666666666666664,3.7666666666666666,186,9.929365079365079,6.555,13.581269841269838,1.1966666666666668,0.2537037037037037,-3.1709722222222214,3.4871296296296297,5.25,2.666666666666667,7.916666666666666
5,2,3,as&gap&mrg|cnf&ovl,1,1,48.30555555555556,3.39,48.145604395604394,44.333333333333336,3.4966666666666666,259,9.846031746031745,6.443650793650793,13.500357142857144,0.9266666666666666,0.17037037037037037,-2.8580555555555556,3.048749999999999,5.166666666666667,2.666666666666667,8.0
6,2,4,as&gap&mrg&tzi|cnf&ovl,1,1,48.30555555555556,3.44,48.145604395604394,44.333333333333336,3.513333333333333,255,9.846031746031745,6.443650793650793,13.500357142857144,0.9433333333333334,0.17037037037037037,-2.8580555555555556,3.048749999999999,5.166666666666667,2.666666666666667,8.0
2,1,2,gap&ovl,0,0,49.75,3.98,48.12893772893773,44.666666666666664,3.86,136,9.829365079365079,5.991369047619049,13.639484126984128,1.29,0.15370370370370376,-3.0074537037037037,2.9762037037037032,5.1499999999999995,1.9,8.583333333333334
5,2,3,as&mrg&tzi|cnf&ovl,1,1,48.30555555555556,3.41,47.97893772893773,44.333333333333336,3.4466666666666668,262,9.679365079365079,6.345714285714286,13.333650793650792,0.8766666666666667,0.003703703703703691,-3.0593518518518517,2.83912037037037,5.0,2.666666666666667,8.0
4,2,3,cnf&ovl&tzi|mrg,1,0,47.333333333333336,2.85,47.93449328449329,45.0,3.0233333333333334,288,9.634920634920634,5.843095238095238,13.735555555555553,0.4533333333333333,-0.040740740740740446,-3.374953703703704,3.264861111111111,4.955555555555556,1.955555555555556,8.466666666666667
5,2,4,as&cnf&ovl&tzi|mrg,1,1,47.333333333333336,2.87,47.93449328449329,45.0,3.03,288,9.634920634920634,5.843095238095238,13.735555555555553,0.46,-0.040740740740740446,-3.374953703703704,3.264861111111111,4.955555555555556,1.955555555555556,8.466666666666667
5,2,4,cnf&gap&ovl&tzi|mrg,1,0,48.333333333333336,2.86,47.93449328449329,45.0,3.0366666666666666,286,9.634920634920634,5.843095238095238,13.735555555555553,0.4666666666666667,-0.040740740740740446,-3.374953703703704,3.264861111111111,4.955555555555556,1.955555555555556,8.466666666666667
6,2,5,as&cnf&gap&ovl&tzi|mrg,1,1,48.333333333333336,2.88,47.93449328449329,45.0,3.0433333333333334,286,9.634920634920634,5.843095238095238,13.735555555555553,0.47333333333333333,-0.040740740740740446,-3.374953703703704,3.264861111111111,4.955555555555556,1.955555555555556,8.466666666666667
5,2,3,cnf&tzi|gap&mrg&ovl,1,0,52.75,3.72,47.895604395604394,44.333333333333336,3.68,186,9.596031746031745,6.040158730158731,13.374920634920631,1.11,-0.07962962962962965,-3.583796296296297,3.2115277777777775,4.916666666666666,2.25,7.833333333333334
6,2,3,as&cnf&gap|mrg&ovl&tzi,1,1,53.75,3.8,47.72893772893773,44.0,3.7133333333333334,185,9.429365079365079,6.045992063492064,13.11297619047619,1.1433333333333333,-0.24629629629629632,-3.60837962962963,2.855787037037037,4.75,2.0,7.666666666666666
6,2,4,as&mrg&ovl&tzi|cnf&gap,1,1,53.75,3.88,47.72893772893773,44.0,3.783333333333333,181,9.429365079365079,6.19375,13.073849206349205,1.2133333333333334,-0.24629629629629632,-3.696944444444444,2.976712962962962,4.75,2.247916666666667,7.5
2,1,2,cnf&gap,0,0,53.75,3.98,47.72893772893773,44.0,3.8933333333333335,166,9.429365079365079,6.19375,13.073849206349205,1.3233333333333333,-0.24629629629629632,-3.696944444444444,2.976712962962962,4.75,2.247916666666667,7.5
5,2,3,cnf&mrg|gap&ovl&tzi,1,0,47.333333333333336,3.08,47.712271062271064,44.333333333333336,3.0833333333333335,288,9.412698412698411,5.857142857142858,12.88888888888889,0.5133333333333333,-0.2629629629629629,-3.861481481481481,2.8210648148148145,4.733333333333333,1.7316666666666667,7.666666666666666
5,2,3,as&gap&ovl|mrg&tzi,1,1,50.74999999999999,3.54,47.69560439560439,44.666666666666664,3.51,183,9.396031746031746,5.3681150793650785,13.538333333333332,0.94,-0.27962962962962956,-3.430185185185185,2.7594444444444446,4.716666666666666,1.3654166666666667,8.401249999999997
5,2,3,as&mrg&tzi|gap&ovl,1,1,49.75,3.69,47.62893772893773,44.333333333333336,3.53,185,9.329365079365077,5.5500992063492065,13.107936507936508,0.96,-0.3462962962962962,-3.5444907407407413,2.4336111111111105,4.65,1.4000000000000001,7.916666666666666
5,2,3,cnf&mrg&tzi|gap&ovl,1,0,49.75,3.66,47.62893772893773,44.333333333333336,3.533333333333333,185,9.329365079365077,5.5500992063492065,13.107936507936508,0.9633333333333334,-0.3462962962962962,-3.5444907407407413,2.4336111111111105,4.65,1.4000000000000001,7.916666666666666
6,2,4,as&cnf&mrg&tzi|gap&ovl,1,1,49.75,3.73,47.62893772893773,44.333333333333336,3.56,185,9.329365079365077,5.5500992063492065,13.107936507936508,0.99,-0.3462962962962962,-3.5444907407407413,2.4336111111111105,4.65,1.4000000000000001,7.916666666666666
6,2,4,as&cnf&gap&tzi|mrg&ovl,1,1,53.0,3.38,47.59004884004884,44.0,3.3766666666666665,242,9.290476190476191,5.888333333333332,13.346031746031747,0.8066666666666666,-0.38518518518518513,-3.633055555555556,2.6945833333333336,4.611111111111111,2.0,7.4444444444444455
5,2,3,as&mrg&tzi|cnf&gap,1,1,53.75,3.8,47.562271062271066,44.0,3.703333333333333,190,9.262698412698413,6.027083333333333,12.853749999999998,1.1333333333333333,-0.412962962962963,-3.864074074074074,2.8113888888888865,4.583333333333333,2.0,7.168749999999998
6,2,3,as&mrg&ovl|cnf&gap&tzi,1,1,51.74999999999999,3.68,47.5067155067155,44.0,3.5866666666666664,229,9.207142857142857,6.008412698412698,12.929444444444444,1.0166666666666666,-0.46851851851851845,-3.7234722222222216,2.666620370370369,4.527777777777778,2.0548611111111112,7.222916666666666
4,2,2,cnf&mrg|ovl&tzi,1,0,46.333333333333336,2.98,47.462271062271064,44.0,3.013333333333333,290,9.162698412698411,5.499305555555556,12.777777777777777,0.44333333333333336,-0.5129629629629628,-4.217268518518518,2.5335648148148144,4.4833333333333325,1.3808333333333336,7.416666666666667
4,2,2,as&mrg|cnf&ovl,1,1,47.30555555555556,3.21,47.42338217338217,44.0,3.26,292,9.123809523809523,5.834603174603175,12.61301587301587,0.69,-0.5518518518518518,-3.9654166666666666,2.2890277777777777,4.444444444444445,2.111111111111111,7.222222222222223
5,2,3,as&cnf&tzi|mrg&ovl,1,1,51.0,3.34,47.42338217338217,44.0,3.3133333333333335,249,9.123809523809523,5.679047619047619,13.012777777777776,0.7433333333333333,-0.5518518518518518,-3.7708333333333335,2.600185185185185,4.444444444444445,1.8888888888888888,7.333333333333333
5,2,3,cnf&gap|mrg&ovl&tzi,1,0,54.75,3.68,47.3956043956044,43.666666666666664,3.6633333333333336,185,9.096031746031747,5.813373015873015,12.79065476190476,1.0933333333333333,-0.5796296296296297,-4.059629629629629,2.5775925925925915,4.416666666666667,1.8333333333333333,7.166666666666667
6,2,3,as&cnf&mrg|gap&ovl&tzi,1,1,48.75,3.34,47.37893772893773,44.0,3.223333333333333,281,9.079365079365077,5.379761904761905,12.555555555555555,0.6533333333333333,-0.5962962962962962,-4.223703703703704,2.509398148148148,4.3999999999999995,1.4000000000000001,7.3999999999999995
5,2,3,as&mrg&ovl|cnf&tzi,1,1,49.75,3.55,47.34004884004884,44.0,3.4966666666666666,240,9.040476190476191,5.883849206349207,12.633194444444444,0.9266666666666666,-0.6351851851851852,-3.8778240740740744,2.539814814814814,4.361111111111112,1.8888888888888888,6.91736111111111
4,2,3,cnf&gap&ovl|mrg,1,0,48.333333333333336,2.86,47.26782661782663,44.333333333333336,3.006666666666667,286,8.968253968253968,5.221666666666666,12.978650793650795,0.43666666666666665,-0.7074074074074072,-4.2780555555555555,2.5489351851851847,4.28888888888889,1.242777777777778,7.558333333333331
5,2,4,as&cnf&gap&ovl|mrg,1,1,48.333333333333336,2.88,47.26782661782663,44.333333333333336,3.02,286,8.968253968253968,5.221666666666666,12.978650793650795,0.45,-0.7074074074074072,-4.2780555555555555,2.5489351851851847,4.28888888888889,1.242777777777778,7.558333333333331
5,2,3,cnf&gap&tzi|mrg&ovl,1,0,53.0,3.3,47.2567155067155,43.666666666666664,3.3366666666666664,242,8.957142857142857,5.610873015873015,12.833650793650792,0.7666666666666667,-0.7185185185185186,-4.083657407407407,2.382222222222221,4.277777777777779,1.7777777777777781,7.1111111111111125
5,2,3,as&mrg|gap&ovl&tzi,1,1,48.75,3.25,47.15671550671551,44.0,3.16,282,8.857142857142856,5.22063492063492,12.413492063492065,0.59,-0.8185185185185184,-4.403472222222223,2.2748611111111106,4.177777777777777,1.0883333333333336,7.1111111111111125
5,2,3,as&cnf&mrg|ovl&tzi,1,1,47.75,3.21,47.12893772893773,43.666666666666664,3.1466666666666665,283,8.829365079365079,5.138194444444444,12.413492063492061,0.5766666666666667,-0.8462962962962962,-4.550601851851852,2.2557870370370368,4.1499999999999995,1.0666666666666669,7.217499999999999
4,2,2,gap&mrg|ovl&tzi,1,0,50.74999999999999,3.39,47.11227106227106,44.0,3.3933333333333335,187,8.812698412698412,4.647916666666667,12.761805555555553,0.8233333333333334,-0.8629629629629628,-4.178148148148147,2.3899999999999992,4.133333333333333,0.6162500000000002,7.717499999999999
4,2,2,cnf&tzi|mrg&ovl,1,0,51.0,3.26,47.09004884004884,43.666666666666664,3.27,249,8.79047619047619,5.3901587301587295,12.666984126984126,0.7,-0.8851851851851852,-4.250740740740741,2.2101388888888884,4.111111111111112,1.6666666666666667,6.888888888888889
4,2,3,as&ovl&tzi|mrg,1,1,45.333333333333336,2.67,47.001159951159956,44.333333333333336,2.8633333333333333,289,8.701587301587303,5.0216666666666665,12.733650793650794,0.29333333333333333,-0.9740740740740738,-4.358425925925926,2.3023148148148143,4.022222222222222,0.7994444444444446,7.467777777777776
5,2,4,as&gap&ovl&tzi|mrg,1,1,46.333333333333336,2.7,47.001159951159956,44.333333333333336,2.91,287,8.701587301587303,5.0216666666666665,12.733650793650794,0.34,-0.9740740740740738,-4.358425925925926,2.3023148148148143,4.022222222222222,0.7994444444444446,7.467777777777776
5,2,3,as&cnf&tzi|gap&mrg,1,1,52.75,3.57,46.96227106227106,43.666666666666664,3.5533333333333332,192,8.662698412698413,4.977678571428571,12.744067460317456,0.9833333333333333,-1.0129629629629628,-4.518518518518517,2.4649999999999994,3.9833333333333334,1.0,7.23375
5,2,3,as&ovl&tzi|cnf&gap,0,1,50.74999999999999,3.72,46.96227106227106,43.666666666666664,3.61,185,8.662698412698413,5.5507936507936515,12.163293650793651,1.04,-1.0129629629629628,-4.529999999999999,2.137037037037035,3.9833333333333334,1.4495833333333332,6.650416666666667
5,2,3,as&gap&ovl|cnf&tzi,0,1,47.75,3.69,46.96227106227106,43.666666666666664,3.6133333333333333,188,8.662698412698413,5.5507936507936515,12.163293650793651,1.0433333333333332,-1.0129629629629628,-4.529999999999999,2.137037037037035,3.9833333333333334,1.4495833333333332,6.650416666666667
5,2,3,as&cnf&gap|mrg&ovl,1,1,53.0,3.35,46.92338217338217,43.333333333333336,3.3233333333333333,248,8.623809523809523,5.331944444444444,12.668531746031746,0.7533333333333333,-1.0518518518518518,-4.2077777777777765,2.087962962962962,3.9444444444444446,1.4444444444444446,6.668055555555555
4,2,2,as&mrg|ovl&tzi,1,1,47.75,3.12,46.90671550671551,43.666666666666664,3.09,284,8.607142857142856,5.027579365079364,12.242757936507935,0.52,-1.0685185185185184,-4.722685185185186,1.925925925925926,3.927777777777778,0.7941666666666667,6.889166666666665
5,2,3,as&mrg&ovl|cnf&gap,1,1,52.75,3.6,46.84004884004884,43.333333333333336,3.52,235,8.54047619047619,5.400099206349205,12.127281746031741,0.95,-1.135185185185185,-4.467453703703703,2.0874537037037033,3.861111111111111,1.4444444444444446,6.583333333333333
5,2,3,as&cnf&ovl|gap&mrg,1,1,49.75,3.32,46.79560439560439,43.333333333333336,3.4066666666666667,246,8.496031746031745,4.697341269841269,12.359900793650795,0.8366666666666667,-1.1796296296296296,-4.476018518518518,1.889166666666666,3.816666666666666,0.75,7.168333333333332
6,2,3,as&cnf&ovl|gap&mrg&tzi,1,1,48.75,3.45,46.79560439560439,43.333333333333336,3.44,241,8.496031746031745,4.697341269841269,12.359900793650795,0.87,-1.1796296296296296,-4.476018518518518,1.889166666666666,3.816666666666666,0.75,7.168333333333332
4,2,2,as&mrg|cnf&tzi,1,1,48.75,3.29,46.7567155067155,43.333333333333336,3.3033333333333332,285,8.457142857142856,5.333333333333334,11.803968253968252,0.7333333333333333,-1.2185185185185183,-4.929768518518519,2.2752314814814802,3.7777777777777777,1.663888888888889,6.113888888888887
5,2,3,as&mrg|cnf&gap&tzi,1,1,50.74999999999999,3.37,46.7567155067155,43.333333333333336,3.3366666666666664,283,8.457142857142856,5.333333333333334,11.803968253968252,0.7666666666666667,-1.2185185185185183,-4.929768518518519,2.2752314814814802,3.7777777777777777,1.663888888888889,6.113888888888887
2,1,2,as&ovl,0,1,43.083333333333336,3.54,46.74004884004884,43.666666666666664,3.5433333333333334,203,8.44047619047619,5.360416666666667,11.691071428571426,0.9733333333333334,-1.2351851851851852,-4.18125,1.481944444444444,3.761111111111111,0.7326388888888891,7.177777777777777
4,2,2,cnf&mrg|gap&ovl,1,0,45.333333333333336,3.06,46.71227106227106,43.333333333333336,3.03,288,8.412698412698411,5.046428571428571,11.970238095238093,0.46,-1.262962962962963,-4.859398148148148,1.8707407407407401,3.733333333333333,0.8666666666666668,6.666666666666667
5,2,3,as&cnf&ovl|mrg&tzi,1,1,48.75,3.31,46.62893772893773,43.333333333333336,3.33,250,8.329365079365077,4.5299007936507945,12.212142857142856,0.76,-1.3462962962962963,-4.4772685185185175,1.7500462962962964,3.65,0.5833333333333334,6.967083333333333
4,2,2,cnf&tzi|gap&mrg,1,0,52.75,3.52,46.62893772893773,43.333333333333336,3.526666666666667,192,8.329365079365079,4.643789682539682,12.218571428571428,0.9566666666666667,-1.3462962962962963,-4.880324074074074,2.209629629629629,3.65,0.7333333333333334,6.650416666666667
4,2,2,cnf&gap|mrg&ovl,1,0,53.0,3.26,46.59004884004884,43.0,3.2733333333333334,248,8.29047619047619,5.166190476190477,12.247301587301585,0.7033333333333334,-1.3851851851851849,-4.624259259259259,1.9045370370370358,3.6111111111111116,1.2222222222222223,6.277777777777778
4,2,2,cnf&ovl|gap&mrg,1,0,49.30555555555556,3.13,46.54560439560439,43.0,3.276666666666667,261,8.246031746031743,4.435873015873016,12.278373015873013,0.7066666666666667,-1.4296296296296296,-4.552685185185185,1.5719444444444433,3.5666666666666664,0.7333333333333334,6.666666666666667
5,2,3,cnf&ovl|gap&mrg&tzi,1,0,49.30555555555556,3.22,46.54560439560439,43.0,3.31,257,8.246031746031743,4.435873015873016,12.278373015873013,0.74,-1.4296296296296296,-4.552685185185185,1.5719444444444433,3.5666666666666664,0.7333333333333334,6.666666666666667
5,2,3,as&cnf&mrg|gap&ovl,1,1,47.75,3.28,46.37893772893773,43.0,3.16,281,8.079365079365077,4.666666666666667,11.55595238095238,0.59,-1.5962962962962963,-5.10412037037037,1.5160648148148137,3.3999999999999995,0.46666666666666673,6.333333333333334
4,2,2,cnf&ovl|mrg&tzi,1,0,49.30555555555556,3.14,46.37893772893773,43.0,3.21,264,8.079365079365079,4.266111111111112,12.003730158730157,0.64,-1.5962962962962963,-4.763472222222222,1.3667129629629615,3.3999999999999995,0.6666666666666667,6.4016666666666655
5,2,3,as&cnf&gap|ovl&tzi,0,1,49.75,3.59,46.37893772893773,43.0,3.4566666666666666,188,8.079365079365079,4.689880952380952,11.901587301587298,0.8866666666666667,-1.5962962962962963,-5.063703703703704,1.5708333333333329,3.3999999999999995,0.4166666666666667,6.316666666666666
4,2,2,gap&ovl|mrg&tzi,1,0,49.75,3.47,46.36227106227106,43.333333333333336,3.38,185,8.062698412698412,4.048749999999999,12.017162698412692,0.81,-1.612962962962963,-5.0680555555555555,1.5581944444444438,3.383333333333333,0.049583333333333326,6.984583333333331
4,2,3,as&gap&ovl|mrg,1,1,45.333333333333336,2.69,46.33449328449329,43.666666666666664,2.8733333333333335,287,8.034920634920635,4.4622222222222225,11.751666666666665,0.30333333333333334,-1.6407407407407402,-5.121018518518518,1.557546296296295,3.355555555555555,0.24388888888888902,6.778333333333333
5,2,3,as&cnf&tzi|gap&ovl,0,1,47.75,3.63,46.29560439560439,43.0,3.48,188,7.996031746031745,4.583234126984126,11.69642857142857,0.91,-1.6796296296296296,-5.058287037037037,1.566203703703702,3.3166666666666664,0.39833333333333343,6.25
5,2,3,as&cnf&gap|mrg&tzi,1,1,53.75,3.61,46.29560439560439,43.0,3.5166666666666666,190,7.996031746031745,4.312103174603175,12.000039682539681,0.9466666666666667,-1.6796296296296296,-5.144722222222222,1.726388888888888,3.3166666666666664,0.31625000000000003,6.300416666666667
3,1,3,as&gap&tzi,0,1,47.25,3.89,46.27179487179487,43.333333333333336,3.763333333333333,150,7.9722222222222205,4.998611111111111,11.166666666666666,1.1933333333333334,-1.7034391534391533,-5.454027777777778,1.820469576719577,3.292857142857143,0.17676587301587304,6.571924603174603
4,2,2,as&mrg|gap&ovl,1,1,47.75,3.19,46.156715506715514,43.0,3.0966666666666667,282,7.857142857142857,4.552777777777777,11.333333333333332,0.5266666666666666,-1.8185185185185186,-5.370555555555556,1.2756944444444431,3.177777777777778,0.24388888888888888,6.111111111111111
4,2,2,as&mrg|cnf&gap,1,1,51.74999999999999,3.33,46.09004884004884,42.66666666666667,3.283333333333333,283,7.79047619047619,4.856904761904762,11.267539682539681,0.7133333333333334,-1.8851851851851849,-5.583796296296296,1.4543981481481478,3.111111111111111,1.1083333333333336,5.4444444444444455
4,2,2,cnf&gap|ovl&tzi,0,0,50.74999999999999,3.5,46.04560439560439,42.66666666666667,3.4233333333333333,188,7.746031746031745,4.242063492063492,11.381547619047616,0.8533333333333334,-1.9296296296296298,-5.426018518518519,1.255648148148148,3.0666666666666664,0.23125000000000007,6.001666666666665
4,2,3,gap&ovl&tzi|mrg,1,0,45.333333333333336,2.68,46.001159951159956,43.333333333333336,2.796666666666667,289,7.701587301587301,3.9549999999999996,11.445317460317458,0.22666666666666666,-1.9740740740740736,-5.36712962962963,1.305925925925926,3.022222222222222,-0.1561111111111111,6.29
4,2,2,cnf&tzi|gap&ovl,0,0,47.75,3.55,45.96227106227106,42.66666666666667,3.45,188,7.662698412698413,4.26984126984127,11.405654761904762,0.88,-2.012962962962963,-5.504768518518518,1.1841203703703678,2.983333333333333,0.11666666666666685,5.835416666666665
4,2,2,cnf&gap|mrg&tzi,1,0,54.75,3.55,45.96227106227106,42.66666666666667,3.486666666666667,190,7.662698412698413,4.0176984126984125,11.599682539682538,0.9166666666666666,-2.012962962962963,-5.511944444444444,1.44287037037037,2.983333333333333,0.04875000000000019,5.916666666666667
4,2,3,as&cnf&ovl|mrg,1,1,45.083333333333336,2.75,45.934493284493286,43.0,2.9233333333333333,291,7.634920634920634,3.866111111111111,11.511190476190476,0.35333333333333333,-2.0407407407407407,-5.4467129629629625,1.1335648148148145,2.955555555555555,0.28777777777777785,6.066666666666666
2,1,2,as&tzi,0,1,44.25,3.66,45.77179487179487,43.0,3.54,176,7.472222222222221,4.69375,10.529166666666665,0.97,-2.2034391534391533,-6.250178571428572,1.4232407407407397,2.7928571428571436,-0.394404761904762,6.111210317460318
3,2,2,mrg|ovl&tzi,1,0,44.333333333333336,2.64,45.751159951159956,43.0,2.7466666666666666,291,7.451587301587302,3.6329960317460315,11.341488095238095,0.17666666666666667,-2.2240740740740734,-5.7000925925925925,1.0174999999999994,2.772222222222222,-0.3501388888888889,6.13375
5,2,3,as&ovl|cnf&mrg&tzi,1,1,43.083333333333336,3.15,45.74004884004884,42.66666666666667,3.13,263,7.440476190476191,4.333234126984127,10.552380952380952,0.56,-2.2351851851851854,-5.1581018518518515,0.48231481481481414,2.761111111111111,-0.11152777777777764,5.7629166666666665
5,2,3,as&ovl|cnf&gap&mrg,1,1,44.083333333333336,3.15,45.74004884004884,42.66666666666667,3.1566666666666667,260,7.440476190476191,4.333234126984127,10.552380952380952,0.5866666666666667,-2.2351851851851854,-5.1581018518518515,0.48231481481481414,2.761111111111111,-0.11152777777777764,5.7629166666666665
6,2,4,as&ovl|cnf&gap&mrg&tzi,1,1,43.083333333333336,3.22,45.74004884004884,42.66666666666667,3.1733333333333333,256,7.440476190476191,4.333234126984127,10.552380952380952,0.6033333333333334,-2.2351851851851854,-5.1581018518518515,0.48231481481481414,2.761111111111111,-0.11152777777777764,5.7629166666666665
3,2,2,cnf&ovl|mrg,1,0,45.30555555555556,2.72,45.60115995115996,42.66666666666667,2.8833333333333333,294,7.301587301587302,3.6562698412698413,11.181190476190476,0.31333333333333335,-2.374074074074074,-5.75837962962963,0.7283333333333329,2.6222222222222222,-0.0005555555555555219,5.514999999999995
4,2,3,as&cnf&tzi|mrg,1,1,46.333333333333336,2.76,45.60115995115996,42.66666666666667,2.9,292,7.301587301587302,3.8442063492063485,11.222936507936508,0.33,-2.374074074074074,-5.866944444444443,1.0732870370370344,2.6222222222222227,0.08833333333333343,5.51111111111111
5,2,4,as&cnf&gap&tzi|mrg,1,1,48.333333333333336,2.79,45.60115995115996,42.66666666666667,2.9266666666666667,290,7.301587301587302,3.8442063492063485,11.222936507936508,0.3566666666666667,-2.374074074074074,-5.866944444444443,1.0732870370370344,2.6222222222222227,0.08833333333333343,5.51111111111111
2,1,2,as&gap,0,1,46.25,3.77,45.49401709401709,42.66666666666667,3.64,165,7.194444444444445,4.387499999999999,10.196527777777774,1.07,-2.4812169312169314,-6.27223544973545,0.8760185185185185,2.515079365079365,-0.512638888888889,5.758015873015873
4,2,2,as&ovl|cnf&mrg,1,1,42.083333333333336,2.87,45.49004884004884,42.333333333333336,2.93,293,7.19047619047619,4.236111111111112,10.333333333333334,0.36,-2.485185185185185,-5.802175925925926,0.321388888888888,2.511111111111111,-0.22222222222222218,5.3566666666666665
5,2,3,as&tzi|cnf&gap&mrg,1,1,45.25,3.5,45.327350427350424,42.66666666666667,3.4566666666666666,192,7.027777777777779,4.082638888888889,10.138888888888888,0.8866666666666667,-2.647883597883598,-6.597030423280422,0.881878306878305,2.3484126984126985,-0.8837896825396825,5.444821428571429
6,2,4,as&tzi|cnf&gap&mrg&ovl,1,1,45.25,3.55,45.327350427350424,42.66666666666667,3.486666666666667,186,7.027777777777779,4.082638888888889,10.138888888888888,0.9166666666666666,-2.647883597883598,-6.597030423280422,0.881878306878305,2.3484126984126985,-0.8837896825396825,5.444821428571429
3,2,2,cnf&tzi|mrg,1,0,46.333333333333336,2.74,45.26782661782662,42.333333333333336,2.88,292,6.968253968253968,3.5327777777777776,10.924603174603174,0.31,-2.7074074074074073,-6.211111111111111,0.8013425925925916,2.2888888888888888,-0.2449999999999999,5.111111111111112
4,2,3,cnf&gap&tzi|mrg,1,0,48.333333333333336,2.77,45.26782661782662,42.333333333333336,2.9066666666666667,290,6.968253968253968,3.5327777777777776,10.924603174603174,0.33666666666666667,-2.7074074074074073,-6.211111111111111,0.8013425925925916,2.2888888888888888,-0.2449999999999999,5.111111111111112
6,2,3,as&gap&tzi|cnf&mrg&ovl,1,1,46.5,3.28,45.24401709401709,42.333333333333336,3.316666666666667,236,6.944444444444444,4.0,10.112499999999999,0.7466666666666667,-2.731216931216931,-6.517526455026454,0.8962566137566124,2.265079365079365,-0.6587698412698412,5.2112301587301575
5,2,3,as&gap|cnf&ovl&tzi,0,1,45.25,3.57,45.16068376068375,42.333333333333336,3.52,185,6.8611111111111125,3.970833333333333,9.890277777777778,0.95,-2.8145502645502645,-6.592910052910053,0.6622751322751318,2.1817460317460315,-0.8851785714285715,5.195019841269842
6,2,4,as&gap|cnf&mrg&ovl&tzi,1,1,46.25,3.6,45.16068376068375,42.333333333333336,3.5366666666666666,183,6.8611111111111125,3.970833333333333,9.890277777777778,0.9666666666666667,-2.8145502645502645,-6.592910052910053,0.6622751322751318,2.1817460317460315,-0.8851785714285715,5.195019841269842
3,2,2,gap&ovl|mrg,1,0,43.333333333333336,2.66,45.001159951159956,42.333333333333336,2.7466666666666666,289,6.701587301587302,3.144920634920635,10.413888888888886,0.17666666666666667,-2.9740740740740734,-6.491574074074073,0.32620370370370166,2.022222222222222,-0.9794444444444445,5.245555555555554
5,2,3,as&tzi|gap&mrg&ovl,1,1,46.25,3.46,44.99401709401709,42.333333333333336,3.4033333333333333,186,6.694444444444445,3.6104166666666666,9.806249999999999,0.8333333333333334,-2.981216931216931,-6.960714285714285,0.6081283068783064,2.015079365079365,-1.3147619047619048,5.187003968253967
4,2,2,as&gap|cnf&tzi,0,1,44.25,3.49,44.99401709401709,42.333333333333336,3.4266666666666667,192,6.6944444444444455,3.804861111111111,9.77847222222222,0.8566666666666667,-2.9812169312169314,-6.773187830687831,0.5389814814814814,2.015079365079365,-1.0004960317460316,4.961805555555554
5,2,3,as&gap|cnf&mrg&tzi,1,1,46.25,3.56,44.99401709401709,42.333333333333336,3.466666666666667,190,6.6944444444444455,3.804861111111111,9.77847222222222,0.8966666666666666,-2.9812169312169314,-6.773187830687831,0.5389814814814814,2.015079365079365,-1.0004960317460316,4.961805555555554
4,2,3,as&cnf&gap|mrg,1,1,48.333333333333336,2.79,44.934493284493286,42.0,2.89,290,6.634920634920635,3.2222222222222223,10.488888888888889,0.32,-3.0407407407407407,-6.70425925925926,0.30643518518517937,1.955555555555556,-0.6677777777777776,4.668333333333333
5,2,3,as&gap|mrg&ovl&tzi,1,1,47.25,3.43,44.827350427350424,42.0,3.4133333333333336,185,6.527777777777777,3.5270833333333336,9.668055555555554,0.8433333333333334,-3.1478835978835975,-6.972123015873015,0.3244378306878305,1.8484126984126985,-1.2946230158730156,5.091349206349206
5,2,3,as&gap&tzi|cnf&mrg,1,1,43.833333333333336,2.99,44.74401709401709,42.0,3.0433333333333334,289,6.444444444444445,3.6666666666666665,9.444444444444443,0.47333333333333333,-3.2312169312169314,-7.259576719576718,0.6568386243386239,1.7650793650793652,-0.9809523809523808,4.512698412698412
5,2,3,as&tzi|cnf&mrg&ovl,1,1,43.5,3.18,44.74401709401709,42.0,3.18,245,6.444444444444445,3.5555555555555554,9.555555555555555,0.61,-3.2312169312169314,-7.068611111111112,0.5613425925925927,1.7650793650793652,-1.3114285714285712,4.778015873015873
5,2,3,as&gap&tzi|mrg&ovl,1,1,47.5,3.05,44.688461538461546,42.0,3.11,242,6.388888888888888,3.3874999999999997,9.777777777777777,0.54,-3.2867724867724872,-6.931818783068783,0.3313492063492051,1.7095238095238094,-1.388928571428571,4.809801587301587
4,2,2,as&tzi|cnf&gap,0,1,45.25,3.48,44.66068376068375,42.0,3.4,192,6.361111111111112,3.5534722222222226,9.444444444444445,0.83,-3.3145502645502654,-7.240178571428571,0.20023148148148132,1.6817460317460318,-1.4865674603174606,4.758015873015873
5,2,3,as&tzi|cnf&gap&ovl,0,1,45.25,3.55,44.66068376068375,42.0,3.45,188,6.361111111111112,3.5534722222222226,9.444444444444445,0.88,-3.3145502645502654,-7.240178571428571,0.20023148148148132,1.6817460317460318,-1.4865674603174606,4.758015873015873
3,2,2,cnf&gap|mrg,1,0,48.333333333333336,2.77,44.60115995115996,41.66666666666667,2.8633333333333333,290,6.301587301587301,2.9269047619047623,10.155873015873016,0.29333333333333333,-3.374074074074074,-7.0912037037037035,0.0299537037037017,1.6222222222222225,-0.8888888888888888,4.333333333333334
5,2,3,as&gap|cnf&mrg&ovl,1,1,45.5,3.21,44.57735042735042,41.66666666666667,3.23,242,6.277777777777778,3.3874999999999997,9.556944444444444,0.66,-3.3978835978835975,-7.377698412698412,0.22623015873015867,1.5984126984126983,-1.300436507936508,4.5193650793650795
6,3,2,as&mrg|cnf&gap|ovl&tzi,1,1,48.75,2.99,44.57338217338218,41.333333333333336,2.96,285,6.273809523809523,3.189781746031746,9.746130952380952,0.39,-3.401851851851852,-7.397222222222223,0.02791666666666659,1.5944444444444446,-1.0502777777777776,4.244861111111111
6,3,2,as&mrg|cnf&tzi|gap&ovl,1,1,45.75,3.02,44.49004884004884,41.333333333333336,2.986666666666667,285,6.19047619047619,3.2996031746031753,9.492857142857142,0.4166666666666667,-3.485185185185185,-7.6519907407407395,0.07050925925925919,1.511111111111111,-0.9777777777777777,4.066666666666666
4,2,2,as&tzi|cnf&mrg,1,1,40.833333333333336,2.92,44.41068376068375,41.66666666666667,2.9633333333333334,291,6.111111111111111,3.5527777777777776,9.0,0.3933333333333333,-3.564550264550264,-7.628531746031745,0.4692989417989414,1.4317460317460318,-1.4672222222222224,4.20952380952381
2,1,2,as&cnf,0,1,43.75,3.38,44.312271062271066,40.666666666666664,3.2266666666666666,297,6.012698412698413,3.5682539682539676,8.83738095238095,0.6566666666666666,-3.662962962962963,-7.2324074074074085,-0.37810185185185335,1.3333333333333335,0.0,3.0
4,2,2,as&tzi|mrg&ovl,1,1,44.5,2.98,44.188461538461546,41.66666666666667,3.0,249,5.8888888888888875,3.0,9.11111111111111,0.43,-3.786772486772487,-7.627407407407406,-0.1702314814814813,1.2095238095238097,-1.8897619047619045,4.397698412698412
4,2,2,as&ovl|mrg&tzi,1,1,44.083333333333336,2.87,44.14004884004884,41.333333333333336,2.9,263,5.840476190476191,2.332123015873016,9.38174603174603,0.33,-3.835185185185185,-7.001296296296297,-1.1461111111111113,1.1611111111111112,-1.978333333333333,4.446388888888888
4,2,2,as&ovl|gap&mrg,1,1,45.083333333333336,2.89,44.14004884004884,41.333333333333336,2.9466666666666668,260,5.840476190476191,2.332123015873016,9.38174603174603,0.37666666666666665,-3.835185185185185,-7.001296296296297,-1.1461111111111113,1.1611111111111112,-1.978333333333333,4.446388888888888
5,2,3,as&ovl|gap&mrg&tzi,1,1,44.083333333333336,3.01,44.14004884004884,41.333333333333336,2.9766666666666666,256,5.840476190476191,2.332123015873016,9.38174603174603,0.4066666666666667,-3.835185185185185,-7.001296296296297,-1.1461111111111113,1.1611111111111112,-1.978333333333333,4.446388888888888
4,2,2,as&gap|cnf&mrg,1,1,42.833333333333336,2.96,44.07735042735042,41.333333333333336,2.973333333333333,289,5.777777777777778,3.108333333333333,8.666666666666668,0.4033333333333333,-3.8978835978835975,-7.9391335978835995,-0.05888888888888903,1.0984126984126983,-1.613253968253968,3.7777777777777777
4,2,2,as&gap|ovl&tzi,0,1,45.25,3.37,44.07735042735042,41.333333333333336,3.2666666666666666,188,5.777777777777778,2.665277777777778,9.002777777777775,0.6966666666666667,-3.897883597883598,-7.892777777777778,-0.45321428571428596,1.0984126984126983,-2.2560317460317463,4.361210317460317
4,2,2,as&gap|mrg&ovl,1,1,46.5,2.98,44.02179487179488,41.333333333333336,3.0233333333333334,248,5.722222222222221,2.8305555555555557,9.0,0.4533333333333333,-3.9534391534391533,-7.870436507936509,-0.4190939153439161,1.0428571428571427,-2.08015873015873,4.098730158730159
6,3,3,as&ovl&tzi|cnf&gap|mrg,1,1,45.333333333333336,2.62,44.00115995115995,41.333333333333336,2.7133333333333334,292,5.701587301587301,2.4784920634920633,9.324523809523809,0.14333333333333334,-3.9740740740740734,-7.691712962962963,-0.4843518518518526,1.0222222222222224,-1.577777777777778,3.779444444444443
6,3,3,as&gap&ovl|cnf&tzi|mrg,1,1,43.333333333333336,2.61,44.00115995115995,41.333333333333336,2.74,292,5.701587301587301,2.4784920634920633,9.324523809523809,0.17,-3.9740740740740734,-7.691712962962963,-0.4843518518518526,1.0222222222222224,-1.577777777777778,3.779444444444443
6,3,2,as&gap|cnf&tzi|mrg&ovl,1,1,44.5,2.93,43.85512820512821,41.333333333333336,2.933333333333333,255,5.5555555555555545,2.5555555555555554,8.669444444444443,0.36333333333333334,-4.12010582010582,-8.059345238095238,-0.5183796296296297,0.8761904761904761,-2.228730158730159,3.842460317460316
4,2,2,as&cnf|mrg&ovl,1,1,45.75,3.0,43.7567155067155,40.33333333333333,2.95,299,5.457142857142857,2.944603174603175,8.67936507936508,0.38,-4.218518518518518,-7.988935185185186,-0.9515277777777782,0.7777777777777778,-0.7777777777777777,2.3333333333333335
6,3,3,as&cnf&gap|mrg|ovl&tzi,1,1,44.333333333333336,2.59,43.75115995115995,41.0,2.66,292,5.451587301587302,1.9309523809523808,9.073948412698412,0.09,-4.224074074074074,-8.137083333333333,-0.5720833333333335,0.7722222222222224,-2.0955555555555554,3.7787499999999996
4,2,2,as&tzi|gap&mrg,1,1,46.25,3.28,43.72735042735042,41.333333333333336,3.263333333333333,192,5.427777777777779,2.249305555555555,8.83361111111111,0.6933333333333334,-4.247883597883598,-8.05084656084656,-0.6796296296296312,0.7484126984126984,-2.6388095238095244,4.202936507936507
3,2,2,as&ovl|mrg,1,1,41.083333333333336,2.41,43.66782661782662,41.0,2.6033333333333335,293,5.368253968253968,2.0380158730158726,8.635793650793651,0.03333333333333333,-4.307407407407407,-7.62412037037037,-1.259212962962963,0.6888888888888891,-2.29,3.844444444444444
6,3,3,as&cnf&tzi|gap&ovl|mrg,1,1,41.333333333333336,2.58,43.66782661782662,41.0,2.67,292,5.368253968253968,2.014365079365079,8.90690476190476,0.1,-4.307407407407407,-8.086388888888887,-0.5661574074074078,0.6888888888888891,-2.0233333333333334,3.733333333333333
4,2,2,as&tzi|gap&ovl,0,1,43.25,3.41,43.66068376068375,41.0,3.2666666666666666,188,5.361111111111111,2.332638888888889,8.472222222222221,0.6966666666666667,-4.314550264550265,-8.266302910052909,-0.6887962962962961,0.6817460317460317,-2.6669841269841266,3.9042857142857144
5,2,3,as&cnf|mrg&ovl&tzi,1,1,44.75,3.13,43.6456043956044,40.0,3.0566666666666666,298,5.346031746031746,2.74515873015873,8.336746031746031,0.4866666666666667,-4.32962962962963,-8.055648148148148,-0.9269444444444453,0.6666666666666667,-0.6666666666666667,2.3333333333333335
5,2,3,as&cnf|gap&mrg&ovl,1,1,45.75,3.17,43.6456043956044,40.0,3.08,298,5.346031746031746,2.74515873015873,8.336746031746031,0.51,-4.32962962962963,-8.055648148148148,-0.9269444444444453,0.6666666666666667,-0.6666666666666667,2.3333333333333335
6,2,4,as&cnf|gap&mrg&ovl&tzi,1,1,44.75,3.2,43.6456043956044,40.0,3.08,298,5.346031746031746,2.74515873015873,8.336746031746031,0.51,-4.32962962962963,-8.055648148148148,-0.9269444444444453,0.6666666666666667,-0.6666666666666667,2.3333333333333335
6,3,2,as&tzi|cnf&gap|mrg&ovl,1,1,44.5,2.93,43.521794871794874,41.0,2.9133333333333336,255,5.222222222222221,2.3333333333333335,8.333333333333332,0.3433333333333333,-4.453439153439154,-8.383306878306877,-0.846064814814815,0.5428571428571428,-2.6127777777777776,3.654285714285714
5,3,2,cnf&gap|mrg|ovl&tzi,1,0,44.333333333333336,2.59,43.41782661782662,40.666666666666664,2.6466666666666665,292,5.118253968253969,1.6622817460317458,8.81688492063492,0.07666666666666666,-4.557407407407407,-8.472314814814816,-0.9733333333333338,0.4388888888888891,-2.4119444444444444,3.445416666666666
4,2,2,as&ovl|cnf&tzi,0,1,42.083333333333336,3.03,43.40671550671551,40.33333333333333,3.013333333333333,266,5.107142857142858,2.4680555555555554,8.158730158730158,0.44333333333333336,-4.568518518518518,-8.022685185185185,-1.5555555555555554,0.4277777777777777,-1.9126388888888888,2.7624999999999993
4,2,2,as&ovl|cnf&gap,0,1,44.083333333333336,3.07,43.40671550671551,40.33333333333333,3.0366666666666666,263,5.107142857142858,2.4680555555555554,8.158730158730158,0.4666666666666667,-4.568518518518518,-8.022685185185185,-1.5555555555555554,0.4277777777777777,-1.9126388888888888,2.7624999999999993
5,2,3,as&ovl|cnf&gap&tzi,0,1,43.083333333333336,3.14,43.40671550671551,40.33333333333333,3.066666666666667,259,5.107142857142858,2.4680555555555554,8.158730158730158,0.49666666666666665,-4.568518518518518,-8.022685185185185,-1.5555555555555554,0.4277777777777777,-1.9126388888888888,2.7624999999999993
4,2,2,as&gap|mrg&tzi,1,1,47.25,3.32,43.39401709401709,41.0,3.25,190,5.094444444444445,1.7822222222222222,8.555833333333334,0.68,-4.5812169312169315,-8.365568783068783,-0.9752380952380957,0.415079365079365,-2.864345238095238,3.8914880952380946
5,3,2,cnf&tzi|gap&ovl|mrg,1,0,41.333333333333336,2.58,43.334493284493284,40.666666666666664,2.6633333333333336,292,5.034920634920635,1.7325396825396824,8.561190476190472,0.09333333333333334,-4.640740740740741,-8.473425925925925,-0.9960185185185185,0.3555555555555558,-2.3111111111111113,3.222777777777778
6,3,2,as&gap|cnf&mrg|ovl&tzi,1,1,41.833333333333336,2.75,43.16068376068375,40.33333333333333,2.7466666666666666,291,4.861111111111111,1.9708333333333332,8.001388888888888,0.17666666666666667,-4.814550264550264,-9.107367724867725,-1.2268452380952386,0.18174603174603177,-2.85031746031746,3.0646825396825386
4,2,3,as&mrg&tzi|cnf,1,1,44.30555555555556,2.96,42.97893772893773,39.33333333333333,2.95,300,4.679365079365079,1.9108730158730158,7.679365079365079,0.38,-4.996296296296297,-8.729861111111111,-1.532546296296297,0.0,0.0,0.0
4,2,3,as&gap&mrg|cnf,1,1,44.30555555555556,2.94,42.97893772893773,39.33333333333333,2.9566666666666666,300,4.679365079365079,1.9108730158730158,7.679365079365079,0.38666666666666666,-4.996296296296297,-8.729861111111111,-1.532546296296297,0.0,0.0,0.0
5,2,4,as&gap&mrg&tzi|cnf,1,1,44.30555555555556,2.96,42.97893772893773,39.33333333333333,2.96,300,4.679365079365079,1.9108730158730158,7.679365079365079,0.39,-4.996296296296297,-8.729861111111111,-1.532546296296297,0.0,0.0,0.0
5,2,4,as&mrg&ovl&tzi|cnf,1,1,44.30555555555556,2.99,42.97893772893773,39.33333333333333,2.973333333333333,300,4.679365079365079,1.9108730158730158,7.679365079365079,0.4033333333333333,-4.996296296296297,-8.729861111111111,-1.532546296296297,0.0,0.0,0.0
5,2,4,as&gap&mrg&ovl|cnf,1,1,44.30555555555556,2.99,42.97893772893773,39.33333333333333,2.98,300,4.679365079365079,1.9108730158730158,7.679365079365079,0.41,-4.996296296296297,-8.729861111111111,-1.532546296296297,0.0,0.0,0.0
6,2,5,as&gap&mrg&ovl&tzi|cnf,1,1,44.30555555555556,2.99,42.97893772893773,39.33333333333333,2.98,300,4.679365079365079,1.9108730158730158,7.679365079365079,0.41,-4.996296296296297,-8.729861111111111,-1.532546296296297,0.0,0.0,0.0
1,1,1,cnf,0,0,44.30555555555556,3.0,42.97893772893773,39.33333333333333,3.0,300,4.679365079365079,1.9108730158730158,7.679365079365079,0.43,-4.996296296296297,-8.729861111111111,-1.532546296296297,0.0,0.0,0.0
4,2,2,as&gap|cnf&ovl,0,1,41.80555555555556,3.01,42.91068376068375,40.0,3.0966666666666667,265,4.611111111111111,2.0,7.334722222222221,0.5266666666666666,-5.064550264550265,-8.771964285714287,-1.652605820105821,-0.06825396825396823,-2.616349206349206,2.731349206349205
5,2,3,as&gap&tzi|cnf&ovl,0,1,42.80555555555556,3.08,42.91068376068375,40.0,3.15,261,4.611111111111111,2.0,7.334722222222221,0.58,-5.064550264550265,-8.771964285714287,-1.652605820105821,-0.06825396825396823,-2.616349206349206,2.731349206349205
3,2,2,as&mrg|cnf,1,1,44.30555555555556,2.91,42.7567155067155,39.33333333333333,2.9233333333333333,300,4.457142857142856,1.7105555555555554,7.49031746031746,0.35333333333333333,-5.218518518518518,-9.072361111111112,-1.7547685185185191,-0.2222222222222222,-0.6666666666666667,0.0
4,2,3,as&mrg&ovl|cnf,1,1,44.30555555555556,2.97,42.7567155067155,39.33333333333333,2.953333333333333,300,4.457142857142856,1.7105555555555554,7.49031746031746,0.38333333333333336,-5.218518518518518,-9.072361111111112,-1.7547685185185191,-0.2222222222222222,-0.6666666666666667,0.0
6,3,2,as&tzi|cnf&mrg|gap&ovl,1,1,38.833333333333336,2.79,42.74401709401708,40.0,2.7533333333333334,291,4.444444444444444,1.5555555555555554,7.444444444444444,0.18333333333333332,-5.231216931216931,-9.398267195767195,-1.3157341269841272,-0.23492063492063492,-3.171666666666667,2.555952380952381
5,2,3,as&cnf|gap&ovl&tzi,0,1,41.75,3.03,42.712271062271064,39.33333333333333,2.8933333333333335,298,4.412698412698413,1.746031746031746,7.28611111111111,0.3233333333333333,-5.262962962962963,-9.205925925925925,-1.8783333333333343,-0.2666666666666667,-2.1999999999999997,1.6666666666666667
4,2,3,as&gap&tzi|mrg,1,1,42.833333333333336,2.54,42.69957264957265,40.666666666666664,2.6933333333333334,290,4.3999999999999995,1.3983333333333334,7.668333333333331,0.12333333333333334,-5.275661375661375,-9.275376984126984,-1.3274801587301603,-0.27936507936507937,-3.403412698412699,2.8998412698412683
4,2,3,cnf|mrg&ovl&tzi,1,0,45.30555555555556,2.88,42.645604395604394,39.0,2.8766666666666665,300,4.346031746031747,1.421984126984127,7.35031746031746,0.30666666666666664,-5.329629629629629,-9.046712962962964,-1.9515740740740743,-0.33333333333333337,-1.3333333333333335,0.0
4,2,3,cnf|gap&mrg&ovl,1,0,45.30555555555556,2.92,42.645604395604394,39.0,2.8966666666666665,300,4.346031746031747,1.421984126984127,7.35031746031746,0.32666666666666666,-5.329629629629629,-9.046712962962964,-1.9515740740740743,-0.33333333333333337,-1.3333333333333335,0.0
5,2,4,cnf|gap&mrg&ovl&tzi,1,0,45.30555555555556,2.92,42.645604395604394,39.0,2.8966666666666665,300,4.346031746031747,1.421984126984127,7.35031746031746,0.32666666666666666,-5.329629629629629,-9.046712962962964,-1.9515740740740743,-0.33333333333333337,-1.3333333333333335,0.0
4,2,2,as&cnf|ovl&tzi,0,1,41.75,2.93,42.462271062271064,39.0,2.8333333333333335,298,4.162698412698412,1.494642857142857,7.079365079365078,0.2633333333333333,-5.512962962962964,-9.41162037037037,-2.185138888888889,-0.5166666666666666,-2.4504166666666665,1.4004166666666662
3,2,2,cnf|mrg&ovl,1,0,45.30555555555556,2.83,42.423382173382166,39.0,2.8266666666666667,300,4.123809523809523,1.3333333333333333,7.203650793650793,0.25666666666666665,-5.551851851851853,-9.33949074074074,-2.1269907407407413,-0.5555555555555555,-1.447222222222222,0.0
4,2,2,as&tzi|cnf&ovl,0,1,40.80555555555556,3.0,42.41068376068376,39.666666666666664,3.026666666666667,268,4.111111111111111,1.6666666666666667,6.780555555555552,0.45666666666666667,-5.564550264550264,-9.138346560846559,-2.022896825396826,-0.5682539682539681,-3.1336507936507934,2.143650793650793
4,2,3,as&ovl&tzi|cnf,0,1,42.30555555555556,2.85,42.37893772893773,39.0,2.8366666666666664,300,4.079365079365079,1.4126984126984126,6.873412698412699,0.26666666666666666,-5.596296296296297,-9.408055555555556,-2.2123611111111114,-0.6,-1.535,0.0
4,2,2,as&cnf|gap&ovl,0,1,40.75,2.97,42.37893772893773,39.0,2.86,298,4.079365079365079,1.4126984126984126,7.111111111111111,0.29,-5.596296296296297,-9.356712962962963,-2.155462962962963,-0.6,-2.6,1.4000000000000001
4,2,3,as&gap&ovl|cnf,0,1,41.30555555555556,2.86,42.37893772893773,39.0,2.8633333333333333,300,4.079365079365079,1.4126984126984126,6.873412698412699,0.29333333333333333,-5.596296296296297,-9.408055555555556,-2.2123611111111114,-0.6,-1.535,0.0
5,2,4,as&gap&ovl&tzi|cnf,0,1,42.30555555555556,2.87,42.37893772893773,39.0,2.8733333333333335,300,4.079365079365079,1.4126984126984126,6.873412698412699,0.30333333333333334,-5.596296296296297,-9.408055555555556,-2.2123611111111114,-0.6,-1.535,0.0
4,2,2,as&cnf|mrg&tzi,1,1,44.75,2.95,42.37893772893773,39.0,2.8966666666666665,298,4.07936507936508,1.146031746031746,7.391031746031746,0.32666666666666666,-5.596296296296296,-9.415185185185186,-2.1007407407407417,-0.6,-2.6,1.469999999999997
4,2,2,as&cnf|gap&mrg,1,1,45.75,2.94,42.37893772893773,39.0,2.9233333333333333,298,4.07936507936508,1.146031746031746,7.391031746031746,0.35333333333333333,-5.596296296296296,-9.415185185185186,-2.1007407407407417,-0.6,-2.6,1.469999999999997
5,2,3,as&cnf|gap&mrg&tzi,1,1,44.75,3.03,42.37893772893773,39.0,2.9433333333333334,298,4.07936507936508,1.146031746031746,7.391031746031746,0.37333333333333335,-5.596296296296296,-9.415185185185186,-2.1007407407407417,-0.6,-2.6,1.469999999999997
3,2,2,as&tzi|mrg,1,1,39.833333333333336,2.48,42.366239316239316,40.33333333333333,2.6233333333333335,292,4.066666666666666,1.0666666666666669,7.333333333333333,0.05333333333333334,-5.608994708994708,-9.70212962962963,-1.8437698412698413,-0.6126984126984127,-3.7688095238095234,2.6002380952380952
3,2,2,as&cnf|mrg,1,1,43.083333333333336,2.61,42.26782661782662,39.33333333333333,2.6766666666666667,299,3.968253968253968,1.1319841269841269,7.426507936507937,0.10666666666666667,-5.707407407407407,-9.375879629629628,-2.216574074074076,-0.711111111111111,-2.711111111111111,1.4444444444444446
5,3,2,as&gap|cnf&tzi|mrg,1,1,39.833333333333336,2.5,42.03290598290599,40.0,2.59,292,3.733333333333333,0.8000000000000002,7.066666666666667,0.02,-5.942328042328042,-10.017447089947089,-2.038445767195769,-0.946031746031746,-3.9460317460317453,2.152619047619048
6,3,3,as&gap|cnf&ovl&tzi|mrg,1,1,40.833333333333336,2.52,42.03290598290599,40.0,2.6133333333333333,292,3.733333333333333,0.8000000000000002,7.066666666666667,0.043333333333333335,-5.942328042328042,-10.017447089947089,-2.038445767195769,-0.946031746031746,-3.9460317460317453,2.152619047619048
3,2,2,as&gap|mrg,1,1,41.833333333333336,2.53,42.03290598290599,40.0,2.63,290,3.733333333333333,0.8000000000000002,7.066666666666667,0.06,-5.942328042328042,-10.017447089947089,-2.038445767195769,-0.946031746031746,-3.9460317460317453,2.152619047619048
6,3,2,as&ovl|cnf&gap|mrg&tzi,1,1,45.083333333333336,2.75,41.806715506715506,39.0,2.763333333333333,270,3.507142857142857,0.42194444444444434,6.694265873015873,0.19333333333333333,-6.168518518518518,-9.624351851851854,-3.155416666666667,-1.1722222222222223,-3.823333333333333,1.5666666666666667
6,3,2,as&ovl|cnf&tzi|gap&mrg,1,1,44.083333333333336,2.73,41.806715506715506,39.0,2.7866666666666666,270,3.507142857142857,0.42194444444444434,6.694265873015873,0.21666666666666667,-6.168518518518518,-9.624351851851854,-3.155416666666667,-1.1722222222222223,-3.823333333333333,1.5666666666666667
4,2,3,cnf|gap&ovl&tzi,0,0,42.30555555555556,2.78,41.712271062271064,38.333333333333336,2.7266666666666666,300,3.4126984126984126,0.44444444444444436,6.302380952380951,0.15666666666666668,-6.2629629629629635,-10.219212962962962,-2.8543055555555568,-1.2666666666666666,-2.7999999999999994,-0.2666666666666667
5,3,2,as&tzi|cnf&gap|mrg,1,1,39.833333333333336,2.48,41.69957264957265,39.666666666666664,2.566666666666667,292,3.3999999999999995,0.46666666666666673,6.4,-0.0033333333333333335,-6.275661375661374,-10.478055555555557,-2.428234126984128,-1.2793650793650795,-4.368492063492064,1.8323015873015869
6,3,3,as&tzi|cnf&gap&ovl|mrg,1,1,39.833333333333336,2.48,41.69957264957265,39.666666666666664,2.59,292,3.3999999999999995,0.46666666666666673,6.4,0.02,-6.275661375661374,-10.478055555555557,-2.428234126984128,-1.2793650793650795,-4.368492063492064,1.8323015873015869
3,2,2,cnf&mrg|ovl,1,0,41.083333333333336,2.6,41.49004884004884,38.333333333333336,2.54,299,3.1904761904761902,-0.03710317460317443,6.524603174603174,-0.03,-6.485185185185186,-9.541296296296295,-3.7204629629629644,-1.488888888888889,-4.534305555555555,1.522361111111111
3,2,2,as&mrg|ovl,1,1,41.083333333333336,2.58,41.49004884004884,38.333333333333336,2.55,299,3.1904761904761902,-0.03710317460317443,6.524603174603174,-0.02,-6.485185185185186,-9.541296296296295,-3.7204629629629644,-1.488888888888889,-4.534305555555555,1.522361111111111
4,2,3,as&cnf&mrg|ovl,1,1,41.083333333333336,2.65,41.49004884004884,38.333333333333336,2.58,299,3.1904761904761902,-0.03710317460317443,6.524603174603174,0.01,-6.485185185185186,-9.541296296296295,-3.7204629629629644,-1.488888888888889,-4.534305555555555,1.522361111111111
6,3,3,as&mrg|cnf|gap&ovl&tzi,1,1,42.30555555555556,2.7,41.49004884004884,38.333333333333336,2.67,300,3.1904761904761902,0.3809523809523811,6.048412698412697,0.1,-6.485185185185186,-10.403472222222222,-2.9665740740740745,-1.488888888888889,-2.978333333333333,-0.33333333333333337
1,1,1,ovl,0,0,42.083333333333336,2.88,41.49004884004884,38.333333333333336,2.8433333333333333,250,3.1904761904761902,-0.19871031746031748,6.805555555555555,0.2733333333333333,-6.485185185185186,-9.564444444444446,-3.743888888888889,-1.488888888888889,-4.644444444444445,1.5019444444444425
6,3,3,as&gap&mrg|cnf|ovl&tzi,1,1,42.30555555555556,2.66,41.462271062271064,38.0,2.65,300,3.162698412698412,0.22152777777777766,6.111607142857143,0.08,-6.5129629629629635,-10.583564814814816,-3.0498611111111114,-1.5166666666666666,-3.1166666666666667,-0.33333333333333337
3,2,2,cnf|ovl&tzi,0,0,42.30555555555556,2.71,41.462271062271064,38.0,2.6733333333333333,300,3.162698412698412,0.22152777777777766,6.111607142857143,0.10333333333333333,-6.5129629629629635,-10.583564814814816,-3.0498611111111114,-1.5166666666666666,-3.1166666666666667,-0.33333333333333337
5,3,2,as&gap|mrg|ovl&tzi,1,1,39.833333333333336,2.47,41.44957264957265,39.33333333333333,2.506666666666667,292,3.15,-0.09999999999999994,6.467083333333333,-0.06333333333333334,-6.525661375661375,-10.638637566137566,-2.6971494708994714,-1.5293650793650793,-4.714365079365079,1.7227579365079355
6,3,3,as&mrg&tzi|cnf|gap&ovl,1,1,40.30555555555556,2.73,41.37893772893773,38.0,2.6733333333333333,300,3.079365079365079,0.04761904761904774,6.158730158730158,0.10333333333333333,-6.596296296296297,-10.476759259259259,-3.071666666666667,-1.6,-3.2,-0.33333333333333337
3,2,2,cnf|gap&ovl,0,0,40.30555555555556,2.76,41.37893772893773,38.0,2.703333333333333,300,3.079365079365079,0.04761904761904774,6.158730158730158,0.13333333333333333,-6.596296296296297,-10.476759259259259,-3.071666666666667,-1.6,-3.2,-0.33333333333333337
3,2,2,cnf|mrg&tzi,1,0,45.30555555555556,2.76,41.37893772893773,38.0,2.74,300,3.079365079365079,-0.18777777777777774,6.412698412698413,0.17,-6.596296296296296,-10.352638888888889,-3.0935185185185192,-1.6,-3.2,-0.33333333333333337
3,2,2,cnf|gap&mrg,1,0,45.30555555555556,2.76,41.37893772893773,38.0,2.763333333333333,300,3.079365079365079,-0.18777777777777774,6.412698412698413,0.19333333333333333,-6.596296296296296,-10.352638888888889,-3.0935185185185192,-1.6,-3.2,-0.33333333333333337
4,2,3,cnf|gap&mrg&tzi,1,0,45.30555555555556,2.81,41.37893772893773,38.0,2.78,300,3.079365079365079,-0.18777777777777774,6.412698412698413,0.21,-6.596296296296296,-10.352638888888889,-3.0935185185185192,-1.6,-3.2,-0.33333333333333337
5,3,2,as&ovl|cnf&gap|mrg,1,1,41.083333333333336,2.36,41.334493284493284,38.666666666666664,2.4833333333333334,296,3.034920634920635,0.15531746031746035,6.1460317460317455,-0.08666666666666667,-6.640740740740742,-10.156574074074074,-3.336157407407408,-1.6444444444444446,-4.2444444444444445,0.8444444444444446
5,3,2,as&ovl|cnf&tzi|mrg,1,1,40.083333333333336,2.34,41.334493284493284,38.666666666666664,2.486666666666667,296,3.034920634920635,0.15531746031746035,6.1460317460317455,-0.08333333333333333,-6.640740740740742,-10.156574074074074,-3.336157407407408,-1.6444444444444446,-4.2444444444444445,0.8444444444444446
6,3,3,as&ovl|cnf&gap&tzi|mrg,1,1,41.083333333333336,2.36,41.334493284493284,38.666666666666664,2.4966666666666666,296,3.034920634920635,0.15531746031746035,6.1460317460317455,-0.07333333333333333,-6.640740740740742,-10.156574074074074,-3.336157407407408,-1.6444444444444446,-4.2444444444444445,0.8444444444444446
6,3,3,as&cnf|gap&ovl&tzi|mrg,1,1,40.083333333333336,2.45,41.334493284493284,38.666666666666664,2.4966666666666666,299,3.034920634920635,0.02166666666666662,6.415476190476188,-0.07333333333333333,-6.64074074074074,-10.418564814814815,-3.0677777777777786,-1.6444444444444446,-3.8449999999999998,0.6666666666666667
5,3,2,as&mrg|cnf|ovl&tzi,1,1,42.30555555555556,2.63,41.24004884004884,38.0,2.6233333333333335,300,2.9404761904761902,0.08323412698412684,5.829365079365079,0.05333333333333334,-6.735185185185186,-10.880046296296294,-3.271527777777778,-1.7388888888888887,-3.339305555555555,-0.5826388888888896
6,3,2,as&cnf|gap&mrg|ovl&tzi,1,1,42.75,2.68,41.19560439560439,38.0,2.683333333333333,298,2.896031746031746,-0.26696428571428593,5.968650793650793,0.11333333333333333,-6.77962962962963,-10.763425925925928,-3.475555555555556,-1.7833333333333332,-4.23375,0.48333333333333334
4,2,3,as&mrg&tzi|ovl,1,1,42.083333333333336,2.72,41.15671550671551,38.0,2.64,279,2.857142857142857,-0.4451388888888889,6.2659722222222225,0.07,-6.818518518518518,-9.874629629629629,-4.054166666666668,-1.8222222222222224,-4.917083333333333,1.2445833333333334
4,2,3,cnf&mrg&tzi|ovl,1,0,42.083333333333336,2.72,41.15671550671551,38.0,2.6433333333333335,279,2.857142857142857,-0.4451388888888889,6.2659722222222225,0.07333333333333333,-6.818518518518518,-9.874629629629629,-4.054166666666668,-1.8222222222222224,-4.917083333333333,1.2445833333333334
4,2,3,as&gap&mrg|ovl,1,1,42.083333333333336,2.68,41.15671550671551,38.0,2.6466666666666665,279,2.857142857142857,-0.4451388888888889,6.2659722222222225,0.07666666666666666,-6.818518518518518,-9.874629629629629,-4.054166666666668,-1.8222222222222224,-4.917083333333333,1.2445833333333334
5,3,2,as&mrg|cnf|gap&ovl,1,1,40.30555555555556,2.68,41.15671550671551,38.0,2.6466666666666665,300,2.857142857142857,-1.4802973661668756e-16,5.826190476190474,0.07666666666666666,-6.818518518518518,-10.68638888888889,-3.270972222222223,-1.8222222222222224,-3.4222222222222216,-0.6
4,2,3,cnf&gap&mrg|ovl,1,0,42.083333333333336,2.7,41.15671550671551,38.0,2.65,279,2.857142857142857,-0.4451388888888889,6.2659722222222225,0.08,-6.818518518518518,-9.874629629629629,-4.054166666666668,-1.8222222222222224,-4.917083333333333,1.2445833333333334
5,2,4,as&cnf&mrg&tzi|ovl,1,1,42.083333333333336,2.76,41.15671550671551,38.0,2.6633333333333336,279,2.857142857142857,-0.4451388888888889,6.2659722222222225,0.09333333333333334,-6.818518518518518,-9.874629629629629,-4.054166666666668,-1.8222222222222224,-4.917083333333333,1.2445833333333334
5,2,4,as&gap&mrg&tzi|ovl,1,1,42.083333333333336,2.73,41.15671550671551,38.0,2.6633333333333336,275,2.857142857142857,-0.4451388888888889,6.2659722222222225,0.09333333333333334,-6.818518518518518,-9.874629629629629,-4.054166666666668,-1.8222222222222224,-4.917083333333333,1.2445833333333334
5,2,4,cnf&gap&mrg&tzi|ovl,1,0,42.083333333333336,2.73,41.15671550671551,38.0,2.6633333333333336,275,2.857142857142857,-0.4451388888888889,6.2659722222222225,0.09333333333333334,-6.818518518518518,-9.874629629629629,-4.054166666666668,-1.8222222222222224,-4.917083333333333,1.2445833333333334
5,2,4,as&cnf&gap&mrg|ovl,1,1,42.083333333333336,2.74,41.15671550671551,38.0,2.67,279,2.857142857142857,-0.4451388888888889,6.2659722222222225,0.1,-6.818518518518518,-9.874629629629629,-4.054166666666668,-1.8222222222222224,-4.917083333333333,1.2445833333333334
6,2,5,as&cnf&gap&mrg&tzi|ovl,1,1,42.083333333333336,2.77,41.15671550671551,38.0,2.683333333333333,275,2.857142857142857,-0.4451388888888889,6.2659722222222225,0.11333333333333333,-6.818518518518518,-9.874629629629629,-4.054166666666668,-1.8222222222222224,-4.917083333333333,1.2445833333333334
3,2,2,as&ovl|cnf,0,1,41.083333333333336,2.72,41.15671550671551,38.0,2.7066666666666666,300,2.857142857142857,0.41269841269841273,5.317460317460317,0.13666666666666666,-6.818518518518518,-10.674305555555556,-3.2713888888888896,-1.8222222222222224,-3.4222222222222216,-0.5555555555555555
6,3,2,as&gap|cnf&ovl|mrg&tzi,1,1,42.80555555555556,2.75,41.144017094017094,38.666666666666664,2.81,272,2.844444444444444,-0.31111111111111106,5.844444444444444,0.24,-6.831216931216931,-10.601957671957672,-3.262427248677249,-1.8349206349206348,-4.6351587301587305,1.2544444444444443
6,3,2,as&cnf|gap&ovl|mrg&tzi,1,1,40.75,2.73,41.11227106227106,38.0,2.683333333333333,298,2.812698412698413,-0.2666666666666667,6.079365079365079,0.11333333333333333,-6.862962962962962,-10.618749999999999,-3.1995833333333343,-1.8666666666666665,-4.199999999999999,0.4
5,3,2,as&cnf|mrg|ovl&tzi,1,1,40.083333333333336,2.42,41.084493284493284,38.333333333333336,2.4633333333333334,299,2.784920634920635,-0.2817857142857143,6.192043650793648,-0.10666666666666667,-6.89074074074074,-10.76675925925926,-3.450185185185186,-1.8944444444444444,-4.146805555555556,0.4002777777777776
5,3,2,as&tzi|gap&ovl|mrg,1,1,36.833333333333336,2.44,41.03290598290599,39.0,2.5,292,2.733333333333333,-0.33333333333333337,5.7349999999999985,-0.07,-6.942328042328041,-11.156011904761904,-3.228974867724869,-1.946031746031746,-5.268412698412698,1.289285714285714
5,3,2,as&cnf|gap&ovl|mrg,1,1,38.083333333333336,2.43,41.001159951159956,38.333333333333336,2.47,299,2.7015873015873013,-0.31111111111111106,6.19047619047619,-0.1,-6.974074074074074,-10.728101851851852,-3.3461111111111115,-1.9777777777777779,-4.333888888888889,0.4
2,2,1,cnf|mrg,1,0,43.30555555555556,2.55,40.934493284493286,38.0,2.6133333333333333,300,2.6349206349206353,-0.48968253968253966,5.826507936507935,0.043333333333333335,-7.04074074074074,-10.922268518518518,-3.3933333333333344,-2.0444444444444447,-3.688888888888888,-0.6666666666666667
6,3,2,as&tzi|cnf&ovl|gap&mrg,1,1,41.80555555555556,2.73,40.81068376068376,38.333333333333336,2.8066666666666666,272,2.5111111111111106,-0.422777777777778,5.51111111111111,0.23666666666666666,-7.1645502645502654,-10.924146825396825,-3.6421626984126987,-2.168253968253968,-5.114285714285714,0.8444444444444443
6,3,3,as&ovl&tzi|cnf|gap&mrg,1,1,43.30555555555556,2.62,40.77893772893773,37.666666666666664,2.6233333333333335,300,2.4793650793650794,-0.6005555555555558,5.683015873015874,0.05333333333333334,-7.196296296296296,-11.03337962962963,-3.5915277777777788,-2.1999999999999997,-4.001666666666667,-0.8666666666666666
6,3,3,as&gap&ovl|cnf|mrg&tzi,1,1,42.30555555555556,2.63,40.77893772893773,37.666666666666664,2.6266666666666665,300,2.4793650793650794,-0.6005555555555558,5.683015873015874,0.056666666666666664,-7.196296296296296,-11.03337962962963,-3.5915277777777788,-2.1999999999999997,-4.001666666666667,-0.8666666666666666
3,2,2,as&gap|cnf,0,1,37.80555555555556,2.7,40.41068376068376,37.666666666666664,2.703333333333333,300,2.111111111111111,-0.11111111111111113,4.444444444444444,0.13333333333333333,-7.564550264550264,-11.749252645502644,-3.7654828042328066,-2.568253968253968,-4.444523809523809,-1.0
4,2,3,as&gap&tzi|cnf,0,1,38.80555555555556,2.73,40.41068376068376,37.666666666666664,2.73,300,2.111111111111111,-0.11111111111111113,4.444444444444444,0.16,-7.564550264550264,-11.749252645502644,-3.7654828042328066,-2.568253968253968,-4.444523809523809,-1.0
5,3,2,as&gap|cnf&ovl|mrg,1,1,38.80555555555556,2.39,40.36623931623932,38.333333333333336,2.5033333333333334,298,2.0666666666666664,-0.6,4.7349999999999985,-0.06666666666666667,-7.608994708994708,-11.673055555555555,-3.8623412698412705,-2.612698412698413,-5.337301587301587,0.15571428571428558
6,3,3,as&gap&tzi|cnf&ovl|mrg,1,1,39.80555555555556,2.4,40.36623931623932,38.333333333333336,2.5366666666666666,298,2.0666666666666664,-0.6,4.7349999999999985,-0.03333333333333333,-7.608994708994708,-11.673055555555555,-3.8623412698412705,-2.612698412698413,-5.337301587301587,0.15571428571428558
5,3,3,as&ovl&tzi|cnf|mrg,1,1,41.30555555555556,2.41,40.33449328449329,37.666666666666664,2.48,300,2.034920634920635,-0.9302380952380953,5.116190476190473,-0.09,-7.64074074074074,-11.477777777777778,-3.9845833333333336,-2.6444444444444444,-4.556111111111111,-1.0444444444444443
5,3,3,as&gap&ovl|cnf|mrg,1,1,40.30555555555556,2.42,40.33449328449329,37.666666666666664,2.5033333333333334,300,2.034920634920635,-0.9302380952380953,5.116190476190473,-0.06666666666666667,-7.64074074074074,-11.477777777777778,-3.9845833333333336,-2.6444444444444444,-4.556111111111111,-1.0444444444444443
6,3,4,as&gap&ovl&tzi|cnf|mrg,1,1,41.30555555555556,2.43,40.33449328449329,37.666666666666664,2.51,300,2.034920634920635,-0.9302380952380953,5.116190476190473,-0.06,-7.64074074074074,-11.477777777777778,-3.9845833333333336,-2.6444444444444444,-4.556111111111111,-1.0444444444444443
5,3,2,cnf|gap&mrg|ovl&tzi,1,0,42.30555555555556,2.55,40.19560439560439,37.0,2.5433333333333334,300,1.8960317460317462,-1.323015873015873,5.083333333333333,-0.02666666666666667,-7.779629629629629,-11.818194444444444,-4.133055555555555,-2.783333333333333,-4.7675,-1.25
5,3,2,cnf|gap&ovl|mrg&tzi,1,0,40.30555555555556,2.6,40.11227106227106,37.0,2.55,300,1.8126984126984127,-1.410634920634921,5.1460317460317455,-0.02,-7.862962962962963,-11.833564814814816,-4.156990740740741,-2.8666666666666667,-4.869999999999999,-1.2666666666666666
6,3,3,as&gap|cnf|mrg&ovl&tzi,1,1,38.80555555555556,2.59,40.077350427350424,37.333333333333336,2.6,300,1.7777777777777777,-0.6666666666666667,4.222222222222222,0.03,-7.897883597883598,-12.074345238095239,-4.105224867724868,-2.901587301587301,-4.79047619047619,-1.2697619047619049
3,2,2,as&tzi|cnf,0,1,37.80555555555556,2.7,40.077350427350424,37.333333333333336,2.6766666666666667,300,1.7777777777777777,-0.33333333333333337,3.9999999999999996,0.10666666666666667,-7.897883597883598,-12.273320105820105,-3.973849206349209,-2.901587301587301,-4.946904761904762,-1.222222222222222
5,3,2,as&tzi|cnf&ovl|mrg,1,1,37.80555555555556,2.35,40.03290598290599,38.0,2.48,298,1.7333333333333332,-0.9333333333333332,4.3999999999999995,-0.09,-7.942328042328042,-11.957149470899468,-4.249841269841272,-2.9460317460317462,-5.71452380952381,-0.12349206349206365
2,2,1,mrg|ovl,1,0,39.083333333333336,2.32,40.001159951159956,37.333333333333336,2.34,299,1.7015873015873015,-1.6450992063492063,5.270218253968254,-0.23,-7.974074074074075,-11.215185185185184,-4.929444444444444,-2.977777777777778,-6.116666666666667,0.3015277777777765
5,3,3,cnf|gap&ovl&tzi|mrg,1,0,40.30555555555556,2.41,40.001159951159956,37.333333333333336,2.4466666666666668,300,1.7015873015873015,-1.2542857142857144,4.9846031746031745,-0.12333333333333334,-7.974074074074072,-11.81138888888889,-4.265787037037038,-2.977777777777778,-4.955555555555556,-1.310000000000001
3,2,2,mrg&tzi|ovl,1,0,42.083333333333336,2.59,39.890048840048834,37.0,2.51,279,1.5904761904761904,-1.9348214285714285,5.270813492063492,-0.06,-8.085185185185184,-11.330462962962962,-5.091851851851853,-3.0888888888888886,-6.439166666666667,0.18902777777777788
3,2,2,gap&mrg|ovl,1,0,42.083333333333336,2.53,39.890048840048834,37.0,2.5233333333333334,279,1.5904761904761904,-1.9348214285714285,5.270813492063492,-0.04666666666666667,-8.085185185185184,-11.330462962962962,-5.091851851851853,-3.0888888888888886,-6.439166666666667,0.18902777777777788
4,2,3,gap&mrg&tzi|ovl,1,0,42.083333333333336,2.61,39.890048840048834,37.0,2.55,275,1.5904761904761904,-1.9348214285714285,5.270813492063492,-0.02,-8.085185185185184,-11.330462962962962,-5.091851851851853,-3.0888888888888886,-6.439166666666667,0.18902777777777788
5,3,2,as&gap|cnf|mrg&ovl,1,1,38.80555555555556,2.54,39.8551282051282,37.333333333333336,2.55,300,1.5555555555555554,-0.7777777777777778,4.0,-0.02,-8.12010582010582,-12.312771164021164,-4.245919312169312,-3.1238095238095234,-5.149365079365079,-1.4436507936507943
6,3,3,as&gap&tzi|cnf|mrg&ovl,1,1,39.80555555555556,2.57,39.8551282051282,37.333333333333336,2.5766666666666667,300,1.5555555555555554,-0.7777777777777778,4.0,0.006666666666666667,-8.12010582010582,-12.312771164021164,-4.245919312169312,-3.1238095238095234,-5.149365079365079,-1.4436507936507943
5,3,2,as&mrg|cnf&gap|ovl,1,1,41.083333333333336,2.49,39.82338217338218,36.666666666666664,2.46,300,1.5238095238095237,-1.3379960317460318,4.748710317460315,-0.11,-8.151851851851852,-11.685370370370372,-4.965833333333334,-3.155555555555556,-5.7666666666666675,-0.7497222222222224
5,3,2,as&mrg|cnf&tzi|ovl,1,1,40.083333333333336,2.47,39.82338217338218,36.666666666666664,2.4633333333333334,300,1.5238095238095237,-1.3379960317460318,4.748710317460315,-0.10666666666666667,-8.151851851851852,-11.685370370370372,-4.965833333333334,-3.155555555555556,-5.7666666666666675,-0.7497222222222224
3,2,2,as&cnf|ovl,0,1,40.083333333333336,2.57,39.82338217338218,36.666666666666664,2.466666666666667,300,1.5238095238095237,-1.3340277777777778,4.663492063492062,-0.10333333333333333,-8.151851851851852,-11.67453703703704,-5.053240740740743,-3.155555555555556,-5.655972222222223,-0.821805555555556
6,3,3,as&mrg|cnf&gap&tzi|ovl,1,1,41.083333333333336,2.49,39.82338217338218,36.666666666666664,2.473333333333333,300,1.5238095238095237,-1.3379960317460318,4.748710317460315,-0.09666666666666666,-8.151851851851852,-11.685370370370372,-4.965833333333334,-3.155555555555556,-5.7666666666666675,-0.7497222222222224
4,2,3,as&cnf&tzi|ovl,0,1,41.083333333333336,2.69,39.82338217338218,36.666666666666664,2.6,280,1.5238095238095237,-1.472420634920635,4.857142857142857,0.03,-8.151851851851852,-11.544814814814815,-5.129351851851852,-3.155555555555556,-5.940138888888889,-0.5162500000000004
4,2,3,as&cnf&gap|ovl,0,1,42.083333333333336,2.69,39.82338217338218,36.666666666666664,2.6033333333333335,280,1.5238095238095237,-1.472420634920635,4.857142857142857,0.03333333333333333,-8.151851851851852,-11.544814814814815,-5.129351851851852,-3.155555555555556,-5.940138888888889,-0.5162500000000004
5,2,4,as&cnf&gap&tzi|ovl,0,1,42.083333333333336,2.72,39.82338217338218,36.666666666666664,2.63,276,1.5238095238095237,-1.472420634920635,4.857142857142857,0.06,-8.151851851851852,-11.544814814814815,-5.129351851851852,-3.155555555555556,-5.940138888888889,-0.5162500000000004
4,3,2,cnf|mrg|ovl&tzi,1,0,40.30555555555556,2.38,39.751159951159956,37.0,2.4133333333333336,300,1.4515873015873015,-1.5491071428571428,4.7346031746031745,-0.15666666666666668,-8.224074074074073,-12.149027777777778,-4.481296296296296,-3.227777777777778,-5.244861111111112,-1.532916666666667
6,3,3,as&tzi|cnf|gap&mrg&ovl,1,1,38.80555555555556,2.63,39.744017094017096,37.0,2.5933333333333333,300,1.4444444444444444,-0.8888888888888891,3.7777777777777772,0.023333333333333334,-8.231216931216931,-12.56888888888889,-4.438796296296296,-3.234920634920635,-5.3907936507936505,-1.4219841269841271
4,3,2,cnf|gap&ovl|mrg,1,0,38.30555555555556,2.39,39.66782661782662,37.0,2.4266666666666667,300,1.368253968253968,-1.7127777777777773,4.746825396825396,-0.14333333333333334,-8.307407407407407,-12.08763888888889,-4.461851851851853,-3.3111111111111113,-5.333888888888889,-1.5555555555555554
5,3,2,as&ovl|cnf|mrg&tzi,1,1,42.083333333333336,2.49,39.556715506715506,36.666666666666664,2.4766666666666666,300,1.2571428571428571,-1.6007936507936513,4.089444444444444,-0.09333333333333334,-8.418518518518518,-12.158055555555555,-4.807222222222223,-3.4222222222222216,-5.688888888888888,-1.6
5,3,2,as&ovl|cnf|gap&mrg,1,1,42.083333333333336,2.49,39.556715506715506,36.666666666666664,2.4966666666666666,300,1.2571428571428571,-1.6007936507936513,4.089444444444444,-0.07333333333333333,-8.418518518518518,-12.158055555555555,-4.807222222222223,-3.4222222222222216,-5.688888888888888,-1.6
6,3,3,as&ovl|cnf|gap&mrg&tzi,1,1,42.083333333333336,2.54,39.556715506715506,36.666666666666664,2.51,300,1.2571428571428571,-1.6007936507936513,4.089444444444444,-0.06,-8.418518518518518,-12.158055555555555,-4.807222222222223,-3.4222222222222216,-5.688888888888888,-1.6
5,3,2,as&tzi|cnf|mrg&ovl,1,1,38.80555555555556,2.54,39.521794871794874,37.0,2.53,300,1.222222222222222,-1.0,3.5555555555555554,-0.04,-8.453439153439152,-12.762030423280423,-4.511448412698414,-3.4571428571428564,-5.692063492063492,-1.5682539682539682
5,3,2,as&gap|cnf|ovl&tzi,0,1,37.80555555555556,2.54,39.49401709401709,36.666666666666664,2.5033333333333334,300,1.1944444444444444,-1.277777777777778,3.75,-0.06666666666666667,-8.481216931216931,-12.897890211640211,-4.62371693121693,-3.4849206349206345,-5.7977380952380955,-1.6665674603174603
6,3,3,as&mrg&tzi|cnf&gap|ovl,1,1,42.083333333333336,2.6,39.49004884004884,36.333333333333336,2.5366666666666666,284,1.1904761904761905,-1.7870039682539685,4.500694444444443,-0.03333333333333333,-8.485185185185186,-11.96722222222222,-5.444166666666667,-3.4888888888888885,-6.200694444444443,-0.8943055555555558
6,3,3,as&gap&mrg|cnf&tzi|ovl,1,1,41.083333333333336,2.56,39.49004884004884,36.333333333333336,2.54,284,1.1904761904761905,-1.7870039682539685,4.500694444444443,-0.03,-8.485185185185186,-11.96722222222222,-5.444166666666667,-3.4888888888888885,-6.200694444444443,-0.8943055555555558
3,2,2,cnf&tzi|ovl,0,0,41.083333333333336,2.64,39.49004884004884,36.333333333333336,2.5766666666666667,280,1.1904761904761905,-1.7870039682539685,4.500694444444443,0.006666666666666667,-8.485185185185186,-11.96722222222222,-5.444166666666667,-3.4888888888888885,-6.200694444444443,-0.8943055555555558
3,2,2,cnf&gap|ovl,0,0,42.083333333333336,2.64,39.49004884004884,36.333333333333336,2.58,280,1.1904761904761905,-1.7870039682539685,4.500694444444443,0.01,-8.485185185185186,-11.96722222222222,-5.444166666666667,-3.4888888888888885,-6.200694444444443,-0.8943055555555558
4,2,3,cnf&gap&tzi|ovl,0,0,42.083333333333336,2.67,39.49004884004884,36.333333333333336,2.6066666666666665,276,1.1904761904761905,-1.7870039682539685,4.500694444444443,0.03666666666666667,-8.485185185185186,-11.96722222222222,-5.444166666666667,-3.4888888888888885,-6.200694444444443,-0.8943055555555558
4,3,2,as&ovl|cnf|mrg,1,1,40.083333333333336,2.31,39.33449328449329,36.666666666666664,2.38,300,1.0349206349206348,-1.8446825396825395,3.8253968253968247,-0.19,-8.640740740740743,-12.445277777777779,-5.00263888888889,-3.644444444444445,-5.735,-1.7555555555555558
4,3,2,as&mrg|cnf|ovl,1,1,40.083333333333336,2.44,39.156715506715514,36.0,2.39,300,0.857142857142857,-2.004563492063492,4.06359126984127,-0.18,-8.818518518518518,-12.434537037037035,-5.495462962962963,-3.822222222222222,-6.33986111111111,-1.4877777777777788
5,3,3,as&mrg&tzi|cnf|ovl,1,1,40.083333333333336,2.47,39.156715506715514,36.0,2.3966666666666665,300,0.857142857142857,-2.004563492063492,4.06359126984127,-0.17333333333333334,-8.818518518518518,-12.434537037037035,-5.495462962962963,-3.822222222222222,-6.33986111111111,-1.4877777777777788
5,3,3,as&gap&mrg|cnf|ovl,1,1,40.083333333333336,2.45,39.156715506715514,36.0,2.3966666666666665,300,0.857142857142857,-2.004563492063492,4.06359126984127,-0.17333333333333334,-8.818518518518518,-12.434537037037035,-5.495462962962963,-3.822222222222222,-6.33986111111111,-1.4877777777777788
6,3,4,as&gap&mrg&tzi|cnf|ovl,1,1,40.083333333333336,2.47,39.156715506715514,36.0,2.4,300,0.857142857142857,-2.004563492063492,4.06359126984127,-0.17,-8.818518518518518,-12.434537037037035,-5.495462962962963,-3.822222222222222,-6.33986111111111,-1.4877777777777788
2,2,1,cnf|ovl,0,0,40.083333333333336,2.5,39.156715506715514,36.0,2.42,300,0.857142857142857,-2.004563492063492,4.06359126984127,-0.15,-8.818518518518518,-12.434537037037035,-5.495462962962963,-3.822222222222222,-6.33986111111111,-1.4877777777777788
5,3,2,as&tzi|cnf|gap&ovl,0,1,35.80555555555556,2.59,39.077350427350424,36.333333333333336,2.506666666666667,300,0.7777777777777777,-1.6666666666666667,3.3361111111111086,-0.06333333333333334,-8.897883597883597,-13.218055555555555,-4.92290343915344,-3.901587301587301,-6.27015873015873,-1.945793650793651
5,3,2,as&gap|cnf|mrg&tzi,1,1,38.80555555555556,2.5,38.81068376068376,36.333333333333336,2.486666666666667,300,0.511111111111111,-2.2227777777777775,3.2238888888888875,-0.08333333333333333,-9.164550264550263,-13.201210317460319,-5.157003968253969,-4.1682539682539685,-6.54626984126984,-2.1904761904761902
5,3,3,as&cnf&gap|mrg|ovl,1,1,39.083333333333336,2.27,38.66782661782662,36.0,2.276666666666667,300,0.3682539682539681,-2.978849206349206,3.9789087301587305,-0.29333333333333333,-9.307407407407409,-12.763518518518522,-5.944074074074075,-4.311111111111112,-7.272777777777777,-1.322222222222222
5,3,3,as&cnf&tzi|mrg|ovl,1,1,38.083333333333336,2.25,38.66782661782662,36.0,2.28,300,0.3682539682539681,-2.978849206349206,3.9789087301587305,-0.29,-9.307407407407409,-12.763518518518522,-5.944074074074075,-4.311111111111112,-7.272777777777777,-1.322222222222222
6,3,4,as&cnf&gap&tzi|mrg|ovl,1,1,39.083333333333336,2.27,38.66782661782662,36.0,2.29,300,0.3682539682539681,-2.978849206349206,3.9789087301587305,-0.28,-9.307407407407409,-12.763518518518522,-5.944074074074075,-4.311111111111112,-7.272777777777777,-1.322222222222222
5,3,2,as&cnf|mrg&tzi|ovl,1,1,40.083333333333336,2.4,38.556715506715506,35.66666666666667,2.316666666666667,300,0.2571428571428571,-3.020734126984127,3.7448412698412668,-0.25333333333333335,-9.418518518518518,-13.00425925925926,-6.0404629629629625,-4.4222222222222225,-7.2780555555555555,-1.5975000000000024
5,3,2,as&cnf|gap&mrg|ovl,1,1,40.083333333333336,2.36,38.556715506715506,35.66666666666667,2.3233333333333333,300,0.2571428571428571,-3.020734126984127,3.7448412698412668,-0.24666666666666667,-9.418518518518518,-13.00425925925926,-6.0404629629629625,-4.4222222222222225,-7.2780555555555555,-1.5975000000000024
6,3,3,as&cnf|gap&mrg&tzi|ovl,1,1,40.083333333333336,2.41,38.556715506715506,35.66666666666667,2.3366666666666664,300,0.2571428571428571,-3.020734126984127,3.7448412698412668,-0.23333333333333334,-9.418518518518518,-13.00425925925926,-6.0404629629629625,-4.4222222222222225,-7.2780555555555555,-1.5975000000000024
6,3,3,as&cnf&gap|mrg&tzi|ovl,1,1,42.083333333333336,2.51,38.556715506715506,35.66666666666667,2.433333333333333,284,0.2571428571428571,-3.266805555555556,3.882440476190475,-0.13666666666666666,-9.418518518518518,-12.812037037037035,-6.216851851851855,-4.4222222222222225,-7.478194444444444,-1.432361111111112
6,3,3,as&cnf&tzi|gap&mrg|ovl,1,1,41.083333333333336,2.45,38.556715506715506,35.66666666666667,2.4433333333333334,284,0.2571428571428571,-3.266805555555556,3.882440476190475,-0.12666666666666668,-9.418518518518518,-12.812037037037035,-6.216851851851855,-4.4222222222222225,-7.478194444444444,-1.432361111111112
5,3,2,as&tzi|cnf|gap&mrg,1,1,38.80555555555556,2.5,38.47735042735042,36.0,2.4833333333333334,300,0.1777777777777776,-2.4455555555555555,2.666666666666667,-0.08666666666666667,-9.497883597883597,-13.540257936507938,-5.394398148148148,-4.501587301587302,-6.934206349206348,-2.422222222222222
4,3,2,as&gap|cnf|mrg,1,1,36.80555555555556,2.31,38.36623931623932,36.333333333333336,2.3666666666666667,300,0.06666666666666665,-2.5349999999999997,2.668333333333332,-0.20333333333333334,-9.608994708994707,-13.588207671957672,-5.585383597883599,-4.612698412698412,-7.1240476190476185,-2.536428571428572
5,3,3,as&gap&tzi|cnf|mrg,1,1,37.80555555555556,2.32,38.36623931623932,36.333333333333336,2.3866666666666667,300,0.06666666666666665,-2.5349999999999997,2.668333333333332,-0.18333333333333332,-9.608994708994707,-13.588207671957672,-5.585383597883599,-4.612698412698412,-7.1240476190476185,-2.536428571428572
4,3,2,as&cnf|mrg|ovl,1,1,38.083333333333336,2.24,38.334493284493284,35.66666666666667,2.2333333333333334,300,0.0349206349206348,-3.1946825396825402,3.5261706349206325,-0.33666666666666667,-9.64074074074074,-13.114907407407408,-6.242500000000002,-4.644444444444445,-7.589305555555555,-1.76625
4,3,2,cnf&gap|mrg|ovl,1,0,39.083333333333336,2.27,38.334493284493284,35.66666666666667,2.27,300,0.0349206349206348,-3.1532539682539675,3.528273809523809,-0.3,-9.64074074074074,-13.16037037037037,-6.166296296296297,-4.644444444444445,-7.5612499999999985,-1.8383333333333338
4,3,2,cnf&tzi|mrg|ovl,1,0,38.083333333333336,2.25,38.334493284493284,35.66666666666667,2.2733333333333334,300,0.0349206349206348,-3.1532539682539675,3.528273809523809,-0.2966666666666667,-9.64074074074074,-13.16037037037037,-6.166296296296297,-4.644444444444445,-7.5612499999999985,-1.8383333333333338
5,3,3,cnf&gap&tzi|mrg|ovl,1,0,39.083333333333336,2.27,38.334493284493284,35.66666666666667,2.283333333333333,300,0.0349206349206348,-3.1532539682539675,3.528273809523809,-0.2866666666666667,-9.64074074074074,-13.16037037037037,-6.166296296296297,-4.644444444444445,-7.5612499999999985,-1.8383333333333338
1,1,1,as,0,1,33.83333333333333,2.63,38.29957264957265,36.0,2.57,298,0.0,0.0,0.0,0.0,-9.675661375661376,-13.977744708994708,-5.967691798941799,-4.679365079365079,-7.679365079365079,-1.9108730158730158
5,3,2,cnf&gap|mrg&tzi|ovl,1,0,42.083333333333336,2.51,38.22338217338217,35.333333333333336,2.4266666666666667,284,-0.07619047619047621,-3.309563492063492,3.5279365079365075,-0.14333333333333334,-9.75185185185185,-13.203796296296296,-6.466666666666667,-4.7555555555555555,-7.750416666666666,-1.7662500000000005
5,3,2,cnf&tzi|gap&mrg|ovl,1,0,41.083333333333336,2.45,38.22338217338217,35.333333333333336,2.4366666666666665,284,-0.07619047619047621,-3.309563492063492,3.5279365079365075,-0.13333333333333333,-9.75185185185185,-13.203796296296296,-6.466666666666667,-4.7555555555555555,-7.750416666666666,-1.7662500000000005
4,3,2,as&tzi|cnf|mrg,1,1,36.80555555555556,2.29,38.03290598290599,36.0,2.3433333333333333,300,-0.2666666666666666,-2.801666666666666,2.3333333333333335,-0.22666666666666666,-9.942328042328041,-13.984702380952383,-5.868525132275134,-4.946031746031746,-7.444761904761905,-2.745793650793651
3,2,2,as|cnf&mrg,1,1,34.833333333333336,2.5,37.96623931623932,35.66666666666667,2.5,299,-0.33333333333333337,-1.0,0.0,-0.07,-10.00899470899471,-14.250787037037036,-6.289484126984127,-5.012698412698413,-8.012777777777778,-2.345714285714286
3,2,2,as|cnf&ovl,0,1,34.833333333333336,2.51,37.96623931623932,35.66666666666667,2.526666666666667,300,-0.33333333333333337,-1.0,0.0,-0.043333333333333335,-10.00899470899471,-14.250787037037036,-6.289484126984127,-5.012698412698413,-8.012777777777778,-2.345714285714286
3,2,2,as|cnf&tzi,0,1,33.83333333333333,2.55,37.96623931623932,35.66666666666667,2.526666666666667,299,-0.33333333333333337,-1.0,0.0,-0.043333333333333335,-10.00899470899471,-14.250787037037036,-6.289484126984127,-5.012698412698413,-8.012777777777778,-2.345714285714286
3,2,2,as|cnf&gap,0,1,34.833333333333336,2.54,37.96623931623932,35.66666666666667,2.526666666666667,299,-0.33333333333333337,-1.0,0.0,-0.043333333333333335,-10.00899470899471,-14.250787037037036,-6.289484126984127,-5.012698412698413,-8.012777777777778,-2.345714285714286
4,2,3,as|cnf&gap&tzi,0,1,33.83333333333333,2.57,37.96623931623932,35.66666666666667,2.53,299,-0.33333333333333337,-1.0,0.0,-0.04,-10.00899470899471,-14.250787037037036,-6.289484126984127,-5.012698412698413,-8.012777777777778,-2.345714285714286
4,2,3,as|cnf&mrg&ovl,1,1,34.833333333333336,2.52,37.96623931623932,35.66666666666667,2.5366666666666666,299,-0.33333333333333337,-1.0,0.0,-0.03333333333333333,-10.00899470899471,-14.250787037037036,-6.289484126984127,-5.012698412698413,-8.012777777777778,-2.345714285714286
4,2,3,as|cnf&mrg&tzi,1,1,33.83333333333333,2.58,37.96623931623932,35.66666666666667,2.54,299,-0.33333333333333337,-1.0,0.0,-0.03,-10.00899470899471,-14.250787037037036,-6.289484126984127,-5.012698412698413,-8.012777777777778,-2.345714285714286
4,2,3,as|cnf&gap&mrg,1,1,34.833333333333336,2.56,37.96623931623932,35.66666666666667,2.54,299,-0.33333333333333337,-1.0,0.0,-0.03,-10.00899470899471,-14.250787037037036,-6.289484126984127,-5.012698412698413,-8.012777777777778,-2.345714285714286
5,2,4,as|cnf&gap&mrg&tzi,1,1,33.83333333333333,2.59,37.96623931623932,35.66666666666667,2.5433333333333334,299,-0.33333333333333337,-1.0,0.0,-0.02666666666666667,-10.00899470899471,-14.250787037037036,-6.289484126984127,-5.012698412698413,-8.012777777777778,-2.345714285714286
4,2,3,as|cnf&ovl&tzi,0,1,33.83333333333333,2.58,37.96623931623932,35.66666666666667,2.55,299,-0.33333333333333337,-1.0,0.0,-0.02,-10.00899470899471,-14.250787037037036,-6.289484126984127,-5.012698412698413,-8.012777777777778,-2.345714285714286
4,2,3,as|cnf&gap&ovl,0,1,34.833333333333336,2.57,37.96623931623932,35.66666666666667,2.55,299,-0.33333333333333337,-1.0,0.0,-0.02,-10.00899470899471,-14.250787037037036,-6.289484126984127,-5.012698412698413,-8.012777777777778,-2.345714285714286
5,2,4,as|cnf&gap&ovl&tzi,0,1,33.83333333333333,2.6,37.96623931623932,35.66666666666667,2.55,299,-0.33333333333333337,-1.0,0.0,-0.02,-10.00899470899471,-14.250787037037036,-6.289484126984127,-5.012698412698413,-8.012777777777778,-2.345714285714286
5,2,4,as|cnf&mrg&ovl&tzi,1,1,33.83333333333333,2.59,37.96623931623932,35.66666666666667,2.5533333333333332,299,-0.33333333333333337,-1.0,0.0,-0.016666666666666666,-10.00899470899471,-14.250787037037036,-6.289484126984127,-5.012698412698413,-8.012777777777778,-2.345714285714286
5,2,4,as|cnf&gap&mrg&ovl,1,1,34.833333333333336,2.57,37.96623931623932,35.66666666666667,2.5533333333333332,299,-0.33333333333333337,-1.0,0.0,-0.016666666666666666,-10.00899470899471,-14.250787037037036,-6.289484126984127,-5.012698412698413,-8.012777777777778,-2.345714285714286
6,2,5,as|cnf&gap&mrg&ovl&tzi,1,1,33.83333333333333,2.6,37.96623931623932,35.66666666666667,2.5533333333333332,299,-0.33333333333333337,-1.0,0.0,-0.016666666666666666,-10.00899470899471,-14.250787037037036,-6.289484126984127,-5.012698412698413,-8.012777777777778,-2.345714285714286
4,3,2,cnf|mrg&tzi|ovl,1,0,40.083333333333336,2.38,37.89004884004884,35.0,2.2866666666666666,300,-0.4095238095238095,-3.6875793650793645,3.0002777777777774,-0.2833333333333333,-10.085185185185184,-13.81546296296296,-6.533055555555556,-5.0888888888888895,-7.824166666666667,-2.5491666666666672
4,3,2,cnf|gap&mrg|ovl,1,0,40.083333333333336,2.34,37.89004884004884,35.0,2.2933333333333334,300,-0.4095238095238095,-3.6875793650793645,3.0002777777777774,-0.27666666666666667,-10.085185185185184,-13.81546296296296,-6.533055555555556,-5.0888888888888895,-7.824166666666667,-2.5491666666666672
5,3,3,cnf|gap&mrg&tzi|ovl,1,0,40.083333333333336,2.39,37.89004884004884,35.0,2.3066666666666666,300,-0.4095238095238095,-3.6875793650793645,3.0002777777777774,-0.2633333333333333,-10.085185185185184,-13.81546296296296,-6.533055555555556,-5.0888888888888895,-7.824166666666667,-2.5491666666666672
5,3,2,as&gap|cnf&mrg|ovl,1,1,37.583333333333336,2.38,37.85512820512821,35.333333333333336,2.3133333333333335,300,-0.44444444444444453,-2.9166666666666665,2.3333333333333335,-0.25666666666666665,-10.12010582010582,-13.860568783068786,-6.6738888888888885,-5.123809523809523,-8.045496031746032,-2.1960317460317462
6,3,3,as&gap&tzi|cnf&mrg|ovl,1,1,37.583333333333336,2.4,37.85512820512821,35.333333333333336,2.3433333333333333,300,-0.44444444444444453,-2.9166666666666665,2.3333333333333335,-0.22666666666666666,-10.12010582010582,-13.860568783068786,-6.6738888888888885,-5.123809523809523,-8.045496031746032,-2.1960317460317462
6,4,2,as&gap|cnf|mrg|ovl&tzi,1,1,35.80555555555556,2.26,37.78290598290599,35.66666666666667,2.27,300,-0.5166666666666666,-3.25,2.0670833333333327,-0.3,-10.19232804232804,-14.174583333333334,-6.101455026455025,-5.196031746031746,-7.892996031746032,-3.012380952380953
3,3,1,cnf|mrg|ovl,1,0,38.083333333333336,2.23,37.66782661782662,35.0,2.22,300,-0.6317460317460319,-3.8785714285714286,2.8532738095238095,-0.35,-10.307407407407409,-14.026203703703704,-6.6765740740740736,-5.311111111111111,-8.134444444444444,-2.6833333333333336
5,3,2,as|cnf&tzi|mrg&ovl,1,1,35.833333333333336,2.34,37.63290598290598,35.333333333333336,2.3833333333333333,299,-0.6666666666666667,-1.6666666666666667,0.0,-0.18666666666666668,-10.342328042328042,-14.48742063492063,-6.696746031746032,-5.346031746031746,-8.333730158730159,-2.5992063492063493
5,3,2,as|cnf&gap|mrg&ovl,1,1,35.833333333333336,2.34,37.63290598290598,35.333333333333336,2.3833333333333333,299,-0.6666666666666667,-1.6666666666666667,0.0,-0.18666666666666668,-10.342328042328042,-14.48742063492063,-6.696746031746032,-5.346031746031746,-8.333730158730159,-2.5992063492063493
6,3,3,as|cnf&gap&tzi|mrg&ovl,1,1,35.833333333333336,2.34,37.63290598290598,35.333333333333336,2.3866666666666667,299,-0.6666666666666667,-1.6666666666666667,0.0,-0.18333333333333332,-10.342328042328042,-14.48742063492063,-6.696746031746032,-5.346031746031746,-8.333730158730159,-2.5992063492063493
3,2,2,as|mrg&ovl,1,1,35.833333333333336,2.35,37.63290598290598,35.333333333333336,2.41,299,-0.6666666666666667,-1.6666666666666667,0.0,-0.16,-10.342328042328042,-14.48742063492063,-6.696746031746032,-5.346031746031746,-8.333730158730159,-2.5992063492063493
6,3,3,as|cnf&gap|mrg&ovl&tzi,1,1,35.833333333333336,2.41,37.63290598290598,35.333333333333336,2.43,299,-0.6666666666666667,-1.6666666666666667,0.0,-0.14,-10.342328042328042,-14.48742063492063,-6.696746031746032,-5.346031746031746,-8.333730158730159,-2.5992063492063493
6,3,3,as|cnf&tzi|gap&mrg&ovl,1,1,35.833333333333336,2.45,37.63290598290598,35.333333333333336,2.4433333333333334,299,-0.6666666666666667,-1.6666666666666667,0.0,-0.12666666666666668,-10.342328042328042,-14.48742063492063,-6.696746031746032,-5.346031746031746,-8.333730158730159,-2.5992063492063493
4,2,3,as|mrg&ovl&tzi,1,1,34.833333333333336,2.45,37.63290598290598,35.333333333333336,2.4566666666666666,299,-0.6666666666666667,-1.6666666666666667,0.0,-0.11333333333333333,-10.342328042328042,-14.48742063492063,-6.696746031746032,-5.346031746031746,-8.333730158730159,-2.5992063492063493
4,2,3,as|gap&mrg&ovl,1,1,35.833333333333336,2.48,37.63290598290598,35.333333333333336,2.47,299,-0.6666666666666667,-1.6666666666666667,0.0,-0.1,-10.342328042328042,-14.48742063492063,-6.696746031746032,-5.346031746031746,-8.333730158730159,-2.5992063492063493
5,2,4,as|gap&mrg&ovl&tzi,1,1,34.833333333333336,2.51,37.63290598290598,35.333333333333336,2.47,299,-0.6666666666666667,-1.6666666666666667,0.0,-0.1,-10.342328042328042,-14.48742063492063,-6.696746031746032,-5.346031746031746,-8.333730158730159,-2.5992063492063493
5,3,2,as&tzi|cnf&mrg|ovl,1,1,35.583333333333336,2.37,37.521794871794874,35.0,2.316666666666667,300,-0.7777777777777778,-3.0833333333333335,1.8062499999999992,-0.25333333333333335,-10.453439153439154,-14.204021164021164,-6.932843915343917,-5.457142857142857,-8.481924603174603,-2.5078174603174612
5,3,2,as&gap|cnf&tzi|ovl,0,1,37.583333333333336,2.45,37.521794871794874,35.0,2.39,284,-0.7777777777777778,-3.3625000000000003,2.029861111111109,-0.18,-10.453439153439154,-14.189259259259257,-7.021058201058203,-5.457142857142857,-8.47561507936508,-2.5236309523809526
6,3,3,as&gap|cnf&mrg&tzi|ovl,1,1,38.583333333333336,2.47,37.521794871794874,35.0,2.4033333333333333,284,-0.7777777777777778,-3.3625000000000003,2.029861111111109,-0.16666666666666666,-10.453439153439154,-14.189259259259257,-7.021058201058203,-5.457142857142857,-8.47561507936508,-2.5236309523809526
3,2,2,as&gap|ovl,0,1,38.583333333333336,2.49,37.521794871794874,35.0,2.43,280,-0.7777777777777778,-3.3625000000000003,2.029861111111109,-0.14,-10.453439153439154,-14.189259259259257,-7.021058201058203,-5.457142857142857,-8.47561507936508,-2.5236309523809526
4,2,3,as&gap&tzi|ovl,0,1,38.583333333333336,2.54,37.521794871794874,35.0,2.473333333333333,276,-0.7777777777777778,-3.3625000000000003,2.029861111111109,-0.09666666666666666,-10.453439153439154,-14.189259259259257,-7.021058201058203,-5.457142857142857,-8.47561507936508,-2.5236309523809526
6,4,2,as&tzi|cnf|gap&ovl|mrg,1,1,33.80555555555556,2.25,37.366239316239316,35.333333333333336,2.26,300,-0.9333333333333332,-3.6666666666666665,1.6666666666666667,-0.31,-10.608994708994707,-14.754305555555556,-6.448855820105822,-5.612698412698413,-8.336507936507935,-3.265000000000002
6,3,3,as|cnf&mrg|gap&ovl&tzi,1,1,34.833333333333336,2.39,37.299572649572646,35.0,2.3433333333333333,299,-1.0,-2.3333333333333335,0.0,-0.22666666666666666,-10.675661375661374,-15.001514550264549,-6.883121693121695,-5.67936507936508,-8.825714285714286,-2.86952380952381
4,2,3,as|gap&ovl&tzi,0,1,33.83333333333333,2.49,37.299572649572646,35.0,2.3933333333333335,299,-1.0,-2.3333333333333335,0.0,-0.17666666666666667,-10.675661375661374,-15.001514550264549,-6.883121693121695,-5.67936507936508,-8.825714285714286,-2.86952380952381
2,2,1,as|cnf,0,1,34.833333333333336,2.47,37.299572649572646,35.0,2.46,300,-1.0,-2.3333333333333335,0.0,-0.11,-10.675661375661374,-14.811541005291003,-6.811428571428572,-5.67936507936508,-8.492301587301586,-3.412698412698413
4,3,2,as&gap|cnf|ovl,0,1,36.583333333333336,2.34,37.18846153846154,34.66666666666667,2.26,300,-1.1111111111111112,-3.6111111111111116,1.556249999999999,-0.31,-10.786772486772488,-14.693888888888889,-7.337367724867725,-5.79047619047619,-8.672718253968254,-3.021547619047621
5,3,3,as&gap&tzi|cnf|ovl,0,1,36.583333333333336,2.36,37.18846153846154,34.66666666666667,2.276666666666667,300,-1.1111111111111112,-3.6111111111111116,1.556249999999999,-0.29333333333333333,-10.786772486772488,-14.693888888888889,-7.337367724867725,-5.79047619047619,-8.672718253968254,-3.021547619047621
5,3,2,as&tzi|cnf&gap|ovl,0,1,36.583333333333336,2.46,37.18846153846154,34.66666666666667,2.39,284,-1.1111111111111112,-3.5562500000000004,1.6666666666666667,-0.18,-10.786772486772488,-14.690939153439153,-7.355185185185185,-5.79047619047619,-8.863392857142857,-2.6937500000000005
6,3,3,as&tzi|cnf&gap&mrg|ovl,1,1,36.583333333333336,2.46,37.18846153846154,34.66666666666667,2.4066666666666667,284,-1.1111111111111112,-3.5562500000000004,1.6666666666666667,-0.16333333333333333,-10.786772486772488,-14.690939153439153,-7.355185185185185,-5.79047619047619,-8.863392857142857,-2.6937500000000005
3,2,2,as&tzi|ovl,0,1,36.583333333333336,2.5,37.18846153846154,34.66666666666667,2.4266666666666667,280,-1.1111111111111112,-3.5562500000000004,1.6666666666666667,-0.14333333333333334,-10.786772486772488,-14.690939153439153,-7.355185185185185,-5.79047619047619,-8.863392857142857,-2.6937500000000005
5,3,2,as|cnf&mrg|ovl&tzi,1,1,34.833333333333336,2.33,37.049572649572646,34.66666666666667,2.3266666666666667,299,-1.25,-2.75,-0.25,-0.24333333333333335,-10.925661375661374,-15.124880952380954,-7.228816137566136,-5.92936507936508,-9.09686507936508,-3.1066865079365082
5,3,2,as|cnf&gap|ovl&tzi,0,1,34.833333333333336,2.38,37.049572649572646,34.66666666666667,2.36,299,-1.25,-2.75,-0.25,-0.21,-10.925661375661374,-15.124880952380954,-7.228816137566136,-5.92936507936508,-9.09686507936508,-3.1066865079365082
6,3,3,as|cnf&gap&mrg|ovl&tzi,1,1,34.833333333333336,2.38,37.049572649572646,34.66666666666667,2.3633333333333333,299,-1.25,-2.75,-0.25,-0.20666666666666667,-10.925661375661374,-15.124880952380954,-7.228816137566136,-5.92936507936508,-9.09686507936508,-3.1066865079365082
3,2,2,as|ovl&tzi,0,1,33.83333333333333,2.42,37.049572649572646,34.66666666666667,2.3733333333333335,299,-1.25,-2.75,-0.25,-0.19666666666666666,-10.925661375661374,-15.124880952380954,-7.228816137566136,-5.92936507936508,-9.09686507936508,-3.1066865079365082
5,3,2,as|cnf&mrg|gap&ovl,1,1,33.83333333333333,2.38,36.96623931623931,34.66666666666667,2.33,299,-1.3333333333333335,-2.666666666666667,-0.33333333333333337,-0.24,-11.008994708994708,-15.215998677248677,-7.151792328042328,-6.012698412698413,-9.222857142857142,-3.2697619047619053
4,3,2,as|cnf|mrg&ovl,1,1,35.833333333333336,2.33,36.96623931623931,34.66666666666667,2.3333333333333335,300,-1.3333333333333335,-2.666666666666667,-0.33333333333333337,-0.23666666666666666,-11.008994708994708,-15.04311507936508,-7.077685185185185,-6.012698412698413,-8.779285714285715,-3.6661904761904758
5,3,3,as|cnf|mrg&ovl&tzi,1,1,35.833333333333336,2.36,36.96623931623931,34.66666666666667,2.3633333333333333,300,-1.3333333333333335,-2.666666666666667,-0.33333333333333337,-0.20666666666666667,-11.008994708994708,-15.04311507936508,-7.077685185185185,-6.012698412698413,-8.779285714285715,-3.6661904761904758
5,3,2,as|cnf&tzi|gap&ovl,0,1,33.83333333333333,2.42,36.96623931623931,34.66666666666667,2.3633333333333333,299,-1.3333333333333335,-2.666666666666667,-0.33333333333333337,-0.20666666666666667,-11.008994708994708,-15.215998677248677,-7.151792328042328,-6.012698412698413,-9.222857142857142,-3.2697619047619053
6,3,3,as|cnf&mrg&tzi|gap&ovl,1,1,33.83333333333333,2.43,36.96623931623931,34.66666666666667,2.3666666666666667,299,-1.3333333333333335,-2.666666666666667,-0.33333333333333337,-0.20333333333333334,-11.008994708994708,-15.215998677248677,-7.151792328042328,-6.012698412698413,-9.222857142857142,-3.2697619047619053
3,2,2,as|gap&ovl,0,1,33.83333333333333,2.45,36.96623931623931,34.66666666666667,2.3766666666666665,299,-1.3333333333333335,-2.666666666666667,-0.33333333333333337,-0.19333333333333333,-11.008994708994708,-15.215998677248677,-7.151792328042328,-6.012698412698413,-9.222857142857142,-3.2697619047619053
5,3,3,as|cnf|gap&mrg&ovl,1,1,35.833333333333336,2.4,36.96623931623931,34.66666666666667,2.3766666666666665,300,-1.3333333333333335,-2.666666666666667,-0.33333333333333337,-0.19333333333333333,-11.008994708994708,-15.04311507936508,-7.077685185185185,-6.012698412698413,-8.779285714285715,-3.6661904761904758
6,3,4,as|cnf|gap&mrg&ovl&tzi,1,1,35.833333333333336,2.4,36.96623931623931,34.66666666666667,2.3766666666666665,300,-1.3333333333333335,-2.666666666666667,-0.33333333333333337,-0.19333333333333333,-11.008994708994708,-15.04311507936508,-7.077685185185185,-6.012698412698413,-8.779285714285715,-3.6661904761904758
4,3,2,as&tzi|cnf|ovl,0,1,35.583333333333336,2.35,36.85512820512821,34.333333333333336,2.26,300,-1.4444444444444446,-3.9444444444444446,1.1395833333333325,-0.31,-11.12010582010582,-15.165066137566136,-7.6330026455026445,-6.123809523809523,-9.08640873015873,-3.3327777777777783
5,3,3,as|cnf|gap&ovl&tzi,0,1,34.833333333333336,2.38,36.63290598290598,34.333333333333336,2.3133333333333335,300,-1.6666666666666667,-3.3333333333333335,-0.33333333333333337,-0.25666666666666665,-11.342328042328042,-15.814689153439154,-7.438796296296296,-6.346031746031746,-9.283253968253968,-3.821428571428572
4,3,2,as|cnf|ovl&tzi,0,1,34.833333333333336,2.33,36.38290598290598,34.0,2.296666666666667,300,-1.9166666666666665,-3.5833333333333335,-0.5833333333333334,-0.2733333333333333,-11.592328042328042,-16.060681216931215,-7.728611111111111,-6.596031746031746,-9.574047619047619,-4.04015873015873
6,4,2,as&gap|cnf&tzi|mrg|ovl,1,1,34.58333333333333,2.14,36.366239316239316,34.333333333333336,2.1233333333333335,300,-1.9333333333333333,-4.716666666666666,1.0,-0.44666666666666666,-11.608994708994707,-15.377671957671959,-8.262843915343916,-6.612698412698411,-9.820873015873016,-3.5251785714285715
4,3,2,as&gap|mrg|ovl,1,1,35.583333333333336,2.16,36.366239316239316,34.333333333333336,2.1366666666666667,300,-1.9333333333333333,-4.716666666666666,1.0,-0.43333333333333335,-11.608994708994707,-15.377671957671959,-8.262843915343916,-6.612698412698411,-9.820873015873016,-3.5251785714285715
5,3,3,as&gap&tzi|mrg|ovl,1,1,35.583333333333336,2.16,36.366239316239316,34.333333333333336,2.1633333333333336,300,-1.9333333333333333,-4.716666666666666,1.0,-0.4066666666666667,-11.608994708994707,-15.377671957671959,-8.262843915343916,-6.612698412698411,-9.820873015873016,-3.5251785714285715
4,3,2,as|cnf&tzi|mrg,1,1,33.83333333333333,2.12,36.366239316239316,34.333333333333336,2.1933333333333334,299,-1.9333333333333333,-3.6000000000000005,-0.6,-0.37666666666666665,-11.608994708994707,-15.82015873015873,-7.606527777777779,-6.612698412698411,-9.839206349206348,-3.6793650793650796
4,3,2,as|cnf&gap|mrg,1,1,33.83333333333333,2.12,36.366239316239316,34.333333333333336,2.1933333333333334,299,-1.9333333333333333,-3.6000000000000005,-0.6,-0.37666666666666665,-11.608994708994707,-15.82015873015873,-7.606527777777779,-6.612698412698411,-9.839206349206348,-3.6793650793650796
5,3,3,as|cnf&gap&tzi|mrg,1,1,33.83333333333333,2.12,36.366239316239316,34.333333333333336,2.1933333333333334,299,-1.9333333333333333,-3.6000000000000005,-0.6,-0.37666666666666665,-11.608994708994707,-15.82015873015873,-7.606527777777779,-6.612698412698411,-9.839206349206348,-3.6793650793650796
4,3,2,as|cnf&ovl|mrg,1,1,33.83333333333333,2.12,36.366239316239316,34.333333333333336,2.1966666666666668,300,-1.9333333333333333,-3.6000000000000005,-0.6,-0.37333333333333335,-11.608994708994707,-15.82015873015873,-7.606527777777779,-6.612698412698411,-9.839206349206348,-3.6793650793650796
5,3,3,as|cnf&ovl&tzi|mrg,1,1,33.83333333333333,2.12,36.366239316239316,34.333333333333336,2.203333333333333,299,-1.9333333333333333,-3.6000000000000005,-0.6,-0.36666666666666664,-11.608994708994707,-15.82015873015873,-7.606527777777779,-6.612698412698411,-9.839206349206348,-3.6793650793650796
5,3,3,as|cnf&gap&ovl|mrg,1,1,33.83333333333333,2.12,36.366239316239316,34.333333333333336,2.203333333333333,299,-1.9333333333333333,-3.6000000000000005,-0.6,-0.36666666666666664,-11.608994708994707,-15.82015873015873,-7.606527777777779,-6.612698412698411,-9.839206349206348,-3.6793650793650796
6,3,4,as|cnf&gap&ovl&tzi|mrg,1,1,33.83333333333333,2.12,36.366239316239316,34.333333333333336,2.203333333333333,299,-1.9333333333333333,-3.6000000000000005,-0.6,-0.36666666666666664,-11.608994708994707,-15.82015873015873,-7.606527777777779,-6.612698412698411,-9.839206349206348,-3.6793650793650796
2,2,1,as|mrg,1,1,33.83333333333333,2.12,36.366239316239316,34.333333333333336,2.2066666666666666,299,-1.9333333333333333,-3.6000000000000005,-0.6,-0.36333333333333334,-11.608994708994707,-15.82015873015873,-7.606527777777779,-6.612698412698411,-9.839206349206348,-3.6793650793650796
5,3,2,as|cnf&ovl|mrg&tzi,1,1,35.833333333333336,2.28,36.366239316239316,34.333333333333336,2.3066666666666666,300,-1.9333333333333333,-3.6000000000000005,-0.6,-0.2633333333333333,-11.608994708994707,-15.82015873015873,-7.606527777777779,-6.612698412698411,-9.839206349206348,-3.6793650793650796
5,3,2,as|cnf&gap|mrg&tzi,1,1,35.833333333333336,2.32,36.366239316239316,34.333333333333336,2.316666666666667,299,-1.9333333333333333,-3.6000000000000005,-0.6,-0.25333333333333335,-11.608994708994707,-15.82015873015873,-7.606527777777779,-6.612698412698411,-9.839206349206348,-3.6793650793650796
5,3,2,as|cnf&ovl|gap&mrg,1,1,35.833333333333336,2.3,36.366239316239316,34.333333333333336,2.3266666666666667,300,-1.9333333333333333,-3.6000000000000005,-0.6,-0.24333333333333335,-11.608994708994707,-15.82015873015873,-7.606527777777779,-6.612698412698411,-9.839206349206348,-3.6793650793650796
6,3,3,as|cnf&gap&ovl|mrg&tzi,1,1,35.833333333333336,2.32,36.366239316239316,34.333333333333336,2.33,299,-1.9333333333333333,-3.6000000000000005,-0.6,-0.24,-11.608994708994707,-15.82015873015873,-7.606527777777779,-6.612698412698411,-9.839206349206348,-3.6793650793650796
3,2,2,as|mrg&tzi,1,1,34.833333333333336,2.35,36.366239316239316,34.333333333333336,2.3333333333333335,299,-1.9333333333333333,-3.6000000000000005,-0.6,-0.23666666666666666,-11.608994708994707,-15.82015873015873,-7.606527777777779,-6.612698412698411,-9.839206349206348,-3.6793650793650796
5,3,2,as|cnf&tzi|gap&mrg,1,1,35.833333333333336,2.34,36.366239316239316,34.333333333333336,2.3366666666666664,299,-1.9333333333333333,-3.6000000000000005,-0.6,-0.23333333333333334,-11.608994708994707,-15.82015873015873,-7.606527777777779,-6.612698412698411,-9.839206349206348,-3.6793650793650796
6,3,3,as|cnf&ovl|gap&mrg&tzi,1,1,35.833333333333336,2.33,36.366239316239316,34.333333333333336,2.34,300,-1.9333333333333333,-3.6000000000000005,-0.6,-0.23,-11.608994708994707,-15.82015873015873,-7.606527777777779,-6.612698412698411,-9.839206349206348,-3.6793650793650796
6,3,3,as|cnf&ovl&tzi|gap&mrg,1,1,35.833333333333336,2.34,36.366239316239316,34.333333333333336,2.35,299,-1.9333333333333333,-3.6000000000000005,-0.6,-0.22,-11.608994708994707,-15.82015873015873,-7.606527777777779,-6.612698412698411,-9.839206349206348,-3.6793650793650796
3,2,2,as|gap&mrg,1,1,35.833333333333336,2.36,36.366239316239316,34.333333333333336,2.3533333333333335,299,-1.9333333333333333,-3.6000000000000005,-0.6,-0.21666666666666667,-11.608994708994707,-15.82015873015873,-7.606527777777779,-6.612698412698411,-9.839206349206348,-3.6793650793650796
4,2,3,as|gap&mrg&tzi,1,1,34.833333333333336,2.42,36.366239316239316,34.333333333333336,2.3666666666666667,299,-1.9333333333333333,-3.6000000000000005,-0.6,-0.20333333333333334,-11.608994708994707,-15.82015873015873,-7.606527777777779,-6.612698412698411,-9.839206349206348,-3.6793650793650796
4,3,2,as|cnf|gap&ovl,0,1,33.83333333333333,2.37,36.299572649572646,34.0,2.3,300,-2.0,-3.6666666666666665,-0.6666666666666667,-0.27,-11.675661375661376,-16.08878968253968,-7.767857142857143,-6.67936507936508,-9.556666666666667,-4.111111111111111
5,3,2,as&gap|mrg&tzi|ovl,1,1,38.583333333333336,2.38,36.25512820512821,34.0,2.29,284,-2.0444444444444443,-4.86125,1.0833333333333335,-0.28,-11.72010582010582,-15.464920634920635,-8.326904761904762,-6.723809523809524,-9.88892857142857,-3.4936507936507946
6,4,2,as&tzi|cnf&gap|mrg|ovl,1,1,33.58333333333333,2.13,36.03290598290599,34.0,2.1233333333333335,300,-2.2666666666666666,-4.916666666666666,0.5833333333333334,-0.44666666666666666,-11.94232804232804,-15.861111111111112,-8.444206349206349,-6.9460317460317444,-10.218670634920633,-3.7932341269841277
5,3,3,as|gap&ovl&tzi|mrg,1,1,32.83333333333333,2.1,36.03290598290599,34.0,2.1333333333333333,299,-2.2666666666666666,-4.0,-0.6666666666666667,-0.43666666666666665,-11.94232804232804,-16.39971560846561,-7.980297619047619,-6.9460317460317444,-10.266984126984125,-3.8666666666666667
4,3,2,as&tzi|mrg|ovl,1,1,33.58333333333333,2.13,36.03290598290599,34.0,2.14,300,-2.2666666666666666,-4.916666666666666,0.5833333333333334,-0.43,-11.94232804232804,-15.861111111111112,-8.444206349206349,-6.9460317460317444,-10.218670634920633,-3.7932341269841277
6,4,2,as&gap|cnf|mrg&tzi|ovl,1,1,36.583333333333336,2.25,35.92179487179487,33.666666666666664,2.1466666666666665,300,-2.3777777777777778,-5.12375,0.5833333333333334,-0.42333333333333334,-12.053439153439152,-15.871957671957674,-8.56325396825397,-7.057142857142856,-10.128511904761904,-4.130873015873016
5,3,2,as&tzi|gap&mrg|ovl,1,1,36.583333333333336,2.33,35.92179487179487,33.666666666666664,2.3,284,-2.3777777777777778,-5.1177777777777775,0.5840277777777771,-0.27,-12.053439153439152,-15.851825396825395,-8.50601851851852,-7.057142857142856,-10.153412698412698,-3.8556547619047628
6,4,2,as|cnf&gap|mrg|ovl&tzi,1,1,32.83333333333333,2.09,35.78290598290599,33.666666666666664,2.1266666666666665,299,-2.5166666666666666,-4.350416666666667,-0.998333333333335,-0.44333333333333336,-12.192328042328041,-16.427585978835978,-8.24306216931217,-7.1960317460317444,-10.68515873015873,-4.115416666666667
4,3,2,as|mrg|ovl&tzi,1,1,32.83333333333333,2.09,35.78290598290599,33.666666666666664,2.13,299,-2.5166666666666666,-4.350416666666667,-0.998333333333335,-0.44,-12.192328042328041,-16.427585978835978,-8.24306216931217,-7.1960317460317444,-10.68515873015873,-4.115416666666667
5,3,2,as|gap&mrg|ovl&tzi,1,1,34.833333333333336,2.27,35.78290598290599,33.666666666666664,2.26,299,-2.5166666666666666,-4.350416666666667,-0.998333333333335,-0.31,-12.192328042328041,-16.427585978835978,-8.24306216931217,-7.1960317460317444,-10.68515873015873,-4.115416666666667
5,4,2,as&gap|cnf|mrg|ovl,1,1,34.58333333333333,2.12,35.69957264957265,33.666666666666664,2.0833333333333335,300,-2.6,-5.367916666666667,0.25,-0.4866666666666667,-12.275661375661375,-16.192632275132272,-8.776468253968254,-7.279365079365078,-10.383551587301588,-4.345575396825398
6,4,3,as&gap&tzi|cnf|mrg|ovl,1,1,34.58333333333333,2.12,35.69957264957265,33.666666666666664,2.0966666666666667,300,-2.6,-5.367916666666667,0.25,-0.47333333333333333,-12.275661375661375,-16.192632275132272,-8.776468253968254,-7.279365079365078,-10.383551587301588,-4.345575396825398
6,4,2,as|cnf&tzi|gap&ovl|mrg,1,1,31.83333333333333,2.09,35.69957264957265,33.666666666666664,2.1166666666666667,299,-2.6,-4.335,-1.0,-0.4533333333333333,-12.275661375661375,-16.715482804232806,-8.243789682539683,-7.279365079365078,-10.58174603174603,-4.19888888888889
4,3,2,as|gap&ovl|mrg,1,1,31.83333333333333,2.09,35.69957264957265,33.666666666666664,2.12,299,-2.6,-4.335,-1.0,-0.45,-12.275661375661375,-16.715482804232806,-8.243789682539683,-7.279365079365078,-10.58174603174603,-4.19888888888889
5,3,2,as|gap&ovl|mrg&tzi,1,1,33.83333333333333,2.29,35.69957264957265,33.666666666666664,2.243333333333333,299,-2.6,-4.335,-1.0,-0.32666666666666666,-12.275661375661375,-16.715482804232806,-8.243789682539683,-7.279365079365078,-10.58174603174603,-4.19888888888889
3,3,1,as|cnf|mrg,1,1,33.83333333333333,2.12,35.699572649572644,33.666666666666664,2.1666666666666665,300,-2.6,-4.333333333333334,-1.0,-0.4033333333333333,-12.275661375661375,-16.37281746031746,-8.236587301587301,-7.279365079365078,-10.33674603174603,-4.612460317460318
4,3,2,as|cnf|mrg&tzi,1,1,35.833333333333336,2.27,35.699572649572644,33.666666666666664,2.2533333333333334,300,-2.6,-4.333333333333334,-1.0,-0.31666666666666665,-12.275661375661375,-16.37281746031746,-8.236587301587301,-7.279365079365078,-10.33674603174603,-4.612460317460318
4,3,2,as|cnf|gap&mrg,1,1,35.833333333333336,2.29,35.699572649572644,33.666666666666664,2.2733333333333334,300,-2.6,-4.333333333333334,-1.0,-0.2966666666666667,-12.275661375661375,-16.37281746031746,-8.236587301587301,-7.279365079365078,-10.33674603174603,-4.612460317460318
5,3,3,as|cnf|gap&mrg&tzi,1,1,35.833333333333336,2.32,35.699572649572644,33.666666666666664,2.283333333333333,300,-2.6,-4.333333333333334,-1.0,-0.2866666666666667,-12.275661375661375,-16.37281746031746,-8.236587301587301,-7.279365079365078,-10.33674603174603,-4.612460317460318
4,3,2,as|cnf&mrg|ovl,1,1,33.83333333333333,2.25,35.63290598290598,33.33333333333333,2.183333333333333,300,-2.666666666666667,-4.583333333333333,-1.0,-0.38666666666666666,-12.342328042328042,-16.50022486772487,-8.760317460317465,-7.346031746031747,-10.529503968253968,-4.269761904761905
4,3,2,as|cnf&tzi|ovl,0,1,33.83333333333333,2.25,35.63290598290598,33.33333333333333,2.19,300,-2.666666666666667,-4.583333333333333,-1.0,-0.38,-12.342328042328042,-16.50022486772487,-8.760317460317465,-7.346031746031747,-10.529503968253968,-4.269761904761905
4,3,2,as|cnf&gap|ovl,0,1,33.83333333333333,2.25,35.63290598290598,33.33333333333333,2.19,300,-2.666666666666667,-4.583333333333333,-1.0,-0.38,-12.342328042328042,-16.50022486772487,-8.760317460317465,-7.346031746031747,-10.529503968253968,-4.269761904761905
5,3,3,as|cnf&gap&tzi|ovl,0,1,33.83333333333333,2.25,35.63290598290598,33.33333333333333,2.19,300,-2.666666666666667,-4.583333333333333,-1.0,-0.38,-12.342328042328042,-16.50022486772487,-8.760317460317465,-7.346031746031747,-10.529503968253968,-4.269761904761905
5,3,3,as|cnf&mrg&tzi|ovl,1,1,33.83333333333333,2.25,35.63290598290598,33.33333333333333,2.1933333333333334,300,-2.666666666666667,-4.583333333333333,-1.0,-0.37666666666666665,-12.342328042328042,-16.50022486772487,-8.760317460317465,-7.346031746031747,-10.529503968253968,-4.269761904761905
5,3,3,as|cnf&gap&mrg|ovl,1,1,33.83333333333333,2.25,35.63290598290598,33.33333333333333,2.1933333333333334,300,-2.666666666666667,-4.583333333333333,-1.0,-0.37666666666666665,-12.342328042328042,-16.50022486772487,-8.760317460317465,-7.346031746031747,-10.529503968253968,-4.269761904761905
6,3,4,as|cnf&gap&mrg&tzi|ovl,1,1,33.83333333333333,2.25,35.63290598290598,33.33333333333333,2.1933333333333334,300,-2.666666666666667,-4.583333333333333,-1.0,-0.37666666666666665,-12.342328042328042,-16.50022486772487,-8.760317460317465,-7.346031746031747,-10.529503968253968,-4.269761904761905
2,2,1,as|ovl,0,1,33.83333333333333,2.26,35.63290598290598,33.33333333333333,2.2,300,-2.666666666666667,-4.583333333333333,-1.0,-0.37,-12.342328042328042,-16.50022486772487,-8.760317460317465,-7.346031746031747,-10.529503968253968,-4.269761904761905
6,4,2,as&tzi|cnf|gap&mrg|ovl,1,1,35.583333333333336,2.22,35.588461538461544,33.33333333333333,2.1533333333333333,300,-2.711111111111111,-5.527916666666668,0.057638888888886936,-0.4166666666666667,-12.386772486772486,-16.246494708994707,-8.903558201058202,-7.39047619047619,-10.503234126984127,-4.407103174603175
5,4,2,as&tzi|cnf|mrg|ovl,1,1,33.58333333333333,2.11,35.36623931623932,33.33333333333333,2.0833333333333335,300,-2.9333333333333336,-5.717499999999999,-0.16666666666666669,-0.4866666666666667,-12.60899470899471,-16.527658730158727,-9.055462962962963,-7.612698412698411,-10.680297619047618,-4.612281746031746
6,4,3,as|cnf|gap&ovl&tzi|mrg,1,1,32.83333333333333,2.1,35.366239316239316,33.33333333333333,2.1033333333333335,300,-2.9333333333333336,-4.801666666666666,-1.2666666666666666,-0.4666666666666667,-12.60899470899471,-16.737420634920635,-8.535476190476192,-7.612698412698411,-10.559761904761904,-4.869761904761905
3,3,1,as|cnf|ovl,0,1,33.83333333333333,2.25,35.299572649572646,33.0,2.1733333333333333,300,-3.0,-5.083333333333333,-1.1666666666666667,-0.39666666666666667,-12.675661375661376,-16.852539682539682,-8.99202380952381,-7.679365079365079,-10.861289682539681,-4.728968253968255
5,4,2,as|cnf|mrg|ovl&tzi,1,1,32.83333333333333,2.09,35.116239316239316,33.0,2.1,300,-3.183333333333334,-5.217083333333332,-1.3333333333333335,-0.47,-12.85899470899471,-16.972070105820105,-8.767420634920635,-7.862698412698411,-11.028968253968253,-5.059920634920636
6,4,2,as|cnf|gap&mrg|ovl&tzi,1,1,34.833333333333336,2.22,35.116239316239316,33.0,2.1933333333333334,300,-3.183333333333334,-5.217083333333332,-1.3333333333333335,-0.37666666666666665,-12.85899470899471,-16.972070105820105,-8.767420634920635,-7.862698412698411,-11.028968253968253,-5.059920634920636
5,4,2,as|cnf|gap&ovl|mrg,1,1,31.83333333333333,2.09,35.03290598290598,33.0,2.09,300,-3.266666666666667,-5.266666666666667,-1.3333333333333335,-0.48,-12.942328042328043,-17.199748677248678,-8.907050264550264,-7.946031746031745,-11.02873015873016,-5.091746031746031
6,4,2,as|cnf|gap&ovl|mrg&tzi,1,1,33.83333333333333,2.24,35.03290598290598,33.0,2.1766666666666667,300,-3.266666666666667,-5.266666666666667,-1.3333333333333335,-0.3933333333333333,-12.942328042328043,-17.199748677248678,-8.907050264550264,-7.946031746031745,-11.02873015873016,-5.091746031746031
5,4,2,as|cnf&tzi|mrg|ovl,1,1,31.83333333333333,2.04,34.366239316239316,32.33333333333333,2.013333333333333,300,-3.933333333333334,-6.200000000000001,-1.7500000000000002,-0.5566666666666666,-13.60899470899471,-17.628994708994707,-9.999431216931216,-8.612698412698412,-12.081051587301586,-5.360734126984127
5,4,2,as|cnf&gap|mrg|ovl,1,1,31.83333333333333,2.04,34.366239316239316,32.33333333333333,2.013333333333333,300,-3.933333333333334,-6.200000000000001,-1.7500000000000002,-0.5566666666666666,-13.60899470899471,-17.628994708994707,-9.999431216931216,-8.612698412698412,-12.081051587301586,-5.360734126984127
6,4,3,as|cnf&gap&tzi|mrg|ovl,1,1,31.83333333333333,2.04,34.366239316239316,32.33333333333333,2.013333333333333,300,-3.933333333333334,-6.200000000000001,-1.7500000000000002,-0.5566666666666666,-13.60899470899471,-17.628994708994707,-9.999431216931216,-8.612698412698412,-12.081051587301586,-5.360734126984127
3,3,1,as|mrg|ovl,1,1,31.83333333333333,2.04,34.366239316239316,32.33333333333333,2.0166666666666666,300,-3.933333333333334,-6.200000000000001,-1.7500000000000002,-0.5533333333333333,-13.60899470899471,-17.628994708994707,-9.999431216931216,-8.612698412698412,-12.081051587301586,-5.360734126984127
6,4,2,as|cnf&gap|mrg&tzi|ovl,1,1,33.83333333333333,2.16,34.366239316239316,32.33333333333333,2.08,300,-3.933333333333334,-6.200000000000001,-1.7500000000000002,-0.49,-13.60899470899471,-17.628994708994707,-9.999431216931216,-8.612698412698412,-12.081051587301586,-5.360734126984127
4,3,2,as|mrg&tzi|ovl,1,1,33.83333333333333,2.16,34.366239316239316,32.33333333333333,2.0833333333333335,300,-3.933333333333334,-6.200000000000001,-1.7500000000000002,-0.4866666666666667,-13.60899470899471,-17.628994708994707,-9.999431216931216,-8.612698412698412,-12.081051587301586,-5.360734126984127
6,4,2,as|cnf&tzi|gap&mrg|ovl,1,1,33.83333333333333,2.14,34.366239316239316,32.33333333333333,2.0866666666666664,300,-3.933333333333334,-6.200000000000001,-1.7500000000000002,-0.48333333333333334,-13.60899470899471,-17.628994708994707,-9.999431216931216,-8.612698412698412,-12.081051587301586,-5.360734126984127
4,3,2,as|gap&mrg|ovl,1,1,33.83333333333333,2.14,34.366239316239316,32.33333333333333,2.09,300,-3.933333333333334,-6.200000000000001,-1.7500000000000002,-0.48,-13.60899470899471,-17.628994708994707,-9.999431216931216,-8.612698412698412,-12.081051587301586,-5.360734126984127
5,3,3,as|gap&mrg&tzi|ovl,1,1,33.83333333333333,2.17,34.366239316239316,32.33333333333333,2.1,300,-3.933333333333334,-6.200000000000001,-1.7500000000000002,-0.47,-13.60899470899471,-17.628994708994707,-9.999431216931216,-8.612698412698412,-12.081051587301586,-5.360734126984127
4,4,1,as|cnf|mrg|ovl,1,1,31.83333333333333,2.04,34.03290598290598,32.0,2.006666666666667,300,-4.2666666666666675,-6.7175,-2.0166666666666666,-0.5633333333333334,-13.942328042328041,-18.092724867724865,-10.17441798941799,-8.946031746031744,-12.397698412698412,-5.695753968253968
5,4,2,as|cnf|mrg&tzi|ovl,1,1,33.83333333333333,2.16,34.03290598290598,32.0,2.0633333333333335,300,-4.2666666666666675,-6.7175,-2.0166666666666666,-0.5066666666666667,-13.942328042328041,-18.092724867724865,-10.17441798941799,-8.946031746031744,-12.397698412698412,-5.695753968253968
5,4,2,as|cnf|gap&mrg|ovl,1,1,33.83333333333333,2.14,34.03290598290598,32.0,2.07,300,-4.2666666666666675,-6.7175,-2.0166666666666666,-0.5,-13.942328042328041,-18.092724867724865,-10.17441798941799,-8.946031746031744,-12.397698412698412,-5.695753968253968
6,4,3,as|cnf|gap&mrg&tzi|ovl,1,1,33.83333333333333,2.17,34.03290598290598,32.0,2.08,300,-4.2666666666666675,-6.7175,-2.0166666666666666,-0.49,-13.942328042328041,-18.092724867724865,-10.17441798941799,-8.946031746031744,-12.397698412698412,-5.695753968253968
2,1,2,gap&tzi,0,0,34.97222222222222,3.2,30.11623931623932,28.333333333333332,2.986666666666667,151,-8.183333333333334,-13.850694444444441,-3.1386111111111115,0.4166666666666667,-17.85899470899471,-23.369047619047613,-12.5848082010582,-12.862698412698412,-18.32097222222222,-8.026964285714287
5,2,3,cnf&mrg&ovl|gap&tzi,1,0,34.22222222222222,2.62,29.42179487179487,27.666666666666668,2.5566666666666666,236,-8.877777777777778,-14.467222222222222,-4.000000000000001,-0.013333333333333334,-18.553439153439154,-24.034351851851852,-13.231712962962963,-13.557142857142857,-18.594087301587304,-8.901468253968256
6,2,4,as&cnf&mrg&ovl|gap&tzi,1,1,33.972222222222214,2.81,29.33846153846154,27.666666666666668,2.6533333333333333,227,-8.961111111111112,-14.545833333333333,-4.115833333333334,0.08333333333333333,-18.636772486772486,-24.01068783068783,-13.362400793650794,-13.640476190476189,-18.934722222222224,-8.918015873015873
4,2,2,gap&tzi|mrg&ovl,1,0,34.22222222222222,2.48,29.199572649572648,27.666666666666668,2.433333333333333,242,-9.1,-14.61222222222222,-4.2219444444444445,-0.13666666666666666,-18.775661375661375,-24.31372354497354,-13.546931216931215,-13.779365079365077,-18.77166666666667,-9.13452380952381
5,2,3,as&mrg&ovl|gap&tzi,1,1,33.972222222222214,2.79,29.116239316239316,27.666666666666668,2.6,229,-9.183333333333334,-14.667083333333334,-4.442361111111112,0.03,-18.858994708994707,-24.427208994708995,-13.62527777777778,-13.862698412698412,-19.122261904761903,-9.158650793650793
4,2,2,cnf&mrg|gap&tzi,1,0,31.555555555555554,2.34,28.92179487179487,27.333333333333332,2.2933333333333334,289,-9.37777777777778,-14.934999999999999,-4.466111111111112,-0.27666666666666667,-19.053439153439157,-24.730046296296297,-13.503148148148147,-14.057142857142857,-18.92857142857143,-9.65325396825397
5,2,3,as&cnf&mrg|gap&tzi,1,1,32.972222222222214,2.56,28.58846153846154,27.0,2.4133333333333336,282,-9.71111111111111,-15.334444444444442,-4.821666666666666,-0.15666666666666668,-19.38677248677249,-24.993763227513227,-13.891706349206345,-14.390476190476189,-19.47992063492063,-9.736190476190476
3,2,2,gap&tzi|mrg,1,0,29.55555555555555,2.06,28.477350427350423,27.333333333333332,2.12,290,-9.822222222222223,-15.334444444444442,-4.932222222222222,-0.45,-19.497883597883597,-25.15060185185185,-14.080681216931215,-14.501587301587298,-19.349206349206348,-9.888650793650793
4,2,2,as&mrg|gap&tzi,1,1,32.972222222222214,2.51,28.366239316239316,27.0,2.37,283,-9.933333333333334,-15.445555555555554,-5.154444444444445,-0.2,-19.608994708994707,-25.28560185185185,-14.176574074074075,-14.61269841269841,-19.68357142857143,-9.98936507936508
4,2,3,gap|mrg&ovl&tzi,1,0,31.972222222222218,2.74,28.005128205128205,26.333333333333332,2.66,185,-10.294444444444444,-15.952083333333334,-4.933055555555556,0.09,-19.97010582010582,-25.478042328042328,-14.644920634920636,-14.973809523809523,-20.41829365079365,-9.810416666666667
4,2,3,cnf&ovl&tzi|gap,0,0,30.972222222222218,2.79,28.005128205128205,26.333333333333332,2.6866666666666665,185,-10.294444444444444,-15.952083333333334,-4.933055555555556,0.11666666666666667,-19.97010582010582,-25.478042328042328,-14.644920634920636,-14.973809523809523,-20.41829365079365,-9.810416666666667
5,2,4,as&mrg&ovl&tzi|gap,1,1,31.972222222222218,2.87,28.005128205128205,26.333333333333332,2.6966666666666668,181,-10.294444444444444,-15.952083333333334,-4.933055555555556,0.12666666666666668,-19.97010582010582,-25.478042328042328,-14.644920634920636,-14.973809523809523,-20.41829365079365,-9.810416666666667
5,2,4,as&cnf&ovl&tzi|gap,0,1,30.972222222222218,2.85,28.005128205128205,26.333333333333332,2.6966666666666668,183,-10.294444444444444,-15.952083333333334,-4.933055555555556,0.12666666666666668,-19.97010582010582,-25.478042328042328,-14.644920634920636,-14.973809523809523,-20.41829365079365,-9.810416666666667
5,2,4,cnf&mrg&ovl&tzi|gap,1,0,31.972222222222218,2.82,28.005128205128205,26.333333333333332,2.7,183,-10.294444444444444,-15.952083333333334,-4.933055555555556,0.13,-19.97010582010582,-25.478042328042328,-14.644920634920636,-14.973809523809523,-20.41829365079365,-9.810416666666667
6,2,5,as&cnf&mrg&ovl&tzi|gap,1,1,31.972222222222218,2.87,28.005128205128205,26.333333333333332,2.71,181,-10.294444444444444,-15.952083333333334,-4.933055555555556,0.14,-19.97010582010582,-25.478042328042328,-14.644920634920636,-14.973809523809523,-20.41829365079365,-9.810416666666667
1,1,1,gap,0,0,31.972222222222218,2.96,28.005128205128205,26.333333333333332,2.7866666666666666,166,-10.294444444444444,-15.952083333333334,-4.933055555555556,0.21666666666666667,-19.97010582010582,-25.478042328042328,-14.644920634920636,-14.973809523809523,-20.41829365079365,-9.810416666666667
3,2,2,gap|mrg&tzi,1,0,31.972222222222218,2.72,27.83846153846154,26.333333333333332,2.6,190,-10.461111111111112,-16.084444444444443,-5.166666666666667,0.03,-20.13677248677249,-25.65012566137566,-14.748657407407409,-15.14047619047619,-20.58640873015873,-10.087916666666667
3,2,2,cnf&tzi|gap,0,0,29.972222222222218,2.74,27.83846153846154,26.333333333333332,2.6133333333333333,192,-10.461111111111112,-16.084444444444443,-5.166666666666667,0.043333333333333335,-20.13677248677249,-25.65012566137566,-14.748657407407409,-15.14047619047619,-20.58640873015873,-10.087916666666667
4,2,3,as&cnf&tzi|gap,0,1,29.972222222222218,2.77,27.83846153846154,26.333333333333332,2.62,192,-10.461111111111112,-16.084444444444443,-5.166666666666667,0.05,-20.13677248677249,-25.65012566137566,-14.748657407407409,-15.14047619047619,-20.58640873015873,-10.087916666666667
4,2,3,as&ovl&tzi|gap,0,1,30.972222222222218,2.83,27.83846153846154,26.333333333333332,2.63,185,-10.461111111111112,-16.084444444444443,-5.166666666666667,0.06,-20.13677248677249,-25.65012566137566,-14.748657407407409,-15.14047619047619,-20.58640873015873,-10.087916666666667
4,2,3,as&mrg&tzi|gap,1,1,31.972222222222218,2.82,27.83846153846154,26.333333333333332,2.6366666666666667,190,-10.461111111111112,-16.084444444444443,-5.166666666666667,0.06666666666666667,-20.13677248677249,-25.65012566137566,-14.748657407407409,-15.14047619047619,-20.58640873015873,-10.087916666666667
4,2,3,cnf&mrg&tzi|gap,1,0,31.972222222222218,2.79,27.83846153846154,26.333333333333332,2.64,190,-10.461111111111112,-16.084444444444443,-5.166666666666667,0.07,-20.13677248677249,-25.65012566137566,-14.748657407407409,-15.14047619047619,-20.58640873015873,-10.087916666666667
5,2,4,as&cnf&mrg&tzi|gap,1,1,31.972222222222218,2.82,27.83846153846154,26.333333333333332,2.6466666666666665,190,-10.461111111111112,-16.084444444444443,-5.166666666666667,0.07666666666666666,-20.13677248677249,-25.65012566137566,-14.748657407407409,-15.14047619047619,-20.58640873015873,-10.087916666666667
3,2,2,gap|ovl&tzi,0,0,30.972222222222218,2.7,27.58846153846154,26.0,2.59,188,-10.711111111111112,-16.33513888888889,-5.3109722222222215,0.02,-20.38677248677249,-25.848544973544975,-15.0,-15.39047619047619,-20.777916666666666,-10.248750000000001
3,2,2,as&tzi|gap,0,1,28.972222222222214,2.73,27.505128205128205,26.0,2.5633333333333335,192,-10.794444444444444,-16.463194444444444,-5.5993055555555555,-0.006666666666666667,-20.47010582010582,-26.16341931216931,-15.278723544973543,-15.473809523809523,-21.01736111111111,-10.57184523809524
4,2,3,cnf&mrg&ovl|gap,1,0,30.222222222222218,2.46,27.421794871794873,25.666666666666664,2.3933333333333335,242,-10.87777777777778,-16.535,-5.666666666666666,-0.17666666666666667,-20.553439153439154,-26.00561507936508,-15.35513888888889,-15.557142857142859,-20.670714285714286,-10.580873015873014
5,2,4,as&cnf&mrg&ovl|gap,1,1,30.972222222222218,2.61,27.33846153846154,25.666666666666664,2.486666666666667,233,-10.96111111111111,-16.367222222222225,-5.79375,-0.08333333333333333,-20.63677248677249,-25.910753968253967,-15.339768518518518,-15.64047619047619,-20.763809523809527,-10.684781746031746
5,2,3,as&cnf&ovl|gap&tzi,0,1,29.972222222222218,2.63,27.33846153846154,25.666666666666664,2.5166666666666666,245,-10.96111111111111,-16.045138888888886,-6.116527777777779,-0.05333333333333334,-20.636772486772486,-25.866792328042326,-15.308439153439151,-15.64047619047619,-20.359801587301586,-10.7296626984127
3,2,2,gap|mrg&ovl,1,0,30.222222222222218,2.32,27.19957264957265,25.666666666666664,2.27,248,-11.099999999999998,-16.723055555555554,-5.888611111111111,-0.3,-20.77566137566138,-26.45535714285714,-15.642976190476194,-15.779365079365078,-21.08888888888889,-10.802579365079366
4,2,3,as&mrg&ovl|gap,1,1,30.972222222222218,2.59,27.116239316239316,25.666666666666664,2.433333333333333,235,-11.183333333333332,-16.590833333333332,-6.081944444444446,-0.13666666666666666,-20.85899470899471,-26.205152116402115,-15.533015873015874,-15.862698412698412,-21.07418650793651,-10.90047619047619
4,2,2,cnf&ovl|gap&tzi,0,0,30.527777777777775,2.42,27.088461538461537,25.333333333333336,2.3933333333333335,261,-11.211111111111114,-16.377777777777773,-6.365555555555558,-0.17666666666666667,-20.886772486772486,-26.354305555555555,-15.671917989417988,-15.89047619047619,-20.65714285714286,-11.156904761904764
5,3,2,cnf&tzi|gap|mrg&ovl,1,0,28.222222222222214,2.28,27.03290598290598,25.666666666666664,2.203333333333333,255,-11.266666666666666,-16.823888888888888,-6.265555555555556,-0.36666666666666664,-20.942328042328043,-26.765211640211646,-15.690509259259258,-15.946031746031744,-21.101904761904763,-10.944603174603175
6,3,3,as&cnf&tzi|gap|mrg&ovl,1,1,28.222222222222214,2.28,27.03290598290598,25.666666666666664,2.2066666666666666,255,-11.266666666666666,-16.823888888888888,-6.265555555555556,-0.36333333333333334,-20.942328042328043,-26.765211640211646,-15.690509259259258,-15.946031746031744,-21.101904761904763,-10.944603174603175
6,3,3,as&mrg&ovl|cnf&tzi|gap,1,1,28.972222222222214,2.46,26.94957264957265,25.666666666666664,2.3433333333333333,246,-11.35,-16.79513888888889,-6.35,-0.22666666666666666,-21.025661375661375,-26.533161375661372,-15.690138888888889,-16.02936507936508,-21.316309523809522,-11.04561507936508
6,3,3,as&ovl&tzi|cnf&mrg|gap,1,1,26.555555555555554,2.19,26.921794871794873,25.333333333333336,2.0966666666666667,291,-11.37777777777778,-17.044444444444444,-6.043333333333334,-0.47333333333333333,-21.053439153439154,-26.812261904761908,-15.667361111111115,-16.057142857142857,-21.104365079365078,-11.322380952380955
3,2,2,cnf&mrg|gap,1,0,27.555555555555557,2.22,26.921794871794873,25.333333333333336,2.15,289,-11.37777777777778,-17.044444444444444,-6.043333333333334,-0.42,-21.053439153439154,-26.812261904761908,-15.667361111111115,-16.057142857142857,-21.104365079365078,-11.322380952380955
6,3,3,as&tzi|cnf&mrg&ovl|gap,1,1,27.22222222222222,2.36,26.921794871794873,25.333333333333336,2.256666666666667,251,-11.37777777777778,-16.82333333333333,-6.222222222222222,-0.31333333333333335,-21.053439153439154,-26.676111111111112,-15.91940476190476,-16.057142857142857,-21.315476190476186,-11.155079365079366
1,1,1,tzi,0,0,26.97222222222222,2.76,26.727350427350427,25.666666666666664,2.64,177,-11.572222222222223,-17.41472222222222,-6.305555555555556,0.07,-21.2478835978836,-26.672883597883594,-16.10686507936508,-16.251587301587303,-21.839166666666664,-11.129325396825397
5,3,2,as&tzi|gap|mrg&ovl,1,1,27.22222222222222,2.25,26.69957264957265,25.333333333333336,2.16,255,-11.6,-17.045,-6.55277777777778,-0.41,-21.275661375661375,-26.814603174603175,-16.14593915343915,-16.27936507936508,-21.535,-11.314285714285715
5,3,2,cnf&mrg|gap|ovl&tzi,1,0,26.555555555555554,2.12,26.671794871794873,25.0,2.08,291,-11.62777777777778,-17.22875,-6.333333333333334,-0.49,-21.303439153439154,-27.03527777777778,-15.94361111111111,-16.307142857142857,-21.488928571428573,-11.45547619047619
3,2,2,gap&mrg|tzi,1,0,27.97222222222222,2.59,26.61623931623931,25.666666666666664,2.566666666666667,192,-11.683333333333334,-17.437638888888888,-6.404166666666667,-0.0033333333333333335,-21.35899470899471,-26.837361111111118,-16.254365079365076,-16.36269841269841,-21.898511904761904,-11.289226190476192
4,2,3,cnf&gap&mrg|tzi,1,0,27.97222222222222,2.64,26.61623931623931,25.666666666666664,2.5833333333333335,192,-11.683333333333334,-17.437638888888888,-6.404166666666667,0.013333333333333334,-21.35899470899471,-26.837361111111118,-16.254365079365076,-16.36269841269841,-21.898511904761904,-11.289226190476192
4,2,3,as&gap&mrg|tzi,1,1,26.97222222222222,2.66,26.61623931623931,25.666666666666664,2.59,192,-11.683333333333334,-17.437638888888888,-6.404166666666667,0.02,-21.35899470899471,-26.837361111111118,-16.254365079365076,-16.36269841269841,-21.898511904761904,-11.289226190476192
5,2,4,as&cnf&gap&mrg|tzi,1,1,26.97222222222222,2.68,26.61623931623931,25.666666666666664,2.5933333333333333,192,-11.683333333333334,-17.437638888888888,-6.404166666666667,0.023333333333333334,-21.35899470899471,-26.837361111111118,-16.254365079365076,-16.36269841269841,-21.898511904761904,-11.289226190476192
4,2,3,gap&mrg&ovl|tzi,1,0,27.97222222222222,2.68,26.61623931623931,25.666666666666664,2.6033333333333335,186,-11.683333333333334,-17.437638888888888,-6.404166666666667,0.03333333333333333,-21.35899470899471,-26.837361111111118,-16.254365079365076,-16.36269841269841,-21.898511904761904,-11.289226190476192
5,2,4,cnf&gap&mrg&ovl|tzi,1,0,27.97222222222222,2.68,26.61623931623931,25.666666666666664,2.6033333333333335,186,-11.683333333333334,-17.437638888888888,-6.404166666666667,0.03333333333333333,-21.35899470899471,-26.837361111111118,-16.254365079365076,-16.36269841269841,-21.898511904761904,-11.289226190476192
5,2,4,as&gap&mrg&ovl|tzi,1,1,26.97222222222222,2.72,26.61623931623931,25.666666666666664,2.6066666666666665,186,-11.683333333333334,-17.437638888888888,-6.404166666666667,0.03666666666666667,-21.35899470899471,-26.837361111111118,-16.254365079365076,-16.36269841269841,-21.898511904761904,-11.289226190476192
6,2,5,as&cnf&gap&mrg&ovl|tzi,1,1,26.97222222222222,2.72,26.61623931623931,25.666666666666664,2.6066666666666665,186,-11.683333333333334,-17.437638888888888,-6.404166666666667,0.03666666666666667,-21.35899470899471,-26.837361111111118,-16.254365079365076,-16.36269841269841,-21.898511904761904,-11.289226190476192
5,3,2,as&tzi|cnf&mrg|gap,1,1,24.555555555555554,2.15,26.588461538461537,25.0,2.07,291,-11.711111111111114,-17.377777777777776,-6.376666666666668,-0.5,-21.386772486772486,-27.11194444444444,-15.955019841269841,-16.390476190476193,-21.400555555555556,-11.678809523809525
4,2,3,as&cnf&mrg|gap,1,1,29.972222222222218,2.4,26.588461538461537,25.0,2.26,282,-11.71111111111111,-17.266666666666666,-6.553888888888889,-0.31,-21.386772486772486,-27.080092592592585,-15.839259259259261,-16.390476190476193,-21.50269841269841,-11.611269841269841
5,3,3,as&ovl&tzi|gap|mrg,1,1,24.555555555555554,1.96,26.477350427350427,25.333333333333336,1.9466666666666668,292,-11.822222222222223,-17.223333333333333,-6.443888888888889,-0.6233333333333333,-21.4978835978836,-27.31808862433863,-16.20832010582011,-16.5015873015873,-21.600873015873017,-11.567698412698412
4,3,2,cnf&tzi|gap|mrg,1,0,23.555555555555554,1.96,26.477350427350427,25.333333333333336,1.9666666666666666,292,-11.822222222222223,-17.223333333333333,-6.443888888888889,-0.6033333333333334,-21.4978835978836,-27.31808862433863,-16.20832010582011,-16.5015873015873,-21.600873015873017,-11.567698412698412
5,3,3,as&cnf&tzi|gap|mrg,1,1,23.555555555555554,1.96,26.477350427350427,25.333333333333336,1.9666666666666666,292,-11.822222222222223,-17.223333333333333,-6.443888888888889,-0.6033333333333334,-21.4978835978836,-27.31808862433863,-16.20832010582011,-16.5015873015873,-21.600873015873017,-11.567698412698412
5,3,3,cnf&ovl&tzi|gap|mrg,1,0,24.555555555555554,1.98,26.477350427350427,25.333333333333336,1.98,292,-11.822222222222223,-17.223333333333333,-6.443888888888889,-0.59,-21.4978835978836,-27.31808862433863,-16.20832010582011,-16.5015873015873,-21.600873015873017,-11.567698412698412
6,3,4,as&cnf&ovl&tzi|gap|mrg,1,1,24.555555555555554,1.98,26.477350427350427,25.333333333333336,1.98,292,-11.822222222222223,-17.223333333333333,-6.443888888888889,-0.59,-21.4978835978836,-27.31808862433863,-16.20832010582011,-16.5015873015873,-21.600873015873017,-11.567698412698412
2,2,1,gap|mrg,1,0,25.555555555555554,1.99,26.477350427350427,25.333333333333336,1.9933333333333334,290,-11.822222222222223,-17.223333333333333,-6.443888888888889,-0.5766666666666667,-21.4978835978836,-27.31808862433863,-16.20832010582011,-16.5015873015873,-21.600873015873017,-11.567698412698412
6,3,3,as&cnf&ovl|gap&tzi|mrg,1,1,26.305555555555554,1.93,26.477350427350427,25.333333333333336,2.0,295,-11.822222222222223,-16.933333333333334,-6.999444444444445,-0.57,-21.4978835978836,-26.959140211640214,-16.23529761904762,-16.5015873015873,-21.124047619047616,-11.975555555555559
6,3,2,as&mrg|cnf&ovl|gap&tzi,1,1,29.527777777777775,2.19,26.366239316239316,25.0,2.14,298,-11.933333333333332,-16.868333333333332,-7.088888888888889,-0.43,-21.60899470899471,-27.2335582010582,-16.28873677248677,-16.612698412698414,-21.058015873015872,-12.091428571428573
5,3,2,as&mrg|cnf&tzi|gap,1,1,27.97222222222222,2.29,26.366239316239316,25.0,2.1866666666666665,285,-11.933333333333332,-17.42222222222222,-6.777777777777777,-0.38333333333333336,-21.60899470899471,-27.304537037037036,-16.065092592592592,-16.612698412698414,-21.6897619047619,-11.688095238095238
6,3,3,as&mrg|cnf&ovl&tzi|gap,1,1,28.972222222222214,2.31,26.366239316239316,25.0,2.203333333333333,285,-11.933333333333332,-17.42222222222222,-6.777777777777777,-0.36666666666666664,-21.60899470899471,-27.304537037037036,-16.065092592592592,-16.612698412698414,-21.6897619047619,-11.688095238095238
3,2,2,as&mrg|gap,1,1,29.972222222222218,2.37,26.366239316239316,25.0,2.22,283,-11.933333333333332,-17.42222222222222,-6.777777777777777,-0.35,-21.60899470899471,-27.304537037037036,-16.065092592592592,-16.612698412698414,-21.6897619047619,-11.688095238095238
6,3,3,as&cnf&mrg|gap|ovl&tzi,1,1,28.972222222222214,2.27,26.338461538461537,24.666666666666668,2.183333333333333,284,-11.961111111111112,-17.445138888888888,-6.8495833333333325,-0.38666666666666666,-21.636772486772486,-27.228399470899472,-16.200429894179898,-16.640476190476193,-21.67861111111111,-11.82031746031746
4,3,2,gap|mrg|ovl&tzi,1,0,24.555555555555554,1.95,26.227350427350427,25.0,1.9433333333333334,292,-12.072222222222223,-17.590555555555554,-6.721527777777777,-0.6266666666666667,-21.7478835978836,-27.567579365079364,-16.34305555555556,-16.7515873015873,-21.984087301587298,-11.814226190476194
4,3,2,as&tzi|gap|mrg,1,1,22.555555555555554,1.93,26.14401709401709,25.0,1.9233333333333333,292,-12.155555555555555,-17.645000000000003,-6.932222222222223,-0.6466666666666666,-21.831216931216936,-27.508611111111108,-16.57935185185185,-16.834920634920632,-21.880714285714284,-11.976111111111114
5,3,2,cnf&ovl|gap&tzi|mrg,1,0,26.52777777777777,1.92,26.14401709401709,25.0,1.9666666666666666,298,-12.155555555555555,-17.200555555555557,-7.332777777777778,-0.6033333333333334,-21.831216931216936,-27.3336574074074,-16.70325396825397,-16.834920634920632,-21.37865079365079,-12.311984126984129
5,3,2,as&mrg|gap|ovl&tzi,1,1,28.972222222222214,2.24,26.116239316239316,24.666666666666668,2.15,285,-12.183333333333332,-17.767083333333332,-7.027777777777777,-0.42,-21.858994708994707,-27.538789682539683,-16.343002645502647,-16.862698412698414,-21.976329365079362,-11.944305555555554
4,2,3,cnf&mrg&ovl|tzi,1,0,26.222222222222218,2.32,26.03290598290598,25.0,2.296666666666667,245,-12.266666666666666,-17.988888888888887,-6.932222222222223,-0.2733333333333333,-21.942328042328043,-27.481805555555557,-16.743412698412698,-16.946031746031746,-22.56730158730159,-11.823650793650796
4,2,3,as&cnf&ovl|gap,0,1,26.97222222222222,2.43,26.00512820512821,24.333333333333336,2.38,250,-12.294444444444444,-17.722916666666666,-7.416666666666667,-0.19,-21.97010582010582,-27.081772486772486,-16.685085978835982,-16.973809523809525,-22.044523809523806,-12.255416666666667
5,2,4,as&cnf&mrg&ovl|tzi,1,1,25.972222222222218,2.46,25.949572649572644,25.0,2.3833333333333333,238,-12.349999999999998,-18.078611111111112,-7.1927777777777795,-0.18666666666666668,-22.025661375661375,-27.34333333333333,-16.74990740740741,-17.02936507936508,-22.60031746031746,-12.075456349206352
3,2,2,as&gap|tzi,0,1,25.972222222222218,2.64,25.949572649572644,25.0,2.5166666666666666,192,-12.349999999999998,-18.080000000000002,-7.181666666666667,-0.05333333333333334,-22.025661375661375,-27.40398148148148,-16.883260582010585,-17.02936507936508,-22.517083333333332,-11.900059523809523
3,2,2,cnf&gap|tzi,0,0,27.97222222222222,2.64,25.949572649572644,25.0,2.54,192,-12.349999999999998,-18.080000000000002,-7.181666666666667,-0.03,-22.025661375661375,-27.40398148148148,-16.883260582010585,-17.02936507936508,-22.517083333333332,-11.900059523809523
4,2,3,as&cnf&gap|tzi,0,1,26.97222222222222,2.68,25.949572649572644,25.0,2.55,192,-12.349999999999998,-18.080000000000002,-7.181666666666667,-0.02,-22.025661375661375,-27.40398148148148,-16.883260582010585,-17.02936507936508,-22.517083333333332,-11.900059523809523
4,2,3,as&gap&ovl|tzi,0,1,25.972222222222218,2.7,25.949572649572644,25.0,2.56,188,-12.349999999999998,-18.080000000000002,-7.181666666666667,-0.01,-22.025661375661375,-27.40398148148148,-16.883260582010585,-17.02936507936508,-22.517083333333332,-11.900059523809523
4,2,3,cnf&gap&ovl|tzi,0,0,27.97222222222222,2.68,25.949572649572644,25.0,2.57,188,-12.349999999999998,-18.080000000000002,-7.181666666666667,0.0,-22.025661375661375,-27.40398148148148,-16.883260582010585,-17.02936507936508,-22.517083333333332,-11.900059523809523
5,2,4,as&cnf&gap&ovl|tzi,0,1,26.97222222222222,2.72,25.949572649572644,25.0,2.5766666666666667,187,-12.349999999999998,-18.080000000000002,-7.181666666666667,0.006666666666666667,-22.025661375661375,-27.40398148148148,-16.883260582010585,-17.02936507936508,-22.517083333333332,-11.900059523809523
6,3,3,as&cnf&ovl|gap|mrg&tzi,1,1,26.97222222222222,2.29,25.838461538461537,24.333333333333336,2.27,259,-12.46111111111111,-17.891111111111112,-7.587361111111111,-0.3,-22.136772486772486,-27.400998677248673,-16.91476851851852,-17.14047619047619,-22.238968253968252,-12.345575396825398
3,2,2,mrg&ovl|tzi,1,0,26.222222222222218,2.26,25.810683760683762,25.0,2.2133333333333334,249,-12.488888888888889,-18.155833333333334,-7.210000000000001,-0.3566666666666667,-22.164550264550268,-27.610271164021167,-17.003134920634917,-17.168253968253964,-22.656666666666666,-12.044603174603177
3,2,2,cnf&ovl|gap,0,0,26.52777777777777,2.26,25.75512820512821,24.0,2.263333333333333,265,-12.544444444444448,-17.947222222222223,-7.486388888888889,-0.30666666666666664,-22.22010582010582,-27.45515873015873,-17.065820105820105,-17.223809523809525,-22.311428571428575,-12.589761904761906
4,2,3,as&mrg&ovl|tzi,1,1,25.972222222222218,2.44,25.727350427350427,25.0,2.3433333333333333,240,-12.572222222222223,-18.168055555555558,-7.477361111111111,-0.22666666666666666,-22.2478835978836,-27.675496031746032,-16.910535714285714,-17.2515873015873,-22.867123015873013,-12.206825396825396
3,2,2,cnf&mrg|tzi,1,0,23.555555555555554,2.07,25.699572649572644,24.666666666666668,2.0933333333333333,291,-12.6,-18.389722222222222,-7.222222222222221,-0.4766666666666667,-22.275661375661375,-27.94652777777778,-17.012718253968252,-17.27936507936508,-22.603055555555553,-12.492023809523808
4,2,2,as&ovl|gap&tzi,0,1,27.305555555555554,2.37,25.616239316239316,24.333333333333336,2.1866666666666665,259,-12.683333333333332,-17.617916666666666,-8.127361111111112,-0.38333333333333336,-22.358994708994707,-27.706884920634923,-17.53371693121693,-17.362698412698414,-22.09672619047619,-12.650714285714285
3,2,2,gap&ovl|tzi,0,0,25.972222222222218,2.65,25.61623931623931,24.666666666666668,2.5433333333333334,188,-12.683333333333332,-18.50138888888889,-7.321805555555557,-0.02666666666666667,-22.358994708994707,-27.81117063492064,-17.210496031746032,-17.362698412698414,-22.761428571428567,-12.295992063492061
5,3,2,cnf&ovl|gap|mrg&tzi,1,0,26.52777777777777,2.18,25.588461538461537,24.0,2.1633333333333336,272,-12.711111111111114,-18.200555555555553,-7.666666666666666,-0.4066666666666667,-22.386772486772486,-27.66196428571428,-17.224113756613757,-17.39047619047619,-22.400555555555552,-12.679365079365079
6,3,3,as&mrg&tzi|cnf&ovl|gap,1,1,26.52777777777777,2.23,25.588461538461537,24.0,2.1966666666666668,272,-12.711111111111114,-18.200555555555553,-7.666666666666666,-0.37333333333333335,-22.386772486772486,-27.66196428571428,-17.224113756613757,-17.39047619047619,-22.400555555555552,-12.679365079365079
6,3,2,as&ovl|cnf&mrg|gap&tzi,1,1,26.305555555555554,2.02,25.366239316239316,24.0,1.9433333333333334,296,-12.933333333333334,-17.666666666666668,-8.377777777777776,-0.6266666666666667,-22.608994708994707,-27.956415343915342,-17.569371693121695,-17.61269841269841,-22.2897619047619,-13.110555555555555
6,3,2,as&cnf|gap&tzi|mrg&ovl,1,1,26.97222222222222,2.1,25.366239316239316,24.0,2.006666666666667,299,-12.933333333333334,-17.823333333333334,-8.222222222222223,-0.5633333333333334,-22.608994708994707,-27.938617724867726,-17.362658730158735,-17.61269841269841,-21.933333333333334,-13.244285714285715
4,2,3,as&cnf&mrg|tzi,1,1,24.972222222222218,2.26,25.36623931623931,24.333333333333336,2.2066666666666666,284,-12.933333333333334,-18.528055555555554,-7.986111111111112,-0.36333333333333334,-22.608994708994707,-28.25386243386243,-17.416058201058203,-17.61269841269841,-22.92702380952381,-12.877579365079365
6,3,3,as&gap|cnf&mrg&ovl|tzi,1,1,25.222222222222218,2.25,25.36623931623931,24.333333333333336,2.21,251,-12.933333333333334,-18.491666666666667,-7.610833333333334,-0.36,-22.608994708994707,-28.10076058201058,-17.2882208994709,-17.61269841269841,-23.034999999999997,-12.555277777777778
2,2,1,mrg|tzi,1,0,21.555555555555554,1.86,25.25512820512821,24.666666666666668,1.96,292,-13.044444444444444,-18.411388888888887,-7.830277777777781,-0.61,-22.720105820105818,-28.204457671957673,-17.447162698412697,-17.72380952380952,-23.092817460317463,-12.743888888888888
4,2,2,as&cnf|gap&tzi,0,1,25.972222222222218,2.3,25.25512820512821,23.666666666666668,2.1366666666666667,298,-13.044444444444444,-17.779999999999998,-8.222222222222223,-0.43333333333333335,-22.720105820105818,-28.082175925925924,-17.505205026455027,-17.72380952380952,-22.045317460317456,-13.309444444444447
5,3,2,as&tzi|cnf&ovl|gap,0,1,24.527777777777775,2.18,25.25512820512821,23.666666666666668,2.14,272,-13.044444444444448,-18.445555555555554,-7.976666666666668,-0.43,-22.720105820105818,-27.948320105820102,-17.522883597883595,-17.72380952380952,-22.724047619047617,-12.980873015873016
5,3,2,as&ovl|gap&tzi|mrg,1,1,24.305555555555554,1.77,25.14401709401709,24.0,1.8133333333333332,296,-13.155555555555557,-17.979444444444447,-8.597222222222225,-0.7566666666666667,-22.831216931216932,-28.251871693121693,-17.72545634920635,-17.834920634920636,-22.511984126984125,-13.197777777777778
5,3,2,as&cnf|gap&tzi|mrg,1,1,24.305555555555554,1.88,25.14401709401709,24.0,1.87,299,-13.155555555555557,-18.155555555555555,-8.48777777777778,-0.7,-22.831216931216932,-28.26318783068783,-17.701488095238098,-17.834920634920636,-22.280158730158732,-13.459920634920634
5,3,3,as&cnf&ovl|gap|mrg,1,1,22.305555555555554,1.86,25.14401709401709,24.0,1.8966666666666667,295,-13.155555555555557,-18.53388888888889,-8.265555555555554,-0.6733333333333333,-22.831216931216932,-28.311435185185186,-17.550575396825394,-17.834920634920636,-22.657142857142855,-13.198888888888888
5,3,2,as&gap|mrg&ovl|tzi,1,1,25.222222222222218,2.19,25.14401709401709,24.333333333333336,2.1266666666666665,255,-13.155555555555557,-18.723055555555554,-7.944444444444445,-0.44333333333333336,-22.831216931216932,-28.321177248677248,-17.412962962962965,-17.834920634920636,-23.168055555555554,-12.70948412698413
5,3,2,cnf&gap|mrg&ovl|tzi,1,0,26.222222222222218,2.22,25.14401709401709,24.333333333333336,2.15,255,-13.155555555555557,-18.723055555555554,-7.944444444444445,-0.42,-22.831216931216932,-28.321177248677248,-17.412962962962965,-17.834920634920636,-23.168055555555554,-12.70948412698413
6,3,3,as&cnf&gap|mrg&ovl|tzi,1,1,26.222222222222218,2.23,25.14401709401709,24.333333333333336,2.16,255,-13.155555555555557,-18.723055555555554,-7.944444444444445,-0.41,-22.831216931216932,-28.321177248677248,-17.412962962962965,-17.834920634920636,-23.168055555555554,-12.70948412698413
3,2,2,as&mrg|tzi,1,1,24.972222222222218,2.21,25.14401709401709,24.333333333333336,2.1733333333333333,285,-13.155555555555557,-18.74472222222222,-8.055277777777778,-0.39666666666666667,-22.831216931216932,-28.32429232804233,-17.72631613756614,-17.834920634920636,-23.134920634920633,-13.043968253968258
6,3,3,as&mrg&ovl|cnf&gap|tzi,1,1,26.97222222222222,2.36,25.060683760683762,24.333333333333336,2.276666666666667,246,-13.238888888888889,-18.65625,-8.127361111111112,-0.29333333333333333,-22.914550264550268,-28.36718253968254,-17.644371693121695,-17.918253968253968,-23.26781746031746,-12.738472222222223
5,3,2,as&mrg|cnf&ovl|gap,1,1,25.52777777777778,2.08,25.032905982905984,23.666666666666668,2.026666666666667,298,-13.266666666666666,-18.601666666666667,-8.376666666666667,-0.5433333333333333,-22.942328042328043,-28.528445767195766,-17.733002645502644,-17.946031746031746,-22.68126984126984,-13.488412698412699
5,3,2,as&gap|cnf&mrg|tzi,1,1,22.555555555555554,2.04,25.03290598290598,24.0,2.0233333333333334,291,-13.266666666666666,-18.856111111111108,-8.055277777777778,-0.5466666666666666,-22.942328042328043,-28.53638888888889,-17.505205026455027,-17.946031746031746,-23.10329365079365,-13.191230158730157
6,3,3,as&gap&ovl|cnf&mrg|tzi,1,1,22.555555555555554,2.06,25.03290598290598,24.0,2.0533333333333332,291,-13.266666666666666,-18.856111111111108,-8.055277777777778,-0.5166666666666667,-22.942328042328043,-28.53638888888889,-17.505205026455027,-17.946031746031746,-23.10329365079365,-13.191230158730157
4,3,2,cnf&ovl|gap|mrg,1,0,22.527777777777775,1.85,24.81068376068376,23.666666666666668,1.87,298,-13.488888888888889,-18.82222222222222,-8.55277777777778,-0.7,-23.164550264550268,-28.65121693121693,-18.027261904761907,-18.168253968253968,-22.91785714285714,-13.567936507936512
5,3,2,cnf&mrg|gap&ovl|tzi,1,0,21.555555555555554,2.05,24.699572649572644,23.666666666666668,2.04,291,-13.599999999999998,-19.21111111111111,-8.365555555555556,-0.53,-23.27566137566138,-28.857678571428576,-17.83337301587302,-18.27936507936508,-23.349801587301588,-13.332817460317461
2,2,1,gap|tzi,0,0,23.972222222222218,2.52,24.616239316239312,23.666666666666668,2.44,192,-13.683333333333334,-19.518055555555556,-8.180833333333334,-0.13,-23.35899470899471,-28.872281746031746,-18.08324074074074,-18.36269841269841,-23.864345238095233,-13.155436507936507
4,3,2,as&gap|mrg|tzi,1,1,20.555555555555554,1.85,24.58846153846154,24.0,1.8966666666666667,292,-13.71111111111111,-19.08888888888889,-8.38861111111111,-0.6733333333333333,-23.386772486772486,-28.91853835978836,-18.078650793650795,-18.39047619047619,-23.479603174603174,-13.380873015873016
4,3,2,cnf&gap|mrg|tzi,1,0,21.555555555555554,1.86,24.58846153846154,24.0,1.9166666666666667,292,-13.71111111111111,-19.08888888888889,-8.38861111111111,-0.6533333333333333,-23.386772486772486,-28.91853835978836,-18.078650793650795,-18.39047619047619,-23.479603174603174,-13.380873015873016
5,3,3,as&cnf&gap|mrg|tzi,1,1,21.555555555555554,1.86,24.58846153846154,24.0,1.9233333333333333,292,-13.71111111111111,-19.08888888888889,-8.38861111111111,-0.6466666666666666,-23.386772486772486,-28.91853835978836,-18.078650793650795,-18.39047619047619,-23.479603174603174,-13.380873015873016
5,3,3,as&gap&ovl|mrg|tzi,1,1,20.555555555555554,1.85,24.58846153846154,24.0,1.9233333333333333,292,-13.71111111111111,-19.08888888888889,-8.38861111111111,-0.6466666666666666,-23.386772486772486,-28.91853835978836,-18.078650793650795,-18.39047619047619,-23.479603174603174,-13.380873015873016
5,3,3,cnf&gap&ovl|mrg|tzi,1,0,21.555555555555554,1.86,24.58846153846154,24.0,1.93,292,-13.71111111111111,-19.08888888888889,-8.38861111111111,-0.64,-23.386772486772486,-28.91853835978836,-18.078650793650795,-18.39047619047619,-23.479603174603174,-13.380873015873016
6,3,4,as&cnf&gap&ovl|mrg|tzi,1,1,21.555555555555554,1.86,24.58846153846154,24.0,1.9366666666666668,292,-13.71111111111111,-19.08888888888889,-8.38861111111111,-0.6333333333333333,-23.386772486772486,-28.91853835978836,-18.078650793650795,-18.39047619047619,-23.479603174603174,-13.380873015873016
3,2,2,cnf|gap&tzi,0,0,26.52777777777777,2.1,24.58846153846154,23.0,1.9933333333333334,300,-13.711111111111112,-18.66777777777778,-8.666666666666668,-0.5766666666666667,-23.386772486772486,-28.983260582010583,-18.35026455026455,-18.39047619047619,-22.644761904761904,-14.323809523809524
6,4,2,as&tzi|cnf&ovl|gap|mrg,1,1,20.527777777777775,1.8,24.477350427350427,23.333333333333332,1.8133333333333332,298,-13.822222222222221,-19.155555555555555,-9.043333333333333,-0.7566666666666667,-23.4978835978836,-29.013287037037035,-18.37168650793651,-18.5015873015873,-23.448095238095238,-13.901269841269844
5,3,2,as&mrg|cnf&gap|tzi,1,1,25.972222222222218,2.17,24.477350427350427,23.666666666666668,2.12,285,-13.822222222222221,-19.38972222222222,-8.777777777777777,-0.45,-23.4978835978836,-29.13939153439154,-18.079391534391533,-18.5015873015873,-23.556468253968248,-13.690238095238094
6,3,3,as&mrg|cnf&gap&ovl|tzi,1,1,25.972222222222218,2.18,24.477350427350427,23.666666666666668,2.1366666666666667,285,-13.822222222222221,-19.38972222222222,-8.777777777777777,-0.43333333333333335,-23.4978835978836,-29.13939153439154,-18.079391534391533,-18.5015873015873,-23.556468253968248,-13.690238095238094
5,3,2,cnf|gap&tzi|mrg&ovl,1,0,26.52777777777777,2.01,24.366239316239316,23.0,1.9233333333333333,300,-13.933333333333334,-18.889999999999997,-9.088888888888889,-0.6466666666666666,-23.608994708994704,-29.109378306878302,-18.42363095238095,-18.61269841269841,-22.86698412698413,-14.643333333333333
5,3,2,as&mrg|cnf|gap&tzi,1,1,26.52777777777777,2.05,24.366239316239316,23.0,1.9566666666666668,300,-13.933333333333334,-18.889999999999997,-9.088888888888889,-0.6133333333333333,-23.608994708994704,-29.109378306878302,-18.42363095238095,-18.61269841269841,-22.86698412698413,-14.643333333333333
6,3,3,as&mrg&ovl|cnf|gap&tzi,1,1,26.52777777777777,2.08,24.366239316239316,23.0,1.9666666666666666,300,-13.933333333333334,-18.889999999999997,-9.088888888888889,-0.6033333333333334,-23.608994708994704,-29.109378306878302,-18.42363095238095,-18.61269841269841,-22.86698412698413,-14.643333333333333
6,3,3,as&cnf&mrg|gap&ovl|tzi,1,1,23.972222222222218,2.2,24.36623931623931,23.333333333333332,2.1433333333333335,284,-13.933333333333334,-19.44555555555555,-8.876666666666665,-0.4266666666666667,-23.60899470899471,-29.125727513227513,-18.311587301587302,-18.61269841269841,-23.755873015873018,-13.823809523809524
5,3,2,as&ovl|gap|mrg&tzi,1,1,25.305555555555554,2.05,24.282905982905984,23.0,1.99,270,-14.016666666666666,-19.284583333333334,-9.221527777777778,-0.58,-23.69232804232804,-28.899041005291004,-18.69810185185185,-18.696031746031743,-23.6897619047619,-13.776845238095238
5,3,2,as&ovl|cnf&tzi|gap,0,1,24.305555555555554,2.08,24.282905982905984,23.0,2.013333333333333,270,-14.016666666666666,-19.284583333333334,-9.221527777777778,-0.5566666666666666,-23.69232804232804,-28.899041005291004,-18.69810185185185,-18.696031746031743,-23.6897619047619,-13.776845238095238
6,3,3,as&ovl|cnf&mrg&tzi|gap,1,1,25.305555555555554,2.12,24.282905982905984,23.0,2.0233333333333334,270,-14.016666666666666,-19.284583333333334,-9.221527777777778,-0.5466666666666666,-23.69232804232804,-28.899041005291004,-18.69810185185185,-18.696031746031743,-23.6897619047619,-13.776845238095238
3,2,2,as&ovl|gap,0,1,25.305555555555554,2.19,24.282905982905984,23.0,2.066666666666667,263,-14.016666666666666,-19.284583333333334,-9.221527777777778,-0.5033333333333333,-23.69232804232804,-28.899041005291004,-18.69810185185185,-18.696031746031743,-23.6897619047619,-13.776845238095238
4,3,2,gap&ovl|mrg|tzi,1,0,19.555555555555554,1.84,24.25512820512821,23.666666666666668,1.91,292,-14.044444444444446,-19.42388888888889,-8.720833333333333,-0.66,-23.720105820105818,-29.050198412698407,-18.235085978835976,-18.72380952380952,-23.79051587301587,-13.555079365079365
4,3,2,cnf|gap&tzi|mrg,1,0,24.527777777777775,1.84,24.14401709401709,23.0,1.8266666666666667,300,-14.155555555555557,-19.11222222222222,-9.485000000000003,-0.7433333333333333,-23.831216931216932,-29.348002645502643,-18.6219246031746,-18.834920634920632,-23.13420634920635,-14.822222222222223
5,3,2,as&mrg|gap&ovl|tzi,1,1,23.972222222222218,2.15,24.14401709401709,23.333333333333332,2.11,285,-14.155555555555557,-19.65555555555555,-9.09861111111111,-0.46,-23.831216931216932,-29.347949735449735,-18.400734126984126,-18.834920634920632,-23.8468253968254,-13.89043650793651
5,3,2,as&ovl|cnf&mrg|gap,1,1,23.305555555555554,1.91,24.032905982905984,22.666666666666664,1.84,296,-14.266666666666666,-19.334444444444443,-9.421111111111111,-0.73,-23.942328042328036,-29.2335582010582,-18.79383597883598,-18.946031746031743,-23.69253968253968,-14.322698412698415
5,3,2,as&cnf|gap|mrg&ovl,1,1,22.972222222222218,1.97,24.032905982905984,22.666666666666664,1.8966666666666667,299,-14.266666666666666,-19.488888888888887,-9.443888888888889,-0.6733333333333333,-23.942328042328036,-29.447764550264548,-18.71935185185185,-18.946031746031743,-23.48888888888889,-14.48888888888889
5,3,3,cnf&mrg&ovl|gap|tzi,1,0,22.222222222222218,2.16,24.032905982905977,23.0,2.1333333333333333,251,-14.266666666666666,-19.935,-8.819722222222225,-0.43666666666666665,-23.942328042328043,-29.465535714285707,-18.50226851851852,-18.946031746031743,-24.43444444444444,-13.642222222222223
6,3,4,as&cnf&mrg&ovl|gap|tzi,1,1,22.972222222222218,2.26,23.949572649572644,23.0,2.216666666666667,244,-14.350000000000001,-20.020416666666666,-8.98166666666667,-0.35333333333333333,-24.025661375661375,-29.644444444444446,-18.601521164021165,-19.02936507936508,-24.320515873015868,-13.796746031746032
6,3,3,as&cnf&ovl|gap&mrg|tzi,1,1,23.972222222222218,2.17,23.949572649572644,23.0,2.2266666666666666,259,-14.35,-19.68638888888889,-9.449583333333331,-0.3433333333333333,-24.025661375661375,-29.280085978835977,-18.857123015873018,-19.02936507936508,-24.13972222222222,-14.323670634920635
4,2,3,as&cnf&ovl|tzi,0,1,22.972222222222218,2.3,23.949572649572644,23.0,2.26,254,-14.35,-19.68638888888889,-9.449583333333331,-0.31,-24.025661375661375,-29.280085978835977,-18.857123015873018,-19.02936507936508,-24.13972222222222,-14.323670634920635
5,3,2,as&cnf|gap|mrg&tzi,1,1,22.972222222222218,2.06,23.921794871794873,22.333333333333332,1.98,298,-14.377777777777778,-19.42388888888889,-9.488888888888889,-0.59,-24.05343915343915,-29.661177248677244,-18.806296296296296,-19.057142857142857,-23.651190476190475,-14.679365079365079
6,3,3,as&cnf|gap|mrg&ovl&tzi,1,1,22.972222222222218,2.07,23.921794871794873,22.333333333333332,2.0033333333333334,298,-14.377777777777778,-19.42388888888889,-9.488888888888889,-0.5666666666666667,-24.05343915343915,-29.661177248677244,-18.806296296296296,-19.057142857142857,-23.651190476190475,-14.679365079365079
3,2,2,as&cnf|gap,0,1,22.972222222222218,2.14,23.921794871794873,22.333333333333332,2.026666666666667,298,-14.377777777777778,-19.42388888888889,-9.488888888888889,-0.5433333333333333,-24.05343915343915,-29.661177248677244,-18.806296296296296,-19.057142857142857,-23.651190476190475,-14.679365079365079
6,4,2,as&ovl|cnf&tzi|gap|mrg,1,1,20.305555555555554,1.69,23.81068376068376,22.666666666666664,1.7133333333333334,296,-14.48888888888889,-19.556666666666665,-9.643333333333333,-0.8566666666666667,-24.164550264550265,-29.36219576719577,-19.06841931216931,-19.168253968253968,-24.058571428571433,-14.522936507936505
4,3,2,as&ovl|gap|mrg,1,1,21.305555555555554,1.71,23.81068376068376,22.666666666666664,1.7233333333333334,296,-14.48888888888889,-19.556666666666665,-9.643333333333333,-0.8466666666666667,-24.164550264550265,-29.36219576719577,-19.06841931216931,-19.168253968253968,-24.058571428571433,-14.522936507936505
4,3,2,as&cnf|gap|mrg,1,1,20.305555555555554,1.81,23.81068376068376,22.666666666666664,1.78,299,-14.48888888888889,-19.71111111111111,-9.555555555555555,-0.79,-24.164550264550265,-29.716395502645504,-19.036851851851853,-19.168253968253968,-23.771587301587303,-14.686190476190477
4,3,2,gap|mrg&ovl|tzi,1,0,22.222222222222218,2.1,23.81068376068376,23.0,2.05,255,-14.48888888888889,-20.089444444444446,-9.044166666666667,-0.52,-24.164550264550265,-29.70699074074074,-18.811865079365077,-19.168253968253968,-24.568849206349203,-13.822658730158732
5,3,3,as&mrg&ovl|gap|tzi,1,1,22.972222222222218,2.24,23.727350427350423,23.0,2.1766666666666667,246,-14.572222222222223,-20.1725,-9.182638888888889,-0.3933333333333333,-24.2478835978836,-29.779272486772484,-18.81832671957672,-19.2515873015873,-24.546607142857138,-13.87922619047619
4,3,2,cnf&mrg|gap|tzi,1,0,19.555555555555554,1.95,23.699572649572644,22.666666666666664,1.95,291,-14.6,-20.31138888888889,-9.09888888888889,-0.62,-24.275661375661375,-29.812281746031744,-18.859067460317462,-19.27936507936508,-24.46904761904762,-14.156349206349205
5,3,2,as&gap|cnf&ovl|tzi,0,1,22.527777777777775,2.08,23.699572649572644,22.666666666666664,2.0933333333333333,272,-14.6,-19.822499999999998,-9.540555555555558,-0.4766666666666667,-24.275661375661375,-29.54829365079365,-19.108260582010583,-19.27936507936508,-24.390833333333337,-14.445992063492064
5,3,2,cnf&ovl|gap&mrg|tzi,1,0,23.527777777777775,2.06,23.699572649572644,22.666666666666664,2.1133333333333333,272,-14.6,-19.822499999999998,-9.540555555555558,-0.45666666666666667,-24.275661375661375,-29.54829365079365,-19.108260582010583,-19.27936507936508,-24.390833333333337,-14.445992063492064
6,3,3,as&gap&mrg|cnf&ovl|tzi,1,1,23.527777777777775,2.1,23.699572649572644,22.666666666666664,2.13,272,-14.6,-19.822499999999998,-9.540555555555558,-0.44,-24.275661375661375,-29.54829365079365,-19.108260582010583,-19.27936507936508,-24.390833333333337,-14.445992063492064
3,2,2,cnf&ovl|tzi,0,0,23.527777777777775,2.15,23.699572649572644,22.666666666666664,2.1466666666666665,268,-14.6,-19.822499999999998,-9.540555555555558,-0.42333333333333334,-24.275661375661375,-29.54829365079365,-19.108260582010583,-19.27936507936508,-24.390833333333337,-14.445992063492064
5,3,2,as&cnf|gap|ovl&tzi,0,1,22.972222222222218,2.04,23.671794871794873,22.0,1.9666666666666666,298,-14.627777777777778,-19.645138888888887,-9.92500000000001,-0.6033333333333334,-24.30343915343915,-29.80181216931217,-19.019927248677245,-19.307142857142857,-23.878353174603173,-14.938650793650792
6,4,2,as&cnf|gap|mrg|ovl&tzi,1,1,20.305555555555554,1.78,23.56068376068376,22.333333333333332,1.7466666666666666,299,-14.73888888888889,-19.808749999999993,-9.88861111111111,-0.8233333333333334,-24.414550264550268,-29.80181216931217,-19.27601190476191,-19.418253968253964,-24.08767857142857,-14.82531746031746
5,3,2,as&ovl|cnf|gap&tzi,0,1,25.305555555555554,1.95,23.366239316239316,22.0,1.8266666666666667,300,-14.933333333333332,-19.667777777777776,-10.421111111111111,-0.7433333333333333,-24.608994708994704,-29.968882275132273,-19.724007936507935,-19.61269841269841,-23.95896825396825,-15.35531746031746
5,3,3,as&cnf&mrg|gap|tzi,1,1,21.972222222222218,2.1,23.366239316239312,22.333333333333332,2.0533333333333332,284,-14.933333333333335,-20.489722222222223,-9.598611111111111,-0.5166666666666667,-24.60899470899471,-30.046937830687824,-19.19435185185185,-19.61269841269841,-24.836349206349205,-14.58861111111111
3,3,1,gap|mrg|tzi,1,0,17.555555555555557,1.79,23.255128205128205,22.666666666666664,1.8333333333333333,292,-15.044444444444444,-20.65555555555555,-9.544444444444443,-0.7366666666666667,-24.72010582010582,-30.233280423280423,-19.222149470899474,-19.72380952380952,-24.93361111111111,-14.465357142857144
4,3,2,cnf|gap|mrg&tzi,1,0,22.527777777777775,1.93,23.255128205128205,21.666666666666668,1.8533333333333333,300,-15.044444444444446,-20.266666666666666,-10.220555555555556,-0.7166666666666667,-24.72010582010582,-30.361150793650793,-19.519603174603173,-19.723809523809525,-24.012777777777778,-15.655238095238097
5,3,3,as&cnf&ovl|mrg|tzi,1,1,19.305555555555554,1.74,23.255128205128205,22.666666666666664,1.8533333333333333,295,-15.044444444444444,-20.090555555555557,-10.152777777777782,-0.7166666666666667,-24.72010582010582,-29.962777777777777,-19.44767857142857,-19.72380952380952,-24.590039682539683,-14.93253968253968
5,3,3,as&ovl&tzi|cnf|gap,0,1,22.527777777777775,1.96,23.255128205128205,21.666666666666668,1.8566666666666667,300,-15.044444444444446,-20.266666666666666,-10.220555555555556,-0.7133333333333334,-24.72010582010582,-30.361150793650793,-19.519603174603173,-19.723809523809525,-24.012777777777778,-15.655238095238097
5,3,3,cnf|gap|mrg&ovl&tzi,1,0,22.527777777777775,1.94,23.255128205128205,21.666666666666668,1.8733333333333333,300,-15.044444444444446,-20.266666666666666,-10.220555555555556,-0.6966666666666667,-24.72010582010582,-30.361150793650793,-19.519603174603173,-19.723809523809525,-24.012777777777778,-15.655238095238097
5,3,3,as&mrg&tzi|cnf|gap,1,1,22.527777777777775,1.98,23.255128205128205,21.666666666666668,1.8833333333333333,300,-15.044444444444446,-20.266666666666666,-10.220555555555556,-0.6866666666666666,-24.72010582010582,-30.361150793650793,-19.519603174603173,-19.723809523809525,-24.012777777777778,-15.655238095238097
6,3,4,as&mrg&ovl&tzi|cnf|gap,1,1,22.527777777777775,1.98,23.255128205128205,21.666666666666668,1.8866666666666667,300,-15.044444444444446,-20.266666666666666,-10.220555555555556,-0.6833333333333333,-24.72010582010582,-30.361150793650793,-19.519603174603173,-19.723809523809525,-24.012777777777778,-15.655238095238097
2,2,1,cnf|gap,0,0,22.527777777777775,1.98,23.255128205128205,21.666666666666668,1.8933333333333333,300,-15.044444444444446,-20.266666666666666,-10.220555555555556,-0.6766666666666666,-24.72010582010582,-30.361150793650793,-19.519603174603173,-19.723809523809525,-24.012777777777778,-15.655238095238097
6,4,2,as&ovl|cnf|gap&tzi|mrg,1,1,23.305555555555554,1.72,23.14401709401709,22.0,1.6966666666666668,300,-15.155555555555555,-19.88888888888889,-10.555,-0.8733333333333333,-24.831216931216936,-30.055753968253967,-19.917678571428574,-19.834920634920632,-24.215158730158734,-15.665079365079368
5,3,2,as&mrg|cnf&ovl|tzi,1,1,22.527777777777775,1.95,23.14401709401709,22.333333333333332,1.96,298,-15.155555555555555,-20.37805555555555,-10.2775,-0.61,-24.831216931216936,-30.201587301587303,-19.72290343915344,-19.834920634920632,-24.73936507936508,-15.209761904761907
4,3,2,as&mrg|gap|tzi,1,1,21.972222222222218,2.07,23.14401709401709,22.333333333333332,2.0233333333333334,285,-15.155555555555555,-20.74472222222222,-9.776388888888889,-0.5466666666666666,-24.831216931216936,-30.478042328042328,-19.48017857142857,-19.834920634920632,-24.967222222222222,-14.790198412698413
4,3,2,cnf|gap|mrg&ovl,1,0,22.527777777777775,1.89,23.032905982905984,21.666666666666668,1.8233333333333333,300,-15.266666666666664,-20.444444444444443,-10.555555555555554,-0.7466666666666667,-24.94232804232804,-30.43203042328042,-19.891190476190477,-19.946031746031746,-24.289444444444445,-15.980873015873016
4,3,2,as&mrg|cnf|gap,1,1,22.527777777777775,1.95,23.032905982905984,21.666666666666668,1.86,300,-15.266666666666664,-20.444444444444443,-10.555555555555554,-0.71,-24.94232804232804,-30.43203042328042,-19.891190476190477,-19.946031746031746,-24.289444444444445,-15.980873015873016
5,3,3,as&mrg&ovl|cnf|gap,1,1,22.527777777777775,1.96,23.032905982905984,21.666666666666668,1.8666666666666667,300,-15.266666666666664,-20.444444444444443,-10.555555555555554,-0.7033333333333334,-24.94232804232804,-30.43203042328042,-19.891190476190477,-19.946031746031746,-24.289444444444445,-15.980873015873016
4,3,2,cnf|gap|ovl&tzi,0,0,22.527777777777775,1.91,23.005128205128205,21.333333333333336,1.84,300,-15.294444444444446,-20.3675,-10.554583333333332,-0.73,-24.97010582010582,-30.580416666666665,-19.82744047619048,-19.973809523809525,-24.267341269841268,-15.805496031746033
6,4,2,as&gap|cnf&ovl|mrg|tzi,1,1,18.527777777777775,1.72,22.921794871794873,22.333333333333332,1.7866666666666666,298,-15.377777777777776,-20.48888888888889,-10.486388888888891,-0.7833333333333333,-25.053439153439154,-30.361560846560852,-19.940496031746033,-20.057142857142853,-25.034206349206343,-15.378253968253969
4,3,2,cnf&ovl|mrg|tzi,1,0,19.527777777777775,1.73,22.921794871794873,22.333333333333332,1.82,298,-15.377777777777776,-20.48888888888889,-10.486388888888891,-0.75,-25.053439153439154,-30.361560846560852,-19.940496031746033,-20.057142857142853,-25.034206349206343,-15.378253968253969
4,3,2,as&tzi|cnf|gap,0,1,21.527777777777775,1.95,22.921794871794873,21.333333333333336,1.84,300,-15.37777777777778,-20.446666666666665,-10.488888888888887,-0.73,-25.053439153439154,-30.577189153439154,-19.84416666666667,-20.057142857142857,-24.492301587301586,-15.94515873015873
6,4,3,as&ovl&tzi|cnf|gap|mrg,1,1,20.527777777777775,1.75,22.81068376068376,21.666666666666668,1.7133333333333334,300,-15.488888888888889,-20.49222222222222,-10.886111111111113,-0.8566666666666667,-25.164550264550268,-30.68133597883597,-20.1134126984127,-20.168253968253964,-24.48888888888889,-16.034603174603173
3,3,1,cnf|gap|mrg,1,0,20.527777777777775,1.77,22.81068376068376,21.666666666666668,1.7433333333333334,300,-15.488888888888889,-20.49222222222222,-10.886111111111113,-0.8266666666666667,-25.164550264550268,-30.68133597883597,-20.1134126984127,-20.168253968253964,-24.48888888888889,-16.034603174603173
6,4,2,as&mrg|cnf|gap|ovl&tzi,1,1,22.527777777777775,1.88,22.782905982905984,21.333333333333336,1.8133333333333332,300,-15.516666666666664,-20.655833333333334,-10.80486111111111,-0.7566666666666667,-25.19232804232804,-30.647764550264554,-20.064986772486773,-20.196031746031746,-24.561805555555555,-16.132440476190478
5,3,2,cnf&mrg|gap&tzi|ovl,1,0,25.305555555555554,1.86,22.699572649572648,21.333333333333336,1.75,300,-15.6,-20.434027777777775,-10.888194444444444,-0.82,-25.27566137566137,-30.30030423280423,-20.447261904761906,-20.27936507936508,-25.07569444444444,-15.823412698412701
5,3,2,as&mrg|gap&tzi|ovl,1,1,25.305555555555554,1.84,22.699572649572648,21.333333333333336,1.76,300,-15.6,-20.434027777777775,-10.888194444444444,-0.81,-25.27566137566137,-30.30030423280423,-20.447261904761906,-20.27936507936508,-25.07569444444444,-15.823412698412701
6,3,3,as&cnf&mrg|gap&tzi|ovl,1,1,25.305555555555554,1.87,22.699572649572648,21.333333333333336,1.77,300,-15.6,-20.434027777777775,-10.888194444444444,-0.8,-25.27566137566137,-30.30030423280423,-20.447261904761906,-20.27936507936508,-25.07569444444444,-15.823412698412701
6,4,2,as&tzi|cnf|gap|mrg&ovl,1,1,21.527777777777775,1.86,22.699572649572648,21.333333333333336,1.7766666666666666,300,-15.6,-20.82222222222222,-10.864444444444445,-0.7933333333333333,-25.27566137566137,-30.742824074074075,-20.01273148148148,-20.27936507936508,-24.72460317460317,-16.189920634920636
5,3,3,as&cnf&ovl|gap|tzi,0,1,19.972222222222218,2.1,22.616239316239312,21.666666666666668,2.1233333333333335,259,-15.683333333333335,-21.01986111111111,-10.555555555555554,-0.44666666666666666,-25.358994708994707,-30.797718253968252,-20.178670634920636,-20.362698412698414,-25.657380952380954,-15.462182539682539
5,4,2,cnf|gap|mrg|ovl&tzi,1,0,20.527777777777775,1.74,22.56068376068376,21.333333333333336,1.71,300,-15.738888888888889,-20.715555555555554,-11.055277777777778,-0.86,-25.414550264550268,-30.93133597883597,-20.362387566137567,-20.418253968253968,-24.767083333333332,-16.294444444444444
4,3,2,gap&tzi|mrg|ovl,1,0,23.305555555555554,1.7,22.477350427350427,21.333333333333336,1.6633333333333333,300,-15.822222222222223,-20.65625,-11.110416666666666,-0.9066666666666666,-25.497883597883604,-30.635740740740736,-20.695026455026454,-20.5015873015873,-25.361706349206344,-15.966765873015873
5,4,2,as&tzi|cnf|gap|mrg,1,1,19.527777777777775,1.74,22.477350427350427,21.333333333333336,1.7,300,-15.822222222222223,-20.86722222222222,-11.109444444444444,-0.87,-25.497883597883604,-30.96617724867725,-20.380264550264553,-20.5015873015873,-24.977777777777778,-16.345238095238095
5,3,2,as&ovl|gap&mrg|tzi,1,1,21.305555555555554,1.94,22.39401709401709,21.666666666666668,1.9666666666666666,270,-15.905555555555557,-20.833333333333332,-11.275416666666668,-0.6033333333333334,-25.581216931216932,-30.746455026455028,-20.8184126984127,-20.584920634920636,-25.5810119047619,-15.610416666666666
5,3,2,as&ovl|cnf&gap|tzi,0,1,21.305555555555554,1.99,22.39401709401709,21.666666666666668,1.9666666666666666,270,-15.905555555555557,-20.833333333333332,-11.275416666666668,-0.6033333333333334,-25.581216931216932,-30.746455026455028,-20.8184126984127,-20.584920634920636,-25.5810119047619,-15.610416666666666
6,3,3,as&ovl|cnf&gap&mrg|tzi,1,1,21.305555555555554,1.99,22.39401709401709,21.666666666666668,1.98,270,-15.905555555555557,-20.833333333333332,-11.275416666666668,-0.59,-25.581216931216932,-30.746455026455028,-20.8184126984127,-20.584920634920636,-25.5810119047619,-15.610416666666666
3,2,2,as&ovl|tzi,0,1,20.305555555555554,2.06,22.39401709401709,21.666666666666668,1.9966666666666666,266,-15.905555555555557,-20.833333333333332,-11.275416666666668,-0.5733333333333334,-25.581216931216932,-30.746455026455028,-20.8184126984127,-20.584920634920636,-25.5810119047619,-15.610416666666666
5,3,2,as&cnf|gap&tzi|ovl,0,1,24.305555555555554,1.84,22.366239316239316,21.0,1.71,300,-15.933333333333334,-20.640555555555554,-11.226944444444447,-0.86,-25.608994708994704,-30.66982804232804,-20.7110582010582,-20.612698412698414,-25.385039682539677,-16.059900793650797
3,2,2,gap&tzi|ovl,0,0,26.305555555555554,1.99,22.366239316239316,21.0,1.8733333333333333,276,-15.933333333333334,-20.739583333333332,-11.211111111111114,-0.6966666666666667,-25.608994708994704,-30.63636243386243,-20.888002645502645,-20.612698412698414,-25.39791666666667,-15.984503968253968
4,3,2,cnf&ovl|gap|tzi,0,0,19.527777777777775,1.99,22.366239316239312,21.333333333333336,2.0166666666666666,272,-15.933333333333334,-21.334444444444443,-10.642222222222223,-0.5533333333333333,-25.608994708994707,-30.978075396825393,-20.430945767195766,-20.612698412698414,-25.711388888888887,-15.642222222222227
6,4,2,as&cnf|gap&tzi|mrg|ovl,1,1,22.305555555555554,1.67,22.144017094017094,21.0,1.6066666666666667,300,-16.155555555555555,-20.786944444444444,-11.582361111111112,-0.9633333333333334,-25.831216931216932,-30.85263227513228,-20.933280423280422,-20.834920634920636,-25.61698412698413,-16.206964285714285
6,4,2,as|cnf&ovl|gap&tzi|mrg,1,1,20.555555555555554,1.64,22.144017094017094,21.0,1.6266666666666667,300,-16.155555555555555,-20.599999999999998,-12.198888888888892,-0.9433333333333334,-25.831216931216932,-31.0026917989418,-20.612863756613756,-20.834920634920636,-25.61269841269841,-16.133095238095237
4,3,2,as|gap&tzi|mrg,1,1,20.555555555555554,1.64,22.144017094017094,21.0,1.6333333333333333,299,-16.155555555555555,-20.599999999999998,-12.198888888888892,-0.9366666666666666,-25.831216931216932,-31.0026917989418,-20.612863756613756,-20.834920634920636,-25.61269841269841,-16.133095238095237
5,3,2,as|gap&tzi|mrg&ovl,1,1,22.555555555555554,1.78,22.144017094017094,21.0,1.7333333333333334,299,-16.155555555555555,-20.599999999999998,-12.198888888888892,-0.8366666666666667,-25.831216931216932,-31.0026917989418,-20.612863756613756,-20.834920634920636,-25.61269841269841,-16.133095238095237
5,3,2,as|cnf&mrg|gap&tzi,1,1,22.555555555555554,1.85,22.144017094017094,21.0,1.75,299,-16.155555555555555,-20.599999999999998,-12.198888888888892,-0.82,-25.831216931216932,-31.0026917989418,-20.612863756613756,-20.834920634920636,-25.61269841269841,-16.133095238095237
5,3,2,as|cnf&ovl|gap&tzi,0,1,22.555555555555554,1.85,22.144017094017094,21.0,1.77,300,-16.155555555555555,-20.599999999999998,-12.198888888888892,-0.8,-25.831216931216932,-31.0026917989418,-20.612863756613756,-20.834920634920636,-25.61269841269841,-16.133095238095237
6,3,3,as|cnf&mrg&ovl|gap&tzi,1,1,22.555555555555554,1.86,22.144017094017094,21.0,1.7766666666666666,299,-16.155555555555555,-20.599999999999998,-12.198888888888892,-0.7933333333333333,-25.831216931216932,-31.0026917989418,-20.612863756613756,-20.834920634920636,-25.61269841269841,-16.133095238095237
3,2,2,as|gap&tzi,0,1,21.555555555555554,1.94,22.144017094017094,21.0,1.7933333333333332,299,-16.155555555555555,-20.599999999999998,-12.198888888888892,-0.7766666666666666,-25.831216931216932,-31.0026917989418,-20.612863756613756,-20.834920634920636,-25.61269841269841,-16.133095238095237
5,3,2,as&ovl|cnf&mrg|tzi,1,1,19.305555555555554,1.78,22.144017094017094,21.333333333333336,1.7966666666666666,296,-16.155555555555555,-21.099999999999998,-11.3775,-0.7733333333333333,-25.831216931216932,-31.201640211640214,-20.939391534391536,-20.834920634920636,-25.72416666666667,-16.10892857142857
5,3,2,as&cnf|mrg&ovl|tzi,1,1,20.972222222222218,1.92,22.144017094017094,21.333333333333336,1.85,299,-16.155555555555555,-20.956388888888885,-11.111111111111109,-0.72,-25.831216931216932,-31.136150793650792,-20.701851851851853,-20.834920634920636,-25.39083333333333,-16.375476190476192
6,4,2,as&mrg|cnf|gap&tzi|ovl,1,1,24.305555555555554,1.79,22.03290598290598,20.666666666666668,1.6766666666666667,300,-16.266666666666666,-21.100694444444443,-11.638194444444444,-0.8933333333333333,-25.94232804232804,-31.0773544973545,-21.15452380952381,-20.946031746031746,-25.705873015873017,-16.354900793650792
4,3,2,cnf|gap&tzi|ovl,0,0,24.305555555555554,1.82,22.03290598290598,20.666666666666668,1.6866666666666668,300,-16.266666666666666,-21.100694444444443,-11.638194444444444,-0.8833333333333333,-25.94232804232804,-31.0773544973545,-21.15452380952381,-20.946031746031746,-25.705873015873017,-16.354900793650792
6,4,2,as&ovl|cnf|gap|mrg&tzi,1,1,22.305555555555554,1.79,22.03290598290598,20.666666666666668,1.7033333333333334,300,-16.266666666666666,-21.111111111111107,-11.665000000000001,-0.8666666666666667,-25.94232804232804,-31.287123015873014,-20.796593915343916,-20.946031746031746,-25.425714285714285,-16.68246031746032
4,3,2,as&ovl|cnf|gap,0,1,22.305555555555554,1.84,22.03290598290598,20.666666666666668,1.7366666666666666,300,-16.266666666666666,-21.111111111111107,-11.665000000000001,-0.8333333333333334,-25.94232804232804,-31.287123015873014,-20.796593915343916,-20.946031746031746,-25.425714285714285,-16.68246031746032
5,3,2,as&cnf|gap&mrg|tzi,1,1,20.972222222222218,1.96,22.03290598290598,21.0,1.9366666666666668,298,-16.26666666666667,-21.11222222222222,-11.38861111111111,-0.6333333333333333,-25.942328042328043,-31.28556878306878,-20.747678571428573,-20.946031746031746,-25.57630952380952,-16.611309523809524
3,2,2,as&cnf|tzi,0,1,19.972222222222218,2.05,22.03290598290598,21.0,1.9566666666666668,298,-16.26666666666667,-21.11222222222222,-11.38861111111111,-0.6133333333333333,-25.942328042328043,-31.28556878306878,-20.747678571428573,-20.946031746031746,-25.57630952380952,-16.611309523809524
6,3,3,as&cnf|gap&mrg&ovl|tzi,1,1,20.972222222222218,2.02,22.03290598290598,21.0,1.9566666666666668,298,-16.26666666666667,-21.11222222222222,-11.38861111111111,-0.6133333333333333,-25.942328042328043,-31.28556878306878,-20.747678571428573,-20.946031746031746,-25.57630952380952,-16.611309523809524
6,4,2,as&ovl|cnf&gap|mrg|tzi,1,1,17.305555555555557,1.6,21.921794871794873,21.333333333333336,1.6866666666666668,296,-16.377777777777776,-21.32222222222222,-11.587777777777779,-0.8833333333333333,-26.05343915343915,-31.252189153439154,-21.087096560846565,-21.057142857142853,-25.925595238095234,-16.14825396825397
4,3,2,as&ovl|mrg|tzi,1,1,17.305555555555557,1.6,21.921794871794873,21.333333333333336,1.7,296,-16.377777777777776,-21.32222222222222,-11.587777777777779,-0.87,-26.05343915343915,-31.252189153439154,-21.087096560846565,-21.057142857142853,-25.925595238095234,-16.14825396825397
4,3,2,as&cnf|mrg|tzi,1,1,18.305555555555554,1.71,21.921794871794873,21.333333333333336,1.7366666666666666,299,-16.377777777777776,-21.15555555555555,-11.38861111111111,-0.8333333333333334,-26.05343915343915,-31.2150992063492,-20.90180555555555,-21.057142857142853,-25.657420634920637,-16.530277777777776
6,4,3,as&cnf&ovl|gap|mrg|tzi,1,1,15.305555555555555,1.67,21.921794871794873,21.333333333333336,1.75,295,-16.377777777777776,-21.75583333333333,-11.221944444444443,-0.82,-26.05343915343915,-31.375800264550264,-20.75588624338624,-21.057142857142853,-26.10396825396826,-16.110277777777775
5,4,2,cnf|gap&tzi|mrg|ovl,1,0,22.305555555555554,1.66,21.81068376068376,20.666666666666668,1.6,300,-16.48888888888889,-21.326388888888886,-11.875694444444445,-0.97,-26.164550264550268,-31.36739417989418,-21.300343915343916,-21.168253968253968,-25.946547619047617,-16.533234126984127
5,4,2,as&ovl|cnf|gap|mrg,1,1,20.305555555555554,1.66,21.81068376068376,20.666666666666668,1.62,300,-16.48888888888889,-21.333333333333332,-12.0,-0.95,-26.164550264550268,-31.523273809523804,-20.942744708994713,-21.168253968253968,-25.533888888888885,-16.904682539682543
6,4,2,as&mrg|cnf&ovl|gap|tzi,1,1,18.527777777777775,1.84,21.81068376068376,21.0,1.8466666666666667,298,-16.48888888888889,-21.988888888888887,-11.365833333333333,-0.7233333333333334,-26.164550264550268,-31.53492063492063,-20.939391534391536,-21.168253968253968,-26.216984126984123,-16.35531746031746
4,3,2,cnf&mrg|gap|ovl,1,0,23.305555555555554,1.76,21.699572649572648,20.333333333333332,1.66,300,-16.599999999999998,-21.52875,-11.71,-0.91,-26.275661375661375,-31.54472222222222,-21.495079365079363,-21.27936507936508,-26.141686507936505,-16.639087301587306
6,4,2,as&mrg|cnf&tzi|gap|ovl,1,1,22.305555555555554,1.74,21.699572649572648,20.333333333333332,1.6633333333333333,300,-16.599999999999998,-21.52875,-11.71,-0.9066666666666666,-26.275661375661375,-31.54472222222222,-21.495079365079363,-21.27936507936508,-26.141686507936505,-16.639087301587306
4,3,2,as&mrg|gap|ovl,1,1,23.305555555555554,1.76,21.699572649572648,20.333333333333332,1.6733333333333333,300,-16.599999999999998,-21.52875,-11.71,-0.8966666666666666,-26.275661375661375,-31.54472222222222,-21.495079365079363,-21.27936507936508,-26.141686507936505,-16.639087301587306
5,3,3,as&cnf&mrg|gap|ovl,1,1,23.305555555555554,1.77,21.699572649572648,20.333333333333332,1.68,300,-16.599999999999998,-21.52875,-11.71,-0.89,-26.275661375661375,-31.54472222222222,-21.495079365079363,-21.27936507936508,-26.141686507936505,-16.639087301587306
5,3,2,as&cnf|gap&ovl|tzi,0,1,18.972222222222218,1.99,21.699572649572648,20.666666666666668,1.9233333333333333,298,-16.6,-21.54583333333333,-11.499444444444446,-0.6466666666666666,-26.275661375661375,-31.520601851851854,-20.97825396825397,-21.27936507936508,-26.07214285714286,-16.83309523809524
6,4,2,as&cnf|gap&ovl|mrg|tzi,1,1,16.305555555555557,1.69,21.58846153846154,21.0,1.71,299,-16.71111111111111,-21.500277777777775,-11.665277777777778,-0.86,-26.386772486772486,-31.49906746031746,-21.19527777777778,-21.39047619047619,-26.089761904761904,-16.721984126984125
5,4,2,cnf&ovl|gap|mrg|tzi,1,0,15.527777777777777,1.66,21.58846153846154,21.0,1.7233333333333334,298,-16.71111111111111,-21.99,-11.664722222222224,-0.8466666666666667,-26.386772486772486,-31.676891534391533,-21.155720899470904,-21.39047619047619,-26.43448412698413,-16.555277777777775
5,4,2,cnf&tzi|gap|mrg|ovl,1,0,20.305555555555554,1.63,21.477350427350427,20.333333333333332,1.5766666666666667,300,-16.822222222222223,-21.72236111111111,-11.972222222222221,-0.9933333333333333,-26.497883597883597,-31.752499999999994,-21.6440873015873,-21.501587301587296,-26.364801587301578,-16.856349206349204
6,4,3,as&cnf&tzi|gap|mrg|ovl,1,1,20.305555555555554,1.63,21.477350427350427,20.333333333333332,1.5766666666666667,300,-16.822222222222223,-21.72236111111111,-11.972222222222221,-0.9933333333333333,-26.497883597883597,-31.752499999999994,-21.6440873015873,-21.501587301587296,-26.364801587301578,-16.856349206349204
3,3,1,gap|mrg|ovl,1,0,21.305555555555554,1.65,21.477350427350427,20.333333333333332,1.5866666666666667,300,-16.822222222222223,-21.72236111111111,-11.972222222222221,-0.9833333333333333,-26.497883597883597,-31.752499999999994,-21.6440873015873,-21.501587301587296,-26.364801587301578,-16.856349206349204
5,4,2,as|cnf|gap&tzi|mrg,1,1,20.555555555555554,1.64,21.477350427350427,20.333333333333332,1.6066666666666667,300,-16.822222222222223,-21.37944444444444,-12.755555555555556,-0.9633333333333334,-26.497883597883597,-31.87369708994709,-21.278935185185183,-21.501587301587296,-26.057142857142857,-17.044444444444444
6,4,2,as|cnf|gap&tzi|mrg&ovl,1,1,22.555555555555554,1.77,21.477350427350427,20.333333333333332,1.68,300,-16.822222222222223,-21.37944444444444,-12.755555555555556,-0.89,-26.497883597883597,-31.87369708994709,-21.278935185185183,-21.501587301587296,-26.057142857142857,-17.044444444444444
4,3,2,as|cnf|gap&tzi,0,1,22.555555555555554,1.84,21.477350427350427,20.333333333333332,1.7233333333333334,300,-16.822222222222223,-21.37944444444444,-12.755555555555556,-0.8466666666666667,-26.497883597883597,-31.87369708994709,-21.278935185185183,-21.501587301587296,-26.057142857142857,-17.044444444444444
6,4,2,as&cnf|gap|mrg&tzi|ovl,1,1,22.305555555555554,1.73,21.366239316239316,20.0,1.6133333333333333,300,-16.933333333333334,-21.75652777777778,-12.110416666666666,-0.9566666666666667,-26.608994708994704,-31.848888888888894,-21.851296296296294,-21.61269841269841,-26.387142857142855,-17.03299603174603
4,3,2,as&cnf|gap|ovl,0,1,22.305555555555554,1.74,21.366239316239316,20.0,1.6333333333333333,300,-16.933333333333334,-21.75652777777778,-12.110416666666666,-0.9366666666666666,-26.608994708994704,-31.848888888888894,-21.851296296296294,-21.61269841269841,-26.387142857142855,-17.03299603174603
6,4,2,as&tzi|cnf&mrg|gap|ovl,1,1,21.305555555555554,1.73,21.366239316239316,20.0,1.6333333333333333,300,-16.933333333333334,-21.834027777777777,-12.0275,-0.9366666666666666,-26.608994708994704,-31.878055555555555,-21.755608465608468,-21.61269841269841,-26.450595238095232,-16.962103174603175
4,3,2,gap|mrg&tzi|ovl,1,0,24.305555555555554,1.84,21.366239316239316,20.0,1.73,284,-16.933333333333334,-21.850277777777777,-12.110416666666666,-0.84,-26.608994708994704,-31.752764550264544,-21.801494708994706,-21.61269841269841,-26.522499999999997,-16.904583333333335
4,3,2,cnf&tzi|gap|ovl,0,0,23.305555555555554,1.83,21.366239316239316,20.0,1.74,284,-16.933333333333334,-21.850277777777777,-12.110416666666666,-0.83,-26.608994708994704,-31.752764550264544,-21.801494708994706,-21.61269841269841,-26.522499999999997,-16.904583333333335
5,3,3,as&cnf&tzi|gap|ovl,0,1,23.305555555555554,1.83,21.366239316239316,20.0,1.74,284,-16.933333333333334,-21.850277777777777,-12.110416666666666,-0.83,-26.608994708994704,-31.752764550264544,-21.801494708994706,-21.61269841269841,-26.522499999999997,-16.904583333333335
5,3,3,as&mrg&tzi|gap|ovl,1,1,24.305555555555554,1.85,21.366239316239316,20.0,1.7466666666666666,284,-16.933333333333334,-21.850277777777777,-12.110416666666666,-0.8233333333333334,-26.608994708994704,-31.752764550264544,-21.801494708994706,-21.61269841269841,-26.522499999999997,-16.904583333333335
5,3,3,cnf&mrg&tzi|gap|ovl,1,0,24.305555555555554,1.85,21.366239316239316,20.0,1.75,284,-16.933333333333334,-21.850277777777777,-12.110416666666666,-0.82,-26.608994708994704,-31.752764550264544,-21.801494708994706,-21.61269841269841,-26.522499999999997,-16.904583333333335
6,3,4,as&cnf&mrg&tzi|gap|ovl,1,1,24.305555555555554,1.85,21.366239316239316,20.0,1.75,284,-16.933333333333334,-21.850277777777777,-12.110416666666666,-0.82,-26.608994708994704,-31.752764550264544,-21.801494708994706,-21.61269841269841,-26.522499999999997,-16.904583333333335
2,2,1,gap|ovl,0,0,24.305555555555554,1.86,21.366239316239316,20.0,1.77,280,-16.933333333333334,-21.850277777777777,-12.110416666666666,-0.8,-26.608994708994704,-31.752764550264544,-21.801494708994706,-21.61269841269841,-26.522499999999997,-16.904583333333335
4,3,2,as&gap|cnf|tzi,0,1,19.527777777777775,1.85,21.36623931623931,20.333333333333332,1.7933333333333332,300,-16.933333333333334,-21.933333333333334,-11.66638888888889,-0.7766666666666666,-26.60899470899471,-32.0000462962963,-21.55927248677249,-21.61269841269841,-26.146626984126982,-17.24388888888889
4,3,2,cnf|gap&mrg|tzi,1,0,20.527777777777775,1.83,21.36623931623931,20.333333333333332,1.8033333333333332,300,-16.933333333333334,-21.933333333333334,-11.66638888888889,-0.7666666666666667,-26.60899470899471,-32.0000462962963,-21.55927248677249,-21.61269841269841,-26.146626984126982,-17.24388888888889
5,3,3,as&gap&ovl|cnf|tzi,0,1,19.527777777777775,1.87,21.36623931623931,20.333333333333332,1.81,300,-16.933333333333334,-21.933333333333334,-11.66638888888889,-0.76,-26.60899470899471,-32.0000462962963,-21.55927248677249,-21.61269841269841,-26.146626984126982,-17.24388888888889
5,3,3,as&gap&mrg|cnf|tzi,1,1,20.527777777777775,1.86,21.36623931623931,20.333333333333332,1.8166666666666667,300,-16.933333333333334,-21.933333333333334,-11.66638888888889,-0.7533333333333333,-26.60899470899471,-32.0000462962963,-21.55927248677249,-21.61269841269841,-26.146626984126982,-17.24388888888889
2,2,1,cnf|tzi,0,0,20.527777777777775,1.88,21.36623931623931,20.333333333333332,1.82,300,-16.933333333333334,-21.933333333333334,-11.66638888888889,-0.75,-26.60899470899471,-32.0000462962963,-21.55927248677249,-21.61269841269841,-26.146626984126982,-17.24388888888889
5,3,3,cnf|gap&mrg&ovl|tzi,1,0,20.527777777777775,1.88,21.36623931623931,20.333333333333332,1.82,300,-16.933333333333334,-21.933333333333334,-11.66638888888889,-0.75,-26.60899470899471,-32.0000462962963,-21.55927248677249,-21.61269841269841,-26.146626984126982,-17.24388888888889
6,3,4,as&gap&mrg&ovl|cnf|tzi,1,1,20.527777777777775,1.88,21.36623931623931,20.333333333333332,1.82,300,-16.933333333333334,-21.933333333333334,-11.66638888888889,-0.75,-26.60899470899471,-32.0000462962963,-21.55927248677249,-21.61269841269841,-26.146626984126982,-17.24388888888889
5,4,2,as&cnf|gap|mrg|ovl,1,1,20.305555555555554,1.62,21.14401709401709,20.0,1.5433333333333332,300,-17.15555555555556,-21.97333333333333,-12.414583333333335,-1.0266666666666666,-26.831216931216932,-31.988174603174603,-22.00309523809524,-21.834920634920632,-26.69946428571428,-17.215992063492063
5,4,2,as&tzi|gap|mrg|ovl,1,1,19.305555555555554,1.62,21.14401709401709,20.0,1.5633333333333332,300,-17.15555555555556,-22.05597222222222,-12.41291666666667,-1.0066666666666666,-26.831216931216932,-32.062103174603166,-22.006706349206347,-21.834920634920632,-26.859087301587298,-17.158452380952383
6,4,2,as&gap|cnf|mrg&ovl|tzi,1,1,19.527777777777775,1.8,21.14401709401709,20.333333333333332,1.7433333333333334,300,-17.15555555555556,-22.05805555555555,-12.108333333333334,-0.8266666666666667,-26.831216931216932,-32.19974206349207,-21.668650793650798,-21.834920634920632,-26.32551587301587,-17.525119047619047
4,3,2,cnf|mrg&ovl|tzi,1,0,20.527777777777775,1.83,21.14401709401709,20.333333333333332,1.77,300,-17.15555555555556,-22.05805555555555,-12.108333333333334,-0.8,-26.831216931216932,-32.19974206349207,-21.668650793650798,-21.834920634920632,-26.32551587301587,-17.525119047619047
4,3,2,as&mrg|cnf|tzi,1,1,20.527777777777775,1.83,21.14401709401709,20.333333333333332,1.7933333333333332,300,-17.15555555555556,-22.05805555555555,-12.108333333333334,-0.7766666666666666,-26.831216931216932,-32.19974206349207,-21.668650793650798,-21.834920634920632,-26.32551587301587,-17.525119047619047
5,3,3,as&mrg&ovl|cnf|tzi,1,1,20.527777777777775,1.86,21.14401709401709,20.333333333333332,1.8,300,-17.15555555555556,-22.05805555555555,-12.108333333333334,-0.77,-26.831216931216932,-32.19974206349207,-21.668650793650798,-21.834920634920632,-26.32551587301587,-17.525119047619047
4,3,2,as&ovl|gap|tzi,0,1,18.305555555555554,1.88,21.06068376068376,20.333333333333332,1.8766666666666667,270,-17.23888888888889,-22.562500000000004,-12.387222222222222,-0.6933333333333334,-26.914550264550268,-32.29925264550265,-22.111865079365078,-21.918253968253964,-26.965039682539683,-16.699761904761903
5,4,2,cnf|gap|mrg&tzi|ovl,1,0,22.305555555555554,1.71,21.032905982905984,19.666666666666664,1.59,300,-17.266666666666666,-22.128749999999997,-12.403750000000002,-0.98,-26.94232804232804,-32.223042328042325,-22.098531746031746,-21.946031746031743,-26.626646825396822,-17.432876984126985
5,4,2,as&mrg|cnf|gap|ovl,1,1,22.305555555555554,1.71,21.032905982905984,19.666666666666664,1.6033333333333333,300,-17.266666666666666,-22.128749999999997,-12.403750000000002,-0.9666666666666667,-26.94232804232804,-32.223042328042325,-22.098531746031746,-21.946031746031743,-26.626646825396822,-17.432876984126985
6,4,3,as&mrg&tzi|cnf|gap|ovl,1,1,22.305555555555554,1.72,21.032905982905984,19.666666666666664,1.6066666666666667,300,-17.266666666666666,-22.128749999999997,-12.403750000000002,-0.9633333333333334,-26.94232804232804,-32.223042328042325,-22.098531746031746,-21.946031746031743,-26.626646825396822,-17.432876984126985
3,3,1,cnf|gap|ovl,0,0,22.305555555555554,1.72,21.032905982905984,19.666666666666664,1.61,300,-17.266666666666666,-22.128749999999997,-12.403750000000002,-0.96,-26.94232804232804,-32.223042328042325,-22.098531746031746,-21.946031746031743,-26.626646825396822,-17.432876984126985
4,3,2,as&tzi|gap|ovl,0,1,22.305555555555554,1.82,21.032905982905984,19.666666666666664,1.7233333333333334,284,-17.266666666666666,-22.116944444444442,-12.34763888888889,-0.8466666666666667,-26.94232804232804,-32.0278835978836,-22.17843915343915,-21.946031746031743,-26.96835317460317,-17.251448412698412
4,3,2,cnf|gap&ovl|tzi,0,0,18.527777777777775,1.86,21.032905982905984,20.0,1.7966666666666666,300,-17.26666666666667,-22.26666666666666,-12.055555555555557,-0.7733333333333333,-26.942328042328047,-32.316613756613755,-21.75015873015873,-21.946031746031743,-26.51261904761905,-17.52142857142857
5,4,2,as&gap|cnf|mrg|tzi,1,1,17.52777777777778,1.66,20.921794871794873,20.333333333333332,1.6733333333333333,300,-17.377777777777776,-22.323333333333334,-12.264166666666668,-0.8966666666666666,-27.05343915343915,-32.264748677248676,-21.83240740740741,-22.057142857142857,-26.462023809523817,-17.712103174603172
6,4,3,as&gap&ovl|cnf|mrg|tzi,1,1,17.52777777777778,1.66,20.921794871794873,20.333333333333332,1.6866666666666668,300,-17.377777777777776,-22.323333333333334,-12.264166666666668,-0.8833333333333333,-27.05343915343915,-32.264748677248676,-21.83240740740741,-22.057142857142857,-26.462023809523817,-17.712103174603172
3,3,1,cnf|mrg|tzi,1,0,18.527777777777775,1.67,20.921794871794873,20.333333333333332,1.6933333333333334,300,-17.377777777777776,-22.323333333333334,-12.264166666666668,-0.8766666666666667,-27.05343915343915,-32.264748677248676,-21.83240740740741,-22.057142857142857,-26.462023809523817,-17.712103174603172
4,4,1,cnf|gap|mrg|ovl,1,0,20.305555555555554,1.61,20.81068376068376,19.666666666666664,1.5366666666666666,300,-17.48888888888889,-22.350972222222225,-12.555277777777778,-1.0333333333333334,-27.164550264550268,-32.45873015873016,-22.162261904761902,-22.168253968253964,-26.853611111111107,-17.62922619047619
5,4,2,as|cnf&ovl|gap|mrg,1,1,17.555555555555554,1.58,20.81068376068376,19.666666666666664,1.5633333333333332,300,-17.48888888888889,-22.155555555555555,-13.48777777777778,-1.0066666666666666,-27.164550264550268,-32.40900793650794,-21.98744708994709,-22.168253968253964,-27.13388888888889,-17.45515873015873
3,3,1,as|gap|mrg,1,1,17.555555555555554,1.58,20.81068376068376,19.666666666666664,1.57,299,-17.48888888888889,-22.155555555555555,-13.48777777777778,-1.0,-27.164550264550268,-32.40900793650794,-21.98744708994709,-22.168253968253964,-27.13388888888889,-17.45515873015873
5,4,2,as|cnf&tzi|gap|mrg,1,1,17.555555555555554,1.58,20.81068376068376,19.666666666666664,1.57,299,-17.48888888888889,-22.155555555555555,-13.48777777777778,-1.0,-27.164550264550268,-32.40900793650794,-21.98744708994709,-22.168253968253964,-27.13388888888889,-17.45515873015873
6,4,3,as|cnf&ovl&tzi|gap|mrg,1,1,17.555555555555554,1.58,20.81068376068376,19.666666666666664,1.57,299,-17.48888888888889,-22.155555555555555,-13.48777777777778,-1.0,-27.164550264550268,-32.40900793650794,-21.98744708994709,-22.168253968253964,-27.13388888888889,-17.45515873015873
6,4,2,as|cnf&tzi|gap|mrg&ovl,1,1,19.555555555555554,1.69,20.81068376068376,19.666666666666664,1.6533333333333333,299,-17.48888888888889,-22.155555555555555,-13.48777777777778,-0.9166666666666666,-27.164550264550268,-32.40900793650794,-21.98744708994709,-22.168253968253964,-27.13388888888889,-17.45515873015873
4,3,2,as|gap|mrg&ovl,1,1,19.555555555555554,1.69,20.81068376068376,19.666666666666664,1.6566666666666667,299,-17.48888888888889,-22.155555555555555,-13.48777777777778,-0.9133333333333333,-27.164550264550268,-32.40900793650794,-21.98744708994709,-22.168253968253964,-27.13388888888889,-17.45515873015873
6,4,2,as|cnf&ovl|gap|mrg&tzi,1,1,19.555555555555554,1.71,20.81068376068376,19.666666666666664,1.66,300,-17.48888888888889,-22.155555555555555,-13.48777777777778,-0.91,-27.164550264550268,-32.40900793650794,-21.98744708994709,-22.168253968253964,-27.13388888888889,-17.45515873015873
4,3,2,as|cnf&mrg|gap,1,1,19.555555555555554,1.76,20.81068376068376,19.666666666666664,1.6766666666666667,299,-17.48888888888889,-22.155555555555555,-13.48777777777778,-0.8933333333333333,-27.164550264550268,-32.40900793650794,-21.98744708994709,-22.168253968253964,-27.13388888888889,-17.45515873015873
4,3,2,as|gap|mrg&tzi,1,1,19.555555555555554,1.75,20.81068376068376,19.666666666666664,1.6833333333333333,299,-17.48888888888889,-22.155555555555555,-13.48777777777778,-0.8866666666666667,-27.164550264550268,-32.40900793650794,-21.98744708994709,-22.168253968253964,-27.13388888888889,-17.45515873015873
4,3,2,as|cnf&ovl|gap,0,1,19.555555555555554,1.76,20.81068376068376,19.666666666666664,1.6933333333333334,300,-17.48888888888889,-22.155555555555555,-13.48777777777778,-0.8766666666666667,-27.164550264550268,-32.40900793650794,-21.98744708994709,-22.168253968253964,-27.13388888888889,-17.45515873015873
6,4,2,as&ovl|cnf&mrg|gap|tzi,1,1,16.305555555555557,1.67,20.81068376068376,20.0,1.6933333333333334,296,-17.48888888888889,-22.657222222222224,-12.69888888888889,-0.8766666666666667,-27.164550264550268,-32.47694444444444,-22.08492724867725,-22.168253968253964,-27.089206349206346,-17.199206349206346
5,3,3,as|cnf&mrg&ovl|gap,1,1,19.555555555555554,1.77,20.81068376068376,19.666666666666664,1.7,299,-17.48888888888889,-22.155555555555555,-13.48777777777778,-0.87,-27.164550264550268,-32.40900793650794,-21.98744708994709,-22.168253968253964,-27.13388888888889,-17.45515873015873
5,3,3,as|gap|mrg&ovl&tzi,1,1,19.555555555555554,1.76,20.81068376068376,19.666666666666664,1.7033333333333334,299,-17.48888888888889,-22.155555555555555,-13.48777777777778,-0.8666666666666667,-27.164550264550268,-32.40900793650794,-21.98744708994709,-22.168253968253964,-27.13388888888889,-17.45515873015873
4,3,2,as|cnf&tzi|gap,0,1,19.555555555555554,1.8,20.81068376068376,19.666666666666664,1.7133333333333334,299,-17.48888888888889,-22.155555555555555,-13.48777777777778,-0.8566666666666667,-27.164550264550268,-32.40900793650794,-21.98744708994709,-22.168253968253964,-27.13388888888889,-17.45515873015873
5,3,3,as|cnf&mrg&tzi|gap,1,1,19.555555555555554,1.81,20.81068376068376,19.666666666666664,1.7133333333333334,299,-17.48888888888889,-22.155555555555555,-13.48777777777778,-0.8566666666666667,-27.164550264550268,-32.40900793650794,-21.98744708994709,-22.168253968253964,-27.13388888888889,-17.45515873015873
2,2,1,as|gap,0,1,19.555555555555554,1.82,20.81068376068376,19.666666666666664,1.7166666666666666,299,-17.48888888888889,-22.155555555555555,-13.48777777777778,-0.8533333333333334,-27.164550264550268,-32.40900793650794,-21.98744708994709,-22.168253968253964,-27.13388888888889,-17.45515873015873
5,3,3,as|cnf&ovl&tzi|gap,0,1,19.555555555555554,1.8,20.81068376068376,19.666666666666664,1.7166666666666666,299,-17.48888888888889,-22.155555555555555,-13.48777777777778,-0.8533333333333334,-27.164550264550268,-32.40900793650794,-21.98744708994709,-22.168253968253964,-27.13388888888889,-17.45515873015873
6,3,4,as|cnf&mrg&ovl&tzi|gap,1,1,19.555555555555554,1.81,20.81068376068376,19.666666666666664,1.7166666666666666,299,-17.48888888888889,-22.155555555555555,-13.48777777777778,-0.8533333333333334,-27.164550264550268,-32.40900793650794,-21.98744708994709,-22.168253968253964,-27.13388888888889,-17.45515873015873
6,4,2,as&cnf|gap|mrg&ovl|tzi,1,1,16.97222222222222,1.79,20.81068376068376,20.0,1.74,299,-17.48888888888889,-22.489166666666666,-12.3875,-0.83,-27.164550264550268,-32.472314814814816,-22.001686507936512,-22.168253968253964,-26.969880952380947,-17.459920634920636
6,4,2,as&mrg|cnf|gap&ovl|tzi,1,1,18.527777777777775,1.81,20.81068376068376,20.0,1.77,300,-17.48888888888889,-22.489166666666666,-12.441666666666668,-0.8,-27.164550264550268,-32.52421296296296,-21.99520502645502,-22.168253968253964,-26.724603174603175,-17.77936507936508
5,4,2,as&tzi|cnf|gap|ovl,0,1,21.305555555555554,1.71,20.699572649572648,19.333333333333332,1.5933333333333333,300,-17.599999999999998,-22.405555555555555,-12.86486111111111,-0.9766666666666667,-27.275661375661368,-32.4596164021164,-22.377764550264548,-22.27936507936508,-27.04672619047619,-17.729345238095238
4,3,2,as&cnf|gap|tzi,0,1,16.97222222222222,1.89,20.699572649572648,19.666666666666664,1.8466666666666667,298,-17.6,-22.7125,-12.708611111111118,-0.7233333333333334,-27.275661375661375,-32.531620370370376,-22.167030423280426,-22.27936507936508,-27.02404761904762,-17.588373015873017
5,4,2,as&ovl|gap|mrg|tzi,1,1,14.305555555555555,1.54,20.588461538461537,20.0,1.61,296,-17.711111111111112,-22.72444444444444,-12.777777777777777,-0.96,-27.386772486772486,-32.58312169312169,-22.288558201058198,-22.39047619047619,-27.33496031746031,-17.265873015873016
5,4,2,as&cnf|gap|mrg|tzi,1,1,14.305555555555555,1.64,20.588461538461537,20.0,1.6466666666666667,299,-17.711111111111112,-22.71111111111111,-12.663888888888891,-0.9233333333333333,-27.386772486772486,-32.605714285714285,-22.206911375661377,-22.39047619047619,-27.104047619047616,-17.544444444444444
5,4,2,cnf|gap&ovl|mrg|tzi,1,0,16.52777777777778,1.65,20.588461538461537,20.0,1.6733333333333333,300,-17.711111111111112,-22.61111111111111,-12.722222222222221,-0.8966666666666666,-27.386772486772486,-32.53524470899471,-22.160178571428574,-22.39047619047619,-27.01611111111111,-18.000476190476192
5,4,2,as|gap|mrg|ovl&tzi,1,1,17.555555555555554,1.57,20.56068376068376,19.333333333333332,1.5666666666666667,299,-17.73888888888889,-22.42347222222222,-13.664722222222222,-1.0033333333333334,-27.414550264550268,-32.856263227513224,-22.33119047619048,-22.418253968253964,-27.343551587301583,-17.65486111111111
6,4,2,as|cnf&mrg|gap|ovl&tzi,1,1,19.555555555555554,1.7,20.56068376068376,19.333333333333332,1.66,299,-17.73888888888889,-22.42347222222222,-13.664722222222222,-0.91,-27.414550264550268,-32.856263227513224,-22.33119047619048,-22.418253968253964,-27.343551587301583,-17.65486111111111
4,3,2,as|gap|ovl&tzi,0,1,19.555555555555554,1.75,20.56068376068376,19.333333333333332,1.6966666666666668,299,-17.73888888888889,-22.42347222222222,-13.664722222222222,-0.8733333333333333,-27.414550264550268,-32.856263227513224,-22.33119047619048,-22.418253968253964,-27.343551587301583,-17.65486111111111
5,4,2,as|gap&tzi|mrg|ovl,1,1,19.555555555555554,1.58,20.477350427350423,19.333333333333332,1.5166666666666666,300,-17.822222222222223,-22.33513888888889,-13.644305555555553,-1.0533333333333332,-27.4978835978836,-32.66801587301587,-22.517579365079364,-22.501587301587296,-27.36269841269841,-17.727162698412695
6,5,2,as&tzi|cnf|gap|mrg|ovl,1,1,19.305555555555554,1.6,20.477350427350423,19.333333333333332,1.5233333333333334,300,-17.822222222222223,-22.572222222222223,-13.109722222222222,-1.0466666666666666,-27.4978835978836,-32.778518518518524,-22.599206349206348,-22.501587301587296,-27.268750000000004,-17.85789682539683
6,4,2,as|cnf&mrg|gap&tzi|ovl,1,1,21.555555555555554,1.71,20.477350427350423,19.333333333333332,1.59,300,-17.822222222222223,-22.33513888888889,-13.644305555555553,-0.98,-27.4978835978836,-32.66801587301587,-22.517579365079364,-22.501587301587296,-27.36269841269841,-17.727162698412695
4,3,2,as|gap&tzi|ovl,0,1,21.555555555555554,1.71,20.477350427350423,19.333333333333332,1.6,300,-17.822222222222223,-22.33513888888889,-13.644305555555553,-0.97,-27.4978835978836,-32.66801587301587,-22.517579365079364,-22.501587301587296,-27.36269841269841,-17.727162698412695
6,5,2,as|cnf|gap&tzi|mrg|ovl,1,1,19.555555555555554,1.58,20.14401709401709,19.0,1.51,300,-18.155555555555555,-22.86222222222222,-13.944444444444443,-1.06,-27.831216931216936,-33.01325396825396,-22.79559523809524,-22.83492063492063,-27.836051587301586,-18.206448412698414
4,4,1,as|cnf|gap|mrg,1,1,17.555555555555554,1.58,20.14401709401709,19.0,1.5433333333333332,300,-18.155555555555555,-22.75611111111111,-13.865555555555556,-1.0266666666666666,-27.831216931216936,-33.30623677248677,-22.55906746031746,-22.83492063492063,-27.548492063492063,-18.433809523809526
5,4,2,as|cnf|gap&tzi|ovl,0,1,21.555555555555554,1.71,20.14401709401709,19.0,1.5833333333333333,300,-18.155555555555555,-22.86222222222222,-13.944444444444443,-0.9866666666666667,-27.831216931216936,-33.01325396825396,-22.79559523809524,-22.83492063492063,-27.836051587301586,-18.206448412698414
5,4,2,as|cnf|gap|mrg&ovl,1,1,19.555555555555554,1.68,20.14401709401709,19.0,1.6066666666666667,300,-18.155555555555555,-22.75611111111111,-13.865555555555556,-0.9633333333333334,-27.831216931216936,-33.30623677248677,-22.55906746031746,-22.83492063492063,-27.548492063492063,-18.433809523809526
5,4,2,as|cnf|gap|mrg&tzi,1,1,19.555555555555554,1.7,20.14401709401709,19.0,1.62,300,-18.155555555555555,-22.75611111111111,-13.865555555555556,-0.95,-27.831216931216936,-33.30623677248677,-22.55906746031746,-22.83492063492063,-27.548492063492063,-18.433809523809526
6,4,3,as|cnf|gap|mrg&ovl&tzi,1,1,19.555555555555554,1.71,20.14401709401709,19.0,1.6366666666666667,300,-18.155555555555555,-22.75611111111111,-13.865555555555556,-0.9333333333333333,-27.831216931216936,-33.30623677248677,-22.55906746031746,-22.83492063492063,-27.548492063492063,-18.433809523809526
3,3,1,as|cnf|gap,0,1,19.555555555555554,1.75,20.14401709401709,19.0,1.65,300,-18.155555555555555,-22.75611111111111,-13.865555555555556,-0.92,-27.831216931216936,-33.30623677248677,-22.55906746031746,-22.83492063492063,-27.548492063492063,-18.433809523809526
6,4,2,as&ovl|cnf|gap&mrg|tzi,1,1,19.305555555555554,1.7,20.14401709401709,19.333333333333332,1.6766666666666667,300,-18.155555555555555,-22.822499999999998,-13.555277777777777,-0.8933333333333333,-27.831216931216936,-33.14895502645503,-22.726825396825394,-22.83492063492063,-27.359563492063494,-18.44515873015873
4,3,2,as&ovl|cnf|tzi,0,1,19.305555555555554,1.75,20.14401709401709,19.333333333333332,1.69,300,-18.155555555555555,-22.822499999999998,-13.555277777777777,-0.88,-27.831216931216936,-33.14895502645503,-22.726825396825394,-22.83492063492063,-27.359563492063494,-18.44515873015873
3,3,1,cnf|gap|tzi,0,0,16.52777777777778,1.76,20.032905982905984,19.0,1.72,300,-18.266666666666666,-23.5,-13.221944444444448,-0.85,-27.94232804232804,-33.233882275132274,-22.748141534391532,-22.946031746031746,-27.568253968253963,-18.38861111111111
5,4,2,as&ovl|cnf|mrg|tzi,1,1,17.305555555555557,1.57,19.92179487179487,19.333333333333332,1.5933333333333333,300,-18.37777777777778,-23.033611111111107,-13.83027777777778,-0.9766666666666667,-28.053439153439154,-33.20027777777778,-22.908816137566134,-23.057142857142853,-27.46071428571429,-18.620595238095238
6,5,2,as|cnf|gap|mrg|ovl&tzi,1,1,17.555555555555554,1.57,19.89401709401709,18.666666666666668,1.54,300,-18.405555555555555,-22.972638888888884,-14.116527777777776,-1.03,-28.081216931216936,-33.685370370370364,-22.80071428571429,-23.084920634920632,-27.784623015873017,-18.595337301587303
5,4,2,as|cnf|gap|ovl&tzi,0,1,19.555555555555554,1.7,19.89401709401709,18.666666666666668,1.6333333333333333,300,-18.405555555555555,-22.972638888888884,-14.116527777777776,-0.9366666666666666,-28.081216931216936,-33.685370370370364,-22.80071428571429,-23.084920634920632,-27.784623015873017,-18.595337301587303
5,4,2,cnf|gap|mrg&ovl|tzi,1,0,16.52777777777778,1.71,19.81068376068376,19.0,1.67,300,-18.48888888888889,-23.601388888888884,-13.48777777777778,-0.9,-28.164550264550265,-33.53311507936508,-22.918240740740742,-23.168253968253964,-27.781190476190474,-18.677103174603175
5,4,2,as&mrg|cnf|gap|tzi,1,1,16.52777777777778,1.73,19.81068376068376,19.0,1.6966666666666668,300,-18.48888888888889,-23.601388888888884,-13.48777777777778,-0.8733333333333333,-28.164550264550265,-33.53311507936508,-22.918240740740742,-23.168253968253964,-27.781190476190474,-18.677103174603175
6,4,3,as&mrg&ovl|cnf|gap|tzi,1,1,16.52777777777778,1.74,19.81068376068376,19.0,1.7,300,-18.48888888888889,-23.601388888888884,-13.48777777777778,-0.87,-28.164550264550265,-33.53311507936508,-22.918240740740742,-23.168253968253964,-27.781190476190474,-18.677103174603175
6,4,2,as&gap|cnf&mrg|ovl|tzi,1,1,18.305555555555554,1.67,19.727350427350427,19.0,1.59,300,-18.572222222222223,-23.323888888888888,-13.655138888888887,-0.98,-28.2478835978836,-33.36830687830688,-23.344351851851854,-23.2515873015873,-28.189166666666665,-18.61017857142857
4,3,2,cnf&mrg|ovl|tzi,1,0,18.305555555555554,1.69,19.727350427350427,19.0,1.62,300,-18.572222222222223,-23.323888888888888,-13.655138888888887,-0.95,-28.2478835978836,-33.36830687830688,-23.344351851851854,-23.2515873015873,-28.189166666666665,-18.61017857142857
6,4,2,as&mrg|cnf&gap|ovl|tzi,1,1,18.305555555555554,1.67,19.727350427350427,19.0,1.62,300,-18.572222222222223,-23.323888888888888,-13.655138888888887,-0.95,-28.2478835978836,-33.36830687830688,-23.344351851851854,-23.2515873015873,-28.189166666666665,-18.61017857142857
4,3,2,as&mrg|ovl|tzi,1,1,18.305555555555554,1.67,19.727350427350427,19.0,1.6333333333333333,300,-18.572222222222223,-23.323888888888888,-13.655138888888887,-0.9366666666666666,-28.2478835978836,-33.36830687830688,-23.344351851851854,-23.2515873015873,-28.189166666666665,-18.61017857142857
5,3,3,as&cnf&mrg|ovl|tzi,1,1,18.305555555555554,1.7,19.727350427350427,19.0,1.64,300,-18.572222222222223,-23.323888888888888,-13.655138888888887,-0.93,-28.2478835978836,-33.36830687830688,-23.344351851851854,-23.2515873015873,-28.189166666666665,-18.61017857142857
4,4,1,cnf|gap|mrg|tzi,1,0,14.527777777777775,1.6,19.588461538461537,19.0,1.61,300,-18.711111111111112,-23.778055555555554,-13.666666666666666,-0.96,-28.38677248677249,-33.650205026455026,-23.076712962962965,-23.390476190476186,-27.989246031746035,-18.775555555555556
5,4,2,as&gap|mrg|ovl|tzi,1,1,16.305555555555557,1.54,19.5051282051282,19.0,1.5266666666666666,300,-18.794444444444444,-23.50583333333333,-13.859722222222222,-1.0433333333333332,-28.470105820105818,-33.593181216931214,-23.564722222222223,-23.47380952380952,-28.346547619047612,-18.831884920634916
5,4,2,cnf&gap|mrg|ovl|tzi,1,0,16.305555555555557,1.54,19.5051282051282,19.0,1.54,300,-18.794444444444444,-23.50583333333333,-13.859722222222222,-1.03,-28.470105820105818,-33.593181216931214,-23.564722222222223,-23.47380952380952,-28.346547619047612,-18.831884920634916
6,4,3,as&cnf&gap|mrg|ovl|tzi,1,1,16.305555555555557,1.54,19.5051282051282,19.0,1.54,300,-18.794444444444444,-23.50583333333333,-13.859722222222222,-1.03,-28.470105820105818,-33.593181216931214,-23.564722222222223,-23.47380952380952,-28.346547619047612,-18.831884920634916
3,3,1,mrg|ovl|tzi,1,0,16.305555555555557,1.54,19.5051282051282,19.0,1.5533333333333332,300,-18.794444444444444,-23.50583333333333,-13.859722222222222,-1.0166666666666666,-28.470105820105818,-33.593181216931214,-23.564722222222223,-23.47380952380952,-28.346547619047612,-18.831884920634916
4,4,1,as|gap|mrg|ovl,1,1,17.555555555555554,1.53,19.477350427350427,18.333333333333332,1.4666666666666666,300,-18.822222222222223,-23.439305555555553,-14.427500000000002,-1.1033333333333333,-28.4978835978836,-33.96103174603175,-23.433994708994707,-23.5015873015873,-28.585753968253965,-18.663789682539683
6,5,2,as|cnf&tzi|gap|mrg|ovl,1,1,17.555555555555554,1.53,19.477350427350427,18.333333333333332,1.4666666666666666,300,-18.822222222222223,-23.439305555555553,-14.427500000000002,-1.1033333333333333,-28.4978835978836,-33.96103174603175,-23.433994708994707,-23.5015873015873,-28.585753968253965,-18.663789682539683
5,4,2,as|gap|mrg&tzi|ovl,1,1,19.555555555555554,1.62,19.477350427350427,18.333333333333332,1.5233333333333334,300,-18.822222222222223,-23.439305555555553,-14.427500000000002,-1.0466666666666666,-28.4978835978836,-33.96103174603175,-23.433994708994707,-23.5015873015873,-28.585753968253965,-18.663789682539683
5,4,2,as|cnf&mrg|gap|ovl,1,1,19.555555555555554,1.63,19.477350427350427,18.333333333333332,1.53,300,-18.822222222222223,-23.439305555555553,-14.427500000000002,-1.04,-28.4978835978836,-33.96103174603175,-23.433994708994707,-23.5015873015873,-28.585753968253965,-18.663789682539683
3,3,1,as|gap|ovl,0,1,19.555555555555554,1.63,19.477350427350427,18.333333333333332,1.54,300,-18.822222222222223,-23.439305555555553,-14.427500000000002,-1.03,-28.4978835978836,-33.96103174603175,-23.433994708994707,-23.5015873015873,-28.585753968253965,-18.663789682539683
5,4,2,as|cnf&tzi|gap|ovl,0,1,19.555555555555554,1.63,19.477350427350427,18.333333333333332,1.54,300,-18.822222222222223,-23.439305555555553,-14.427500000000002,-1.03,-28.4978835978836,-33.96103174603175,-23.433994708994707,-23.5015873015873,-28.585753968253965,-18.663789682539683
6,4,3,as|cnf&mrg&tzi|gap|ovl,1,1,19.555555555555554,1.63,19.477350427350427,18.333333333333332,1.54,300,-18.822222222222223,-23.439305555555553,-14.427500000000002,-1.03,-28.4978835978836,-33.96103174603175,-23.433994708994707,-23.5015873015873,-28.585753968253965,-18.663789682539683
6,4,2,as&cnf|gap&mrg|ovl|tzi,1,1,18.305555555555554,1.64,19.39401709401709,18.666666666666668,1.5766666666666667,300,-18.905555555555555,-23.50722222222222,-14.138888888888888,-0.9933333333333333,-28.581216931216936,-33.665046296296296,-23.595820105820106,-23.584920634920632,-28.478472222222223,-18.960575396825398
4,3,2,as&cnf|ovl|tzi,0,1,18.305555555555554,1.69,19.39401709401709,18.666666666666668,1.59,300,-18.905555555555555,-23.50722222222222,-14.138888888888888,-0.98,-28.581216931216936,-33.665046296296296,-23.595820105820106,-23.584920634920632,-28.478472222222223,-18.960575396825398
4,3,2,as&gap|ovl|tzi,0,1,19.305555555555554,1.76,19.39401709401709,18.666666666666668,1.68,284,-18.905555555555555,-23.505555555555553,-14.10902777777778,-0.89,-28.581216931216936,-33.70164021164022,-23.733796296296298,-23.584920634920632,-28.534623015873017,-18.94335317460317
4,3,2,gap&mrg|ovl|tzi,1,0,19.305555555555554,1.73,19.39401709401709,18.666666666666668,1.6966666666666668,284,-18.905555555555555,-23.505555555555553,-14.10902777777778,-0.8733333333333333,-28.581216931216936,-33.70164021164022,-23.733796296296298,-23.584920634920632,-28.534623015873017,-18.94335317460317
4,3,2,cnf&gap|ovl|tzi,0,0,19.305555555555554,1.78,19.39401709401709,18.666666666666668,1.6966666666666668,284,-18.905555555555555,-23.505555555555553,-14.10902777777778,-0.8733333333333333,-28.581216931216936,-33.70164021164022,-23.733796296296298,-23.584920634920632,-28.534623015873017,-18.94335317460317
5,3,3,as&cnf&gap|ovl|tzi,0,1,19.305555555555554,1.78,19.39401709401709,18.666666666666668,1.6966666666666668,284,-18.905555555555555,-23.505555555555553,-14.10902777777778,-0.8733333333333333,-28.581216931216936,-33.70164021164022,-23.733796296296298,-23.584920634920632,-28.534623015873017,-18.94335317460317
5,3,3,as&gap&mrg|ovl|tzi,1,1,19.305555555555554,1.76,19.39401709401709,18.666666666666668,1.7066666666666668,284,-18.905555555555555,-23.505555555555553,-14.10902777777778,-0.8633333333333333,-28.581216931216936,-33.70164021164022,-23.733796296296298,-23.584920634920632,-28.534623015873017,-18.94335317460317
5,3,3,cnf&gap&mrg|ovl|tzi,1,0,19.305555555555554,1.78,19.39401709401709,18.666666666666668,1.71,284,-18.905555555555555,-23.505555555555553,-14.10902777777778,-0.86,-28.581216931216936,-33.70164021164022,-23.733796296296298,-23.584920634920632,-28.534623015873017,-18.94335317460317
6,3,4,as&cnf&gap&mrg|ovl|tzi,1,1,19.305555555555554,1.78,19.39401709401709,18.666666666666668,1.71,284,-18.905555555555555,-23.505555555555553,-14.10902777777778,-0.86,-28.581216931216936,-33.70164021164022,-23.733796296296298,-23.584920634920632,-28.534623015873017,-18.94335317460317
2,2,1,ovl|tzi,0,0,19.305555555555554,1.81,19.39401709401709,18.666666666666668,1.7233333333333334,280,-18.905555555555555,-23.505555555555553,-14.10902777777778,-0.8466666666666667,-28.581216931216936,-33.70164021164022,-23.733796296296298,-23.584920634920632,-28.534623015873017,-18.94335317460317
5,4,2,as|cnf&ovl|mrg|tzi,1,1,15.555555555555555,1.5,19.255128205128205,18.666666666666668,1.5366666666666666,300,-19.044444444444444,-23.54611111111111,-14.822222222222223,-1.0333333333333334,-28.720105820105818,-33.86202380952381,-23.44837962962963,-23.72380952380952,-28.446547619047617,-18.721150793650793
3,3,1,as|mrg|tzi,1,1,15.555555555555555,1.5,19.255128205128205,18.666666666666668,1.5433333333333332,299,-19.044444444444444,-23.54611111111111,-14.822222222222223,-1.0266666666666666,-28.720105820105818,-33.86202380952381,-23.44837962962963,-23.72380952380952,-28.446547619047617,-18.721150793650793
5,4,2,as|cnf&gap|mrg|tzi,1,1,15.555555555555555,1.5,19.255128205128205,18.666666666666668,1.5433333333333332,299,-19.044444444444444,-23.54611111111111,-14.822222222222223,-1.0266666666666666,-28.720105820105818,-33.86202380952381,-23.44837962962963,-23.72380952380952,-28.446547619047617,-18.721150793650793
6,4,3,as|cnf&gap&ovl|mrg|tzi,1,1,15.555555555555555,1.5,19.255128205128205,18.666666666666668,1.5433333333333332,299,-19.044444444444444,-23.54611111111111,-14.822222222222223,-1.0266666666666666,-28.720105820105818,-33.86202380952381,-23.44837962962963,-23.72380952380952,-28.446547619047617,-18.721150793650793
6,4,2,as|cnf&gap|mrg&ovl|tzi,1,1,17.555555555555554,1.63,19.255128205128205,18.666666666666668,1.62,299,-19.044444444444444,-23.54611111111111,-14.822222222222223,-0.95,-28.720105820105818,-33.86202380952381,-23.44837962962963,-23.72380952380952,-28.446547619047617,-18.721150793650793
4,3,2,as|mrg&ovl|tzi,1,1,17.555555555555554,1.63,19.255128205128205,18.666666666666668,1.6233333333333333,299,-19.044444444444444,-23.54611111111111,-14.822222222222223,-0.9466666666666667,-28.720105820105818,-33.86202380952381,-23.44837962962963,-23.72380952380952,-28.446547619047617,-18.721150793650793
4,3,2,as|cnf&mrg|tzi,1,1,17.555555555555554,1.65,19.255128205128205,18.666666666666668,1.63,299,-19.044444444444444,-23.54611111111111,-14.822222222222223,-0.94,-28.720105820105818,-33.86202380952381,-23.44837962962963,-23.72380952380952,-28.446547619047617,-18.721150793650793
6,4,2,as|cnf&ovl|gap&mrg|tzi,1,1,17.555555555555554,1.63,19.255128205128205,18.666666666666668,1.6333333333333333,300,-19.044444444444444,-23.54611111111111,-14.822222222222223,-0.9366666666666666,-28.720105820105818,-33.86202380952381,-23.44837962962963,-23.72380952380952,-28.446547619047617,-18.721150793650793
4,3,2,as|cnf&ovl|tzi,0,1,17.555555555555554,1.66,19.255128205128205,18.666666666666668,1.6466666666666667,300,-19.044444444444444,-23.54611111111111,-14.822222222222223,-0.9233333333333333,-28.720105820105818,-33.86202380952381,-23.44837962962963,-23.72380952380952,-28.446547619047617,-18.721150793650793
5,3,3,as|cnf&mrg&ovl|tzi,1,1,17.555555555555554,1.66,19.255128205128205,18.666666666666668,1.6533333333333333,299,-19.044444444444444,-23.54611111111111,-14.822222222222223,-0.9166666666666666,-28.720105820105818,-33.86202380952381,-23.44837962962963,-23.72380952380952,-28.446547619047617,-18.721150793650793
4,3,2,as|gap&mrg|tzi,1,1,17.555555555555554,1.67,19.255128205128205,18.666666666666668,1.6566666666666667,299,-19.044444444444444,-23.54611111111111,-14.822222222222223,-0.9133333333333333,-28.720105820105818,-33.86202380952381,-23.44837962962963,-23.72380952380952,-28.446547619047617,-18.721150793650793
4,3,2,as|cnf&gap|tzi,0,1,17.555555555555554,1.7,19.255128205128205,18.666666666666668,1.6666666666666667,299,-19.044444444444444,-23.54611111111111,-14.822222222222223,-0.9033333333333333,-28.720105820105818,-33.86202380952381,-23.44837962962963,-23.72380952380952,-28.446547619047617,-18.721150793650793
5,3,3,as|cnf&gap&mrg|tzi,1,1,17.555555555555554,1.7,19.255128205128205,18.666666666666668,1.6666666666666667,299,-19.044444444444444,-23.54611111111111,-14.822222222222223,-0.9033333333333333,-28.720105820105818,-33.86202380952381,-23.44837962962963,-23.72380952380952,-28.446547619047617,-18.721150793650793
2,2,1,as|tzi,0,1,16.555555555555557,1.73,19.255128205128205,18.666666666666668,1.67,299,-19.044444444444444,-23.54611111111111,-14.822222222222223,-0.9,-28.720105820105818,-33.86202380952381,-23.44837962962963,-23.72380952380952,-28.446547619047617,-18.721150793650793
5,3,3,as|gap&mrg&ovl|tzi,1,1,17.555555555555554,1.7,19.255128205128205,18.666666666666668,1.67,299,-19.044444444444444,-23.54611111111111,-14.822222222222223,-0.9,-28.720105820105818,-33.86202380952381,-23.44837962962963,-23.72380952380952,-28.446547619047617,-18.721150793650793
5,3,3,as|cnf&gap&ovl|tzi,0,1,17.555555555555554,1.7,19.255128205128205,18.666666666666668,1.67,299,-19.044444444444444,-23.54611111111111,-14.822222222222223,-0.9,-28.720105820105818,-33.86202380952381,-23.44837962962963,-23.72380952380952,-28.446547619047617,-18.721150793650793
6,3,4,as|cnf&gap&mrg&ovl|tzi,1,1,17.555555555555554,1.7,19.255128205128205,18.666666666666668,1.67,299,-19.044444444444444,-23.54611111111111,-14.822222222222223,-0.9,-28.720105820105818,-33.86202380952381,-23.44837962962963,-23.72380952380952,-28.446547619047617,-18.721150793650793
5,4,2,as&cnf|mrg|ovl|tzi,1,1,16.305555555555557,1.53,19.17179487179487,18.666666666666668,1.5066666666666666,300,-19.127777777777776,-23.615694444444443,-14.422083333333333,-1.0633333333333332,-28.803439153439154,-33.84448412698413,-23.748657407407407,-23.807142857142853,-28.6675,-19.170972222222222
5,5,1,as|cnf|gap|mrg|ovl,1,1,17.555555555555554,1.53,19.144017094017094,18.0,1.46,300,-19.155555555555555,-23.894722222222224,-14.64361111111111,-1.11,-28.831216931216936,-34.30205026455026,-23.767275132275135,-23.834920634920632,-28.689067460317457,-19.127400793650793
6,5,2,as|cnf|gap|mrg&tzi|ovl,1,1,19.555555555555554,1.62,19.144017094017094,18.0,1.5066666666666666,300,-19.155555555555555,-23.894722222222224,-14.64361111111111,-1.0633333333333332,-28.831216931216936,-34.30205026455026,-23.767275132275135,-23.834920634920632,-28.689067460317457,-19.127400793650793
4,4,1,as|cnf|gap|ovl,0,1,19.555555555555554,1.63,19.144017094017094,18.0,1.5233333333333334,300,-19.155555555555555,-23.894722222222224,-14.64361111111111,-1.0466666666666666,-28.831216931216936,-34.30205026455026,-23.767275132275135,-23.834920634920632,-28.689067460317457,-19.127400793650793
5,4,2,as&gap|cnf|ovl|tzi,0,1,18.305555555555554,1.65,19.06068376068376,18.333333333333332,1.55,300,-19.238888888888887,-23.833472222222223,-14.338750000000001,-1.02,-28.914550264550265,-33.96328042328042,-23.97917328042328,-23.918253968253964,-28.811150793650796,-19.314722222222226
5,4,2,cnf|gap&mrg|ovl|tzi,1,0,18.305555555555554,1.62,19.06068376068376,18.333333333333332,1.5533333333333332,300,-19.238888888888887,-23.833472222222223,-14.338750000000001,-1.0166666666666666,-28.914550264550265,-33.96328042328042,-23.97917328042328,-23.918253968253964,-28.811150793650796,-19.314722222222226
5,4,2,as&mrg|cnf|ovl|tzi,1,1,18.305555555555554,1.64,19.06068376068376,18.333333333333332,1.56,300,-19.238888888888887,-23.833472222222223,-14.338750000000001,-1.01,-28.914550264550265,-33.96328042328042,-23.97917328042328,-23.918253968253964,-28.811150793650796,-19.314722222222226
6,4,3,as&gap&mrg|cnf|ovl|tzi,1,1,18.305555555555554,1.65,19.06068376068376,18.333333333333332,1.5633333333333332,300,-19.238888888888887,-23.833472222222223,-14.338750000000001,-1.0066666666666666,-28.914550264550265,-33.96328042328042,-23.97917328042328,-23.918253968253964,-28.811150793650796,-19.314722222222226
3,3,1,cnf|ovl|tzi,0,0,18.305555555555554,1.67,19.06068376068376,18.333333333333332,1.5666666666666667,300,-19.238888888888887,-23.833472222222223,-14.338750000000001,-1.0033333333333334,-28.914550264550265,-33.96328042328042,-23.97917328042328,-23.918253968253964,-28.811150793650796,-19.314722222222226
5,4,2,as|gap&ovl|mrg|tzi,1,1,14.555555555555555,1.49,18.92179487179487,18.333333333333332,1.53,299,-19.377777777777776,-23.880555555555553,-15.055555555555555,-1.04,-29.053439153439154,-34.19549603174604,-23.82244047619048,-24.057142857142853,-28.84793650793651,-19.14797619047619
6,4,2,as|cnf&mrg|gap&ovl|tzi,1,1,16.555555555555557,1.64,18.92179487179487,18.333333333333332,1.6166666666666667,299,-19.377777777777776,-23.880555555555553,-15.055555555555555,-0.9533333333333334,-29.053439153439154,-34.19549603174604,-23.82244047619048,-24.057142857142853,-28.84793650793651,-19.14797619047619
4,3,2,as|gap&ovl|tzi,0,1,16.555555555555557,1.69,18.92179487179487,18.333333333333332,1.6533333333333333,299,-19.377777777777776,-23.880555555555553,-15.055555555555555,-0.9166666666666666,-29.053439153439154,-34.19549603174604,-23.82244047619048,-24.057142857142853,-28.84793650793651,-19.14797619047619
6,5,2,as&gap|cnf|mrg|ovl|tzi,1,1,16.305555555555557,1.52,18.838461538461537,18.333333333333332,1.4866666666666666,300,-19.46111111111111,-24.156249999999996,-14.555277777777778,-1.0833333333333333,-29.13677248677249,-34.07510582010582,-24.22189153439153,-24.140476190476186,-28.98287698412698,-19.536190476190473
4,4,1,cnf|mrg|ovl|tzi,1,0,16.305555555555557,1.52,18.838461538461537,18.333333333333332,1.5,300,-19.46111111111111,-24.156249999999996,-14.555277777777778,-1.07,-29.13677248677249,-34.07510582010582,-24.22189153439153,-24.140476190476186,-28.98287698412698,-19.536190476190473
5,4,2,as&ovl|cnf|gap|tzi,0,1,16.305555555555557,1.64,18.81068376068376,18.0,1.6,300,-19.488888888888887,-24.269722222222224,-14.555277777777778,-0.97,-29.164550264550265,-34.361177248677244,-23.943022486772485,-24.168253968253964,-28.558928571428567,-19.52297619047619
5,4,2,cnf&mrg|gap|ovl|tzi,1,0,16.305555555555557,1.59,18.727350427350427,18.0,1.53,300,-19.572222222222223,-24.489166666666666,-14.499027777777778,-1.04,-29.2478835978836,-34.33157407407407,-24.39902777777778,-24.251587301587296,-29.159067460317456,-19.50531746031746
5,4,2,as&mrg|gap|ovl|tzi,1,1,16.305555555555557,1.59,18.727350427350427,18.0,1.5466666666666666,300,-19.572222222222223,-24.489166666666666,-14.499027777777778,-1.0233333333333334,-29.2478835978836,-34.33157407407407,-24.39902777777778,-24.251587301587296,-29.159067460317456,-19.50531746031746
6,4,3,as&cnf&mrg|gap|ovl|tzi,1,1,16.305555555555557,1.6,18.727350427350427,18.0,1.55,300,-19.572222222222223,-24.489166666666666,-14.499027777777778,-1.02,-29.2478835978836,-34.33157407407407,-24.39902777777778,-24.251587301587296,-29.159067460317456,-19.50531746031746
4,4,1,as|cnf|mrg|tzi,1,1,15.555555555555555,1.5,18.588461538461537,18.0,1.5166666666666666,300,-19.71111111111111,-24.2125,-15.443055555555556,-1.0533333333333332,-29.386772486772482,-34.469907407407405,-24.130833333333328,-24.39047619047619,-28.866785714285708,-19.71031746031746
6,5,2,as&ovl|cnf|gap|mrg|tzi,1,1,14.305555555555555,1.51,18.588461538461537,18.0,1.5166666666666666,300,-19.71111111111111,-24.423055555555557,-14.831666666666669,-1.0533333333333332,-29.386772486772482,-34.59647486772487,-24.225357142857142,-24.39047619047619,-28.773531746031743,-19.711944444444445
5,4,2,as|cnf|mrg&ovl|tzi,1,1,17.555555555555554,1.62,18.588461538461537,18.0,1.5733333333333333,300,-19.71111111111111,-24.2125,-15.443055555555556,-0.9966666666666667,-29.386772486772482,-34.469907407407405,-24.130833333333328,-24.39047619047619,-28.866785714285708,-19.71031746031746
5,4,2,as|cnf|gap&mrg|tzi,1,1,17.555555555555554,1.62,18.588461538461537,18.0,1.5933333333333333,300,-19.71111111111111,-24.2125,-15.443055555555556,-0.9766666666666667,-29.386772486772482,-34.469907407407405,-24.130833333333328,-24.39047619047619,-28.866785714285708,-19.71031746031746
3,3,1,as|cnf|tzi,0,1,17.555555555555554,1.65,18.588461538461537,18.0,1.6033333333333333,300,-19.71111111111111,-24.2125,-15.443055555555556,-0.9666666666666667,-29.386772486772482,-34.469907407407405,-24.130833333333328,-24.39047619047619,-28.866785714285708,-19.71031746031746
6,4,3,as|cnf|gap&mrg&ovl|tzi,1,1,17.555555555555554,1.65,18.588461538461537,18.0,1.6033333333333333,300,-19.71111111111111,-24.2125,-15.443055555555556,-0.9666666666666667,-29.386772486772482,-34.469907407407405,-24.130833333333328,-24.39047619047619,-28.866785714285708,-19.71031746031746
4,4,1,gap|mrg|ovl|tzi,1,0,14.305555555555555,1.49,18.505128205128205,18.0,1.4766666666666666,300,-19.794444444444444,-24.6675,-14.680833333333334,-1.0933333333333333,-29.470105820105818,-34.56029761904762,-24.591646825396822,-24.47380952380952,-29.381984126984122,-19.671428571428574
5,4,2,as&cnf|gap|ovl|tzi,0,1,16.305555555555557,1.59,18.394017094017094,17.666666666666668,1.5133333333333334,300,-19.90555555555556,-24.779166666666665,-14.96986111111111,-1.0566666666666666,-29.581216931216936,-34.737314814814816,-24.892982804232805,-24.584920634920632,-29.478650793650797,-19.837400793650794
3,3,1,gap|ovl|tzi,0,0,17.305555555555557,1.68,18.394017094017094,17.666666666666668,1.62,284,-19.90555555555556,-24.83513888888889,-14.765555555555556,-0.95,-29.581216931216936,-34.505165343915344,-24.752724867724872,-24.584920634920632,-29.594345238095233,-19.796051587301587
6,5,2,as|cnf|gap&ovl|mrg|tzi,1,1,14.555555555555555,1.49,18.255128205128205,17.666666666666668,1.5033333333333334,300,-20.044444444444444,-24.61222222222222,-15.71,-1.0666666666666667,-29.720105820105818,-34.87814814814815,-24.477447089947084,-24.72380952380952,-29.280436507936507,-20.142222222222223
5,4,2,as|cnf|gap&ovl|tzi,0,1,16.555555555555557,1.64,18.255128205128205,17.666666666666668,1.59,300,-20.044444444444444,-24.61222222222222,-15.71,-0.98,-29.720105820105818,-34.87814814814815,-24.477447089947084,-24.72380952380952,-29.280436507936507,-20.142222222222223
6,5,2,as&cnf|gap|mrg|ovl|tzi,1,1,14.305555555555555,1.48,18.171794871794873,17.666666666666668,1.4433333333333334,300,-20.127777777777776,-25.0,-15.099305555555556,-1.1266666666666667,-29.803439153439154,-34.90312830687831,-24.95454365079365,-24.807142857142857,-29.53656746031746,-20.00089285714286
6,5,2,as&mrg|cnf|gap|ovl|tzi,1,1,16.305555555555557,1.56,18.06068376068376,17.333333333333336,1.4866666666666666,300,-20.23888888888889,-25.25013888888889,-15.194166666666668,-1.0833333333333333,-29.914550264550265,-35.0822156084656,-25.156177248677245,-24.918253968253964,-29.85196428571428,-20.219563492063493
4,4,1,cnf|gap|ovl|tzi,0,0,16.305555555555557,1.57,18.06068376068376,17.333333333333336,1.49,300,-20.23888888888889,-25.25013888888889,-15.194166666666668,-1.08,-29.914550264550265,-35.0822156084656,-25.156177248677245,-24.918253968253964,-29.85196428571428,-20.219563492063493
6,5,2,as|cnf&ovl|gap|mrg|tzi,1,1,12.555555555555555,1.44,17.921794871794873,17.333333333333336,1.4733333333333334,300,-20.377777777777776,-24.978055555555557,-16.043333333333333,-1.0966666666666667,-30.053439153439154,-35.22605158730158,-24.90429232804233,-25.057142857142857,-29.86805555555555,-20.043650793650794
4,4,1,as|gap|mrg|tzi,1,1,12.555555555555555,1.44,17.921794871794873,17.333333333333336,1.48,299,-20.377777777777776,-24.978055555555557,-16.043333333333333,-1.09,-30.053439153439154,-35.22605158730158,-24.90429232804233,-25.057142857142857,-29.86805555555555,-20.043650793650794
5,4,2,as|gap|mrg&ovl|tzi,1,1,14.555555555555555,1.54,17.921794871794873,17.333333333333336,1.5466666666666666,299,-20.377777777777776,-24.978055555555557,-16.043333333333333,-1.0233333333333334,-30.053439153439154,-35.22605158730158,-24.90429232804233,-25.057142857142857,-29.86805555555555,-20.043650793650794
5,4,2,as|cnf&mrg|gap|tzi,1,1,14.555555555555555,1.56,17.921794871794873,17.333333333333336,1.5566666666666666,299,-20.377777777777776,-24.978055555555557,-16.043333333333333,-1.0133333333333334,-30.053439153439154,-35.22605158730158,-24.90429232804233,-25.057142857142857,-29.86805555555555,-20.043650793650794
5,4,2,as|cnf&ovl|gap|tzi,0,1,14.555555555555555,1.57,17.921794871794873,17.333333333333336,1.57,300,-20.377777777777776,-24.978055555555557,-16.043333333333333,-1.0,-30.053439153439154,-35.22605158730158,-24.90429232804233,-25.057142857142857,-29.86805555555555,-20.043650793650794
6,4,3,as|cnf&mrg&ovl|gap|tzi,1,1,14.555555555555555,1.57,17.921794871794873,17.333333333333336,1.5766666666666667,299,-20.377777777777776,-24.978055555555557,-16.043333333333333,-0.9933333333333333,-30.053439153439154,-35.22605158730158,-24.90429232804233,-25.057142857142857,-29.86805555555555,-20.043650793650794
3,3,1,as|gap|tzi,0,1,14.555555555555555,1.61,17.921794871794873,17.333333333333336,1.5933333333333333,299,-20.377777777777776,-24.978055555555557,-16.043333333333333,-0.9766666666666667,-30.053439153439154,-35.22605158730158,-24.90429232804233,-25.057142857142857,-29.86805555555555,-20.043650793650794
4,4,1,as|mrg|ovl|tzi,1,1,14.555555555555555,1.45,17.838461538461537,17.333333333333336,1.43,300,-20.461111111111112,-25.011666666666667,-15.8775,-1.14,-30.136772486772482,-35.34652777777777,-25.09226851851852,-25.140476190476186,-30.124583333333334,-20.255456349206348
6,5,2,as|cnf&gap|mrg|ovl|tzi,1,1,14.555555555555555,1.45,17.838461538461537,17.333333333333336,1.43,300,-20.461111111111112,-25.011666666666667,-15.8775,-1.14,-30.136772486772482,-35.34652777777777,-25.09226851851852,-25.140476190476186,-30.124583333333334,-20.255456349206348
5,5,1,cnf|gap|mrg|ovl|tzi,1,0,14.305555555555555,1.47,17.838461538461537,17.333333333333336,1.4366666666666668,300,-20.461111111111112,-25.334444444444447,-15.422083333333333,-1.1333333333333333,-30.136772486772482,-35.33371693121693,-25.42560185185185,-25.140476190476186,-30.001964285714276,-20.441785714285714
5,4,2,as|cnf&mrg|ovl|tzi,1,1,16.555555555555557,1.57,17.838461538461537,17.333333333333336,1.4866666666666666,300,-20.461111111111112,-25.011666666666667,-15.8775,-1.0833333333333333,-30.136772486772482,-35.34652777777777,-25.09226851851852,-25.140476190476186,-30.124583333333334,-20.255456349206348
5,4,2,as|gap&mrg|ovl|tzi,1,1,16.555555555555557,1.54,17.838461538461537,17.333333333333336,1.4866666666666666,300,-20.461111111111112,-25.011666666666667,-15.8775,-1.0833333333333333,-30.136772486772482,-35.34652777777777,-25.09226851851852,-25.140476190476186,-30.124583333333334,-20.255456349206348
3,3,1,as|ovl|tzi,0,1,16.555555555555557,1.57,17.838461538461537,17.333333333333336,1.4966666666666666,300,-20.461111111111112,-25.011666666666667,-15.8775,-1.0733333333333333,-30.136772486772482,-35.34652777777777,-25.09226851851852,-25.140476190476186,-30.124583333333334,-20.255456349206348
5,4,2,as|cnf&gap|ovl|tzi,0,1,16.555555555555557,1.57,17.838461538461537,17.333333333333336,1.4966666666666666,300,-20.461111111111112,-25.011666666666667,-15.8775,-1.0733333333333333,-30.136772486772482,-35.34652777777777,-25.09226851851852,-25.140476190476186,-30.124583333333334,-20.255456349206348
6,4,3,as|cnf&gap&mrg|ovl|tzi,1,1,16.555555555555557,1.57,17.838461538461537,17.333333333333336,1.4966666666666666,300,-20.461111111111112,-25.011666666666667,-15.8775,-1.0733333333333333,-30.136772486772482,-35.34652777777777,-25.09226851851852,-25.140476190476186,-30.124583333333334,-20.255456349206348
5,5,1,as|cnf|mrg|ovl|tzi,1,1,14.555555555555555,1.45,17.505128205128205,17.0,1.4233333333333333,300,-20.794444444444444,-25.48916666666667,-16.321805555555557,-1.1466666666666667,-30.470105820105818,-35.88795634920635,-25.472916666666666,-25.47380952380952,-30.425595238095237,-20.722083333333334
6,5,2,as|cnf|gap&mrg|ovl|tzi,1,1,16.555555555555557,1.54,17.505128205128205,17.0,1.47,300,-20.794444444444444,-25.48916666666667,-16.321805555555557,-1.1,-30.470105820105818,-35.88795634920635,-25.472916666666666,-25.47380952380952,-30.425595238095237,-20.722083333333334
4,4,1,as|cnf|ovl|tzi,0,1,16.555555555555557,1.57,17.505128205128205,17.0,1.48,300,-20.794444444444444,-25.48916666666667,-16.321805555555557,-1.09,-30.470105820105818,-35.88795634920635,-25.472916666666666,-25.47380952380952,-30.425595238095237,-20.722083333333334
5,5,1,as|cnf|gap|mrg|tzi,1,1,12.555555555555555,1.44,17.255128205128205,16.666666666666664,1.4533333333333334,300,-21.044444444444444,-25.65722222222222,-16.5,-1.1166666666666667,-30.720105820105818,-35.988928571428566,-25.510773809523812,-25.72380952380952,-30.346111111111107,-21.148809523809526
6,5,2,as|cnf|gap|mrg&ovl|tzi,1,1,14.555555555555555,1.53,17.255128205128205,16.666666666666664,1.5,300,-21.044444444444444,-25.65722222222222,-16.5,-1.07,-30.720105820105818,-35.988928571428566,-25.510773809523812,-25.72380952380952,-30.346111111111107,-21.148809523809526
4,4,1,as|cnf|gap|tzi,0,1,14.555555555555555,1.56,17.255128205128205,16.666666666666664,1.53,300,-21.044444444444444,-25.65722222222222,-16.5,-1.04,-30.720105820105818,-35.988928571428566,-25.510773809523812,-25.72380952380952,-30.346111111111107,-21.148809523809526
5,5,1,as|gap|mrg|ovl|tzi,1,1,12.555555555555555,1.4,16.838461538461537,16.333333333333332,1.38,300,-21.46111111111111,-26.11222222222222,-16.833333333333332,-1.19,-31.136772486772486,-36.30444444444444,-26.033273809523816,-26.140476190476186,-31.22309523809524,-21.250992063492063
6,5,2,as|cnf&mrg|gap|ovl|tzi,1,1,14.555555555555555,1.49,16.838461538461537,16.333333333333332,1.4266666666666667,300,-21.46111111111111,-26.11222222222222,-16.833333333333332,-1.1433333333333333,-31.136772486772486,-36.30444444444444,-26.033273809523816,-26.140476190476186,-31.22309523809524,-21.250992063492063
4,4,1,as|gap|ovl|tzi,0,1,14.555555555555555,1.49,16.838461538461537,16.333333333333332,1.4366666666666668,300,-21.46111111111111,-26.11222222222222,-16.833333333333332,-1.1333333333333333,-31.136772486772486,-36.30444444444444,-26.033273809523816,-26.140476190476186,-31.22309523809524,-21.250992063492063
6,6,1,as|cnf|gap|mrg|ovl|tzi,1,1,12.555555555555555,1.4,16.5051282051282,16.0,1.3733333333333333,300,-21.79444444444444,-26.505833333333335,-17.043055555555558,-1.1966666666666668,-31.47010582010582,-36.73411375661376,-26.489325396825397,-26.47380952380952,-31.47142857142857,-21.774880952380954
5,5,1,as|cnf|gap|ovl|tzi,0,1,14.555555555555555,1.49,16.5051282051282,16.0,1.42,300,-21.79444444444444,-26.505833333333335,-17.043055555555558,-1.15,-31.47010582010582,-36.73411375661376,-26.489325396825397,-26.47380952380952,-31.47142857142857,-21.774880952380954
