size,n_groups,max_group_size,formula,has_margin,has_answer_stable,tune_f1,tune_calls,eval_f1,eval_em,eval_calls,eval_triggered,diff_f1_vs_as,ci_as_lo,ci_as_hi,diff_calls_vs_as,diff_f1_vs_famA,ci_famA_lo,ci_famA_hi,diff_f1_vs_k3,ci_k3_lo,ci_k3_hi
4,1,4,as&cnf&mrg&ovl,1,1,69.07248960190137,3.9,62.53951696451696,50.0,3.97,144,5.776190476190476,2.988452380952381,8.731785714285714,1.4566666666666668,3.266666666666666,0.8495238095238098,5.944801587301588,3.8855921855921856,1.2979761904761902,6.57717338217338
5,1,5,as&cnf&gap&mrg&ovl,1,1,69.07248960190137,4.42,62.329993154993154,49.333333333333336,4.333333333333333,92,5.566666666666666,2.58984126984127,8.611428571428572,1.82,3.0571428571428574,0.5780952380952379,5.6494841269841265,3.6760683760683763,0.9952350427350426,6.394514652014652
5,1,5,as&cnf&mrg&ovl&tzi,1,1,69.07248960190137,4.52,62.329993154993154,49.333333333333336,4.426666666666667,80,5.566666666666666,2.58984126984127,8.611428571428572,1.9133333333333333,3.0571428571428574,0.5780952380952379,5.6494841269841265,3.6760683760683763,0.9952350427350426,6.394514652014652
6,1,6,as&cnf&gap&mrg&ovl&tzi,1,1,69.07248960190137,4.55,62.329993154993154,49.333333333333336,4.43,79,5.566666666666666,2.58984126984127,8.611428571428572,1.9166666666666667,3.0571428571428574,0.5780952380952379,5.6494841269841265,3.6760683760683763,0.9952350427350426,6.394514652014652
4,1,4,cnf&gap&mrg&ovl,1,0,69.07248960190137,4.29,62.22742905242904,49.333333333333336,4.226666666666667,99,5.464102564102564,2.486959706959707,8.562896825396825,1.7133333333333334,2.9545787545787547,0.4216269841269842,5.544761904761905,3.573504273504273,0.961263736263736,6.310045787545787
4,1,4,cnf&mrg&ovl&tzi,1,0,69.07248960190137,4.38,62.22742905242904,49.333333333333336,4.336666666666667,86,5.464102564102564,2.486959706959707,8.562896825396825,1.8233333333333333,2.9545787545787547,0.4216269841269842,5.544761904761905,3.573504273504273,0.961263736263736,6.310045787545787
5,1,5,cnf&gap&mrg&ovl&tzi,1,0,69.07248960190137,4.42,62.22742905242904,49.333333333333336,4.34,85,5.464102564102564,2.486959706959707,8.562896825396825,1.8266666666666667,2.9545787545787547,0.4216269841269842,5.544761904761905,3.573504273504273,0.961263736263736,6.310045787545787
3,1,3,cnf&mrg&ovl,1,0,69.07248960190137,3.63,62.17028619528618,50.0,3.756666666666667,158,5.406959706959706,2.6444047619047617,8.285912698412698,1.2433333333333334,2.897435897435897,0.22777777777777788,5.681111111111112,3.516361416361416,0.9040903540903539,6.161068376068373
3,1,3,as&cnf&mrg,1,1,68.07248960190137,3.48,62.13475505975505,49.666666666666664,3.53,185,5.371428571428572,2.8101190476190476,8.004325396825394,1.0166666666666666,2.8619047619047615,0.311825396825397,5.365873015873015,3.4808302808302805,1.070833333333333,5.914239926739926
4,1,4,as&gap&mrg&ovl,1,1,69.07248960190137,4.41,62.10777093277093,49.333333333333336,4.24,104,5.344444444444445,2.3961111111111113,8.444246031746031,1.7266666666666666,2.8349206349206355,0.3789682539682541,5.416150793650793,3.453846153846154,0.8539652014652017,6.17285714285714
4,1,4,as&mrg&ovl&tzi,1,1,69.07248960190137,4.51,62.10777093277093,49.333333333333336,4.336666666666667,92,5.344444444444445,2.3961111111111113,8.444246031746031,1.8233333333333333,2.8349206349206355,0.3789682539682541,5.416150793650793,3.453846153846154,0.8539652014652017,6.17285714285714
5,1,5,as&gap&mrg&ovl&tzi,1,1,69.07248960190137,4.54,62.10777093277093,49.333333333333336,4.343333333333334,90,5.344444444444445,2.3961111111111113,8.444246031746031,1.83,2.8349206349206355,0.3789682539682541,5.416150793650793,3.453846153846154,0.8539652014652017,6.17285714285714
4,1,4,as&cnf&gap&mrg,1,1,68.07248960190137,4.16,62.091897916897906,49.0,3.9966666666666666,126,5.328571428571428,2.4299603174603175,8.322738095238094,1.4833333333333334,2.819047619047619,0.39079365079365097,5.273055555555556,3.437973137973138,0.8719841269841272,6.095515873015871
4,1,4,as&cnf&mrg&tzi,1,1,68.07248960190137,4.31,62.091897916897906,49.0,4.13,109,5.328571428571428,2.4299603174603175,8.322738095238094,1.6166666666666667,2.819047619047619,0.39079365079365097,5.273055555555556,3.437973137973138,0.8719841269841272,6.095515873015871
5,1,5,as&cnf&gap&mrg&tzi,1,1,68.07248960190137,4.36,62.091897916897906,49.0,4.136666666666667,108,5.328571428571428,2.4299603174603175,8.322738095238094,1.6233333333333333,2.819047619047619,0.39079365079365097,5.273055555555556,3.437973137973138,0.8719841269841272,6.095515873015871
3,1,3,as&mrg&ovl,1,1,69.07248960190137,3.85,62.0791995041995,49.666666666666664,3.84,161,5.3158730158730165,2.5989682539682537,8.322619047619048,1.3266666666666667,2.8063492063492066,0.39976190476190465,5.31845238095238,3.4252747252747255,0.9647985347985351,6.002090964590964
3,1,3,gap&mrg&ovl,1,0,69.07248960190137,4.28,62.00520683020683,49.333333333333336,4.086666666666667,115,5.241880341880342,2.306190476190477,8.316483516483515,1.5733333333333333,2.732356532356533,0.3058241758241761,5.291126373626372,3.3512820512820514,0.7730128205128205,6.0874969474969465
3,1,3,mrg&ovl&tzi,1,0,69.07248960190137,4.37,62.00520683020683,49.333333333333336,4.196666666666666,102,5.241880341880342,2.306190476190477,8.316483516483515,1.6833333333333333,2.732356532356533,0.3058241758241761,5.291126373626372,3.3512820512820514,0.7730128205128205,6.0874969474969465
4,1,4,gap&mrg&ovl&tzi,1,0,69.07248960190137,4.41,62.00520683020683,49.333333333333336,4.206666666666667,100,5.241880341880342,2.306190476190477,8.316483516483515,1.6933333333333334,2.732356532356533,0.3058241758241761,5.291126373626372,3.3512820512820514,0.7730128205128205,6.0874969474969465
2,1,2,mrg&ovl,1,0,69.07248960190137,3.58,61.70996873496873,49.666666666666664,3.57,180,4.946642246642246,2.1824755799755797,7.8722619047619045,1.0566666666666666,2.4371184371184373,-0.16657203907203905,4.962023809523809,3.0560439560439563,0.6653571428571429,5.693806471306471
3,1,3,as&gap&mrg,1,1,68.07248960190137,4.1,61.3696756946757,48.333333333333336,3.8533333333333335,143,4.606349206349206,1.9232539682539689,7.634166666666665,1.34,2.096825396825397,-0.2943650793650793,4.607539682539681,2.7157509157509154,0.3249969474969474,5.444639804639804
3,1,3,as&mrg&tzi,1,1,68.07248960190137,4.25,61.3696756946757,48.333333333333336,3.99,126,4.606349206349206,1.9232539682539689,7.634166666666665,1.4766666666666666,2.096825396825397,-0.2943650793650793,4.607539682539681,2.7157509157509154,0.3249969474969474,5.444639804639804
4,1,4,as&gap&mrg&tzi,1,1,68.07248960190137,4.3,61.3696756946757,48.333333333333336,4.0,124,4.606349206349206,1.9232539682539689,7.634166666666665,1.4866666666666666,2.096825396825397,-0.2943650793650793,4.607539682539681,2.7157509157509154,0.3249969474969474,5.444639804639804
2,1,2,as&mrg,1,1,68.07248960190137,3.39,61.174437599437596,48.66666666666667,3.3433333333333333,211,4.411111111111111,2.0666666666666664,7.168055555555555,0.83,1.9015873015873017,-0.6057936507936507,4.423928571428572,2.5205128205128204,0.24435897435897438,4.878922466422465
3,1,3,cnf&gap&mrg,1,0,67.07248960190137,4.05,60.894095719095716,48.0,3.83,135,4.130769230769231,1.4015781440781443,7.069911477411477,1.3166666666666667,1.6212454212454215,-0.8165567765567766,4.30547619047619,2.24017094017094,-0.2451892551892552,4.981202686202686
3,1,3,cnf&mrg&tzi,1,0,67.07248960190137,4.2,60.894095719095716,48.0,3.99,117,4.130769230769231,1.4015781440781443,7.069911477411477,1.4766666666666666,1.6212454212454215,-0.8165567765567766,4.30547619047619,2.24017094017094,-0.2451892551892552,4.981202686202686
4,1,4,cnf&gap&mrg&tzi,1,0,67.07248960190137,4.26,60.894095719095716,48.0,3.9966666666666666,116,4.130769230769231,1.4015781440781443,7.069911477411477,1.4833333333333334,1.6212454212454215,-0.8165567765567766,4.30547619047619,2.24017094017094,-0.2451892551892552,4.981202686202686
2,1,2,mrg&tzi,1,0,66.07248960190137,4.05,60.83854016354016,48.0,3.72,134,4.075213675213675,1.4542063492063493,6.944999999999999,1.2066666666666668,1.5656898656898657,-0.9006440781440781,4.144911477411477,2.1846153846153853,-0.20576312576312564,4.870644078144077
3,1,3,gap&mrg&tzi,1,0,66.07248960190137,4.11,60.83854016354016,48.0,3.7333333333333334,132,4.075213675213675,1.4542063492063493,6.944999999999999,1.22,1.5656898656898657,-0.9006440781440781,4.144911477411477,2.1846153846153853,-0.20576312576312564,4.870644078144077
2,1,2,cnf&mrg,1,0,67.07248960190137,3.2,60.69885762385763,48.333333333333336,3.2533333333333334,201,3.9355311355311353,1.3488095238095237,6.627078754578755,0.74,1.426007326007326,-1.111001221001221,4.090680708180709,2.044932844932845,-0.43677350427350425,4.5210256410256395
4,1,4,as&cnf&gap&ovl,0,1,68.07248960190137,4.05,60.62999315499316,47.66666666666667,4.043333333333333,131,3.8666666666666667,1.2870238095238093,6.347103174603173,1.53,1.3571428571428572,-1.1953968253968252,3.9182142857142854,1.976068376068376,-0.5810317460317462,4.660470085470085
5,1,5,as&cnf&gap&ovl&tzi,0,1,68.07248960190137,4.21,60.62999315499316,47.66666666666667,4.176666666666667,112,3.8666666666666667,1.2870238095238093,6.347103174603173,1.6633333333333333,1.3571428571428572,-1.1953968253968252,3.9182142857142854,1.976068376068376,-0.5810317460317462,4.660470085470085
3,1,3,as&cnf&ovl,0,1,68.07248960190137,3.35,60.50618363118362,48.0,3.566666666666667,200,3.742857142857143,1.442857142857143,6.07626984126984,1.0533333333333332,1.2333333333333334,-1.3503571428571428,3.776785714285714,1.8522588522588521,-0.6473412698412698,4.44297619047619
2,1,2,cnf&ovl,0,0,68.07248960190137,2.96,60.45282587782588,48.66666666666667,3.21,220,3.6894993894993893,1.1209432234432235,6.28874542124542,0.6966666666666667,1.17997557997558,-1.6208974358974357,4.0655158730158725,1.7989010989010992,-0.8899053724053722,4.809041514041514
2,1,2,gap&mrg,1,0,66.07248960190137,3.87,60.33060365560365,48.0,3.54,152,3.567277167277168,0.94984126984127,6.556706349206347,1.0266666666666666,1.057753357753358,-1.5228174603174598,3.7847222222222228,1.676678876678877,-0.7386568986568983,4.559606227106227
4,1,4,as&cnf&ovl&tzi,0,1,68.07248960190137,4.18,60.29665982165982,47.333333333333336,4.156666666666666,115,3.5333333333333337,1.0846428571428575,6.0001984126984125,1.6433333333333333,1.0238095238095237,-1.5097222222222217,3.504484126984126,1.642735042735043,-1.0955158730158727,4.54927960927961
1,1,1,mrg,1,0,65.07248960190137,2.89,60.135365560365564,48.333333333333336,2.8533333333333335,225,3.372039072039072,0.9253174603174605,6.140476190476191,0.34,0.8625152625152627,-1.728199023199023,3.629236874236874,1.4814407814407813,-0.7855006105006104,4.032225274725274
3,1,3,cnf&gap&ovl,0,0,68.07248960190137,3.82,60.043302068302076,47.66666666666667,3.8333333333333335,144,3.2799755799755794,0.42160256410256425,6.198586691086691,1.32,0.7704517704517704,-2.0109371184371185,3.5178968253968246,1.3893772893772895,-1.3033608058608057,4.216990231990231
4,1,4,cnf&gap&ovl&tzi,0,0,68.07248960190137,3.98,59.876635401635404,47.333333333333336,4.006666666666667,123,3.113308913308913,0.26554639804639807,5.736468253968254,1.4933333333333334,0.6037851037851037,-2.168199023199023,3.2146428571428562,1.2227106227106228,-1.4835958485958487,4.117771672771671
3,1,3,cnf&ovl&tzi,0,0,68.07248960190137,3.94,59.543302068302076,47.0,3.9833333333333334,126,2.7799755799755794,-0.04473137973137956,5.3981654456654455,1.47,0.2704517704517705,-2.342564102564103,2.854325396825397,0.8893772893772895,-1.9316941391941387,3.9293620268620266
5,2,3,as&gap&mrg|cnf&ovl,1,1,67.07248960190137,2.71,59.49250841750842,47.66666666666667,2.783333333333333,258,2.729181929181929,0.37686507936507935,5.094484126984127,0.27,0.21965811965811963,-2.5238339438339437,3.0339194139194134,0.8385836385836386,-1.5931410256410257,3.6890995115995113
5,2,3,as&mrg&tzi|cnf&ovl,1,1,67.07248960190137,2.76,59.49250841750842,47.66666666666667,2.8233333333333333,253,2.729181929181929,0.37686507936507935,5.094484126984127,0.31,0.21965811965811963,-2.5238339438339437,3.0339194139194134,0.8385836385836386,-1.5931410256410257,3.6890995115995113
6,2,4,as&gap&mrg&tzi|cnf&ovl,1,1,67.07248960190137,2.78,59.49250841750842,47.66666666666667,2.8266666666666667,253,2.729181929181929,0.37686507936507935,5.094484126984127,0.31333333333333335,0.21965811965811963,-2.5238339438339437,3.0339194139194134,0.8385836385836386,-1.5931410256410257,3.6890995115995113
3,1,3,as&cnf&gap,0,1,66.07248960190137,3.68,59.45856458356459,46.666666666666664,3.5866666666666664,172,2.695238095238095,0.4946031746031747,4.930357142857143,1.0733333333333333,0.1857142857142858,-2.358333333333333,2.8247619047619037,0.8046398046398047,-1.6990140415140416,3.337936507936508
4,1,4,as&cnf&gap&tzi,0,1,66.07248960190137,3.91,59.45856458356459,46.666666666666664,3.783333333333333,146,2.695238095238095,0.4946031746031747,4.930357142857143,1.27,0.1857142857142858,-2.358333333333333,2.8247619047619037,0.8046398046398047,-1.6990140415140416,3.337936507936508
3,1,3,as&gap&ovl,0,1,69.07248960190137,3.91,59.36332648832649,46.666666666666664,3.8533333333333335,156,2.6,0.4379761904761905,4.911071428571427,1.34,0.09047619047619049,-2.15297619047619,2.3625,0.7094017094017095,-1.4988888888888885,3.1462240537240533
4,1,4,as&gap&ovl&tzi,0,1,69.07248960190137,4.09,59.36332648832649,46.666666666666664,4.006666666666667,135,2.6,0.4379761904761905,4.911071428571427,1.4933333333333334,0.09047619047619049,-2.15297619047619,2.3625,0.7094017094017095,-1.4988888888888885,3.1462240537240533
4,2,2,as&mrg|cnf&ovl,1,1,67.07248960190137,2.53,59.35441317941318,47.333333333333336,2.683333333333333,267,2.5910866910866917,0.3501739926739928,4.916181318681319,0.17,0.0815628815628815,-2.58302503052503,2.8889194139194148,0.7004884004884007,-1.6934798534798532,3.3302991452991453
4,2,2,cnf&ovl|mrg&tzi,1,0,65.07248960190137,2.65,59.15917508417509,47.333333333333336,2.6366666666666667,257,2.3958485958485953,0.07111111111111117,4.725714285714283,0.12333333333333334,-0.11367521367521372,-2.861159951159951,2.893864468864469,0.5052503052503052,-1.8819291819291817,3.1977716727716703
5,2,3,cnf&ovl|gap&mrg&tzi,1,0,65.07248960190137,2.67,59.15917508417509,47.333333333333336,2.64,257,2.3958485958485953,0.07111111111111117,4.725714285714283,0.12666666666666668,-0.11367521367521372,-2.861159951159951,2.893864468864469,0.5052503052503052,-1.8819291819291817,3.1977716727716703
6,2,4,as&cnf&gap&ovl|mrg&tzi,1,1,65.07248960190137,3.57,59.13854016354016,46.33333333333333,3.3566666666666665,179,2.375213675213675,0.1015079365079365,4.855467032967033,0.8433333333333334,-0.13431013431013414,-2.68781746031746,2.577142857142856,0.4846153846153846,-1.6476312576312577,2.8578327228327227
6,2,3,as&cnf&gap|mrg&ovl&tzi,1,1,66.07248960190137,3.55,59.13377825877825,46.666666666666664,3.3733333333333335,191,2.37045177045177,0.2503724053724053,4.694206349206349,0.86,-0.13907203907203888,-2.6223504273504274,2.5560714285714283,0.4798534798534798,-1.9251862026862028,3.0939224664224656
3,1,3,as&cnf&tzi,0,1,66.07248960190137,3.86,59.125231250231245,46.33333333333333,3.756666666666667,149,2.361904761904762,0.2557142857142858,4.458730158730159,1.2433333333333334,-0.14761904761904754,-2.5570634920634916,2.4302777777777775,0.47130647130647135,-2.1638095238095234,3.109758852258852
6,2,3,as&mrg&tzi|cnf&gap&ovl,1,1,67.07248960190137,3.59,59.08298460798461,46.666666666666664,3.44,179,2.31965811965812,-0.2871520146520144,5.02265873015873,0.9266666666666666,-0.1898656898656898,-2.909246031746031,2.6184523809523803,0.42905982905982915,-2.0414133089133086,2.920940170940171
3,1,3,as&ovl&tzi,0,1,69.07248960190137,4.06,59.02999315499316,46.33333333333333,3.986666666666667,138,2.2666666666666666,0.24166666666666667,4.5095238095238095,1.4733333333333334,-0.24285714285714283,-2.4675,1.9527380952380948,0.3760683760683762,-2.114526862026862,2.906584249084249
5,2,3,as&cnf&ovl|mrg&tzi,1,1,65.07248960190137,2.9,59.01473063973064,46.666666666666664,2.89,246,2.2514041514041514,0.3490781440781441,4.366840659340659,0.37666666666666665,-0.2581196581196582,-2.729349816849817,2.4372619047619044,0.36080586080586075,-2.017579365079365,2.8355677655677654
6,2,3,as&cnf&ovl|gap&mrg&tzi,1,1,65.07248960190137,2.93,59.01473063973064,46.666666666666664,2.8933333333333335,246,2.2514041514041514,0.3490781440781441,4.366840659340659,0.38,-0.2581196581196582,-2.729349816849817,2.4372619047619044,0.36080586080586075,-2.017579365079365,2.8355677655677654
5,2,3,as&mrg|cnf&gap&ovl,1,1,67.07248960190137,2.86,58.88774651274651,47.0,2.8966666666666665,250,2.1244200244200244,-0.23862026862026864,4.616657509157507,0.38333333333333336,-0.3851037851037852,-3.1586111111111115,2.4517124542124535,0.2338217338217339,-1.8728021978021974,2.5653571428571427
5,2,3,as&cnf&gap|mrg&ovl,1,1,66.07248960190137,2.89,58.83854016354015,47.0,2.85,255,2.0752136752136754,0.25888888888888884,4.041944444444445,0.33666666666666667,-0.4343101343101344,-3.041666666666667,2.299206349206349,0.18461538461538454,-1.9837576312576315,2.392408424908425
6,2,4,as&cnf&gap&tzi|mrg&ovl,1,1,66.07248960190137,2.99,58.83854016354015,47.0,2.9433333333333334,243,2.0752136752136754,0.25888888888888884,4.041944444444445,0.43,-0.4343101343101344,-3.041666666666667,2.299206349206349,0.18461538461538454,-1.9837576312576315,2.392408424908425
2,1,2,as&cnf,0,1,66.07248960190137,2.8,58.83475505975506,46.666666666666664,2.9433333333333334,252,2.0714285714285716,0.36650793650793656,3.835079365079362,0.43,-0.43809523809523787,-3.1399206349206352,2.361904761904762,0.1808302808302808,-2.338373015873016,2.7048382173382173
6,2,3,as&cnf&tzi|gap&mrg&ovl,1,1,66.07248960190137,3.64,58.800444925444914,46.33333333333333,3.433333333333333,181,2.037118437118437,0.010927960927961045,4.265705128205128,0.92,-0.4724053724053722,-2.8913339438339434,2.1215476190476186,0.14652014652014653,-2.487115384615385,2.8056074481074478
5,2,3,as&gap&ovl|mrg&tzi,1,1,66.07248960190137,3.46,58.76076238576239,46.0,3.2866666666666666,187,1.9974358974358972,-0.12857142857142856,4.302499999999999,0.7733333333333333,-0.512087912087912,-2.96967032967033,1.9386263736263731,0.10683760683760687,-2.125659340659341,2.3653571428571425
5,2,3,cnf&gap&ovl|mrg&tzi,1,0,65.07248960190137,3.47,58.74965127465127,46.33333333333333,3.25,183,1.9863247863247864,-0.6293101343101342,4.6727380952380955,0.7366666666666667,-0.5231990231990231,-3.3348107448107447,2.326865079365079,0.09572649572649583,-2.242335164835165,2.6537912087912088
6,2,4,as&mrg|cnf&gap&ovl&tzi,1,1,67.07248960190137,2.89,58.721079846079846,46.666666666666664,2.966666666666667,243,1.9577533577533577,-0.13687423687423683,4.199999999999999,0.4533333333333333,-0.5517704517704517,-3.1789957264957267,2.1196031746031743,0.06715506715506721,-2.167103174603174,2.3403113553113553
2,1,2,as&ovl,0,1,69.07248960190137,3.11,58.66808839308839,46.33333333333333,3.263333333333333,237,1.9047619047619049,0.23809523809523808,3.667499999999999,0.75,-0.6047619047619048,-2.966904761904762,1.500714285714285,0.014163614163614262,-2.2909920634920633,2.2173412698412696
4,2,2,cnf&ovl|gap&mrg,1,0,65.07248960190137,2.56,58.651238576238576,47.333333333333336,2.57,262,1.8879120879120879,-0.5592704517704516,4.379435286935288,0.056666666666666664,-0.6216117216117216,-3.496309523809523,2.4381105006105006,-0.0026862026862027135,-2.5341117216117213,2.8006257631257627
6,2,3,as&gap&ovl|cnf&mrg&tzi,1,1,67.07248960190137,3.59,58.59409571909572,46.0,3.4633333333333334,184,1.8307692307692307,-0.41227106227106225,4.155412087912087,0.95,-0.6787545787545787,-2.967087912087912,1.760412087912087,-0.05982905982905976,-2.4714224664224664,2.342115384615384
6,2,3,as&gap&mrg|cnf&ovl&tzi,1,1,67.07248960190137,3.56,58.58298460798461,46.0,3.453333333333333,178,1.8196581196581196,-0.7029700854700852,4.267133699633699,0.94,-0.6898656898656897,-3.270912698412698,1.9022374847374839,-0.07094017094017084,-2.648833943833943,2.493308913308913
4,2,2,as&tzi|cnf&ovl,0,1,67.07248960190137,2.58,58.58139730639731,46.666666666666664,2.6066666666666665,269,1.818070818070818,-0.3063888888888889,3.907213064713065,0.09333333333333334,-0.6914529914529917,-3.5379212454212454,2.0810470085470083,-0.07252747252747256,-2.676071428571429,2.4984829059829057
5,2,3,as&gap&tzi|cnf&ovl,0,1,67.07248960190137,2.6,58.58139730639731,46.666666666666664,2.6133333333333333,269,1.818070818070818,-0.3063888888888889,3.907213064713065,0.1,-0.6914529914529917,-3.5379212454212454,2.0810470085470083,-0.07252747252747256,-2.676071428571429,2.4984829059829057
5,2,3,as&cnf&gap|mrg&tzi,1,1,64.07248960190137,3.39,58.538540163540155,46.0,3.1866666666666665,194,1.7752136752136753,-0.26941391941391934,4.0217216117216115,0.6733333333333333,-0.7343101343101341,-3.312326007326008,1.9992063492063492,-0.11538461538461535,-2.392295482295482,2.263562271062271
3,2,2,cnf&ovl|mrg,1,0,64.07248960190137,2.24,58.51314333814334,47.0,2.3733333333333335,272,1.74981684981685,-0.5034615384615381,4.244523809523809,-0.14,-0.7597069597069597,-3.561834554334554,2.2946428571428568,-0.1407814407814407,-2.6172069597069596,2.567948717948718
5,2,3,as&cnf|gap&mrg&ovl,1,1,66.07248960190137,2.71,58.50996873496873,46.666666666666664,2.723333333333333,270,1.7466422466422467,0.12670634920634924,3.6778327228327226,0.21,-0.762881562881563,-3.411572039072039,2.0326343101343096,-0.1439560439560439,-2.5162576312576306,2.277826617826618
5,2,3,as&cnf|mrg&ovl&tzi,1,1,66.07248960190137,2.7,58.50996873496873,46.666666666666664,2.74,269,1.7466422466422467,0.12670634920634924,3.6778327228327226,0.22666666666666666,-0.762881562881563,-3.411572039072039,2.0326343101343096,-0.1439560439560439,-2.5162576312576306,2.277826617826618
6,2,4,as&cnf|gap&mrg&ovl&tzi,1,1,66.07248960190137,2.71,58.50996873496873,46.666666666666664,2.74,269,1.7466422466422467,0.12670634920634924,3.6778327228327226,0.22666666666666666,-0.762881562881563,-3.411572039072039,2.0326343101343096,-0.1439560439560439,-2.5162576312576306,2.277826617826618
5,2,3,as&cnf&ovl|gap&mrg,1,1,65.07248960190137,2.82,58.50679413179414,46.666666666666664,2.8033333333333332,252,1.7434676434676433,-0.2655402930402929,3.9847619047619043,0.29,-0.766056166056166,-3.3272863247863245,2.0393253968253955,-0.1471306471306471,-2.5700091575091575,2.333638583638583
5,2,3,as&cnf&tzi|mrg&ovl,1,1,66.07248960190137,2.97,58.505206830206824,46.666666666666664,2.9266666666666667,244,1.741880341880342,0.04438034188034184,3.5000000000000004,0.41333333333333333,-0.7676434676434678,-3.301626984126984,1.8373015873015874,-0.14871794871794874,-2.518971306471306,2.133409645909646
5,2,4,as&cnf&gap&ovl|mrg,1,1,64.07248960190137,2.54,58.43536556036556,46.666666666666664,2.5933333333333333,256,1.672039072039072,-0.29280219780219763,3.8476190476190477,0.08,-0.8374847374847373,-3.5191605616605615,1.950799755799756,-0.2185592185592186,-2.362029914529914,1.9992063492063485
6,2,5,as&cnf&gap&ovl&tzi|mrg,1,1,64.07248960190137,2.57,58.43536556036556,46.666666666666664,2.6233333333333335,251,1.672039072039072,-0.29280219780219763,3.8476190476190477,0.11,-0.8374847374847373,-3.5191605616605615,1.950799755799756,-0.2185592185592186,-2.362029914529914,1.9992063492063485
5,2,3,as&gap&ovl|cnf&mrg,1,1,67.07248960190137,2.72,58.39885762385762,46.33333333333333,2.83,254,1.6355311355311357,-0.23376373626373612,3.630769230769231,0.31666666666666665,-0.873992673992674,-3.3694688644688644,1.5980860805860797,-0.25506715506715505,-2.2805799755799754,1.77273199023199
6,2,4,as&gap&ovl&tzi|cnf&mrg,1,1,67.07248960190137,2.77,58.39885762385762,46.33333333333333,2.88,247,1.6355311355311357,-0.23376373626373612,3.630769230769231,0.36666666666666664,-0.873992673992674,-3.3694688644688644,1.5980860805860797,-0.25506715506715505,-2.2805799755799754,1.77273199023199
5,2,3,as&gap|mrg&ovl&tzi,1,1,67.07248960190137,3.39,58.389333814333824,45.666666666666664,3.22,202,1.6260073260073262,-0.30958791208791203,3.677380952380951,0.7066666666666667,-0.8835164835164835,-3.4858333333333333,1.7571978021978025,-0.26459096459096476,-2.6243101343101345,2.0990445665445665
6,2,4,as&gap|cnf&mrg&ovl&tzi,1,1,67.07248960190137,3.39,58.389333814333824,45.666666666666664,3.25,201,1.6260073260073262,-0.30958791208791203,3.677380952380951,0.7366666666666667,-0.8835164835164835,-3.4858333333333333,1.7571978021978025,-0.26459096459096476,-2.6243101343101345,2.0990445665445665
5,2,3,as&mrg|cnf&ovl&tzi,1,1,67.07248960190137,2.88,58.38774651274651,46.33333333333333,2.95,244,1.6244200244200246,-0.3764774114774114,3.6667460317460323,0.43666666666666665,-0.8851037851037851,-3.5123290598290597,1.697133699633699,-0.26617826617826607,-2.58315934065934,2.0382478632478622
5,2,3,as&gap|cnf&mrg&ovl,1,1,67.07248960190137,2.77,58.33219095719095,46.33333333333333,2.7733333333333334,259,1.5688644688644688,0.16624542124542124,3.2714835164835163,0.26,-0.9406593406593408,-3.6000732600732595,1.7260714285714285,-0.3217338217338218,-2.4636446886446888,1.7237026862026856
6,2,3,as&gap&tzi|cnf&mrg&ovl,1,1,67.07248960190137,2.89,58.33219095719095,46.33333333333333,2.89,245,1.5688644688644688,0.16624542124542124,3.2714835164835163,0.37666666666666665,-0.9406593406593408,-3.6000732600732595,1.7260714285714285,-0.3217338217338218,-2.4636446886446888,1.7237026862026856
6,2,4,as&cnf&ovl&tzi|gap&mrg,1,1,65.07248960190137,3.52,58.29727032227032,46.0,3.29,181,1.5339438339438338,-0.6653174603174602,3.855277777777778,0.7766666666666666,-0.9755799755799756,-3.55489010989011,1.7632142857142856,-0.35665445665445655,-2.8811874236874235,2.2476159951159946
4,2,2,as&gap|mrg&tzi,1,1,65.07248960190137,3.27,58.29409571909573,45.666666666666664,3.07,203,1.5307692307692307,-0.4048260073260072,3.622619047619046,0.5566666666666666,-0.9787545787545787,-3.541144688644688,1.710357142857142,-0.35982905982905994,-2.724868742368742,2.0200610500610487
4,2,2,as&cnf|mrg&ovl,1,1,66.07248960190137,2.55,58.27187349687348,46.33333333333333,2.62,276,1.5085470085470085,-0.0744444444444444,3.3116025641025635,0.10666666666666667,-1.0009768009768012,-3.5384615384615383,1.6978327228327217,-0.382051282051282,-2.800351037851037,2.0258211233211236
6,2,3,as&ovl&tzi|cnf&gap&mrg,1,1,67.07248960190137,3.59,58.26076238576239,45.666666666666664,3.4366666666666665,184,1.4974358974358974,-0.5667307692307691,3.762197802197803,0.9233333333333333,-1.012087912087912,-3.240723443223443,1.346007326007325,-0.3931623931623931,-2.8911111111111114,2.1588217338217337
6,3,2,as&gap|cnf&ovl|mrg&tzi,1,1,65.07248960190137,2.39,58.24806397306398,46.33333333333333,2.3766666666666665,277,1.4847374847374848,-0.46718253968253953,3.5164987789987787,-0.13666666666666666,-1.024786324786325,-3.769230769230769,1.7240476190476182,-0.4058608058608059,-3.117612942612942,2.3301526251526243
4,2,2,as&gap|cnf&ovl,0,1,67.07248960190137,2.51,58.24806397306398,46.33333333333333,2.54,276,1.4847374847374848,-0.46718253968253953,3.5164987789987787,0.02666666666666667,-1.024786324786325,-3.769230769230769,1.7240476190476182,-0.4058608058608059,-3.117612942612942,2.3301526251526243
2,1,2,gap&ovl,0,0,68.07248960190137,3.68,58.1766354016354,46.33333333333333,3.5766666666666667,169,1.4133089133089136,-1.6891666666666665,4.279087301587301,1.0633333333333332,-1.0962148962148963,-3.5476190476190474,1.5004120879120875,-0.4772893772893772,-3.1924084249084252,2.1670604395604394
2,1,2,as&gap,0,1,67.07248960190137,3.5,58.15856458356458,45.33333333333333,3.31,199,1.395238095238095,-0.3771428571428571,3.4099999999999997,0.7966666666666666,-1.1142857142857143,-3.5953571428571425,1.3009523809523802,-0.4953601953601954,-2.7688125763125764,1.7923778998778994
3,1,3,as&gap&tzi,0,1,67.07248960190137,3.75,58.15856458356458,45.33333333333333,3.53,171,1.395238095238095,-0.3771428571428571,3.4099999999999997,1.0166666666666666,-1.1142857142857143,-3.5953571428571425,1.3009523809523802,-0.4953601953601954,-2.7688125763125764,1.7923778998778994
4,2,3,as&cnf&ovl|mrg,1,1,64.07248960190137,2.36,58.10203222703223,46.33333333333333,2.51,266,1.3387057387057386,-0.5069047619047617,3.4691269841269836,-0.0033333333333333335,-1.1708180708180707,-3.87296398046398,1.6112759462759463,-0.5518925518925519,-2.9027045177045174,1.7622741147741143
5,2,4,as&cnf&ovl&tzi|mrg,1,1,64.07248960190137,2.57,58.10203222703223,46.33333333333333,2.6133333333333333,252,1.3387057387057386,-0.5069047619047617,3.4691269841269836,0.1,-1.1708180708180707,-3.87296398046398,1.6112759462759463,-0.5518925518925519,-2.9027045177045174,1.7622741147741143
4,2,2,as&gap|mrg&ovl,1,1,67.07248960190137,2.73,58.09409571909572,46.0,2.703333333333333,265,1.330769230769231,-0.035897435897435916,2.934102564102564,0.19,-1.1787545787545788,-3.8459523809523812,1.4190476190476187,-0.55982905982906,-2.6600091575091573,1.3465567765567765
5,2,3,as&gap&tzi|mrg&ovl,1,1,67.07248960190137,2.85,58.09409571909572,46.0,2.8133333333333335,252,1.330769230769231,-0.035897435897435916,2.934102564102564,0.3,-1.1787545787545788,-3.8459523809523812,1.4190476190476187,-0.55982905982906,-2.6600091575091573,1.3465567765567765
6,3,2,as&tzi|cnf&ovl|gap&mrg,1,1,65.07248960190137,2.37,58.07346079846079,46.666666666666664,2.3766666666666665,275,1.31013431013431,-0.8851984126984128,3.449236874236874,-0.13666666666666666,-1.1993894993894993,-4.052786935286935,1.7997771672771672,-0.5804639804639805,-3.2659218559218557,2.1122619047619033
4,2,2,as&ovl|mrg&tzi,1,1,66.07248960190137,2.69,58.06552429052429,45.666666666666664,2.7066666666666666,266,1.3021978021978022,-0.17233516483516487,3.0976190476190477,0.19333333333333333,-1.2073260073260075,-3.705247252747253,1.2261904761904758,-0.5884004884004883,-2.9300091575091574,1.6733089133089123
5,2,3,as&ovl|gap&mrg&tzi,1,1,66.07248960190137,2.72,58.06552429052429,45.666666666666664,2.71,266,1.3021978021978022,-0.17233516483516487,3.0976190476190477,0.19666666666666666,-1.2073260073260075,-3.705247252747253,1.2261904761904758,-0.5884004884004883,-2.9300091575091574,1.6733089133089123
5,2,3,as&ovl&tzi|cnf&mrg,1,1,67.07248960190137,2.77,58.06552429052429,46.0,2.8633333333333333,249,1.3021978021978025,-0.45720695970695974,3.1000549450549455,0.35,-1.2073260073260075,-3.607445054945054,1.10142857142857,-0.5884004884004883,-2.8271672771672773,1.5671153846153842
4,2,3,as&gap&ovl|mrg,1,1,65.07248960190137,2.43,58.05758778258778,46.33333333333333,2.53,263,1.2942612942612943,-0.5280158730158728,3.311190476190476,0.016666666666666666,-1.2152625152625152,-3.873739316239316,1.4381501831501833,-0.5963369963369962,-2.5715720390720387,1.467164224664224
5,2,4,as&gap&ovl&tzi|mrg,1,1,65.07248960190137,2.48,58.05758778258778,46.33333333333333,2.5733333333333333,257,1.2942612942612943,-0.5280158730158728,3.311190476190476,0.06,-1.2152625152625152,-3.873739316239316,1.4381501831501833,-0.5963369963369962,-2.5715720390720387,1.467164224664224
5,2,3,as&tzi|gap&mrg&ovl,1,1,67.07248960190137,3.5,58.05600048100049,45.33333333333333,3.3033333333333332,190,1.2926739926739927,-0.4580402930402929,3.2955311355311356,0.79,-1.2168498168498167,-3.7267857142857146,1.2455952380952378,-0.5979242979242981,-3.0305708180708177,1.9869078144078136
6,2,4,as&tzi|cnf&gap&mrg&ovl,1,1,67.07248960190137,3.5,58.05600048100049,45.33333333333333,3.3333333333333335,189,1.2926739926739927,-0.4580402930402929,3.2955311355311356,0.82,-1.2168498168498167,-3.7267857142857146,1.2455952380952378,-0.5979242979242981,-3.0305708180708177,1.9869078144078136
4,2,3,cnf&gap&ovl|mrg,1,0,64.07248960190137,2.44,58.046476671476675,46.666666666666664,2.506666666666667,259,1.2831501831501833,-1.0727228327228326,3.764444444444444,-0.006666666666666667,-1.2263736263736265,-4.075381562881563,1.8204517704517704,-0.6074481074481074,-2.856575091575092,1.7278144078144073
3,1,3,gap&ovl&tzi,0,0,68.07248960190137,3.86,58.009968734968744,46.0,3.77,146,1.2466422466422469,-1.5907936507936502,3.9778479853479842,1.2566666666666666,-1.262881562881563,-3.64436507936508,1.3039285714285715,-0.6439560439560437,-3.3293101343101346,2.106343101343101
5,2,3,as&tzi|cnf&mrg&ovl,1,1,67.07248960190137,2.87,57.998857623857624,46.0,2.8666666666666667,247,1.2355311355311356,-0.07185897435897438,2.81010989010989,0.35333333333333333,-1.273992673992674,-3.874716117216117,1.3933882783882776,-0.6550671550671551,-2.9546367521367523,1.567909035409035
5,2,3,as&cnf&mrg|gap&ovl,1,1,67.07248960190137,2.81,57.98139730639731,46.666666666666664,2.816666666666667,250,1.2180708180708182,-1.3961355311355315,3.740396825396825,0.30333333333333334,-1.2914529914529915,-3.7826190476190473,1.376666666666666,-0.6725274725274725,-2.8606593406593404,1.5975671550671546
5,2,3,as&gap|cnf&mrg&tzi,1,1,66.07248960190137,3.36,57.9607623857624,45.33333333333333,3.2066666666666666,202,1.1974358974358976,-0.7958424908424907,3.4001190476190475,0.6933333333333334,-1.3120879120879119,-3.7264285714285714,1.234221611721611,-0.693162393162393,-3.238174603174603,1.759416971916972
6,2,4,as&cnf&mrg&tzi|gap&ovl,1,1,67.07248960190137,3.51,57.93854016354017,46.0,3.3133333333333335,188,1.1752136752136753,-1.7042704517704517,3.813333333333333,0.8,-1.3343101343101345,-3.7220879120879116,1.2499206349206342,-0.7153846153846154,-3.3264041514041507,1.7324755799755782
5,3,2,as&tzi|cnf&ovl|mrg,1,1,64.07248960190137,2.07,57.93536556036556,46.33333333333333,2.183333333333333,285,1.1720390720390723,-1.0315811965811965,3.281205738705738,-0.33,-1.3374847374847374,-4.131611721611721,1.489514652014652,-0.7185592185592184,-3.342844932844933,1.7676556776556769
6,3,3,as&gap&tzi|cnf&ovl|mrg,1,1,64.07248960190137,2.07,57.93536556036556,46.33333333333333,2.1866666666666665,285,1.1720390720390723,-1.0315811965811965,3.281205738705738,-0.32666666666666666,-1.3374847374847374,-4.131611721611721,1.489514652014652,-0.7185592185592184,-3.342844932844933,1.7676556776556769
5,2,3,as&ovl&tzi|gap&mrg,1,1,66.07248960190137,3.43,57.91949254449255,45.666666666666664,3.24,187,1.156166056166056,-0.82739010989011,3.483824786324786,0.7266666666666667,-1.3533577533577532,-3.8206593406593408,1.167698412698412,-0.7344322344322344,-3.1875488400488394,1.7542796092796094
4,2,2,as&cnf|mrg&tzi,1,1,64.07248960190137,2.56,57.914730639730635,46.0,2.5566666666666666,272,1.1514041514041515,-0.29325396825396827,2.7919597069597053,0.043333333333333335,-1.3581196581196582,-3.964801587301588,1.6014041514041515,-0.7391941391941391,-3.1672557997557993,1.6631807081807073
5,2,3,as&cnf|gap&mrg&tzi,1,1,64.07248960190137,2.57,57.914730639730635,46.0,2.5566666666666666,272,1.1514041514041515,-0.29325396825396827,2.7919597069597053,0.043333333333333335,-1.3581196581196582,-3.964801587301588,1.6014041514041515,-0.7391941391941391,-3.1672557997557993,1.6631807081807073
5,2,3,as&ovl|cnf&gap&mrg,1,1,67.07248960190137,2.77,57.89885762385762,45.666666666666664,2.816666666666667,269,1.1355311355311355,-0.641547619047619,2.8434523809523804,0.30333333333333334,-1.373992673992674,-3.7060256410256414,0.9244047619047608,-0.755067155067155,-3.162484737484738,1.5855555555555547
5,2,3,as&ovl|cnf&mrg&tzi,1,1,67.07248960190137,2.82,57.89885762385762,45.666666666666664,2.8766666666666665,264,1.1355311355311355,-0.641547619047619,2.8434523809523804,0.36333333333333334,-1.373992673992674,-3.7060256410256414,0.9244047619047608,-0.755067155067155,-3.162484737484738,1.5855555555555547
6,2,4,as&ovl|cnf&gap&mrg&tzi,1,1,67.07248960190137,2.85,57.89885762385762,45.666666666666664,2.88,264,1.1355311355311355,-0.641547619047619,2.8434523809523804,0.36666666666666664,-1.373992673992674,-3.7060256410256414,0.9244047619047608,-0.755067155067155,-3.162484737484738,1.5855555555555547
5,2,4,cnf&gap&ovl&tzi|mrg,1,0,64.07248960190137,2.47,57.879810004810004,46.33333333333333,2.5566666666666666,253,1.1164835164835165,-1.1260805860805858,3.477594627594627,0.043333333333333335,-1.3930402930402928,-4.310992063492064,1.4379029304029294,-0.774114774114774,-3.0139133089133083,1.5608882783882785
5,2,3,as&tzi|cnf&gap&ovl,0,1,67.07248960190137,3.41,57.838540163540166,45.33333333333333,3.21,196,1.0752136752136754,-1.0704212454212456,3.3550702075702072,0.6966666666666667,-1.4343101343101345,-4.207738095238095,1.2526739926739925,-0.8153846153846154,-3.4605219780219785,1.7712301587301578
4,2,3,as&cnf&gap|mrg,1,1,63.072489601901374,2.43,57.83536556036556,46.33333333333333,2.466666666666667,266,1.0720390720390722,-0.8253663003663003,3.0842612942612924,-0.04666666666666667,-1.4374847374847373,-4.202539682539682,1.412896825396825,-0.8185592185592185,-3.1671062271062262,1.3056684981684983
5,2,4,as&cnf&gap&tzi|mrg,1,1,63.072489601901374,2.46,57.83536556036556,46.33333333333333,2.5166666666666666,259,1.0720390720390722,-0.8253663003663003,3.0842612942612924,0.0033333333333333335,-1.4374847374847373,-4.202539682539682,1.412896825396825,-0.8185592185592185,-3.1671062271062262,1.3056684981684983
2,1,2,as&tzi,0,1,67.07248960190137,3.7,57.82523125023125,45.0,3.5033333333333334,174,1.061904761904762,-0.5764285714285715,2.9095238095238094,0.99,-1.4476190476190478,-3.8384523809523814,0.8907142857142853,-0.8286935286935286,-3.241752136752136,1.6129761904761903
6,2,3,as&cnf&mrg|gap&ovl&tzi,1,1,67.07248960190137,2.86,57.81473063973064,46.33333333333333,2.9066666666666667,241,1.0514041514041517,-1.4579212454212456,3.351428571428571,0.3933333333333333,-1.4581196581196583,-3.9176434676434675,1.0907539682539675,-0.8391941391941392,-3.070921855921856,1.5103907203907203
5,2,3,as&mrg&tzi|gap&ovl,1,1,67.07248960190137,3.47,57.771873496873496,45.666666666666664,3.28,191,1.0085470085470085,-1.8366514041514042,3.7449999999999997,0.7666666666666667,-1.500976800976801,-3.945921855921855,1.173095238095238,-0.882051282051282,-3.476095848595849,1.6458058608058608
4,2,2,as&gap|cnf&mrg,1,1,66.07248960190137,2.56,57.7655242905243,45.666666666666664,2.6166666666666667,267,1.0021978021978022,-0.6269047619047619,2.8021978021978025,0.10333333333333333,-1.5073260073260073,-3.9416117216117215,0.8881501831501829,-0.8884004884004886,-3.1029853479853484,1.1576343101343094
5,2,3,as&gap&tzi|cnf&mrg,1,1,66.07248960190137,2.61,57.7655242905243,45.666666666666664,2.69,258,1.0021978021978022,-0.6269047619047619,2.8021978021978025,0.17666666666666667,-1.5073260073260073,-3.9416117216117215,0.8881501831501829,-0.8884004884004886,-3.1029853479853484,1.1576343101343094
4,2,2,as&tzi|mrg&ovl,1,1,67.07248960190137,2.83,57.76076238576239,45.666666666666664,2.796666666666667,253,0.9974358974358974,-0.27499999999999997,2.4616025641025643,0.2833333333333333,-1.512087912087912,-4.046968864468865,1.1008333333333327,-0.8931623931623932,-3.1850122100122107,1.21596459096459
5,2,3,cnf&ovl&tzi|gap&mrg,1,0,65.07248960190137,3.41,57.74171476671477,45.666666666666664,3.22,183,0.9783882783882784,-1.4895238095238095,3.3344200244200235,0.7066666666666667,-1.531135531135531,-4.228650793650794,1.275253357753357,-0.9122100122100123,-3.5310378510378513,1.8380097680097673
4,2,2,as&ovl|cnf&mrg,1,1,67.07248960190137,2.47,57.73219095719095,45.666666666666664,2.64,275,0.9688644688644688,-0.6625091575091575,2.6799999999999984,0.12666666666666668,-1.5406593406593405,-4.138461538461538,0.8959523809523804,-0.9217338217338217,-3.14768315018315,1.234606227106226
4,2,3,as&ovl&tzi|mrg,1,1,65.07248960190137,2.48,57.72425444925445,46.0,2.5633333333333335,258,0.9609279609279611,-0.7057936507936508,2.8987851037851025,0.05,-1.5485958485958484,-4.1395879120879115,0.919166666666666,-0.9296703296703296,-3.1332051282051276,1.1857264957264957
5,2,3,as&cnf&tzi|gap&mrg,1,1,64.07248960190137,3.39,57.69727032227032,45.666666666666664,3.1766666666666667,189,0.9339438339438341,-1.0636446886446886,3.0731898656898653,0.6633333333333333,-1.5755799755799758,-4.2653418803418806,1.201111111111111,-0.9566544566544565,-3.511865079365079,1.7705250305250306
1,1,1,ovl,0,0,67.07248960190137,2.62,57.68139730639731,46.33333333333333,2.8133333333333335,257,0.918070818070818,-1.817420634920635,3.414038461538459,0.3,-1.5914529914529918,-4.128461538461538,0.9449999999999995,-0.9725274725274723,-3.6656593406593405,1.3856410256410248
2,1,2,ovl&tzi,0,0,68.07248960190137,3.82,57.6766354016354,45.666666666666664,3.7466666666666666,149,0.9133089133089136,-1.921730769230769,3.4774206349206347,1.2333333333333334,-1.5962148962148963,-3.9268345543345546,0.8140231990231986,-0.9772893772893775,-3.7623443223443216,1.6691208791208785
5,2,3,as&gap|cnf&ovl&tzi,0,1,67.07248960190137,3.33,57.6718734968735,45.0,3.1666666666666665,203,0.9085470085470085,-1.211675824175824,2.9786263736263727,0.6533333333333333,-1.600976800976801,-4.275906593406593,1.060714285714285,-0.9820512820512821,-3.53018315018315,1.5734065934065926
3,1,3,cnf&gap&tzi,0,0,65.07248960190137,3.7,57.66418118918119,45.33333333333333,3.55,154,0.9008547008547009,-1.880656288156288,3.4798229548229545,1.0366666666666666,-1.608669108669108,-4.4897832722832725,1.3577564102564104,-0.9897435897435898,-3.9020482295482295,1.8036660561660554
5,2,3,as&tzi|cnf&gap&mrg,1,1,66.07248960190137,3.41,57.62742905242906,45.0,3.24,195,0.8641025641025643,-0.9382234432234432,2.922014652014651,0.7266666666666667,-1.6454212454212456,-3.9190567765567756,0.8023809523809522,-1.0264957264957264,-3.6398656898656903,1.492179487179487
5,2,3,cnf&mrg&tzi|gap&ovl,1,0,66.07248960190137,3.48,57.60520683020683,45.666666666666664,3.276666666666667,189,0.8418803418803418,-1.965589133089133,3.5102380952380954,0.7633333333333333,-1.6676434676434675,-4.214880952380952,1.0215873015872992,-1.0487179487179488,-3.5610195360195362,1.3623351648351643
5,3,2,as&gap|cnf&ovl|mrg,1,1,64.07248960190137,2.05,57.60203222703223,46.0,2.1566666666666667,287,0.838705738705739,-1.1351037851037848,2.7927136752136748,-0.3566666666666667,-1.6708180708180709,-4.426746031746031,0.948547008547008,-1.0518925518925517,-3.8151465201465196,1.5641208791208787
3,2,2,as&gap|mrg,1,1,64.07248960190137,2.31,57.59092111592111,46.0,2.3566666666666665,274,0.8275946275946275,-0.8456043956043956,2.5992063492063484,-0.15666666666666668,-1.6819291819291815,-4.377921245421246,1.0659920634920628,-1.0630036630036632,-3.2399206349206353,1.0032844932844929
4,2,3,as&gap&tzi|mrg,1,1,64.07248960190137,2.36,57.59092111592111,46.0,2.4233333333333333,266,0.8275946275946275,-0.8456043956043956,2.5992063492063484,-0.09,-1.6819291819291815,-4.377921245421246,1.0659920634920628,-1.0630036630036632,-3.2399206349206353,1.0032844932844929
4,2,2,as&mrg|gap&ovl,1,1,67.07248960190137,2.74,57.5766354016354,46.0,2.743333333333333,261,0.8133089133089133,-1.8175885225885227,3.2667857142857146,0.23,-1.6962148962148964,-4.1225,0.8448717948717948,-1.0772893772893775,-3.2663919413919418,1.124557387057387
4,2,2,as&ovl|gap&mrg,1,1,66.07248960190137,2.61,57.55758778258778,45.666666666666664,2.6266666666666665,271,0.7942612942612944,-0.8444932844932843,2.7121978021978013,0.11333333333333333,-1.715262515262515,-4.3124694749694745,0.8353327228327224,-1.0963369963369962,-3.536642246642247,1.3522588522588521
4,2,3,cnf&ovl&tzi|mrg,1,0,64.07248960190137,2.47,57.546476671476675,46.0,2.5433333333333334,254,0.7831501831501834,-1.2715323565323562,3.1080158730158725,0.03,-1.726373626373626,-4.566452991452992,1.0541727716727713,-1.1074481074481073,-3.5030555555555556,1.296581196581196
4,2,3,as&cnf&mrg|ovl,1,1,66.07248960190137,2.29,57.54330206830207,46.0,2.4566666666666666,281,0.77997557997558,-1.886175213675214,3.138928571428571,-0.056666666666666664,-1.7295482295482296,-4.096953601953602,0.6504761904761904,-1.1106227106227105,-3.571834554334554,1.1305097680097678
4,2,3,as&cnf&tzi|mrg,1,1,63.072489601901374,2.46,57.50203222703222,46.0,2.5033333333333334,260,0.7387057387057389,-1.0033577533577536,2.5720634920634913,-0.01,-1.770818070818071,-4.449603174603174,1.1105158730158726,-1.151892551892552,-3.642722832722832,1.2009462759462757
2,1,2,cnf&gap,0,0,65.07248960190137,3.46,57.49751452251453,45.33333333333333,3.2933333333333334,181,0.7341880341880342,-2.087445054945055,3.3704822954822946,0.78,-1.7753357753357748,-4.661303418803418,1.1935195360195352,-1.1564102564102565,-4.1151373626373635,1.614648962148962
5,2,3,as&cnf&mrg|ovl&tzi,1,1,67.07248960190137,2.85,57.481397306397305,46.0,2.8866666666666667,243,0.7180708180708182,-1.6533028083028083,3.0072374847374843,0.37333333333333335,-1.7914529914529915,-4.178571428571429,0.6424999999999994,-1.1725274725274726,-3.5471062271062275,1.178202075702075
4,2,2,as&tzi|gap&mrg,1,1,65.07248960190137,3.29,57.45282587782587,45.33333333333333,3.0833333333333335,196,0.6894993894993897,-1.2038186813186813,2.8331257631257634,0.57,-1.82002442002442,-4.417985347985347,0.8302930402930403,-1.2010989010989013,-3.7461111111111114,1.4273351648351642
5,2,4,as&cnf&gap&mrg|ovl,1,1,66.07248960190137,2.43,57.44330206830206,46.0,2.52,279,0.6799755799755799,-1.9946031746031747,3.1096825396825385,0.006666666666666667,-1.8295482295482297,-4.263287545787546,0.5961904761904754,-1.2106227106227103,-3.76041514041514,1.0257936507936505
5,2,4,as&cnf&mrg&tzi|ovl,1,1,66.07248960190137,2.48,57.44330206830206,46.0,2.5533333333333332,275,0.6799755799755799,-1.9946031746031747,3.1096825396825385,0.04,-1.8295482295482297,-4.263287545787546,0.5961904761904754,-1.2106227106227103,-3.76041514041514,1.0257936507936505
6,2,5,as&cnf&gap&mrg&tzi|ovl,1,1,66.07248960190137,2.5,57.44330206830206,46.0,2.5566666666666666,275,0.6799755799755799,-1.9946031746031747,3.1096825396825385,0.043333333333333335,-1.8295482295482297,-4.263287545787546,0.5961904761904754,-1.2106227106227103,-3.76041514041514,1.0257936507936505
4,2,2,cnf&gap|mrg&tzi,1,0,64.07248960190137,3.26,57.441958966958964,45.33333333333333,3.03,197,0.6786324786324788,-1.995436507936508,3.1657142857142855,0.5166666666666667,-1.8308913308913308,-4.857811355311355,1.2474420024420017,-1.2119658119658119,-3.9838766788766793,1.535262515262515
4,2,2,gap&ovl|mrg&tzi,1,0,65.07248960190137,3.35,57.43854016354016,45.33333333333333,3.14,192,0.6752136752136751,-2.1245177045177046,3.4111111111111105,0.6266666666666667,-1.8343101343101342,-4.334636752136753,0.8480555555555541,-1.2153846153846155,-3.7315537240537244,1.2758455433455431
6,2,4,as&cnf&gap&mrg|ovl&tzi,1,1,67.07248960190137,3.5,57.43854016354016,45.33333333333333,3.35,185,0.6752136752136751,-2.0112301587301586,3.169102564102564,0.8366666666666667,-1.8343101343101342,-4.047246642246642,0.5298717948717937,-1.2153846153846155,-3.9925671550671544,1.4673809523809522
4,2,2,as&tzi|cnf&mrg,1,1,66.07248960190137,2.61,57.43219095719097,45.33333333333333,2.67,260,0.6688644688644688,-0.8004212454212454,2.239102564102563,0.15666666666666668,-1.8406593406593408,-4.200064102564103,0.5293956043956036,-1.2217338217338218,-3.5410653235653236,1.018101343101343
6,2,3,as&mrg&ovl|cnf&gap&tzi,1,1,65.07248960190137,3.0,57.41338753838754,45.666666666666664,2.973333333333333,234,0.6500610500610502,-1.8431623931623933,3.0682692307692307,0.46,-1.8594627594627595,-4.765931013431013,1.0824755799755796,-1.2405372405372406,-3.8574206349206346,1.3133699633699631
4,2,2,cnf&mrg|gap&ovl,1,0,66.07248960190137,2.61,57.40996873496873,46.0,2.66,258,0.6466422466422467,-1.8711843711843714,3.0782051282051275,0.14666666666666667,-1.8628815628815631,-4.474389499389499,0.8535714285714275,-1.243956043956044,-3.4218498168498166,0.7793650793650791
5,2,3,as&mrg|gap&ovl&tzi,1,1,67.07248960190137,2.79,57.40996873496873,45.666666666666664,2.8266666666666667,253,0.6466422466422467,-1.8194688644688644,2.9560073260073256,0.31333333333333335,-1.8628815628815627,-4.156773504273504,0.611111111111111,-1.243956043956044,-3.4220115995115994,1.0676129426129424
4,2,2,as&cnf|gap&mrg,1,1,64.07248960190137,2.53,57.40679413179413,46.0,2.51,273,0.6434676434676436,-1.0353418803418801,2.5324603174603175,-0.0033333333333333335,-1.866056166056166,-4.534374236874237,1.1369841269841263,-1.2471306471306471,-3.8149481074481066,1.3228907203907199
3,2,2,as&ovl|mrg,1,1,65.07248960190137,2.21,57.39092111592111,45.666666666666664,2.3766666666666665,279,0.6275946275946276,-1.0010012210012207,2.3778327228327227,-0.13666666666666666,-1.8819291819291817,-4.6383821733821735,0.6401739926739923,-1.263003663003663,-3.569520757020756,0.9766971916971918
3,2,2,as&mrg|ovl,1,1,66.07248960190137,2.25,57.3766354016354,45.666666666666664,2.4266666666666667,284,0.6133089133089134,-2.037350427350427,2.97845238095238,-0.08666666666666667,-1.8962148962148964,-4.266214896214896,0.44508547008546967,-1.2772893772893772,-3.763415750915751,0.9798626373626371
2,1,2,cnf&tzi,0,0,65.07248960190137,3.64,57.33084785584786,45.0,3.52,157,0.5675213675213676,-2.123836996336996,3.14068376068376,1.0066666666666666,-1.9420024420024415,-4.895222832722832,0.9638644688644684,-1.3230769230769233,-4.126446886446887,1.5771947496947487
4,2,3,as&gap&mrg|ovl,1,1,66.07248960190137,2.39,57.2766354016354,45.666666666666664,2.49,281,0.5133089133089133,-2.2157387057387057,2.9380952380952374,-0.023333333333333334,-1.9962148962148965,-4.408476800976801,0.41342796092796036,-1.377289377289377,-3.961318681318681,0.8494841269841267
4,2,3,as&mrg&tzi|ovl,1,1,66.07248960190137,2.44,57.2766354016354,45.666666666666664,2.5233333333333334,277,0.5133089133089133,-2.2157387057387057,2.9380952380952374,0.01,-1.9962148962148965,-4.408476800976801,0.41342796092796036,-1.377289377289377,-3.961318681318681,0.8494841269841267
5,2,4,as&gap&mrg&tzi|ovl,1,1,66.07248960190137,2.46,57.2766354016354,45.666666666666664,2.526666666666667,277,0.5133089133089133,-2.2157387057387057,2.9380952380952374,0.013333333333333334,-1.9962148962148965,-4.408476800976801,0.41342796092796036,-1.377289377289377,-3.961318681318681,0.8494841269841267
5,2,3,cnf&gap|mrg&ovl&tzi,1,0,65.07248960190137,3.41,57.2752923002923,45.33333333333333,3.1666666666666665,195,0.5119658119658121,-2.19328144078144,3.1657142857142855,0.6533333333333333,-1.9975579975579976,-4.888812576312575,0.8731410256410247,-1.3786324786324784,-4.235381562881563,1.416703296703296
6,2,4,as&mrg&ovl&tzi|cnf&gap,1,1,65.07248960190137,3.42,57.2752923002923,45.33333333333333,3.2133333333333334,192,0.5119658119658121,-2.19328144078144,3.1657142857142855,0.7,-1.9975579975579976,-4.888812576312575,0.8731410256410247,-1.3786324786324784,-4.235381562881563,1.416703296703296
5,2,3,as&gap&mrg|ovl&tzi,1,1,67.07248960190137,3.46,57.271873496873496,45.0,3.3133333333333335,188,0.5085470085470086,-2.1979212454212456,3.055888278388278,0.8,-2.000976800976801,-4.244826007326007,0.37057081807081754,-1.382051282051282,-4.1799847374847365,1.2625457875457873
1,1,1,cnf,0,0,64.4058229352347,2.37,57.26100658600658,45.666666666666664,2.4633333333333334,269,0.4976800976800977,-1.801907814407814,2.9420451770451765,-0.05,-2.011843711843712,-5.084160561660562,1.05031746031746,-1.392918192918193,-4.406425518925518,1.504560439560437
3,2,2,as&tzi|mrg,1,1,64.07248960190137,2.36,57.257587782587784,45.666666666666664,2.41,267,0.49426129426129434,-1.0044139194139192,2.0902930402930404,-0.10333333333333333,-2.0152625152625148,-4.579810744810745,0.5849206349206348,-1.3963369963369963,-3.7724450549450554,0.8438064713064708
5,2,3,as&mrg&ovl|cnf&gap,1,1,65.07248960190137,2.89,57.24672087172087,45.666666666666664,2.82,247,0.48339438339438345,-2.022924297924298,2.9452289377289373,0.30666666666666664,-2.0261294261294265,-4.938360805860806,0.8732997557997554,-1.4072039072039073,-4.045540293040293,1.1463705738705738
5,2,3,cnf&mrg|gap&ovl&tzi,1,0,66.07248960190137,2.66,57.24330206830207,45.666666666666664,2.7333333333333334,250,0.4799755799755801,-1.926675824175824,2.633919413919413,0.22,-2.0295482295482294,-4.602777777777778,0.5455952380952371,-1.4106227106227105,-3.5274206349206354,0.6396153846153837
3,2,2,cnf&mrg|ovl,1,0,65.07248960190137,2.24,57.20996873496873,45.666666666666664,2.39,282,0.44664224664224667,-2.0849847374847372,2.7803479853479853,-0.12333333333333334,-2.062881562881563,-4.459191086691087,0.4379426129426122,-1.443956043956044,-3.8471123321123324,0.6935683760683758
3,2,2,cnf|mrg&tzi,1,0,63.40582293523469,2.23,57.20545103045103,45.666666666666664,2.2133333333333334,283,0.4421245421245421,-1.721883394383394,2.7185836385836377,-0.3,-2.067399267399267,-5.141352258852258,1.0673931623931618,-1.4484737484737484,-4.339743589743589,1.492185592185592
4,2,3,cnf|gap&mrg&tzi,1,0,63.40582293523469,2.23,57.20545103045103,45.666666666666664,2.2133333333333334,283,0.4421245421245421,-1.721883394383394,2.7185836385836377,-0.3,-2.067399267399267,-5.141352258852258,1.0673931623931618,-1.4484737484737484,-4.339743589743589,1.492185592185592
3,2,2,as&cnf|mrg,1,1,63.072489601901374,2.23,57.16869889369889,45.666666666666664,2.316666666666667,282,0.40537240537240554,-1.2573809523809523,2.2473565323565317,-0.19666666666666666,-2.104151404151404,-4.784230769230769,0.8292368742368735,-1.4852258852258853,-4.074758852258852,0.9808455433455423
5,2,3,cnf&gap&tzi|mrg&ovl,1,0,65.07248960190137,2.86,57.146720871720866,45.666666666666664,2.796666666666667,246,0.38339438339438353,-1.9670909645909647,2.7722222222222213,0.2833333333333333,-2.1261294261294266,-5.079130036630036,0.9514041514041508,-1.5072039072039072,-4.057677045177045,0.9137240537240539
6,3,3,as&tzi|cnf&gap&ovl|mrg,1,1,64.07248960190137,2.27,57.13536556036556,45.666666666666664,2.3066666666666666,273,0.3720390720390721,-1.5608180708180706,2.301825396825397,-0.20666666666666667,-2.1374847374847374,-4.899444444444444,0.6705708180708176,-1.5185592185592185,-3.9695329670329675,0.7844444444444444
4,2,3,cnf&gap&mrg|ovl,1,0,65.07248960190137,2.4,57.10996873496873,45.666666666666664,2.473333333333333,280,0.3466422466422466,-2.207469474969475,2.706300366300365,-0.04,-2.162881562881563,-4.603730158730158,0.33029304029303863,-1.5439560439560438,-3.9981349206349206,0.6176526251526246
4,2,3,cnf&mrg&tzi|ovl,1,0,65.07248960190137,2.46,57.10996873496873,45.666666666666664,2.5166666666666666,276,0.3466422466422466,-2.207469474969475,2.706300366300365,0.0033333333333333335,-2.162881562881563,-4.603730158730158,0.33029304029303863,-1.5439560439560438,-3.9981349206349206,0.6176526251526246
5,2,4,cnf&gap&mrg&tzi|ovl,1,0,65.07248960190137,2.48,57.10996873496873,45.666666666666664,2.52,276,0.3466422466422466,-2.207469474969475,2.706300366300365,0.006666666666666667,-2.162881562881563,-4.603730158730158,0.33029304029303863,-1.5439560439560438,-3.9981349206349206,0.6176526251526246
5,2,3,as&mrg&tzi|cnf&gap,1,1,65.07248960190137,3.36,57.10862563362563,45.0,3.1766666666666667,195,0.3452991452991454,-2.3604304029304024,2.9887362637362633,0.6633333333333333,-2.164224664224664,-5.021886446886446,0.7066025641025631,-1.5452991452991451,-4.392048229548228,1.2825335775335764
5,2,3,cnf&tzi|gap&mrg&ovl,1,0,65.07248960190137,3.5,57.10862563362563,45.0,3.283333333333333,184,0.3452991452991454,-2.2293498168498167,2.945,0.77,-2.164224664224664,-5.075415140415141,0.7359126984126986,-1.5452991452991451,-4.235616605616606,1.3353937728937724
6,2,4,as&gap&mrg&ovl|cnf&tzi,1,1,65.07248960190137,3.5,57.10862563362563,45.0,3.3433333333333333,180,0.3452991452991454,-2.2293498168498167,2.945,0.83,-2.164224664224664,-5.075415140415141,0.7359126984126986,-1.5452991452991451,-4.235616605616606,1.3353937728937724
5,2,3,cnf&gap&mrg|ovl&tzi,1,0,66.07248960190137,3.47,57.10520683020683,45.0,3.2866666666666666,187,0.34188034188034194,-2.234627594627595,2.754221611721612,0.7733333333333333,-2.1676434676434675,-4.579429181929181,0.3019597069597064,-1.5487179487179488,-4.14989010989011,0.9711446886446882
5,2,3,as&mrg|cnf&gap&tzi,1,1,65.07248960190137,2.74,57.080054205054196,45.33333333333333,2.7866666666666666,253,0.3167277167277169,-2.0025274725274724,2.642539682539682,0.2733333333333333,-2.192796092796093,-5.201059218559219,0.7831898656898654,-1.5738705738705738,-4.090222832722832,0.8657722832722826
5,2,3,as&mrg&ovl|cnf&tzi,1,1,65.07248960190137,2.97,57.080054205054196,45.33333333333333,2.95,235,0.31672771672771677,-2.0499877899877896,2.7035378510378507,0.43666666666666665,-2.192796092796093,-5.034862637362638,0.7065628815628813,-1.5738705738705738,-4.202347374847375,1.0846794871794871
4,2,2,as&mrg|ovl&tzi,1,1,67.07248960190137,2.78,57.0766354016354,45.33333333333333,2.81,254,0.31330891330891336,-1.9904212454212453,2.527356532356532,0.2966666666666667,-2.1962148962148964,-4.410317460317461,0.06432539682539662,-1.577289377289377,-4.000006105006106,0.6680097680097673
3,2,2,cnf|mrg&ovl,1,0,64.4058229352347,2.33,57.038784363784366,45.666666666666664,2.3133333333333335,285,0.2754578754578754,-1.9865720390720387,2.7279029304029287,-0.2,-2.234065934065934,-5.289996947496946,0.876706349206349,-1.6151404151404152,-4.508791208791208,1.2074114774114768
4,2,3,cnf|mrg&ovl&tzi,1,0,64.4058229352347,2.36,57.038784363784366,45.666666666666664,2.3466666666666667,281,0.2754578754578754,-1.9865720390720387,2.7279029304029287,-0.16666666666666666,-2.234065934065934,-5.289996947496946,0.876706349206349,-1.6151404151404152,-4.508791208791208,1.2074114774114768
4,2,3,cnf|gap&mrg&ovl,1,0,64.4058229352347,2.36,57.038784363784366,45.666666666666664,2.3466666666666667,281,0.2754578754578754,-1.9865720390720387,2.7279029304029287,-0.16666666666666666,-2.234065934065934,-5.289996947496946,0.876706349206349,-1.6151404151404152,-4.508791208791208,1.2074114774114768
5,2,4,cnf|gap&mrg&ovl&tzi,1,0,64.4058229352347,2.36,57.038784363784366,45.666666666666664,2.3466666666666667,281,0.2754578754578754,-1.9865720390720387,2.7279029304029287,-0.16666666666666666,-2.234065934065934,-5.289996947496946,0.876706349206349,-1.6151404151404152,-4.508791208791208,1.2074114774114768
4,2,3,as&mrg&ovl|cnf,1,1,64.4058229352347,2.33,57.038784363784366,45.666666666666664,2.3666666666666667,281,0.2754578754578754,-1.9865720390720387,2.7279029304029287,-0.14666666666666667,-2.234065934065934,-5.289996947496946,0.876706349206349,-1.6151404151404152,-4.508791208791208,1.2074114774114768
5,2,4,as&mrg&ovl&tzi|cnf,1,1,64.4058229352347,2.36,57.038784363784366,45.666666666666664,2.39,278,0.2754578754578754,-1.9865720390720387,2.7279029304029287,-0.12333333333333334,-2.234065934065934,-5.289996947496946,0.876706349206349,-1.6151404151404152,-4.508791208791208,1.2074114774114768
5,2,4,as&gap&mrg&ovl|cnf,1,1,64.4058229352347,2.36,57.038784363784366,45.666666666666664,2.39,278,0.2754578754578754,-1.9865720390720387,2.7279029304029287,-0.12333333333333334,-2.234065934065934,-5.289996947496946,0.876706349206349,-1.6151404151404152,-4.508791208791208,1.2074114774114768
6,2,5,as&gap&mrg&ovl&tzi|cnf,1,1,64.4058229352347,2.36,57.038784363784366,45.666666666666664,2.39,278,0.2754578754578754,-1.9865720390720387,2.7279029304029287,-0.12333333333333334,-2.234065934065934,-5.289996947496946,0.876706349206349,-1.6151404151404152,-4.508791208791208,1.2074114774114768
3,2,2,as|mrg&ovl,1,1,67.07248960190137,2.3,56.99409571909572,44.666666666666664,2.3566666666666665,297,0.23076923076923075,-0.3076923076923077,1.0006410256410252,-0.15666666666666668,-2.2787545787545787,-4.869597069597069,0.5199358974358965,-1.65982905982906,-4.166675824175823,0.7241727716727712
4,2,3,as|cnf&mrg&ovl,1,1,67.07248960190137,2.3,56.99409571909572,44.666666666666664,2.3866666666666667,297,0.23076923076923075,-0.3076923076923077,1.0006410256410252,-0.12666666666666668,-2.2787545787545787,-4.869597069597069,0.5199358974358965,-1.65982905982906,-4.166675824175823,0.7241727716727712
4,2,3,as|gap&mrg&ovl,1,1,67.07248960190137,2.43,56.99409571909572,44.666666666666664,2.4233333333333333,297,0.23076923076923075,-0.3076923076923077,1.0006410256410252,-0.09,-2.2787545787545787,-4.869597069597069,0.5199358974358965,-1.65982905982906,-4.166675824175823,0.7241727716727712
4,2,3,as|mrg&ovl&tzi,1,1,67.07248960190137,2.42,56.99409571909572,44.666666666666664,2.433333333333333,297,0.23076923076923075,-0.3076923076923077,1.0006410256410252,-0.08,-2.2787545787545787,-4.869597069597069,0.5199358974358965,-1.65982905982906,-4.166675824175823,0.7241727716727712
5,2,4,as|gap&mrg&ovl&tzi,1,1,67.07248960190137,2.43,56.99409571909572,44.666666666666664,2.433333333333333,297,0.23076923076923075,-0.3076923076923077,1.0006410256410252,-0.08,-2.2787545787545787,-4.869597069597069,0.5199358974358965,-1.65982905982906,-4.166675824175823,0.7241727716727712
5,2,4,as|cnf&gap&mrg&ovl,1,1,67.07248960190137,2.43,56.99409571909572,44.666666666666664,2.4466666666666668,297,0.23076923076923075,-0.3076923076923077,1.0006410256410252,-0.06666666666666667,-2.2787545787545787,-4.869597069597069,0.5199358974358965,-1.65982905982906,-4.166675824175823,0.7241727716727712
5,2,4,as|cnf&mrg&ovl&tzi,1,1,67.07248960190137,2.42,56.99409571909572,44.666666666666664,2.4566666666666666,297,0.23076923076923075,-0.3076923076923077,1.0006410256410252,-0.056666666666666664,-2.2787545787545787,-4.869597069597069,0.5199358974358965,-1.65982905982906,-4.166675824175823,0.7241727716727712
6,2,5,as|cnf&gap&mrg&ovl&tzi,1,1,67.07248960190137,2.43,56.99409571909572,44.666666666666664,2.4566666666666666,297,0.23076923076923075,-0.3076923076923077,1.0006410256410252,-0.056666666666666664,-2.2787545787545787,-4.869597069597069,0.5199358974358965,-1.65982905982906,-4.166675824175823,0.7241727716727712
4,2,2,cnf&gap|mrg&ovl,1,0,65.07248960190137,2.75,56.980054205054195,45.666666666666664,2.66,258,0.21672771672771682,-2.193278388278388,2.665515873015873,0.14666666666666667,-2.292796092796093,-5.2459462759462765,0.7819993894993894,-1.673870573870574,-4.230296092796093,0.757554945054945
6,3,3,as&gap|cnf&ovl&tzi|mrg,1,1,64.07248960190137,2.25,56.968698893698885,45.33333333333333,2.29,275,0.2053724053724055,-1.5946825396825397,2.0255311355311356,-0.22333333333333333,-2.304151404151404,-5.099508547008547,0.38426129426129363,-1.6852258852258852,-4.169038461538461,0.649163614163614
5,3,2,as&gap|cnf|mrg&tzi,1,1,64.4058229352347,2.13,56.96100658600659,45.33333333333333,2.12,289,0.19768009768009773,-1.8539621489621485,2.231037851037851,-0.3933333333333333,-2.3118437118437116,-5.232490842490842,0.5986904761904763,-1.6929181929181927,-4.605903540903541,1.0707051282051268
3,2,2,mrg&tzi|ovl,1,0,64.07248960190137,2.33,56.94330206830206,45.33333333333333,2.3866666666666667,278,0.17997557997557992,-2.3739468864468862,2.550238095238094,-0.12666666666666668,-2.3295482295482297,-4.790152625152625,0.13361111111111088,-1.7106227106227105,-4.164670329670329,0.46032661782661755
4,2,3,gap&mrg&tzi|ovl,1,0,64.07248960190137,2.35,56.94330206830206,45.33333333333333,2.39,278,0.17997557997557992,-2.3739468864468862,2.550238095238094,-0.12333333333333334,-2.3295482295482297,-4.790152625152625,0.13361111111111088,-1.7106227106227105,-4.164670329670329,0.46032661782661755
5,2,3,as&gap&mrg|cnf&tzi,1,1,65.07248960190137,3.39,56.941958966958964,44.666666666666664,3.2666666666666666,188,0.17863247863247875,-2.422249694749695,2.665964590964591,0.7533333333333333,-2.330891330891331,-5.1466147741147745,0.4494658119658118,-1.7119658119658119,-4.549090354090354,1.1687271062271058
5,2,3,as&cnf&tzi|gap&ovl,0,1,66.07248960190137,3.44,56.93854016354016,45.0,3.1933333333333334,195,0.17521367521367529,-2.425357142857143,2.651706349206349,0.68,-2.3343101343101345,-4.843556166056166,0.3097222222222219,-1.7153846153846155,-4.4455891330891335,0.8649297924297923
4,2,2,as&mrg|cnf&gap,1,1,65.07248960190137,2.7,56.91338753838754,45.33333333333333,2.6766666666666667,261,0.15006105006105014,-2.193330280830281,2.4771611721611713,0.16333333333333333,-2.3594627594627595,-5.279774114774114,0.6373412698412698,-1.7405372405372406,-4.358788156288156,0.7313156288156285
4,2,2,cnf&mrg|ovl&tzi,1,0,66.07248960190137,2.66,56.90996873496873,45.33333333333333,2.7133333333333334,252,0.14664224664224668,-2.0645329670329673,2.2448717948717944,0.2,-2.3628815628815634,-4.879239926739927,0.08365689865689828,-1.7439560439560435,-4.000006105006106,0.3651862026862025
4,2,3,cnf&gap&tzi|mrg,1,0,63.072489601901374,2.34,56.905451030451026,45.666666666666664,2.42,261,0.14212454212454229,-2.4167032967032966,2.363021978021977,-0.09333333333333334,-2.367399267399267,-5.486773504273504,0.5909584859584858,-1.7484737484737487,-4.413803418803418,0.7463644688644686
4,2,2,as&tzi|gap&ovl,0,1,66.07248960190137,3.38,56.905206830206836,44.666666666666664,3.1266666666666665,199,0.14188034188034196,-2.372588522588522,2.594212454212454,0.6133333333333333,-2.3676434676434677,-4.861547619047619,0.24273809523809448,-1.7487179487179487,-4.4766117216117225,0.8279304029304028
3,2,2,as|mrg&tzi,1,1,65.07248960190137,2.32,56.89885762385762,44.666666666666664,2.2866666666666666,298,0.13553113553113552,-0.402930402930403,1.0,-0.22666666666666666,-2.3739926739926744,-5.007326007326007,0.39226190476190326,-1.755067155067155,-4.177872405372405,0.6794108669108667
4,2,3,as|gap&mrg&tzi,1,1,65.07248960190137,2.33,56.89885762385762,44.666666666666664,2.2866666666666666,298,0.13553113553113552,-0.402930402930403,1.0,-0.22666666666666666,-2.3739926739926744,-5.007326007326007,0.39226190476190326,-1.755067155067155,-4.177872405372405,0.6794108669108667
3,2,2,as&mrg|cnf,1,1,64.4058229352347,2.29,56.872117697117694,45.33333333333333,2.3266666666666667,287,0.10879120879120877,-2.1987484737484735,2.5177503052503045,-0.18666666666666668,-2.4007326007326006,-5.474090354090352,0.7060775335775336,-1.7818070818070817,-4.680326617826617,1.0412362637362627
4,2,3,as&mrg&tzi|cnf,1,1,64.4058229352347,2.32,56.872117697117694,45.33333333333333,2.3566666666666665,281,0.10879120879120877,-2.1987484737484735,2.5177503052503045,-0.15666666666666668,-2.4007326007326006,-5.474090354090352,0.7060775335775336,-1.7818070818070817,-4.680326617826617,1.0412362637362627
4,2,3,as&gap&mrg|cnf,1,1,64.4058229352347,2.32,56.872117697117694,45.33333333333333,2.3566666666666665,281,0.10879120879120877,-2.1987484737484735,2.5177503052503045,-0.15666666666666668,-2.4007326007326006,-5.474090354090352,0.7060775335775336,-1.7818070818070817,-4.680326617826617,1.0412362637362627
5,2,4,as&gap&mrg&tzi|cnf,1,1,64.4058229352347,2.32,56.872117697117694,45.33333333333333,2.3566666666666665,281,0.10879120879120877,-2.1987484737484735,2.5177503052503045,-0.15666666666666668,-2.4007326007326006,-5.474090354090352,0.7060775335775336,-1.7818070818070817,-4.680326617826617,1.0412362637362627
5,3,2,as&tzi|cnf&mrg|ovl,1,1,64.07248960190137,2.12,56.84330206830206,45.0,2.23,290,0.07997557997557998,-2.340873015873015,2.30776862026862,-0.2833333333333333,-2.42954822954823,-5.061016483516483,0.09231684981684964,-1.8106227106227106,-4.451535409035409,0.3514774114774112
6,3,3,as&gap&tzi|cnf&mrg|ovl,1,1,64.07248960190137,2.12,56.84330206830206,45.0,2.2333333333333334,290,0.07997557997557998,-2.340873015873015,2.30776862026862,-0.28,-2.42954822954823,-5.061016483516483,0.09231684981684964,-1.8106227106227106,-4.451535409035409,0.3514774114774112
6,3,3,as&gap&ovl|cnf|mrg&tzi,1,1,64.4058229352347,2.14,56.82767325267325,45.33333333333333,2.16,286,0.06434676434676442,-1.9859890109890108,2.0924358974358968,-0.35333333333333333,-2.4451770451770454,-5.351971916971918,0.4689285714285695,-1.8262515262515262,-4.668910256410257,0.9667582417582414
4,2,2,cnf&tzi|mrg&ovl,1,0,65.07248960190137,2.84,56.81338753838753,45.33333333333333,2.776666666666667,247,0.05006105006105018,-2.2710653235653235,2.252698412698412,0.2633333333333333,-2.4594627594627596,-5.3431471306471305,0.49378510378510276,-1.8405372405372407,-4.460039682539682,0.7151984126984112
5,3,2,as|cnf&ovl|mrg&tzi,1,1,65.07248960190137,2.12,56.7766354016354,44.666666666666664,2.1166666666666667,298,0.013308913308913336,-1.4238980463980462,1.505873015873015,-0.39666666666666667,-2.4962148962148962,-5.235897435897436,0.2659920634920633,-1.8772893772893773,-4.681626984126984,0.7256684981684983
6,3,3,as|cnf&ovl|gap&mrg&tzi,1,1,65.07248960190137,2.12,56.7766354016354,44.666666666666664,2.1166666666666667,298,0.013308913308913336,-1.4238980463980462,1.505873015873015,-0.39666666666666667,-2.4962148962148962,-5.235897435897436,0.2659920634920633,-1.8772893772893773,-4.681626984126984,0.7256684981684983
3,2,2,as|cnf&ovl,0,1,67.07248960190137,2.22,56.7766354016354,44.666666666666664,2.276666666666667,297,0.013308913308913336,-1.4238980463980462,1.505873015873015,-0.23666666666666666,-2.4962148962148962,-5.235897435897436,0.2659920634920633,-1.8772893772893773,-4.681626984126984,0.7256684981684983
4,2,3,as&cnf&tzi|ovl,0,1,65.07248960190137,2.41,56.7766354016354,45.33333333333333,2.45,280,0.013308913308913298,-2.514017094017094,2.3091025641025635,-0.06333333333333334,-2.4962148962148962,-5.125882173382173,0.013141025641024057,-1.8772893772893773,-4.572408424908424,0.28421245421245384
5,2,4,as&cnf&gap&tzi|ovl,0,1,65.07248960190137,2.43,56.7766354016354,45.33333333333333,2.4566666666666666,280,0.013308913308913298,-2.514017094017094,2.3091025641025635,-0.056666666666666664,-2.4962148962148962,-5.125882173382173,0.013141025641024057,-1.8772893772893773,-4.572408424908424,0.28421245421245384
5,2,3,as&cnf&gap|ovl&tzi,0,1,66.07248960190137,3.4,56.771873496873496,44.666666666666664,3.1933333333333334,198,0.008547008547008628,-2.4581746031746032,2.331071428571428,0.68,-2.500976800976801,-5.037509157509157,-0.015222832722832702,-1.8820512820512822,-4.5773748473748475,0.8161813186813184
4,2,2,cnf&tzi|gap&mrg,1,0,64.07248960190137,3.26,56.76735579235579,45.0,3.0766666666666667,191,0.004029304029304201,-2.730372405372405,2.410213675213674,0.5633333333333334,-2.505494505494505,-5.653605006105007,0.4834920634920638,-1.8865689865689865,-4.834404761904762,0.9719688644688643
1,1,1,as,0,1,67.07248960190137,2.5,56.76332648832649,44.333333333333336,2.513333333333333,296,0.0,0.0,0.0,0.0,-2.5095238095238095,-5.144523809523808,0.18119047619047599,-1.8905982905982908,-4.206791819291818,0.3601098901098899
4,2,2,as&mrg|cnf&tzi,1,1,65.07248960190137,2.73,56.74672087172087,45.0,2.7666666666666666,254,-0.016605616605616474,-2.2161721611721608,2.099413919413919,0.25333333333333335,-2.5261294261294265,-5.3736446886446885,0.4261568986568985,-1.907203907203907,-4.501303418803418,0.6405891330891329
6,3,3,as&tzi|cnf&gap&mrg|ovl,1,1,64.07248960190137,2.26,56.74330206830208,45.0,2.31,288,-0.020024420024420026,-2.5286904761904765,2.204459706959707,-0.20333333333333334,-2.5295482295482294,-5.122405372405373,-0.020192307692309307,-1.9106227106227103,-4.685506715506715,0.24956959706959672
3,2,2,as&tzi|ovl,0,1,65.07248960190137,2.35,56.74330206830208,45.0,2.3833333333333333,284,-0.020024420024420026,-2.5286904761904765,2.204459706959707,-0.13,-2.5295482295482294,-5.122405372405373,-0.020192307692309307,-1.9106227106227103,-4.685506715506715,0.24956959706959672
4,2,3,as&gap&tzi|ovl,0,1,65.07248960190137,2.37,56.74330206830208,45.0,2.39,284,-0.020024420024420026,-2.5286904761904765,2.204459706959707,-0.12333333333333334,-2.5295482295482294,-5.122405372405373,-0.020192307692309307,-1.9106227106227103,-4.685506715506715,0.24956959706959672
3,2,2,cnf&gap|mrg,1,0,63.072489601901374,2.31,56.73878436378437,45.666666666666664,2.34,268,-0.024542124542124382,-2.5305341880341876,2.2541086691086694,-0.17333333333333334,-2.534065934065934,-5.659954212454213,0.4433699633699635,-1.9151404151404154,-4.579374236874236,0.6090598290598294
4,2,2,as&gap|ovl&tzi,0,1,66.07248960190137,3.32,56.738540163540165,44.333333333333336,3.1033333333333335,204,-0.0247863247863247,-2.4206593406593404,2.294102564102564,0.59,-2.534310134310134,-4.989722222222222,-0.1120482295482297,-1.9153846153846157,-4.671376678876679,0.7706471306471304
3,2,2,gap&ovl|mrg,1,0,64.07248960190137,2.32,56.735365560365544,45.666666666666664,2.4033333333333333,267,-0.027960927960927896,-2.5693589743589746,2.305228937728937,-0.11,-2.5374847374847374,-5.139087301587302,0.17900793650793662,-1.9185592185592186,-4.210873015873016,0.22627899877899776
5,2,3,as&gap&ovl|cnf&tzi,0,1,66.07248960190137,3.38,56.730847855847855,44.666666666666664,3.24,192,-0.03247863247863236,-2.5457112332112333,2.310888278388278,0.7266666666666667,-2.542002442002442,-5.31062271062271,0.08025946275946248,-1.9230769230769231,-4.815320512820513,0.8872222222222212
6,3,2,as&tzi|cnf&mrg|gap&ovl,1,1,65.07248960190137,2.49,56.70996873496873,45.0,2.4833333333333334,268,-0.05335775335775332,-2.3372863247863247,2.108809523809523,-0.03,-2.5628815628815635,-5.155897435897436,0.07849206349206286,-1.9439560439560437,-4.4005280830280835,0.2354487179487177
2,2,1,cnf|mrg,1,0,62.4058229352347,2.07,56.697514522514524,45.666666666666664,2.0933333333333333,289,-0.06581196581196576,-2.4682020757020755,2.3374206349206355,-0.42,-2.575335775335775,-5.660494505494506,0.6281898656898655,-1.9564102564102566,-4.858882783882783,0.9051495726495702
3,2,2,cnf|gap&mrg,1,0,63.40582293523469,2.2,56.697514522514524,45.666666666666664,2.1966666666666668,283,-0.06581196581196576,-2.4682020757020755,2.3374206349206355,-0.31666666666666665,-2.575335775335775,-5.660494505494506,0.6281898656898655,-1.9564102564102566,-4.858882783882783,0.9051495726495702
4,2,2,as&gap|cnf&tzi,0,1,66.07248960190137,3.26,56.697514522514524,44.333333333333336,3.1,204,-0.06581196581196565,-2.5328540903540904,2.3072374847374846,0.5866666666666667,-2.575335775335775,-5.422338217338217,0.02473748473748477,-1.9564102564102566,-4.901178266178266,0.8532539682539678
4,2,3,as&gap&ovl|cnf,0,1,65.4058229352347,2.27,56.66100658600659,45.33333333333333,2.3233333333333333,284,-0.10231990231990226,-2.3296459096459095,2.0453724053724045,-0.19,-2.611843711843712,-5.416385836385836,0.2599389499389495,-1.992918192918193,-4.817298534798534,0.7068803418803418
4,2,3,as&ovl&tzi|cnf,0,1,65.4058229352347,2.29,56.66100658600659,45.33333333333333,2.3366666666666664,283,-0.10231990231990226,-2.3296459096459095,2.0453724053724045,-0.17666666666666667,-2.611843711843712,-5.416385836385836,0.2599389499389495,-1.992918192918193,-4.817298534798534,0.7068803418803418
5,2,4,as&gap&ovl&tzi|cnf,0,1,65.4058229352347,2.29,56.66100658600659,45.33333333333333,2.3366666666666664,283,-0.10231990231990226,-2.3296459096459095,2.0453724053724045,-0.17666666666666667,-2.611843711843712,-5.416385836385836,0.2599389499389495,-1.992918192918193,-4.817298534798534,0.7068803418803418
5,3,2,as&gap|cnf|mrg&ovl,1,1,65.4058229352347,2.19,56.62767325267326,45.0,2.1933333333333334,293,-0.13565323565323562,-2.3092918192918197,2.0590384615384614,-0.32,-2.645177045177045,-5.421138583638584,0.2151709401709398,-2.026251526251526,-4.883217338217339,0.6998137973137972
5,3,2,as&tzi|cnf|mrg&ovl,1,1,65.4058229352347,2.21,56.62767325267326,45.0,2.21,292,-0.13565323565323562,-2.3092918192918197,2.0590384615384614,-0.30333333333333334,-2.645177045177045,-5.421138583638584,0.2151709401709398,-2.026251526251526,-4.883217338217339,0.6998137973137972
6,3,3,as&gap&tzi|cnf|mrg&ovl,1,1,65.4058229352347,2.21,56.62767325267326,45.0,2.21,292,-0.13565323565323562,-2.3092918192918197,2.0590384615384614,-0.30333333333333334,-2.645177045177045,-5.421138583638584,0.2151709401709398,-2.026251526251526,-4.883217338217339,0.6998137973137972
6,3,3,as&gap|cnf|mrg&ovl&tzi,1,1,65.4058229352347,2.22,56.62767325267326,45.0,2.2266666666666666,289,-0.13565323565323562,-2.3092918192918197,2.0590384615384614,-0.2866666666666667,-2.645177045177045,-5.421138583638584,0.2151709401709398,-2.026251526251526,-4.883217338217339,0.6998137973137972
6,3,3,as&tzi|cnf|gap&mrg&ovl,1,1,65.4058229352347,2.24,56.62767325267326,45.0,2.243333333333333,288,-0.13565323565323562,-2.3092918192918197,2.0590384615384614,-0.27,-2.645177045177045,-5.421138583638584,0.2151709401709398,-2.026251526251526,-4.883217338217339,0.6998137973137972
3,2,2,as&gap|cnf,0,1,65.4058229352347,2.22,56.62767325267326,45.0,2.2466666666666666,289,-0.13565323565323562,-2.3092918192918197,2.0590384615384614,-0.26666666666666666,-2.645177045177045,-5.421138583638584,0.2151709401709398,-2.026251526251526,-4.883217338217339,0.6998137973137972
3,2,2,as&tzi|cnf,0,1,65.4058229352347,2.24,56.62767325267326,45.0,2.263333333333333,288,-0.13565323565323562,-2.3092918192918197,2.0590384615384614,-0.25,-2.645177045177045,-5.421138583638584,0.2151709401709398,-2.026251526251526,-4.883217338217339,0.6998137973137972
4,2,3,as&gap&tzi|cnf,0,1,65.4058229352347,2.24,56.62767325267326,45.0,2.263333333333333,288,-0.13565323565323562,-2.3092918192918197,2.0590384615384614,-0.25,-2.645177045177045,-5.421138583638584,0.2151709401709398,-2.026251526251526,-4.883217338217339,0.6998137973137972
4,2,3,as|cnf&ovl&tzi,0,1,67.07248960190137,2.36,56.60996873496873,44.333333333333336,2.39,297,-0.1533577533577533,-1.4115079365079362,1.1048168498168498,-0.12333333333333334,-2.6628815628815627,-5.536080586080586,0.23718253968253952,-2.043956043956044,-4.71268315018315,0.5472283272283267
5,2,4,as|cnf&gap&ovl&tzi,0,1,67.07248960190137,2.37,56.60996873496873,44.333333333333336,2.3933333333333335,297,-0.1533577533577533,-1.4115079365079362,1.1048168498168498,-0.12,-2.6628815628815627,-5.536080586080586,0.23718253968253952,-2.043956043956044,-4.71268315018315,0.5472283272283267
3,2,2,cnf&tzi|mrg,1,0,63.072489601901374,2.34,56.5721176971177,45.33333333333333,2.4033333333333333,262,-0.19120879120879106,-2.604908424908425,1.9800305250305252,-0.11,-2.7007326007326005,-5.679322344322345,0.26275335775335756,-2.081807081807082,-4.769172771672771,0.5443376068376069
4,2,3,gap&ovl&tzi|mrg,1,0,64.07248960190137,2.37,56.56869889369889,45.33333333333333,2.466666666666667,260,-0.19462759462759457,-2.66473137973138,2.087063492063492,-0.04666666666666667,-2.7041514041514043,-5.280470085470085,-0.0903266178266179,-2.0852258852258854,-4.311712454212453,0.02933760683760656
3,2,2,as|cnf&mrg,1,1,66.07248960190137,2.26,56.565524290524294,44.333333333333336,2.3233333333333333,299,-0.1978021978021978,-1.2607142857142857,0.8023809523809523,-0.19,-2.7073260073260075,-5.138333333333333,-0.007326007326007517,-2.088400488400488,-4.526651404151403,0.2623168498168487
4,2,3,as|cnf&gap&mrg,1,1,66.07248960190137,2.41,56.565524290524294,44.333333333333336,2.3966666666666665,298,-0.1978021978021978,-1.2607142857142857,0.8023809523809523,-0.11666666666666667,-2.7073260073260075,-5.138333333333333,-0.007326007326007517,-2.088400488400488,-4.526651404151403,0.2623168498168487
4,2,3,as|cnf&mrg&tzi,1,1,66.07248960190137,2.41,56.565524290524294,44.333333333333336,2.4166666666666665,298,-0.1978021978021978,-1.2607142857142857,0.8023809523809523,-0.09666666666666666,-2.7073260073260075,-5.138333333333333,-0.007326007326007517,-2.088400488400488,-4.526651404151403,0.2623168498168487
5,2,4,as|cnf&gap&mrg&tzi,1,1,66.07248960190137,2.42,56.565524290524294,44.333333333333336,2.4166666666666665,298,-0.1978021978021978,-1.2607142857142857,0.8023809523809523,-0.09666666666666666,-2.7073260073260075,-5.138333333333333,-0.007326007326007517,-2.088400488400488,-4.526651404151403,0.2623168498168487
5,2,3,as&ovl&tzi|cnf&gap,0,1,66.07248960190137,3.35,56.564181189181184,44.666666666666664,3.1466666666666665,198,-0.19914529914529905,-2.743867521367522,2.1652838827838825,0.6333333333333333,-2.7086691086691084,-5.413730158730159,-0.11712759462759459,-2.08974358974359,-5.019468864468864,0.7653144078144072
6,3,2,as&gap|cnf&mrg|ovl&tzi,1,1,65.07248960190137,2.49,56.54330206830207,44.666666666666664,2.4833333333333334,269,-0.22002442002441996,-2.3368192918192916,1.7802136752136752,-0.03,-2.7295482295482296,-5.332103174603174,-0.3081746031746045,-2.1106227106227102,-4.551492673992675,0.09813797313797219
2,2,1,mrg|ovl,1,0,64.07248960190137,1.99,56.535365560365555,45.33333333333333,2.18,285,-0.2279609279609279,-2.770351037851038,2.2475946275946264,-0.3333333333333333,-2.737484737484737,-5.183928571428571,-0.05523809523809562,-2.118559218559218,-4.588373015873016,0.11597985347985323
4,2,2,as&tzi|cnf&gap,0,1,66.07248960190137,3.28,56.53084785584785,44.333333333333336,3.066666666666667,203,-0.23247863247863235,-2.750653235653236,2.1650946275946272,0.5533333333333333,-2.7420024420024425,-5.477997557997558,-0.1031349206349209,-2.1230769230769235,-5.078076923076924,0.698369963369962
5,3,2,as&gap|cnf&mrg|ovl,1,1,64.07248960190137,2.12,56.50996873496873,44.666666666666664,2.216666666666667,291,-0.25335775335775335,-2.5448504273504273,1.8978327228327225,-0.2966666666666667,-2.7628815628815633,-5.302365689865689,-0.30234126984126997,-2.1439560439560434,-4.78454822954823,0.1267002442002441
4,2,2,as&cnf|ovl&tzi,0,1,66.07248960190137,2.55,56.481397306397305,45.0,2.57,275,-0.2819291819291819,-2.39504884004884,1.6537362637362643,0.056666666666666664,-2.7914529914529917,-5.6029365079365085,-0.16000915750915767,-2.1725274725274724,-4.721660561660562,0.36923992673992595
5,2,3,as&cnf|gap&ovl&tzi,0,1,66.07248960190137,2.56,56.481397306397305,45.0,2.5733333333333333,275,-0.2819291819291819,-2.39504884004884,1.6537362637362643,0.06,-2.7914529914529917,-5.6029365079365085,-0.16000915750915767,-2.1725274725274724,-4.721660561660562,0.36923992673992595
4,3,2,as&gap|cnf|mrg,1,1,63.40582293523469,1.97,56.45307007807009,45.33333333333333,2.0,295,-0.3102564102564102,-2.5251404151404153,1.7671947496947493,-0.5133333333333333,-2.81978021978022,-5.705860805860806,0.22596764346764364,-2.2008547008547006,-5.143055555555556,0.6570268620268622
4,3,2,as&tzi|cnf|mrg,1,1,63.40582293523469,1.99,56.45307007807009,45.33333333333333,2.0166666666666666,294,-0.3102564102564102,-2.5251404151404153,1.7671947496947493,-0.49666666666666665,-2.81978021978022,-5.705860805860806,0.22596764346764364,-2.2008547008547006,-5.143055555555556,0.6570268620268622
5,3,3,as&gap&tzi|cnf|mrg,1,1,63.40582293523469,1.99,56.45307007807009,45.33333333333333,2.0166666666666666,294,-0.3102564102564102,-2.5251404151404153,1.7671947496947493,-0.49666666666666665,-2.81978021978022,-5.705860805860806,0.22596764346764364,-2.2008547008547006,-5.143055555555556,0.6570268620268622
5,3,2,as&tzi|cnf|gap&mrg,1,1,64.4058229352347,2.12,56.45307007807009,45.33333333333333,2.12,288,-0.3102564102564102,-2.5251404151404153,1.7671947496947493,-0.3933333333333333,-2.81978021978022,-5.705860805860806,0.22596764346764364,-2.2008547008547006,-5.143055555555556,0.6570268620268622
6,3,3,as|cnf&gap&ovl|mrg&tzi,1,1,65.07248960190137,2.26,56.44330206830207,44.333333333333336,2.2066666666666666,298,-0.32002442002442,-1.5940476190476192,0.9781105006105005,-0.30666666666666664,-2.8295482295482297,-5.689905372405373,0.006871184371183808,-2.2106227106227108,-4.893171550671551,0.24511904761904704
4,2,3,as|cnf&gap&ovl,0,1,67.07248960190137,2.37,56.44330206830207,44.333333333333336,2.3666666666666667,297,-0.32002442002442,-1.5940476190476192,0.9781105006105005,-0.14666666666666667,-2.8295482295482297,-5.689905372405373,0.006871184371183808,-2.2106227106227108,-4.893171550671551,0.24511904761904704
4,2,3,as&cnf&gap|ovl,0,1,65.07248960190137,2.36,56.44330206830207,45.0,2.4066666666666667,285,-0.32002442002442,-2.801532356532357,1.797698412698412,-0.10666666666666667,-2.8295482295482297,-5.405103785103785,-0.4706593406593413,-2.2106227106227108,-4.907356532356532,0.0634218559218558
3,2,2,gap&mrg|ovl,1,0,64.07248960190137,2.24,56.43536556036556,45.33333333333333,2.3266666666666667,282,-0.327960927960928,-2.9259615384615385,2.2137851037851037,-0.18666666666666668,-2.837484737484737,-5.350976800976801,-0.10983516483516549,-2.2185592185592187,-4.783684371184371,0.11025335775335773
4,2,2,gap&mrg|ovl&tzi,1,0,65.07248960190137,3.31,56.43060365560366,44.666666666666664,3.13,190,-0.33272283272283265,-2.9571825396825395,2.168968253968254,0.6166666666666667,-2.8422466422466424,-5.25361111111111,-0.3036599511599521,-2.2233211233211234,-4.908015873015873,0.4739835164835159
5,3,2,as&gap|mrg&tzi|ovl,1,1,63.072489601901374,2.18,56.40996873496874,44.666666666666664,2.203333333333333,289,-0.35335775335775327,-2.7438980463980465,1.7666666666666668,-0.31,-2.8628815628815625,-5.395595238095239,-0.4602625152625155,-2.2439560439560435,-5.029826007326007,0.066163003663003
6,3,3,as&gap|cnf&mrg&tzi|ovl,1,1,64.07248960190137,2.27,56.40996873496874,44.666666666666664,2.3066666666666666,289,-0.35335775335775327,-2.7438980463980465,1.7666666666666668,-0.20666666666666667,-2.8628815628815625,-5.395595238095239,-0.4602625152625155,-2.2439560439560435,-5.029826007326007,0.066163003663003
3,2,2,as&gap|ovl,0,1,65.07248960190137,2.3,56.40996873496874,44.666666666666664,2.3366666666666664,289,-0.35335775335775327,-2.7438980463980465,1.7666666666666668,-0.17666666666666667,-2.8628815628815625,-5.395595238095239,-0.4602625152625155,-2.2439560439560435,-5.029826007326007,0.066163003663003
6,3,2,as&gap|cnf&tzi|mrg&ovl,1,1,66.07248960190137,2.6,56.40227642727643,44.666666666666664,2.5633333333333335,267,-0.361050061050061,-2.5572863247863244,1.658974358974359,0.05,-2.8705738705738706,-5.71639194139194,-0.14646825396825439,-2.2516483516483516,-4.923553113553114,0.21616300366300356
2,2,1,as|mrg,1,1,64.07248960190137,2.04,56.390921115921124,44.666666666666664,2.11,299,-0.37240537240537236,-1.397008547008547,0.6666666666666667,-0.4033333333333333,-2.881929181929182,-5.552533577533579,-0.07649267399267404,-2.263003663003663,-4.773021978021978,0.1636141636141636
3,2,2,as|gap&mrg,1,1,65.07248960190137,2.29,56.390921115921124,44.666666666666664,2.2466666666666666,298,-0.37240537240537236,-1.397008547008547,0.6666666666666667,-0.26666666666666666,-2.881929181929182,-5.552533577533579,-0.07649267399267404,-2.263003663003663,-4.773021978021978,0.1636141636141636
6,3,2,as&ovl|cnf&gap|mrg&tzi,1,1,65.07248960190137,2.4,56.36894309394309,44.666666666666664,2.3966666666666665,279,-0.3943833943833944,-2.411605616605616,1.4577838827838827,-0.11666666666666667,-2.903907203907204,-5.941413308913308,-0.15473137973138013,-2.284981684981685,-5.107841880341881,0.3796825396825397
4,2,2,as&ovl|cnf&tzi,0,1,66.07248960190137,2.61,56.36894309394309,44.666666666666664,2.67,270,-0.3943833943833944,-2.576950549450549,1.4593803418803417,0.15666666666666668,-2.903907203907204,-5.792994505494504,-0.25834249084249106,-2.284981684981685,-4.9826465201465195,0.38018315018314974
5,2,3,as&ovl|cnf&gap&tzi,0,1,66.07248960190137,2.64,56.36894309394309,44.666666666666664,2.68,270,-0.3943833943833944,-2.576950549450549,1.4593803418803417,0.16666666666666666,-2.903907203907204,-5.792994505494504,-0.25834249084249106,-2.284981684981685,-4.9826465201465195,0.38018315018314974
4,3,2,as&tzi|mrg|ovl,1,1,63.072489601901374,1.91,56.33536556036556,45.0,2.046666666666667,291,-0.42796092796092794,-2.9395634920634914,1.9064682539682534,-0.4666666666666667,-2.9374847374847377,-5.530231990231991,-0.2630555555555556,-2.3185592185592183,-4.912695360195359,-0.04292429792429912
5,3,3,as&gap&tzi|mrg|ovl,1,1,63.072489601901374,1.91,56.33536556036556,45.0,2.05,291,-0.42796092796092794,-2.9395634920634914,1.9064682539682534,-0.4633333333333333,-2.9374847374847377,-5.530231990231991,-0.2630555555555556,-2.3185592185592183,-4.912695360195359,-0.04292429792429912
5,3,2,as&gap|cnf&tzi|mrg,1,1,64.07248960190137,2.21,56.32767325267325,45.0,2.26,275,-0.43565323565323555,-2.6565140415140407,1.4983333333333324,-0.25333333333333335,-2.9451770451770454,-5.882185592185591,-0.06480158730158732,-2.326251526251526,-5.085347985347985,0.12285714285714289
5,3,3,as&gap&ovl|cnf|mrg,1,1,63.40582293523469,1.98,56.31973674473674,45.33333333333333,2.04,292,-0.44358974358974346,-2.6951648351648343,1.6354365079365076,-0.47333333333333333,-2.9531135531135533,-5.893202075702074,0.09687118437118354,-2.334188034188034,-5.210637973137974,0.5345512820512808
5,3,3,as&ovl&tzi|cnf|mrg,1,1,63.40582293523469,2.0,56.31973674473674,45.33333333333333,2.0533333333333332,291,-0.44358974358974346,-2.6951648351648343,1.6354365079365076,-0.46,-2.9531135531135533,-5.893202075702074,0.09687118437118354,-2.334188034188034,-5.210637973137974,0.5345512820512808
6,3,4,as&gap&ovl&tzi|cnf|mrg,1,1,63.40582293523469,2.0,56.31973674473674,45.33333333333333,2.0533333333333332,291,-0.44358974358974346,-2.6951648351648343,1.6354365079365076,-0.46,-2.9531135531135533,-5.893202075702074,0.09687118437118354,-2.334188034188034,-5.210637973137974,0.5345512820512808
6,3,3,as&ovl&tzi|cnf|gap&mrg,1,1,64.4058229352347,2.13,56.31973674473674,45.33333333333333,2.1566666666666667,285,-0.44358974358974346,-2.6951648351648343,1.6354365079365076,-0.3566666666666667,-2.9531135531135533,-5.893202075702074,0.09687118437118354,-2.334188034188034,-5.210637973137974,0.5345512820512808
4,2,2,as&cnf|gap&ovl,0,1,66.07248960190137,2.54,56.314730639730634,45.0,2.526666666666667,277,-0.4485958485958485,-2.5397313797313794,1.4923412698412697,0.013333333333333334,-2.9581196581196583,-5.661492673992674,-0.357032967032968,-2.3391941391941393,-4.879209401709401,0.2971428571428567
4,2,2,cnf&tzi|gap&ovl,0,0,65.07248960190137,3.37,56.29751452251451,44.666666666666664,3.1333333333333333,195,-0.4658119658119658,-3.285775335775335,2.111275946275946,0.62,-2.9753357753357754,-5.729981684981685,-0.2883272283272287,-2.3564102564102565,-5.259780219780221,0.3789285714285707
6,3,3,as&cnf&gap|mrg&tzi|ovl,1,1,63.072489601901374,2.2,56.2766354016354,44.666666666666664,2.243333333333333,287,-0.4866910866910866,-2.88034188034188,1.6344444444444435,-0.27,-2.9962148962148962,-5.529175824175825,-0.5898412698412714,-2.377289377289377,-5.149111721611722,0.02222222222222222
4,3,2,as|cnf&ovl|mrg,1,1,64.07248960190137,1.96,56.26869889369889,44.666666666666664,2.013333333333333,299,-0.4946275946275945,-2.0712148962148955,1.1111111111111112,-0.5,-3.004151404151404,-5.885222832722832,-0.15554029304029335,-2.385225885225885,-5.2281105006105,0.338031135531135
5,3,2,as|cnf&ovl|gap&mrg,1,1,65.07248960190137,2.08,56.26869889369889,44.666666666666664,2.09,298,-0.4946275946275945,-2.0712148962148955,1.1111111111111112,-0.42333333333333334,-3.004151404151404,-5.885222832722832,-0.15554029304029335,-2.385225885225885,-5.2281105006105,0.338031135531135
6,3,2,as&tzi|cnf&gap|mrg&ovl,1,1,66.07248960190137,2.61,56.23560976060976,44.666666666666664,2.54,266,-0.5277167277167277,-2.7239529914529914,1.4343253968253966,0.02666666666666667,-3.037240537240537,-5.808559218559218,-0.357008547008548,-2.418315018315018,-5.10291514041514,0.06346459096459088
5,3,2,as&tzi|gap&mrg|ovl,1,1,63.072489601901374,2.14,56.23536556036556,45.0,2.19,288,-0.5279609279609279,-3.0715170940170937,1.7755708180708178,-0.3233333333333333,-3.0374847374847374,-5.6729609279609265,-0.3930097680097685,-2.4185592185592184,-5.147542735042736,-0.08569902319902317
3,2,2,mrg|ovl&tzi,1,0,64.07248960190137,2.37,56.235365560365544,45.0,2.453333333333333,261,-0.527960927960928,-2.8712148962148962,1.6182295482295481,-0.06,-3.0374847374847374,-5.504905372405371,-0.5091269841269844,-2.418559218559219,-4.866996336996337,-0.10793345543345564
3,2,2,as&cnf|ovl,0,1,65.07248960190137,2.2,56.20996873496874,44.666666666666664,2.276666666666667,292,-0.5533577533577533,-2.8466269841269836,1.4779914529914528,-0.23666666666666666,-3.062881562881563,-5.762072649572649,-0.6966269841269856,-2.4439560439560437,-5.084758852258853,-0.11419719169719286
4,2,2,as&ovl|cnf&gap,0,1,66.07248960190137,2.56,56.20227642727642,44.666666666666664,2.5633333333333335,277,-0.561050061050061,-2.7547741147741154,1.3863492063492064,0.05,-3.0705738705738703,-5.951956654456654,-0.5168589743589752,-2.4516483516483514,-5.236724664224663,0.202811355311354
5,3,3,as&cnf&tzi|mrg|ovl,1,1,63.072489601901374,1.93,56.20203222703223,45.0,2.0833333333333335,289,-0.5612942612942613,-3.072945665445665,1.8005067155067154,-0.43,-3.0708180708180706,-5.691507936507936,-0.38811965811965893,-2.4518925518925516,-5.095912698412698,-0.11849816849816898
6,3,4,as&cnf&gap&tzi|mrg|ovl,1,1,63.072489601901374,1.93,56.20203222703223,45.0,2.0866666666666664,289,-0.5612942612942613,-3.072945665445665,1.8005067155067154,-0.4266666666666667,-3.0708180708180706,-5.691507936507936,-0.38811965811965893,-2.4518925518925516,-5.095912698412698,-0.11849816849816898
5,3,2,as&tzi|gap&ovl|mrg,1,1,63.072489601901374,2.24,56.20203222703223,45.0,2.26,274,-0.5612942612942613,-2.9319139194139194,1.6255708180708175,-0.25333333333333335,-3.070818070818071,-5.6383821733821735,-0.4300641025641026,-2.4518925518925516,-5.0070512820512825,-0.12984737484737507
6,3,3,as&gap&ovl|cnf&tzi|mrg,1,1,64.07248960190137,2.22,56.19433991933992,45.0,2.32,270,-0.5689865689865689,-2.7690048840048833,1.40037851037851,-0.19333333333333333,-3.0785103785103782,-6.059246031746031,-0.2545512820512827,-2.4595848595848593,-5.216306471306471,-0.001394993894993842
5,3,2,as&ovl|cnf|mrg&tzi,1,1,64.4058229352347,2.08,56.16100658600659,44.666666666666664,2.0733333333333333,294,-0.6023199023199023,-2.4006959706959705,1.2589896214896215,-0.44,-3.1118437118437114,-6.116251526251525,-0.1501190476190486,-2.492918192918193,-5.179639804639805,0.30688034188034036
6,3,3,as&ovl|cnf|gap&mrg&tzi,1,1,64.4058229352347,2.08,56.16100658600659,44.666666666666664,2.0733333333333333,294,-0.6023199023199023,-2.4006959706959705,1.2589896214896215,-0.44,-3.1118437118437114,-6.116251526251525,-0.1501190476190486,-2.492918192918193,-5.179639804639805,0.30688034188034036
5,3,2,as&tzi|cnf&gap|mrg,1,1,64.07248960190137,2.23,56.16100658600658,45.0,2.25,274,-0.6023199023199023,-2.8656593406593407,1.4061172161172157,-0.2633333333333333,-3.111843711843712,-6.075042735042734,-0.20412087912087903,-2.492918192918193,-5.27608669108669,0.030329670329670218
6,3,2,as&cnf|gap&ovl|mrg&tzi,1,1,64.07248960190137,2.39,56.14806397306398,44.666666666666664,2.3666666666666667,279,-0.6152625152625152,-2.702612942612942,1.3204029304029303,-0.14666666666666667,-3.124786324786325,-5.7995238095238095,-0.5852625152625166,-2.505860805860806,-5.046810134310134,0.07164224664224597
3,2,2,cnf&tzi|ovl,0,0,64.07248960190137,2.35,56.13560976060976,45.0,2.3933333333333335,280,-0.6277167277167278,-3.267472527472527,1.6999999999999997,-0.12,-3.1372405372405376,-5.896764346764346,-0.4645879120879125,-2.5183150183150182,-5.306501831501831,-0.16123015873015933
4,2,3,cnf&gap&tzi|ovl,0,0,64.07248960190137,2.37,56.13560976060976,45.0,2.4,280,-0.6277167277167278,-3.267472527472527,1.6999999999999997,-0.11333333333333333,-3.1372405372405376,-5.896764346764346,-0.4645879120879125,-2.5183150183150182,-5.306501831501831,-0.16123015873015933
5,3,3,as|cnf&ovl&tzi|mrg,1,1,64.07248960190137,1.98,56.102032227032225,44.333333333333336,2.0533333333333332,299,-0.6612942612942613,-2.13034188034188,0.7178876678876678,-0.46,-3.170818070818071,-6.151159951159951,-0.32843711843711976,-2.5518925518925517,-5.153382173382173,0.06146214896214873
6,3,4,as|cnf&gap&ovl&tzi|mrg,1,1,64.07248960190137,1.98,56.102032227032225,44.333333333333336,2.0566666666666666,299,-0.6612942612942613,-2.13034188034188,0.7178876678876678,-0.45666666666666667,-3.170818070818071,-6.151159951159951,-0.32843711843711976,-2.5518925518925517,-5.153382173382173,0.06146214896214873
6,3,3,as|cnf&ovl&tzi|gap&mrg,1,1,65.07248960190137,2.22,56.102032227032225,44.333333333333336,2.19,298,-0.6612942612942613,-2.13034188034188,0.7178876678876678,-0.3233333333333333,-3.170818070818071,-6.151159951159951,-0.32843711843711976,-2.5518925518925517,-5.153382173382173,0.06146214896214873
6,3,3,as&cnf&tzi|gap&mrg|ovl,1,1,63.072489601901374,2.16,56.102032227032225,45.0,2.2266666666666666,286,-0.6612942612942614,-3.2674206349206343,1.6572619047619037,-0.2866666666666667,-3.170818070818071,-5.780961538461539,-0.5332936507936509,-2.5518925518925517,-5.255711233211232,-0.21903235653235645
5,3,2,as&mrg|cnf&tzi|ovl,1,1,64.07248960190137,2.12,56.068943093943105,44.666666666666664,2.27,289,-0.6943833943833944,-3.24739010989011,1.7115934065934062,-0.24333333333333335,-3.2039072039072045,-5.913495115995116,-0.5449603174603178,-2.584981684981685,-5.226974969474969,-0.21699938949939068
6,3,3,as&mrg|cnf&gap&tzi|ovl,1,1,64.07248960190137,2.12,56.068943093943105,44.666666666666664,2.2733333333333334,289,-0.6943833943833944,-3.24739010989011,1.7115934065934062,-0.24,-3.2039072039072045,-5.913495115995116,-0.5449603174603178,-2.584981684981685,-5.226974969474969,-0.21699938949939068
6,3,3,as&cnf&tzi|gap&ovl|mrg,1,1,63.072489601901374,2.26,56.06869889369889,45.0,2.296666666666667,272,-0.6946275946275946,-3.1337545787545786,1.4982448107448096,-0.21666666666666667,-3.2041514041514043,-5.770802808302808,-0.5571275946275953,-2.5852258852258854,-5.195882173382174,-0.26527777777777783
3,2,2,cnf|gap&ovl,0,0,64.4058229352347,2.26,56.06100658600659,45.0,2.256666666666667,285,-0.7023199023199024,-3.0998778998779,1.642548840048839,-0.25666666666666665,-3.2118437118437115,-6.209829059829059,-0.5564682539682542,-2.592918192918193,-5.391855921855922,-0.006611721611722061
3,2,2,cnf|ovl&tzi,0,0,64.4058229352347,2.28,56.06100658600659,45.0,2.27,284,-0.7023199023199024,-3.0998778998779,1.642548840048839,-0.24333333333333335,-3.2118437118437115,-6.209829059829059,-0.5564682539682542,-2.592918192918193,-5.391855921855922,-0.006611721611722061
4,2,3,cnf|gap&ovl&tzi,0,0,64.4058229352347,2.28,56.06100658600659,45.0,2.27,284,-0.7023199023199024,-3.0998778998779,1.642548840048839,-0.24333333333333335,-3.2118437118437115,-6.209829059829059,-0.5564682539682542,-2.592918192918193,-5.391855921855922,-0.006611721611722061
5,3,2,as&cnf|mrg&tzi|ovl,1,1,63.072489601901374,2.06,56.04330206830207,44.333333333333336,2.1166666666666667,294,-0.7200244200244199,-2.9203021978021977,1.336309523809523,-0.39666666666666667,-3.22954822954823,-5.818650793650794,-0.7690079365079366,-2.6106227106227107,-5.2670695970695975,-0.28210927960928134
6,3,3,as&cnf|gap&mrg&tzi|ovl,1,1,63.072489601901374,2.06,56.04330206830207,44.333333333333336,2.1166666666666667,294,-0.7200244200244199,-2.9203021978021977,1.336309523809523,-0.39666666666666667,-3.22954822954823,-5.818650793650794,-0.7690079365079366,-2.6106227106227107,-5.2670695970695975,-0.28210927960928134
5,3,2,as&gap|mrg|ovl&tzi,1,1,63.072489601901374,2.24,56.035365560365555,44.666666666666664,2.256666666666667,275,-0.7279609279609278,-2.9226190476190474,1.3587606837606836,-0.25666666666666665,-3.237484737484738,-5.826611721611721,-0.6526190476190488,-2.6185592185592186,-5.20328144078144,-0.2789163614163631
5,3,2,as&gap|cnf|ovl&tzi,0,1,64.4058229352347,2.21,56.027673252673246,44.666666666666664,2.1933333333333334,289,-0.7356532356532357,-3.077011599511599,1.5647283272283268,-0.32,-3.245177045177045,-6.08546398046398,-0.4753052503052511,-2.626251526251526,-5.519307081807081,0.04290598290598234
5,3,2,as&tzi|cnf|gap&ovl,0,1,64.4058229352347,2.21,56.027673252673246,44.666666666666664,2.1966666666666668,289,-0.7356532356532357,-3.077011599511599,1.5647283272283268,-0.31666666666666665,-3.245177045177045,-6.08546398046398,-0.4753052503052511,-2.626251526251526,-5.519307081807081,0.04290598290598234
6,3,3,as&ovl&tzi|cnf&gap|mrg,1,1,64.07248960190137,2.24,56.027673252673246,45.0,2.29,271,-0.7356532356532356,-2.9989926739926736,1.249307081807081,-0.22333333333333333,-3.245177045177045,-6.157213064713064,-0.34653235653235653,-2.626251526251526,-5.381541514041514,-0.09579365079365128
6,3,2,as&ovl|cnf&tzi|gap&mrg,1,1,65.07248960190137,2.37,56.027673252673246,44.666666666666664,2.4233333333333333,277,-0.7356532356532356,-3.011858974358974,1.2727045177045175,-0.09,-3.245177045177045,-6.200766178266178,-0.43874236874237055,-2.626251526251526,-5.459987789987789,0.05736263736263717
4,3,2,as&gap|mrg|ovl,1,1,63.072489601901374,1.91,56.00203222703222,44.666666666666664,2.033333333333333,292,-0.7612942612942613,-3.1812545787545785,1.5114682539682538,-0.48,-3.270818070818071,-5.861422466422466,-0.8113095238095249,-2.651892551892552,-5.207484737484737,-0.28049450549450544
3,2,2,as&ovl|cnf,0,1,65.4058229352347,2.21,55.99433991933992,44.666666666666664,2.236666666666667,292,-0.7689865689865689,-2.7530250305250306,1.1551007326007325,-0.27666666666666667,-3.2785103785103784,-6.082319902319902,-0.4072954822954822,-2.6595848595848595,-5.364859584859585,0.11693833943833909
6,3,3,as&gap&mrg|cnf&tzi|ovl,1,1,64.07248960190137,2.24,55.96894309394309,44.666666666666664,2.33,286,-0.7943833943833946,-3.3611599511599506,1.6,-0.18333333333333332,-3.303907203907204,-6.061883394383394,-0.6475793650793654,-2.684981684981685,-5.603144078144077,-0.26664835164835227
4,2,2,cnf&gap|ovl&tzi,0,0,65.07248960190137,3.33,55.96418118918118,44.333333333333336,3.0766666666666667,199,-0.7991452991452991,-3.6186568986568983,1.6689835164835163,0.5633333333333334,-3.3086691086691085,-6.013470695970695,-0.7215750915750917,-2.6897435897435904,-5.627210012210012,0.045595238095237405
4,3,2,as|cnf|mrg&tzi,1,1,64.4058229352347,2.04,55.96100658600659,44.333333333333336,2.006666666666667,300,-0.8023199023199022,-2.538015873015873,0.9550854700854702,-0.5066666666666667,-3.311843711843712,-6.340955433455433,-0.3052228327228334,-2.692918192918193,-5.591620879120879,0.2390842490842491
5,3,3,as|cnf|gap&mrg&tzi,1,1,64.4058229352347,2.04,55.96100658600659,44.333333333333336,2.006666666666667,300,-0.8023199023199022,-2.538015873015873,0.9550854700854702,-0.5066666666666667,-3.311843711843712,-6.340955433455433,-0.3052228327228334,-2.692918192918193,-5.591620879120879,0.2390842490842491
6,3,2,as&mrg|cnf&tzi|gap&ovl,1,1,65.07248960190137,2.6,55.93560976060975,44.666666666666664,2.57,267,-0.8277167277167277,-3.2696306471306467,1.4600457875457866,0.056666666666666664,-3.337240537240537,-6.016184371184371,-0.6650335775335776,-2.7183150183150184,-5.251095848595848,-0.30116605616605613
5,3,3,as|cnf&gap&ovl|mrg,1,1,64.07248960190137,1.98,55.935365560365554,44.333333333333336,2.0433333333333334,299,-0.827960927960928,-2.324288766788767,0.5510714285714288,-0.47,-3.3374847374847376,-6.317826617826618,-0.4734065934065941,-2.7185592185592187,-5.40612332112332,-0.1623992673992686
6,3,3,as&cnf&gap|mrg|ovl&tzi,1,1,63.072489601901374,2.28,55.902032227032215,44.666666666666664,2.31,272,-0.8612942612942611,-3.0702319902319903,1.2254273504273505,-0.20333333333333334,-3.3708180708180704,-5.905326617826618,-0.824642857142859,-2.751892551892552,-5.336788766788766,-0.4473260073260076
5,3,2,cnf|gap&ovl|mrg&tzi,1,0,63.40582293523469,2.13,55.89433991933993,44.666666666666664,2.1266666666666665,287,-0.868986568986569,-3.2111721611721613,1.4768345543345536,-0.38666666666666666,-3.3785103785103785,-6.223925518925518,-0.6619780219780227,-2.759584859584859,-5.537142857142858,-0.1236446886446901
5,3,2,as&mrg|cnf|gap&ovl,1,1,64.4058229352347,2.19,55.89433991933993,44.666666666666664,2.2,293,-0.868986568986569,-3.2111721611721613,1.4768345543345536,-0.31333333333333335,-3.3785103785103785,-6.223925518925518,-0.6619780219780227,-2.759584859584859,-5.537142857142858,-0.1236446886446901
5,3,2,as&mrg|cnf|ovl&tzi,1,1,64.4058229352347,2.21,55.89433991933993,44.666666666666664,2.2133333333333334,292,-0.868986568986569,-3.2111721611721613,1.4768345543345536,-0.3,-3.3785103785103785,-6.223925518925518,-0.6619780219780227,-2.759584859584859,-5.537142857142858,-0.1236446886446901
6,3,3,as&mrg|cnf|gap&ovl&tzi,1,1,64.4058229352347,2.21,55.89433991933993,44.666666666666664,2.2133333333333334,292,-0.868986568986569,-3.2111721611721613,1.4768345543345536,-0.3,-3.3785103785103785,-6.223925518925518,-0.6619780219780227,-2.759584859584859,-5.537142857142858,-0.1236446886446901
6,3,3,as&mrg&tzi|cnf|gap&ovl,1,1,64.4058229352347,2.22,55.89433991933993,44.666666666666664,2.23,287,-0.868986568986569,-3.2111721611721613,1.4768345543345536,-0.2833333333333333,-3.3785103785103785,-6.223925518925518,-0.6619780219780227,-2.759584859584859,-5.537142857142858,-0.1236446886446901
6,3,3,as&gap&mrg|cnf|ovl&tzi,1,1,64.4058229352347,2.24,55.89433991933993,44.666666666666664,2.243333333333333,286,-0.868986568986569,-3.2111721611721613,1.4768345543345536,-0.27,-3.3785103785103785,-6.223925518925518,-0.6619780219780227,-2.759584859584859,-5.537142857142858,-0.1236446886446901
5,3,3,as&cnf&gap|mrg|ovl,1,1,63.072489601901374,1.93,55.8686988936989,44.666666666666664,2.0733333333333333,290,-0.8946275946275944,-3.2872466422466426,1.4193650793650792,-0.44,-3.4041514041514036,-5.987896825396826,-0.8888583638583638,-2.7852258852258855,-5.309868742368741,-0.46032356532356555
5,3,2,as&ovl|cnf&tzi|mrg,1,1,64.07248960190137,2.0,55.86100658600659,44.666666666666664,2.1766666666666667,285,-0.9023199023199022,-3.102338217338217,0.98008547008547,-0.33666666666666667,-3.411843711843712,-6.36028083028083,-0.5108974358974369,-2.7929181929181923,-5.516843711843712,-0.23465201465201563
6,3,3,as&ovl|cnf&gap&tzi|mrg,1,1,64.07248960190137,2.0,55.86100658600659,44.666666666666664,2.183333333333333,285,-0.9023199023199022,-3.102338217338217,0.98008547008547,-0.33,-3.411843711843712,-6.36028083028083,-0.5108974358974369,-2.7929181929181923,-5.516843711843712,-0.23465201465201563
4,3,2,as|mrg&tzi|ovl,1,1,63.072489601901374,2.03,55.84330206830206,44.0,2.05,299,-0.92002442002442,-3.0334920634920635,0.944563492063492,-0.4633333333333333,-3.4295482295482302,-6.099999999999999,-0.9136111111111113,-2.810622710622711,-5.589126984126984,-0.21498778998779033
5,3,3,as|gap&mrg&tzi|ovl,1,1,63.072489601901374,2.03,55.84330206830206,44.0,2.05,299,-0.92002442002442,-3.0334920634920635,0.944563492063492,-0.4633333333333333,-3.4295482295482302,-6.099999999999999,-0.9136111111111113,-2.810622710622711,-5.589126984126984,-0.21498778998779033
4,3,2,as|cnf&mrg|ovl,1,1,64.07248960190137,2.09,55.84330206830206,44.0,2.13,299,-0.92002442002442,-3.0334920634920635,0.944563492063492,-0.38333333333333336,-3.4295482295482302,-6.099999999999999,-0.9136111111111113,-2.810622710622711,-5.589126984126984,-0.21498778998779033
5,3,3,as|cnf&gap&mrg|ovl,1,1,64.07248960190137,2.11,55.84330206830206,44.0,2.1433333333333335,299,-0.92002442002442,-3.0334920634920635,0.944563492063492,-0.37,-3.4295482295482302,-6.099999999999999,-0.9136111111111113,-2.810622710622711,-5.589126984126984,-0.21498778998779033
5,3,3,as|cnf&mrg&tzi|ovl,1,1,64.07248960190137,2.12,55.84330206830206,44.0,2.1533333333333333,299,-0.92002442002442,-3.0334920634920635,0.944563492063492,-0.36,-3.4295482295482302,-6.099999999999999,-0.9136111111111113,-2.810622710622711,-5.589126984126984,-0.21498778998779033
6,3,4,as|cnf&gap&mrg&tzi|ovl,1,1,64.07248960190137,2.12,55.84330206830206,44.0,2.1533333333333333,299,-0.92002442002442,-3.0334920634920635,0.944563492063492,-0.36,-3.4295482295482302,-6.099999999999999,-0.9136111111111113,-2.810622710622711,-5.589126984126984,-0.21498778998779033
2,2,1,as|ovl,0,1,65.07248960190137,2.13,55.84330206830206,44.0,2.18,299,-0.92002442002442,-3.0334920634920635,0.944563492063492,-0.3333333333333333,-3.4295482295482302,-6.099999999999999,-0.9136111111111113,-2.810622710622711,-5.589126984126984,-0.21498778998779033
6,3,2,as&cnf|gap&mrg|ovl&tzi,1,1,64.07248960190137,2.37,55.80679413179412,44.666666666666664,2.3633333333333333,278,-0.9565323565323565,-3.178095238095238,1.015030525030525,-0.15,-3.466056166056166,-6.190262515262516,-0.7335958485958494,-2.8471306471306477,-5.369328449328449,-0.20038156288156284
5,3,2,as|cnf&gap|mrg&tzi,1,1,65.07248960190137,2.21,55.80227642727643,44.0,2.1533333333333333,298,-0.9610500610500611,-2.5616483516483513,0.4782692307692304,-0.36,-3.4705738705738702,-6.548095238095236,-0.42948412698412697,-2.8516483516483513,-5.651025641025641,-0.10967032967032968
3,2,2,cnf&gap|ovl,0,0,64.07248960190137,2.29,55.80227642727643,44.666666666666664,2.3233333333333333,285,-0.9610500610500611,-3.600558608058608,1.300213675213675,-0.19,-3.4705738705738702,-6.207692307692308,-0.9338888888888907,-2.8516483516483513,-5.794184981684981,-0.3568131868131872
5,3,2,as&tzi|cnf&gap|ovl,0,1,64.07248960190137,2.22,55.7689430939431,44.333333333333336,2.256666666666667,289,-0.9943833943833944,-3.4517643467643473,1.249777167277167,-0.25666666666666665,-3.5039072039072043,-6.247851037851038,-0.9597619047619053,-2.884981684981685,-5.76800061050061,-0.4135653235653237
5,3,2,as&gap|cnf&tzi|ovl,0,1,64.07248960190137,2.23,55.7689430939431,44.333333333333336,2.28,289,-0.9943833943833944,-3.4517643467643473,1.249777167277167,-0.23333333333333334,-3.5039072039072043,-6.247851037851038,-0.9597619047619053,-2.884981684981685,-5.76800061050061,-0.4135653235653237
5,3,2,as&mrg|cnf&gap|ovl,1,1,64.07248960190137,2.11,55.73560976060977,44.333333333333336,2.2333333333333334,290,-1.0277167277167276,-3.5291239316239316,1.318388278388278,-0.28,-3.537240537240538,-6.1531684981684975,-1.0169688644688646,-2.918315018315018,-5.699459706959707,-0.4121947496947497
5,3,2,as&ovl|cnf&gap|mrg,1,1,64.07248960190137,2.0,55.69433991933992,44.666666666666664,2.1333333333333333,287,-1.068986568986569,-3.323949938949939,0.8311111111111108,-0.38,-3.5785103785103787,-6.512493894993894,-0.6868833943833944,-2.959584859584859,-5.673614163614163,-0.3439560439560439
5,3,2,as|cnf&mrg|ovl&tzi,1,1,65.07248960190137,2.19,55.6766354016354,43.666666666666664,2.2066666666666666,299,-1.0866910866910866,-2.8353174603174605,0.48934065934065896,-0.30666666666666664,-3.5962148962148963,-6.378461538461538,-0.9865720390720397,-2.9772893772893774,-5.617387057387057,-0.5485775335775336
6,3,3,as|cnf&mrg|gap&ovl&tzi,1,1,65.07248960190137,2.19,55.6766354016354,43.666666666666664,2.21,299,-1.0866910866910866,-2.8353174603174605,0.48934065934065896,-0.30333333333333334,-3.5962148962148963,-6.378461538461538,-0.9865720390720397,-2.9772893772893774,-5.617387057387057,-0.5485775335775336
6,3,3,as|cnf&gap&mrg|ovl&tzi,1,1,65.07248960190137,2.33,55.6766354016354,43.666666666666664,2.28,298,-1.0866910866910866,-2.8353174603174605,0.48934065934065896,-0.23333333333333334,-3.5962148962148963,-6.378461538461538,-0.9865720390720397,-2.9772893772893774,-5.617387057387057,-0.5485775335775336
3,2,2,as|ovl&tzi,0,1,66.07248960190137,2.35,55.6766354016354,43.666666666666664,2.3266666666666667,298,-1.0866910866910866,-2.8353174603174605,0.48934065934065896,-0.18666666666666668,-3.5962148962148963,-6.378461538461538,-0.9865720390720397,-2.9772893772893774,-5.617387057387057,-0.5485775335775336
4,2,3,as|gap&ovl&tzi,0,1,66.07248960190137,2.36,55.6766354016354,43.666666666666664,2.33,298,-1.0866910866910866,-2.8353174603174605,0.48934065934065896,-0.18333333333333332,-3.5962148962148963,-6.378461538461538,-0.9865720390720397,-2.9772893772893774,-5.617387057387057,-0.5485775335775336
4,3,2,as&ovl|cnf|mrg,1,1,63.40582293523469,1.95,55.65307007807008,44.666666666666664,1.9833333333333334,296,-1.11025641025641,-3.1918711843711844,0.8693864468864467,-0.53,-3.61978021978022,-6.623916361416359,-0.6943498168498174,-3.000854700854701,-5.767521367521367,-0.07002442002442005
5,3,2,as&ovl|cnf|gap&mrg,1,1,64.4058229352347,2.05,55.65307007807008,44.666666666666664,2.0566666666666666,294,-1.11025641025641,-3.1918711843711844,0.8693864468864467,-0.45666666666666667,-3.61978021978022,-6.623916361416359,-0.6943498168498174,-3.000854700854701,-5.767521367521367,-0.07002442002442005
5,3,2,cnf&gap|mrg&tzi|ovl,1,0,63.072489601901374,2.14,55.63560976060976,44.333333333333336,2.19,287,-1.1277167277167277,-3.6711538461538455,1.199813797313797,-0.3233333333333333,-3.637240537240537,-6.374392551892552,-1.050460927960928,-3.0183150183150182,-5.911358363858364,-0.5556227106227117
5,3,2,as|cnf&tzi|mrg&ovl,1,1,66.07248960190137,2.19,55.63560976060976,43.666666666666664,2.2333333333333334,298,-1.1277167277167277,-2.8482600732600734,0.3784737484737478,-0.28,-3.637240537240537,-6.574551282051283,-0.934890109890112,-3.0183150183150182,-5.7269536019536025,-0.3018131868131874
6,3,3,as|cnf&gap&tzi|mrg&ovl,1,1,66.07248960190137,2.19,55.63560976060976,43.666666666666664,2.236666666666667,298,-1.1277167277167277,-2.8482600732600734,0.3784737484737478,-0.27666666666666667,-3.637240537240537,-6.574551282051283,-0.934890109890112,-3.0183150183150182,-5.7269536019536025,-0.3018131868131874
6,3,3,as&mrg&tzi|cnf&gap|ovl,1,1,64.07248960190137,2.23,55.63560976060976,44.333333333333336,2.2933333333333334,287,-1.1277167277167277,-3.6711538461538455,1.199813797313797,-0.22,-3.637240537240537,-6.374392551892552,-1.050460927960928,-3.0183150183150182,-5.911358363858364,-0.5556227106227117
6,3,3,as|cnf&tzi|gap&mrg&ovl,1,1,66.07248960190137,2.31,55.63560976060976,43.666666666666664,2.3,298,-1.1277167277167277,-2.8482600732600734,0.3784737484737478,-0.21333333333333335,-3.637240537240537,-6.574551282051283,-0.934890109890112,-3.0183150183150182,-5.7269536019536025,-0.3018131868131874
3,2,2,as|cnf&tzi,0,1,66.07248960190137,2.31,55.63560976060976,43.666666666666664,2.33,298,-1.1277167277167277,-2.8482600732600734,0.3784737484737478,-0.18333333333333332,-3.637240537240537,-6.574551282051283,-0.934890109890112,-3.0183150183150182,-5.7269536019536025,-0.3018131868131874
4,2,3,as|cnf&gap&tzi,0,1,66.07248960190137,2.32,55.63560976060976,43.666666666666664,2.3333333333333335,298,-1.1277167277167277,-2.8482600732600734,0.3784737484737478,-0.18,-3.637240537240537,-6.574551282051283,-0.934890109890112,-3.0183150183150182,-5.7269536019536025,-0.3018131868131874
4,3,2,as|cnf|mrg&ovl,1,1,65.4058229352347,2.13,55.62767325267326,44.0,2.1066666666666665,300,-1.1356532356532356,-3.028211233211233,0.7069749694749695,-0.4066666666666667,-3.6451770451770455,-6.519462759462759,-0.8277625152625173,-3.026251526251526,-5.886147741147742,-0.11102258852258848
5,3,3,as|cnf|mrg&ovl&tzi,1,1,65.4058229352347,2.13,55.62767325267326,44.0,2.1133333333333333,300,-1.1356532356532356,-3.028211233211233,0.7069749694749695,-0.4,-3.6451770451770455,-6.519462759462759,-0.8277625152625173,-3.026251526251526,-5.886147741147742,-0.11102258852258848
5,3,3,as|cnf|gap&mrg&ovl,1,1,65.4058229352347,2.13,55.62767325267326,44.0,2.1133333333333333,300,-1.1356532356532356,-3.028211233211233,0.7069749694749695,-0.4,-3.6451770451770455,-6.519462759462759,-0.8277625152625173,-3.026251526251526,-5.886147741147742,-0.11102258852258848
6,3,4,as|cnf|gap&mrg&ovl&tzi,1,1,65.4058229352347,2.13,55.62767325267326,44.0,2.1133333333333333,300,-1.1356532356532356,-3.028211233211233,0.7069749694749695,-0.4,-3.6451770451770455,-6.519462759462759,-0.8277625152625173,-3.026251526251526,-5.886147741147742,-0.11102258852258848
2,2,1,as|cnf,0,1,65.4058229352347,2.13,55.62767325267326,44.0,2.1333333333333333,300,-1.1356532356532356,-3.028211233211233,0.7069749694749695,-0.38,-3.6451770451770455,-6.519462759462759,-0.8277625152625173,-3.026251526251526,-5.886147741147742,-0.11102258852258848
6,3,2,as&mrg|cnf&gap|ovl&tzi,1,1,65.07248960190137,2.61,55.60227642727642,44.333333333333336,2.546666666666667,267,-1.1610500610500611,-3.613714896214896,0.913131868131868,0.03333333333333333,-3.6705738705738704,-6.477246642246641,-1.0816666666666666,-3.0516483516483515,-5.690436507936507,-0.6772557997557997
5,3,2,as&cnf|mrg|ovl&tzi,1,1,63.072489601901374,2.08,55.56869889369889,44.333333333333336,2.17,287,-1.1946275946275948,-3.3312637362637365,0.6642063492063486,-0.3433333333333333,-3.704151404151404,-6.385802808302807,-1.0601984126984128,-3.085225885225885,-5.658412698412699,-0.5985378510378513
6,3,3,as&cnf|gap&ovl&tzi|mrg,1,1,63.072489601901374,2.08,55.56869889369889,44.333333333333336,2.1733333333333333,287,-1.1946275946275948,-3.3312637362637365,0.6642063492063486,-0.34,-3.704151404151404,-6.385802808302807,-1.0601984126984128,-3.085225885225885,-5.658412698412699,-0.5985378510378513
4,3,2,cnf&tzi|mrg|ovl,1,0,63.072489601901374,1.88,55.56100658600659,44.666666666666664,2.0566666666666666,289,-1.2023199023199023,-3.8955006105006103,1.2975915750915747,-0.45666666666666667,-3.711843711843712,-6.470082417582418,-0.8962942612942615,-3.0929181929181935,-5.903257020757021,-0.5726068376068375
5,3,3,cnf&gap&tzi|mrg|ovl,1,0,63.072489601901374,1.88,55.56100658600659,44.666666666666664,2.06,289,-1.2023199023199023,-3.8955006105006103,1.2975915750915747,-0.4533333333333333,-3.711843711843712,-6.470082417582418,-0.8962942612942615,-3.0929181929181935,-5.903257020757021,-0.5726068376068375
4,3,2,as&cnf|mrg|ovl,1,1,63.072489601901374,1.91,55.535365560365555,44.333333333333336,2.01,295,-1.2279609279609278,-3.578342490842491,0.9271428571428569,-0.5033333333333333,-3.737484737484737,-6.3587942612942605,-1.1930097680097684,-3.118559218559219,-5.808147130647131,-0.5756868131868131
5,3,2,as&cnf|gap&mrg|ovl,1,1,63.072489601901374,2.02,55.535365560365555,44.333333333333336,2.09,294,-1.2279609279609278,-3.578342490842491,0.9271428571428569,-0.42333333333333334,-3.737484737484737,-6.3587942612942605,-1.1930097680097684,-3.118559218559219,-5.808147130647131,-0.5756868131868131
6,4,2,as&gap|cnf|mrg|ovl&tzi,1,1,62.4058229352347,1.96,55.51973674473675,44.666666666666664,1.97,295,-1.2435897435897434,-3.7441422466422467,1.0675122100122094,-0.5433333333333333,-3.7531135531135527,-6.654038461538462,-0.8744047619047632,-3.1341880341880346,-6.098452380952381,-0.33113858363858373
6,4,2,as&tzi|cnf|gap&ovl|mrg,1,1,62.4058229352347,1.96,55.51973674473675,44.666666666666664,1.9733333333333334,295,-1.2435897435897434,-3.7441422466422467,1.0675122100122094,-0.54,-3.7531135531135527,-6.654038461538462,-0.8744047619047632,-3.1341880341880346,-6.098452380952381,-0.33113858363858373
5,3,2,as|gap&ovl|mrg&tzi,1,1,64.07248960190137,2.25,55.50996873496874,43.666666666666664,2.1733333333333333,298,-1.2533577533577533,-3.082588522588522,0.3356501831501831,-0.34,-3.7628815628815633,-6.408095238095239,-1.211111111111111,-3.1439560439560443,-5.903858363858364,-0.690485347985348
5,3,2,as|cnf&mrg|gap&ovl,1,1,65.07248960190137,2.19,55.50996873496874,43.666666666666664,2.1933333333333334,299,-1.2533577533577533,-3.082588522588522,0.3356501831501831,-0.32,-3.7628815628815633,-6.408095238095239,-1.211111111111111,-3.1439560439560443,-5.903858363858364,-0.690485347985348
6,3,3,as|cnf&mrg&tzi|gap&ovl,1,1,65.07248960190137,2.34,55.50996873496874,43.666666666666664,2.276666666666667,298,-1.2533577533577533,-3.082588522588522,0.3356501831501831,-0.23666666666666666,-3.7628815628815633,-6.408095238095239,-1.211111111111111,-3.1439560439560443,-5.903858363858364,-0.690485347985348
3,2,2,as|gap&ovl,0,1,66.07248960190137,2.36,55.50996873496874,43.666666666666664,2.3033333333333332,298,-1.2533577533577533,-3.082588522588522,0.3356501831501831,-0.21,-3.7628815628815633,-6.408095238095239,-1.211111111111111,-3.1439560439560443,-5.903858363858364,-0.690485347985348
5,3,2,as|cnf&gap|mrg&ovl,1,1,66.07248960190137,2.18,55.4689430939431,43.666666666666664,2.1933333333333334,298,-1.2943833943833942,-3.1201159951159947,0.23938644688644659,-0.32,-3.8039072039072037,-6.727313797313799,-1.0151373626373623,-3.184981684981685,-5.923989621489622,-0.4221031746031747
6,3,3,as|cnf&gap|mrg&ovl&tzi,1,1,66.07248960190137,2.3,55.4689430939431,43.666666666666664,2.26,298,-1.2943833943833942,-3.1201159951159947,0.23938644688644659,-0.25333333333333335,-3.8039072039072037,-6.727313797313799,-1.0151373626373623,-3.184981684981685,-5.923989621489622,-0.4221031746031747
3,2,2,as|cnf&gap,0,1,66.07248960190137,2.31,55.4689430939431,43.666666666666664,2.28,298,-1.2943833943833942,-3.1201159951159947,0.23938644688644659,-0.23333333333333334,-3.8039072039072037,-6.727313797313799,-1.0151373626373623,-3.184981684981685,-5.923989621489622,-0.4221031746031747
4,3,2,as|cnf&tzi|mrg,1,1,64.07248960190137,1.94,55.46100658600659,44.0,2.026666666666667,299,-1.3023199023199024,-3.1718070818070814,0.24706349206349174,-0.4866666666666667,-3.811843711843712,-6.984865689865689,-0.757930402930403,-3.1929181929181927,-6.0968284493284495,-0.5200274725274725
5,3,3,as|cnf&gap&tzi|mrg,1,1,64.07248960190137,1.94,55.46100658600659,44.0,2.03,299,-1.3023199023199024,-3.1718070818070814,0.24706349206349174,-0.48333333333333334,-3.811843711843712,-6.984865689865689,-0.757930402930403,-3.1929181929181927,-6.0968284493284495,-0.5200274725274725
5,3,2,as|cnf&tzi|gap&mrg,1,1,65.07248960190137,2.18,55.46100658600659,44.0,2.1633333333333336,298,-1.3023199023199024,-3.1718070818070814,0.24706349206349174,-0.35,-3.811843711843712,-6.984865689865689,-0.757930402930403,-3.1929181929181927,-6.0968284493284495,-0.5200274725274725
5,3,2,cnf&tzi|gap&mrg|ovl,1,0,63.072489601901374,2.11,55.46100658600659,44.666666666666664,2.2,286,-1.3023199023199024,-4.033366910866911,1.0971886446886445,-0.31333333333333335,-3.811843711843712,-6.600784493284492,-1.0064621489621493,-3.1929181929181927,-6.111129426129426,-0.6507326007326009
3,3,1,as|cnf|mrg,1,1,63.40582293523469,1.91,55.45307007807009,44.333333333333336,1.9266666666666667,300,-1.3102564102564103,-3.265265567765568,0.5082997557997556,-0.5866666666666667,-3.81978021978022,-6.875851648351648,-0.8643894993894994,-3.200854700854701,-6.102771672771672,-0.2881379731379738
4,3,2,as|cnf|gap&mrg,1,1,64.4058229352347,2.01,55.45307007807009,44.333333333333336,1.99,300,-1.3102564102564103,-3.265265567765568,0.5082997557997556,-0.5233333333333333,-3.81978021978022,-6.875851648351648,-0.8643894993894994,-3.200854700854701,-6.102771672771672,-0.2881379731379738
5,3,2,cnf&tzi|gap&ovl|mrg,1,0,63.072489601901374,2.21,55.42767325267325,44.666666666666664,2.2666666666666666,272,-1.3356532356532356,-3.9527594627594627,0.9843711843711842,-0.24666666666666667,-3.8451770451770457,-6.7192338217338206,-1.0668772893772902,-3.226251526251526,-5.9248076923076916,-0.6771428571428573
5,3,2,as&cnf|gap&ovl|mrg,1,1,63.072489601901374,2.06,55.402032227032215,44.333333333333336,2.1466666666666665,288,-1.3612942612942613,-3.511309523809524,0.5654365079365073,-0.36666666666666664,-3.870818070818071,-6.524523809523809,-1.259404761904762,-3.251892551892552,-5.892249694749695,-0.6997649572649576
2,2,1,cnf|ovl,0,0,63.40582293523469,2.1,55.39433991933993,44.333333333333336,2.1333333333333333,294,-1.3689865689865688,-3.7665445665445665,0.7593803418803415,-0.38,-3.878510378510378,-6.615906593406594,-1.3320482295482297,-3.2595848595848596,-5.986923076923077,-0.6387973137973142
4,3,2,cnf|gap&ovl|mrg,1,0,62.4058229352347,1.97,55.38640341140341,44.666666666666664,2.006666666666667,293,-1.3769230769230767,-3.951047008547008,1.009117826617826,-0.5066666666666667,-3.8864468864468864,-6.834636752136751,-1.0086111111111116,-3.267521367521368,-6.236056166056167,-0.5486935286935287
4,3,2,cnf|mrg|ovl&tzi,1,0,62.4058229352347,1.99,55.38640341140341,44.666666666666664,2.02,292,-1.3769230769230767,-3.951047008547008,1.009117826617826,-0.49333333333333335,-3.8864468864468864,-6.834636752136751,-1.0086111111111116,-3.267521367521368,-6.236056166056167,-0.5486935286935287
5,3,3,cnf|gap&ovl&tzi|mrg,1,0,62.4058229352347,1.99,55.38640341140341,44.666666666666664,2.02,292,-1.3769230769230767,-3.951047008547008,1.009117826617826,-0.49333333333333335,-3.8864468864468864,-6.834636752136751,-1.0086111111111116,-3.267521367521368,-6.236056166056167,-0.5486935286935287
5,3,2,cnf|gap&mrg|ovl&tzi,1,0,63.40582293523469,2.12,55.38640341140341,44.666666666666664,2.1233333333333335,286,-1.3769230769230767,-3.951047008547008,1.009117826617826,-0.39,-3.8864468864468864,-6.834636752136751,-1.0086111111111116,-3.267521367521368,-6.236056166056167,-0.5486935286935287
6,4,2,as&gap|cnf|mrg&tzi|ovl,1,1,62.4058229352347,1.96,55.36100658600659,44.0,1.9666666666666666,298,-1.4023199023199024,-3.7807234432234424,0.8123626373626371,-0.5466666666666666,-3.911843711843712,-6.608226495726495,-1.265033577533578,-3.2929181929181928,-6.056807081807081,-0.6755311355311359
6,4,2,as&tzi|cnf&gap|mrg|ovl,1,1,63.072489601901374,1.87,55.36100658600659,44.333333333333336,1.9933333333333334,292,-1.4023199023199024,-3.9979792429792425,0.9627533577533561,-0.52,-3.911843711843712,-6.620579975579975,-1.2922069597069605,-3.2929181929181928,-6.130399877899878,-0.7818162393162393
6,4,2,as&gap|cnf&tzi|mrg|ovl,1,1,63.072489601901374,1.87,55.36100658600659,44.333333333333336,2.006666666666667,292,-1.4023199023199024,-3.9979792429792425,0.9627533577533561,-0.5066666666666667,-3.911843711843712,-6.620579975579975,-1.2922069597069605,-3.2929181929181928,-6.130399877899878,-0.7818162393162393
4,3,2,as&gap|cnf|ovl,0,1,63.40582293523469,2.05,55.36100658600659,44.0,2.07,298,-1.4023199023199024,-3.7807234432234424,0.8123626373626371,-0.44333333333333336,-3.911843711843712,-6.608226495726495,-1.265033577533578,-3.2929181929181928,-6.056807081807081,-0.6755311355311359
4,3,2,as&tzi|cnf|ovl,0,1,63.40582293523469,2.05,55.36100658600659,44.0,2.0733333333333333,298,-1.4023199023199024,-3.7807234432234424,0.8123626373626371,-0.44,-3.911843711843712,-6.608226495726495,-1.265033577533578,-3.2929181929181928,-6.056807081807081,-0.6755311355311359
5,3,3,as&gap&tzi|cnf|ovl,0,1,63.40582293523469,2.05,55.36100658600659,44.0,2.0733333333333333,298,-1.4023199023199024,-3.7807234432234424,0.8123626373626371,-0.44,-3.911843711843712,-6.608226495726495,-1.265033577533578,-3.2929181929181928,-6.056807081807081,-0.6755311355311359
3,3,1,as|mrg|ovl,1,1,63.072489601901374,1.88,55.33536556036556,44.0,1.9533333333333334,299,-1.4279609279609278,-3.5743253968253965,0.6330555555555556,-0.56,-3.937484737484738,-6.626468253968254,-1.370460927960928,-3.3185592185592188,-6.015992063492064,-0.6402411477411482
4,3,2,as|gap&mrg|ovl,1,1,63.072489601901374,1.99,55.33536556036556,44.0,2.0233333333333334,299,-1.4279609279609278,-3.5743253968253965,0.6330555555555556,-0.49,-3.937484737484738,-6.626468253968254,-1.370460927960928,-3.3185592185592188,-6.015992063492064,-0.6402411477411482
4,3,2,as|cnf&gap|mrg,1,1,64.07248960190137,1.94,55.29433991933992,44.0,2.0,299,-1.468986568986569,-3.379606227106227,0.09747557997557971,-0.5133333333333333,-3.978510378510378,-7.151892551892551,-0.9372954822954823,-3.3595848595848596,-6.268989621489622,-0.6624603174603175
4,3,2,cnf|mrg&tzi|ovl,1,0,62.4058229352347,1.97,55.227673252673256,44.0,2.0033333333333334,296,-1.5356532356532355,-3.877243589743589,0.6220207570207565,-0.51,-4.045177045177045,-6.742533577533577,-1.4179548229548231,-3.4262515262515265,-6.192124542124542,-0.7664529914529916
5,3,3,cnf|gap&mrg&tzi|ovl,1,0,62.4058229352347,1.97,55.227673252673256,44.0,2.0033333333333334,296,-1.5356532356532355,-3.877243589743589,0.6220207570207565,-0.51,-4.045177045177045,-6.742533577533577,-1.4179548229548231,-3.4262515262515265,-6.192124542124542,-0.7664529914529916
4,3,2,as&mrg|cnf|ovl,1,1,63.40582293523469,2.06,55.227673252673256,44.0,2.1066666666666665,297,-1.5356532356532355,-3.877243589743589,0.6220207570207565,-0.4066666666666667,-4.045177045177045,-6.742533577533577,-1.4179548229548231,-3.4262515262515265,-6.192124542124542,-0.7664529914529916
5,3,3,as&mrg&tzi|cnf|ovl,1,1,63.40582293523469,2.06,55.227673252673256,44.0,2.1066666666666665,296,-1.5356532356532355,-3.877243589743589,0.6220207570207565,-0.4066666666666667,-4.045177045177045,-6.742533577533577,-1.4179548229548231,-3.4262515262515265,-6.192124542124542,-0.7664529914529916
5,3,3,as&gap&mrg|cnf|ovl,1,1,63.40582293523469,2.06,55.227673252673256,44.0,2.1066666666666665,296,-1.5356532356532355,-3.877243589743589,0.6220207570207565,-0.4066666666666667,-4.045177045177045,-6.742533577533577,-1.4179548229548231,-3.4262515262515265,-6.192124542124542,-0.7664529914529916
6,3,4,as&gap&mrg&tzi|cnf|ovl,1,1,63.40582293523469,2.06,55.227673252673256,44.0,2.1066666666666665,296,-1.5356532356532355,-3.877243589743589,0.6220207570207565,-0.4066666666666667,-4.045177045177045,-6.742533577533577,-1.4179548229548231,-3.4262515262515265,-6.192124542124542,-0.7664529914529916
4,3,2,cnf&gap|mrg|ovl,1,0,63.072489601901374,1.88,55.22767325267325,44.333333333333336,2.03,290,-1.5356532356532355,-4.1947741147741135,0.882936507936507,-0.48333333333333334,-4.045177045177045,-6.771590354090355,-1.449603174603175,-3.4262515262515265,-6.223397435897436,-0.9041391941391943
6,4,2,as|cnf&gap|mrg&tzi|ovl,1,1,63.072489601901374,1.98,55.20227642727643,43.666666666666664,2.0,299,-1.561050061050061,-3.765198412698413,0.4781959706959704,-0.5133333333333333,-4.070573870573871,-6.811138583638583,-1.346904761904763,-3.451648351648352,-6.308421855921856,-0.7086660561660564
4,3,2,as|cnf&gap|ovl,0,1,64.07248960190137,2.07,55.20227642727643,43.666666666666664,2.1033333333333335,299,-1.561050061050061,-3.765198412698413,0.4781959706959704,-0.41,-4.070573870573871,-6.811138583638583,-1.346904761904763,-3.451648351648352,-6.308421855921856,-0.7086660561660564
4,3,2,as|cnf&tzi|ovl,0,1,64.07248960190137,2.08,55.20227642727643,43.666666666666664,2.13,299,-1.561050061050061,-3.765198412698413,0.4781959706959704,-0.38333333333333336,-4.070573870573871,-6.811138583638583,-1.346904761904763,-3.451648351648352,-6.308421855921856,-0.7086660561660564
5,3,3,as|cnf&gap&tzi|ovl,0,1,64.07248960190137,2.08,55.20227642727643,43.666666666666664,2.13,299,-1.561050061050061,-3.765198412698413,0.4781959706959704,-0.38333333333333336,-4.070573870573871,-6.811138583638583,-1.346904761904763,-3.451648351648352,-6.308421855921856,-0.7086660561660564
4,3,2,as|mrg|ovl&tzi,1,1,63.072489601901374,1.97,55.16869889369889,43.666666666666664,2.02,299,-1.5946275946275945,-3.5334065934065926,0.0992612942612936,-0.49333333333333335,-4.104151404151405,-6.885714285714287,-1.4192063492063494,-3.4852258852258853,-6.144838217338218,-0.9204304029304031
5,3,3,as|gap&ovl&tzi|mrg,1,1,63.072489601901374,1.97,55.16869889369889,43.666666666666664,2.0233333333333334,299,-1.5946275946275945,-3.5334065934065926,0.0992612942612936,-0.49,-4.104151404151405,-6.885714285714287,-1.4192063492063494,-3.4852258852258853,-6.144838217338218,-0.9204304029304031
5,3,2,as|gap&mrg|ovl&tzi,1,1,64.07248960190137,2.21,55.16869889369889,43.666666666666664,2.1566666666666667,298,-1.5946275946275945,-3.5334065934065926,0.0992612942612936,-0.3566666666666667,-4.104151404151405,-6.885714285714287,-1.4192063492063494,-3.4852258852258853,-6.144838217338218,-0.9204304029304031
5,3,2,cnf&gap|mrg|ovl&tzi,1,0,63.072489601901374,2.23,55.094339919339916,44.333333333333336,2.2533333333333334,272,-1.668986568986569,-4.211401098901099,0.503739316239315,-0.26,-4.178510378510379,-7.0656868131868125,-1.5346214896214894,-3.5595848595848594,-6.28666056166056,-1.0466178266178265
5,4,2,as|cnf|mrg&tzi|ovl,1,1,62.4058229352347,1.95,55.027673252673246,43.666666666666664,1.9466666666666668,300,-1.7356532356532357,-3.9351526251526256,0.34331501831501704,-0.5666666666666667,-4.245177045177045,-7.041901709401708,-1.398644688644689,-3.6262515262515254,-6.406254578754579,-0.8665140415140417
6,4,3,as|cnf|gap&mrg&tzi|ovl,1,1,62.4058229352347,1.95,55.027673252673246,43.666666666666664,1.9466666666666668,300,-1.7356532356532357,-3.9351526251526256,0.34331501831501704,-0.5666666666666667,-4.245177045177045,-7.041901709401708,-1.398644688644689,-3.6262515262515254,-6.406254578754579,-0.8665140415140417
6,4,2,as|cnf|gap&ovl|mrg&tzi,1,1,63.40582293523469,2.03,55.027673252673246,43.666666666666664,1.9766666666666666,300,-1.7356532356532357,-3.78043956043956,0.19038766788766787,-0.5366666666666666,-4.245177045177045,-7.135177045177047,-1.511373626373627,-3.6262515262515254,-6.451495726495728,-0.8202777777777779
3,3,1,as|cnf|ovl,0,1,63.40582293523469,2.04,55.027673252673246,43.666666666666664,2.05,300,-1.7356532356532357,-3.9351526251526256,0.34331501831501704,-0.4633333333333333,-4.245177045177045,-7.041901709401708,-1.398644688644689,-3.6262515262515254,-6.406254578754579,-0.8665140415140417
4,3,2,as|cnf|ovl&tzi,0,1,64.4058229352347,2.12,55.027673252673246,43.666666666666664,2.08,300,-1.7356532356532357,-3.78043956043956,0.19038766788766787,-0.43333333333333335,-4.245177045177045,-7.135177045177047,-1.511373626373627,-3.6262515262515254,-6.451495726495728,-0.8202777777777779
4,3,2,as|cnf|gap&ovl,0,1,64.4058229352347,2.12,55.027673252673246,43.666666666666664,2.08,300,-1.7356532356532357,-3.78043956043956,0.19038766788766787,-0.43333333333333335,-4.245177045177045,-7.135177045177047,-1.511373626373627,-3.6262515262515254,-6.451495726495728,-0.8202777777777779
5,3,3,as|cnf|gap&ovl&tzi,0,1,64.4058229352347,2.12,55.027673252673246,43.666666666666664,2.08,300,-1.7356532356532357,-3.78043956043956,0.19038766788766787,-0.43333333333333335,-4.245177045177045,-7.135177045177047,-1.511373626373627,-3.6262515262515254,-6.451495726495728,-0.8202777777777779
4,3,2,as|gap&ovl|mrg,1,1,63.072489601901374,1.97,55.002032227032224,43.666666666666664,2.01,299,-1.7612942612942613,-3.8345879120879127,0.034365079365078974,-0.5033333333333333,-4.270818070818072,-7.013015873015872,-1.6511507936507943,-3.6518925518925522,-6.459746642246642,-1.0295909645909653
5,3,2,as|cnf&gap|ovl&tzi,0,1,65.07248960190137,2.29,54.86894309394309,43.333333333333336,2.223333333333333,298,-1.8943833943833945,-3.8356776556776557,-0.19138278388278412,-0.29,-4.403907203907204,-7.393525641025643,-1.6527716727716728,-3.784981684981685,-6.559655067155067,-1.1013003663003669
5,3,2,as|cnf&tzi|gap&ovl,0,1,65.07248960190137,2.3,54.86894309394309,43.333333333333336,2.25,298,-1.8943833943833945,-3.8356776556776557,-0.19138278388278412,-0.2633333333333333,-4.403907203907204,-7.393525641025643,-1.6527716727716728,-3.784981684981685,-6.559655067155067,-1.1013003663003669
5,4,2,as&gap|cnf|mrg|ovl,1,1,62.4058229352347,1.84,54.853070078070076,44.0,1.8866666666666667,299,-1.91025641025641,-4.349624542124541,0.441880341880342,-0.6266666666666667,-4.41978021978022,-7.217765567765568,-1.7444383394383398,-3.8008547008547007,-6.734453601953601,-1.0925335775335772
5,4,2,as&tzi|cnf|mrg|ovl,1,1,62.4058229352347,1.84,54.853070078070076,44.0,1.89,299,-1.91025641025641,-4.349624542124541,0.441880341880342,-0.6233333333333333,-4.41978021978022,-7.217765567765568,-1.7444383394383398,-3.8008547008547007,-6.734453601953601,-1.0925335775335772
6,4,3,as&gap&tzi|cnf|mrg|ovl,1,1,62.4058229352347,1.84,54.853070078070076,44.0,1.89,299,-1.91025641025641,-4.349624542124541,0.441880341880342,-0.6233333333333333,-4.41978021978022,-7.217765567765568,-1.7444383394383398,-3.8008547008547007,-6.734453601953601,-1.0925335775335772
6,4,2,as&tzi|cnf|gap&mrg|ovl,1,1,62.4058229352347,1.93,54.853070078070076,44.0,1.9533333333333334,298,-1.91025641025641,-4.349624542124541,0.441880341880342,-0.56,-4.41978021978022,-7.217765567765568,-1.7444383394383398,-3.8008547008547007,-6.734453601953601,-1.0925335775335772
3,3,1,cnf|mrg|ovl,1,0,62.4058229352347,1.85,54.71973674473675,44.0,1.9233333333333333,297,-2.0435897435897434,-4.509166666666667,0.3181562881562878,-0.59,-4.553113553113553,-7.359481074481075,-1.8373351648351646,-3.934188034188034,-6.8086752136752136,-1.2287179487179491
4,3,2,cnf|gap&mrg|ovl,1,0,62.4058229352347,1.94,54.71973674473675,44.0,1.9866666666666666,296,-2.0435897435897434,-4.509166666666667,0.3181562881562878,-0.5266666666666666,-4.553113553113553,-7.359481074481075,-1.8373351648351646,-3.934188034188034,-6.8086752136752136,-1.2287179487179491
5,4,2,as|cnf&gap|mrg|ovl,1,1,63.072489601901374,1.84,54.69433991933992,43.666666666666664,1.9133333333333333,299,-2.068986568986569,-4.4116910866910874,0.17806166056166042,-0.6,-4.578510378510379,-7.357228327228327,-1.703833943833944,-3.9595848595848597,-6.894557387057388,-1.1058791208791214
5,4,2,as|cnf&tzi|mrg|ovl,1,1,63.072489601901374,1.84,54.69433991933992,43.666666666666664,1.93,299,-2.068986568986569,-4.4116910866910874,0.17806166056166042,-0.5833333333333334,-4.578510378510379,-7.357228327228327,-1.703833943833944,-3.9595848595848597,-6.894557387057388,-1.1058791208791214
6,4,3,as|cnf&gap&tzi|mrg|ovl,1,1,63.072489601901374,1.84,54.69433991933992,43.666666666666664,1.93,299,-2.068986568986569,-4.4116910866910874,0.17806166056166042,-0.5833333333333334,-4.578510378510379,-7.357228327228327,-1.703833943833944,-3.9595848595848597,-6.894557387057388,-1.1058791208791214
6,4,2,as|cnf&tzi|gap&mrg|ovl,1,1,63.072489601901374,1.95,54.69433991933992,43.666666666666664,2.0,299,-2.068986568986569,-4.4116910866910874,0.17806166056166042,-0.5133333333333333,-4.578510378510379,-7.357228327228327,-1.703833943833944,-3.9595848595848597,-6.894557387057388,-1.1058791208791214
4,4,1,as|cnf|mrg|ovl,1,1,62.4058229352347,1.83,54.51973674473675,43.666666666666664,1.8733333333333333,300,-2.243589743589743,-4.49797619047619,0.05604700854700878,-0.64,-4.753113553113553,-7.638565323565323,-1.8452228327228335,-4.134188034188034,-7.067786935286933,-1.2307417582417588
5,4,2,as|cnf|mrg|ovl&tzi,1,1,62.4058229352347,1.9,54.51973674473675,43.666666666666664,1.8966666666666667,300,-2.243589743589743,-4.558092185592185,-0.21485347985348047,-0.6166666666666667,-4.753113553113553,-7.729163614163613,-1.8837942612942613,-4.134188034188034,-7.1172619047619055,-1.1872893772893773
5,4,2,as|cnf|gap&ovl|mrg,1,1,62.4058229352347,1.9,54.51973674473675,43.666666666666664,1.8966666666666667,300,-2.243589743589743,-4.558092185592185,-0.21485347985348047,-0.6166666666666667,-4.753113553113553,-7.729163614163613,-1.8837942612942613,-4.134188034188034,-7.1172619047619055,-1.1872893772893773
6,4,3,as|cnf|gap&ovl&tzi|mrg,1,1,62.4058229352347,1.9,54.51973674473675,43.666666666666664,1.8966666666666667,300,-2.243589743589743,-4.558092185592185,-0.21485347985348047,-0.6166666666666667,-4.753113553113553,-7.729163614163613,-1.8837942612942613,-4.134188034188034,-7.1172619047619055,-1.1872893772893773
5,4,2,as|cnf|gap&mrg|ovl,1,1,62.4058229352347,1.92,54.51973674473675,43.666666666666664,1.93,300,-2.243589743589743,-4.49797619047619,0.05604700854700878,-0.5833333333333334,-4.753113553113553,-7.638565323565323,-1.8452228327228335,-4.134188034188034,-7.067786935286933,-1.2307417582417588
6,4,2,as|cnf|gap&mrg|ovl&tzi,1,1,63.40582293523469,2.0,54.51973674473675,43.666666666666664,1.96,300,-2.243589743589743,-4.558092185592185,-0.21485347985348047,-0.5533333333333333,-4.753113553113553,-7.729163614163613,-1.8837942612942613,-4.134188034188034,-7.1172619047619055,-1.1872893772893773
6,4,2,as|cnf&gap|mrg|ovl&tzi,1,1,63.072489601901374,1.93,54.36100658600659,43.333333333333336,1.9666666666666666,299,-2.4023199023199022,-4.651920024420024,-0.5214621489621498,-0.5466666666666666,-4.911843711843712,-7.901187423687424,-2.0371275946275946,-4.292918192918193,-7.223394383394384,-1.5433699633699642
6,4,2,as|cnf&tzi|gap&ovl|mrg,1,1,63.072489601901374,1.93,54.36100658600659,43.333333333333336,1.9833333333333334,299,-2.4023199023199022,-4.651920024420024,-0.5214621489621498,-0.53,-4.911843711843712,-7.901187423687424,-2.0371275946275946,-4.292918192918193,-7.223394383394384,-1.5433699633699642
4,2,2,cnf&ovl|gap&tzi,0,0,58.23915626856804,2.06,54.17547545047545,42.66666666666667,1.8966666666666667,270,-2.587851037851038,-5.961846764346764,0.33664682539682467,-0.6166666666666667,-5.097374847374847,-8.674803113553113,-1.859835164835165,-4.4784493284493285,-7.898896520146521,-1.2675427350427355
6,3,2,as&mrg|cnf&ovl|gap&tzi,1,1,58.23915626856804,1.81,54.03738021238021,42.333333333333336,1.7533333333333334,284,-2.7259462759462765,-5.98639652014652,0.16191086691086648,-0.76,-5.235470085470085,-8.762408424908426,-1.943511904761905,-4.616544566544566,-7.971002747252748,-1.5611111111111116
6,3,3,as&gap&mrg|cnf&ovl|tzi,1,1,58.23915626856804,1.95,53.842142117142124,42.333333333333336,1.8366666666666667,275,-2.921184371184371,-6.316507936507937,-0.05686507936507927,-0.6766666666666666,-5.43070818070818,-9.123777472527474,-2.171150793650794,-4.811782661782662,-8.281031746031745,-1.5404960317460326
3,2,2,cnf&ovl|tzi,0,0,58.23915626856804,2.02,53.842142117142124,42.333333333333336,1.88,270,-2.921184371184371,-6.316507936507937,-0.05686507936507927,-0.6333333333333333,-5.43070818070818,-9.123777472527474,-2.171150793650794,-4.811782661782662,-8.281031746031745,-1.5404960317460326
6,2,4,as&cnf&mrg&ovl|gap&tzi,1,1,58.23915626856804,2.43,53.80880878380878,42.0,2.2333333333333334,238,-2.9545177045177047,-6.024001831501832,-0.13150183150183195,-0.28,-5.464041514041513,-8.86969017094017,-2.178446275946277,-4.845115995115996,-8.25938492063492,-1.9046626984126989
5,3,2,as&mrg|cnf&ovl|tzi,1,1,58.23915626856804,1.79,53.70404687904687,42.0,1.74,284,-3.05927960927961,-6.377632783882784,-0.0875000000000003,-0.7733333333333333,-5.568803418803419,-9.169220085470087,-2.190575396825397,-4.9498778998779,-8.4896626984127,-1.7784554334554343
5,2,3,as&cnf&mrg|gap&tzi,1,1,58.23915626856804,2.2,53.64214211714212,42.0,2.0866666666666664,250,-3.121184371184371,-6.22875763125763,-0.34523809523809595,-0.4266666666666667,-5.63070818070818,-9.098089133089132,-2.225906593406594,-5.011782661782662,-8.170873015873017,-2.0625992063492067
2,1,2,gap&tzi,0,0,58.23915626856804,3.08,53.59928497428498,41.333333333333336,2.6933333333333334,173,-3.1640415140415143,-6.349497863247862,-0.02196428571428571,0.18,-5.673565323565322,-9.050674603174604,-2.4155555555555557,-5.0546398046398044,-8.486831501831503,-1.8933134920634924
5,2,3,as&mrg&ovl|gap&tzi,1,1,58.23915626856804,2.39,53.570713545713545,41.66666666666667,2.19,244,-3.192612942612943,-6.261773504273503,-0.3518253968253972,-0.3233333333333333,-5.702136752136752,-9.121369047619048,-2.3583531746031756,-5.083211233211234,-8.37031746031746,-2.0300198412698425
5,2,3,cnf&mrg&ovl|gap&tzi,1,0,58.23915626856804,2.29,53.54214211714211,42.0,2.11,246,-3.2211843711843713,-6.32561507936508,-0.36478174603174696,-0.4033333333333333,-5.730708180708181,-9.331944444444444,-2.29577380952381,-5.111782661782661,-8.303449328449329,-2.179418498168499
5,3,2,cnf&ovl|gap&tzi|mrg,1,0,57.23915626856804,1.63,53.5294437044437,42.333333333333336,1.63,285,-3.233882783882784,-6.529259768009768,-0.22928571428571456,-0.8833333333333333,-5.7434065934065925,-9.3125931013431,-2.3057158119658125,-5.124481074481074,-8.494362026862028,-1.8518559218559227
5,3,2,as&gap|cnf&ovl|tzi,0,1,58.23915626856804,1.93,53.50880878380878,42.0,1.8066666666666666,277,-3.2545177045177045,-6.558606532356532,-0.4464682539682549,-0.7066666666666667,-5.764041514041515,-9.431362942612944,-2.6329365079365084,-5.145115995115995,-8.590685286935287,-1.932876984126986
5,2,3,as&cnf&ovl|gap&tzi,0,1,58.23915626856804,2.22,53.47547545047545,41.66666666666667,2.0833333333333335,261,-3.2878510378510377,-6.300628815628816,-0.5441605616605617,-0.43,-5.797374847374847,-9.131025641025639,-2.639928266178267,-5.178449328449329,-8.55118437118437,-2.066825396825397
4,2,2,cnf&mrg|gap&tzi,1,0,58.23915626856804,2.02,53.404046879046874,41.66666666666667,1.95,258,-3.3592796092796093,-6.441880341880343,-0.6089484126984129,-0.5633333333333334,-5.868803418803419,-9.331170634920635,-2.464001831501832,-5.249877899877901,-8.482704517704517,-2.237335164835166
4,2,2,as&mrg|gap&tzi,1,1,58.23915626856804,2.17,53.404046879046874,41.66666666666667,2.0366666666666666,260,-3.3592796092796093,-6.441880341880343,-0.6089484126984129,-0.4766666666666667,-5.868803418803419,-9.331170634920635,-2.464001831501832,-5.249877899877901,-8.482704517704517,-2.237335164835166
5,3,2,cnf&mrg|gap&tzi|ovl,1,0,57.23915626856804,1.6,53.370713545713535,41.66666666666667,1.6066666666666667,290,-3.392612942612943,-6.627315323565323,-0.5184920634920639,-0.9066666666666666,-5.902136752136753,-9.243148656898654,-2.733551587301588,-5.283211233211233,-8.648988095238096,-2.242843406593407
5,3,2,as&mrg|gap&tzi|ovl,1,1,57.23915626856804,1.63,53.370713545713535,41.66666666666667,1.6366666666666667,291,-3.392612942612943,-6.627315323565323,-0.5184920634920639,-0.8766666666666667,-5.902136752136753,-9.243148656898654,-2.733551587301588,-5.283211233211233,-8.648988095238096,-2.242843406593407
6,3,3,as&cnf&mrg|gap&tzi|ovl,1,1,57.23915626856804,1.63,53.370713545713535,41.66666666666667,1.6366666666666667,290,-3.392612942612943,-6.627315323565323,-0.5184920634920639,-0.8766666666666667,-5.902136752136753,-9.243148656898654,-2.733551587301588,-5.283211233211233,-8.648988095238096,-2.242843406593407
5,3,2,cnf&ovl|gap&mrg|tzi,1,0,58.23915626856804,1.91,53.33420560920561,42.333333333333336,1.81,275,-3.429120879120879,-6.8249603174603175,-0.3874282661782674,-0.7033333333333334,-5.938644688644688,-9.615212148962149,-2.5943849206349205,-5.3197191697191695,-8.855605921855924,-1.8996688034188036
4,2,2,gap&tzi|mrg&ovl,1,0,58.23915626856804,2.25,53.30404687904687,41.66666666666667,2.0566666666666666,253,-3.45927960927961,-6.509081196581197,-0.6180097680097688,-0.45666666666666667,-5.968803418803419,-9.535747863247863,-2.544404761904762,-5.3498778998778995,-8.55591575091575,-2.4495344932844945
3,2,2,gap&tzi|ovl,0,0,57.23915626856804,1.84,53.27071354571354,41.66666666666667,1.7366666666666666,284,-3.492612942612942,-6.693353174603174,-0.6445573870573886,-0.7766666666666666,-6.002136752136752,-9.393301282051283,-2.892275641025643,-5.383211233211234,-8.765467032967035,-2.398891941391942
5,3,2,cnf|gap&tzi|mrg&ovl,1,0,57.57248960190137,1.72,53.196110371110365,41.66666666666667,1.5733333333333333,292,-3.5672161172161174,-6.612904456654458,-0.8333272283272285,-0.94,-6.076739926739926,-9.553353174603172,-2.8481547619047616,-5.457814407814408,-8.842831196581196,-2.2767887667887674
5,3,2,as&mrg|cnf|gap&tzi,1,1,57.57248960190137,1.72,53.196110371110365,41.66666666666667,1.5766666666666667,294,-3.5672161172161174,-6.612904456654458,-0.8333272283272285,-0.9366666666666666,-6.076739926739926,-9.553353174603172,-2.8481547619047616,-5.457814407814408,-8.842831196581196,-2.2767887667887674
6,3,3,as&mrg&ovl|cnf|gap&tzi,1,1,57.57248960190137,1.72,53.196110371110365,41.66666666666667,1.5833333333333333,291,-3.5672161172161174,-6.612904456654458,-0.8333272283272285,-0.93,-6.076739926739926,-9.553353174603172,-2.8481547619047616,-5.457814407814408,-8.842831196581196,-2.2767887667887674
3,2,2,cnf|gap&tzi,0,0,57.57248960190137,1.75,53.196110371110365,41.66666666666667,1.6066666666666667,288,-3.5672161172161174,-6.612904456654458,-0.8333272283272285,-0.9066666666666666,-6.076739926739926,-9.553353174603172,-2.8481547619047616,-5.457814407814408,-8.842831196581196,-2.2767887667887674
4,3,2,cnf&ovl|mrg|tzi,1,0,57.23915626856804,1.61,53.196110371110365,42.0,1.6166666666666667,285,-3.5672161172161174,-6.932051282051282,-0.4346504884004887,-0.8966666666666666,-6.076739926739926,-9.667303113553112,-2.744358974358975,-5.457814407814408,-9.035143467643469,-2.1499267399267405
6,3,3,as&cnf&mrg|gap&ovl|tzi,1,1,58.23915626856804,2.12,53.14214211714212,41.66666666666667,1.9633333333333334,261,-3.6211843711843708,-6.787481684981684,-0.7983806471306473,-0.55,-6.13070818070818,-9.631376678876679,-2.720912698412699,-5.511782661782662,-9.003389804639806,-2.434623015873017
4,2,3,as&cnf&ovl|tzi,0,1,58.23915626856804,2.17,53.14214211714212,41.333333333333336,2.0633333333333335,261,-3.6211843711843708,-6.768055555555557,-0.7114819902319908,-0.45,-6.13070818070818,-9.516130952380951,-2.9736309523809528,-5.511782661782662,-8.891961233211234,-2.3123489010989022
5,2,4,as&cnf&mrg&ovl|tzi,1,1,58.23915626856804,2.38,53.14214211714212,41.333333333333336,2.1966666666666668,240,-3.6211843711843708,-6.768055555555557,-0.7114819902319908,-0.31666666666666665,-6.13070818070818,-9.516130952380951,-2.9736309523809528,-5.511782661782662,-8.891961233211234,-2.3123489010989022
3,2,2,gap&ovl|tzi,0,0,58.23915626856804,2.82,53.09928497428498,41.0,2.46,199,-3.664041514041514,-6.918725579975579,-0.6836706349206354,-0.05333333333333334,-6.173565323565323,-9.494107142857143,-2.8875076312576327,-5.554639804639805,-9.244148351648352,-2.2145070207570208
4,2,3,cnf&gap&ovl|tzi,0,0,58.23915626856804,2.84,53.09928497428498,41.0,2.48,197,-3.664041514041514,-6.918725579975579,-0.6836706349206354,-0.03333333333333333,-6.173565323565323,-9.494107142857143,-2.8875076312576327,-5.554639804639805,-9.244148351648352,-2.2145070207570208
4,3,2,cnf&mrg|ovl|tzi,1,0,57.23915626856804,1.58,53.037380212380214,41.333333333333336,1.5933333333333333,290,-3.7259462759462765,-7.040615079365079,-0.7227121489621495,-0.92,-6.2354700854700855,-9.616031746031748,-3.060219780219781,-5.616544566544566,-9.12764652014652,-2.544821428571429
4,3,2,as&mrg|ovl|tzi,1,1,57.23915626856804,1.61,53.037380212380214,41.333333333333336,1.6233333333333333,291,-3.7259462759462765,-7.040615079365079,-0.7227121489621495,-0.89,-6.2354700854700855,-9.616031746031748,-3.060219780219781,-5.616544566544566,-9.12764652014652,-2.544821428571429
5,3,3,as&cnf&mrg|ovl|tzi,1,1,57.23915626856804,1.61,53.037380212380214,41.333333333333336,1.6233333333333333,290,-3.7259462759462765,-7.040615079365079,-0.7227121489621495,-0.89,-6.2354700854700855,-9.616031746031748,-3.060219780219781,-5.616544566544566,-9.12764652014652,-2.544821428571429
4,2,2,as&cnf|gap&tzi,0,1,58.23915626856804,1.97,52.97547545047545,41.333333333333336,1.8533333333333333,279,-3.787851037851038,-6.658493589743589,-1.154299450549452,-0.66,-6.297374847374846,-9.735787545787545,-3.030807387057387,-5.678449328449329,-9.024212454212456,-2.5693757631257643
4,2,3,as&cnf&mrg|tzi,1,1,58.23915626856804,2.17,52.97547545047545,41.333333333333336,2.0533333333333332,252,-3.787851037851038,-6.800028998778999,-1.0196626984126989,-0.46,-6.297374847374846,-9.79691239316239,-2.9387438949938955,-5.678449328449329,-9.090479242979244,-2.5207112332112334
5,3,3,cnf&gap&mrg|ovl|tzi,1,0,57.23915626856804,1.72,52.93738021238021,41.333333333333336,1.6733333333333333,288,-3.8259462759462757,-7.130648656898657,-1.0195634920634937,-0.84,-6.335470085470085,-9.724948107448107,-3.230152625152626,-5.716544566544567,-9.215560134310135,-2.6769734432234435
5,3,3,as&gap&mrg|ovl|tzi,1,1,57.23915626856804,1.73,52.93738021238021,41.333333333333336,1.6833333333333333,288,-3.8259462759462757,-7.130648656898657,-1.0195634920634937,-0.83,-6.335470085470085,-9.724948107448107,-3.230152625152626,-5.716544566544567,-9.215560134310135,-2.6769734432234435
6,3,4,as&cnf&gap&mrg|ovl|tzi,1,1,57.23915626856804,1.73,52.93738021238021,41.333333333333336,1.6833333333333333,288,-3.8259462759462757,-7.130648656898657,-1.0195634920634937,-0.83,-6.335470085470085,-9.724948107448107,-3.230152625152626,-5.716544566544567,-9.215560134310135,-2.6769734432234435
2,2,1,ovl|tzi,0,0,57.23915626856804,1.8,52.93738021238021,41.333333333333336,1.72,284,-3.8259462759462757,-7.130648656898657,-1.0195634920634937,-0.7933333333333333,-6.335470085470085,-9.724948107448107,-3.230152625152626,-5.716544566544567,-9.215560134310135,-2.6769734432234435
3,2,2,as&gap|tzi,0,1,58.23915626856804,2.75,52.932618307618306,40.666666666666664,2.433333333333333,204,-3.8307081807081813,-6.820900488400489,-0.8645634920634927,-0.08,-6.34023199023199,-9.616243894993897,-3.0899877899877906,-5.721306471306472,-9.419996947496946,-2.4174542124542127
4,2,3,as&cnf&gap|tzi,0,1,58.23915626856804,2.77,52.932618307618306,40.666666666666664,2.4566666666666666,202,-3.8307081807081813,-6.820900488400489,-0.8645634920634927,-0.056666666666666664,-6.34023199023199,-9.616243894993897,-3.0899877899877906,-5.721306471306472,-9.419996947496946,-2.4174542124542127
4,2,3,cnf&gap&mrg|tzi,1,0,58.23915626856804,2.79,52.932618307618306,40.666666666666664,2.486666666666667,195,-3.8307081807081813,-6.820900488400489,-0.8645634920634927,-0.02666666666666667,-6.34023199023199,-9.616243894993897,-3.0899877899877906,-5.721306471306472,-9.419996947496946,-2.4174542124542127
4,2,3,as&gap&ovl|tzi,0,1,58.23915626856804,2.82,52.932618307618306,40.666666666666664,2.5,197,-3.8307081807081813,-6.820900488400489,-0.8645634920634927,-0.013333333333333334,-6.34023199023199,-9.616243894993897,-3.0899877899877906,-5.721306471306472,-9.419996947496946,-2.4174542124542127
4,2,3,as&gap&mrg|tzi,1,1,58.23915626856804,2.8,52.932618307618306,40.666666666666664,2.506666666666667,195,-3.8307081807081813,-6.820900488400489,-0.8645634920634927,-0.006666666666666667,-6.34023199023199,-9.616243894993897,-3.0899877899877906,-5.721306471306472,-9.419996947496946,-2.4174542124542127
5,2,4,as&cnf&gap&mrg|tzi,1,1,58.23915626856804,2.8,52.932618307618306,40.666666666666664,2.513333333333333,194,-3.8307081807081813,-6.820900488400489,-0.8645634920634927,0.0,-6.34023199023199,-9.616243894993897,-3.0899877899877906,-5.721306471306472,-9.419996947496946,-2.4174542124542127
5,2,4,as&cnf&gap&ovl|tzi,0,1,58.23915626856804,2.84,52.932618307618306,40.666666666666664,2.52,195,-3.8307081807081813,-6.820900488400489,-0.8645634920634927,0.006666666666666667,-6.34023199023199,-9.616243894993897,-3.0899877899877906,-5.721306471306472,-9.419996947496946,-2.4174542124542127
4,2,3,gap&mrg&ovl|tzi,1,0,58.23915626856804,2.87,52.932618307618306,40.666666666666664,2.533333333333333,191,-3.8307081807081813,-6.820900488400489,-0.8645634920634927,0.02,-6.34023199023199,-9.616243894993897,-3.0899877899877906,-5.721306471306472,-9.419996947496946,-2.4174542124542127
5,2,4,cnf&gap&mrg&ovl|tzi,1,0,58.23915626856804,2.87,52.932618307618306,40.666666666666664,2.54,190,-3.8307081807081813,-6.820900488400489,-0.8645634920634927,0.02666666666666667,-6.34023199023199,-9.616243894993897,-3.0899877899877906,-5.721306471306472,-9.419996947496946,-2.4174542124542127
5,2,4,as&gap&mrg&ovl|tzi,1,1,58.23915626856804,2.87,52.932618307618306,40.666666666666664,2.55,190,-3.8307081807081813,-6.820900488400489,-0.8645634920634927,0.03666666666666667,-6.34023199023199,-9.616243894993897,-3.0899877899877906,-5.721306471306472,-9.419996947496946,-2.4174542124542127
6,2,5,as&cnf&gap&mrg&ovl|tzi,1,1,58.23915626856804,2.87,52.932618307618306,40.666666666666664,2.5566666666666666,189,-3.8307081807081813,-6.820900488400489,-0.8645634920634927,0.043333333333333335,-6.34023199023199,-9.616243894993897,-3.0899877899877906,-5.721306471306472,-9.419996947496946,-2.4174542124542127
1,1,1,tzi,0,0,58.23915626856804,3.0,52.932618307618306,40.666666666666664,2.6533333333333333,176,-3.8307081807081813,-6.820900488400489,-0.8645634920634927,0.14,-6.34023199023199,-9.616243894993897,-3.0899877899877906,-5.721306471306472,-9.419996947496946,-2.4174542124542127
5,3,2,cnf&mrg|gap&ovl|tzi,1,0,58.23915626856804,1.95,52.904046879046874,41.333333333333336,1.8433333333333333,268,-3.85927960927961,-7.019710012210013,-1.2205967643467648,-0.67,-6.368803418803419,-9.932077228327227,-3.0126862026862034,-5.749877899877901,-9.197863247863248,-2.6819276556776557
5,3,2,as&mrg|gap&ovl|tzi,1,1,58.23915626856804,2.09,52.904046879046874,41.333333333333336,1.9233333333333333,269,-3.85927960927961,-7.019710012210013,-1.2205967643467648,-0.59,-6.368803418803419,-9.932077228327227,-3.0126862026862034,-5.749877899877901,-9.197863247863248,-2.6819276556776557
6,3,3,as&mrg|cnf&gap&ovl|tzi,1,1,58.23915626856804,2.11,52.904046879046874,41.333333333333336,1.9366666666666668,268,-3.85927960927961,-7.019710012210013,-1.2205967643467648,-0.5766666666666667,-6.368803418803419,-9.932077228327227,-3.0126862026862034,-5.749877899877901,-9.197863247863248,-2.6819276556776557
4,2,2,as&ovl|gap&tzi,0,1,58.23915626856804,2.1,52.904046879046874,41.0,1.95,275,-3.85927960927961,-6.803049450549451,-1.0949603174603175,-0.5633333333333334,-6.368803418803419,-9.63155525030525,-3.136964285714287,-5.749877899877899,-9.171663614163613,-2.6326923076923086
4,2,3,as&mrg&ovl|tzi,1,1,58.23915626856804,2.34,52.904046879046874,41.0,2.1566666666666667,245,-3.85927960927961,-6.8973489010989,-1.0561248473748475,-0.3566666666666667,-6.368803418803419,-9.810331196581197,-3.1910653235653252,-5.749877899877899,-9.244133089133088,-2.57295634920635
3,2,2,gap&tzi|mrg,1,0,57.23915626856804,1.86,52.896110371110375,41.66666666666667,1.8133333333333332,266,-3.8672161172161172,-6.897667887667885,-0.9115613553113553,-0.7,-6.376739926739927,-9.81181929181929,-2.9153968253968263,-5.757814407814408,-8.923975885225884,-2.7108959096459095
6,3,3,as&gap|cnf&mrg&ovl|tzi,1,1,58.23915626856804,2.13,52.87547545047545,41.333333333333336,1.9566666666666668,262,-3.8878510378510382,-6.955985958485958,-1.1302182539682541,-0.5566666666666666,-6.397374847374847,-9.961561355311355,-3.0853846153846165,-5.778449328449329,-9.234699328449327,-2.617641941391942
4,2,3,cnf&mrg&ovl|tzi,1,0,58.23915626856804,2.25,52.87547545047545,41.333333333333336,2.0733333333333333,248,-3.8878510378510382,-6.955985958485958,-1.1302182539682541,-0.44,-6.397374847374847,-9.961561355311355,-3.0853846153846165,-5.778449328449329,-9.234699328449327,-2.617641941391942
4,3,2,gap&tzi|mrg|ovl,1,0,57.23915626856804,1.48,52.86277703777703,41.66666666666667,1.5266666666666666,291,-3.900549450549451,-7.137876984126983,-0.8954105616605627,-0.9866666666666667,-6.410073260073259,-9.719412393162392,-3.0595238095238098,-5.791147741147742,-9.111733821733822,-2.5872557997557997
6,4,2,as&gap|cnf|mrg&ovl|tzi,1,1,57.57248960190137,1.68,52.86277703777703,41.333333333333336,1.5466666666666666,293,-3.900549450549451,-7.047692307692308,-1.1708211233211245,-0.9666666666666667,-6.410073260073259,-10.035007631257631,-3.1453373015873023,-5.791147741147742,-9.307069597069598,-2.5473611111111123
6,4,2,as&mrg|cnf|gap&ovl|tzi,1,1,57.57248960190137,1.68,52.86277703777703,41.333333333333336,1.5533333333333332,295,-3.900549450549451,-7.047692307692308,-1.1708211233211245,-0.96,-6.410073260073259,-10.035007631257631,-3.1453373015873023,-5.791147741147742,-9.307069597069598,-2.5473611111111123
4,3,2,cnf|mrg&ovl|tzi,1,0,57.57248960190137,1.7,52.86277703777703,41.333333333333336,1.5633333333333332,292,-3.900549450549451,-7.047692307692308,-1.1708211233211245,-0.95,-6.410073260073259,-10.035007631257631,-3.1453373015873023,-5.791147741147742,-9.307069597069598,-2.5473611111111123
4,3,2,as&mrg|cnf|tzi,1,1,57.57248960190137,1.7,52.86277703777703,41.333333333333336,1.5666666666666667,294,-3.900549450549451,-7.047692307692308,-1.1708211233211245,-0.9466666666666667,-6.410073260073259,-10.035007631257631,-3.1453373015873023,-5.791147741147742,-9.307069597069598,-2.5473611111111123
5,3,3,as&mrg&ovl|cnf|tzi,1,1,57.57248960190137,1.7,52.86277703777703,41.333333333333336,1.5733333333333333,291,-3.900549450549451,-7.047692307692308,-1.1708211233211245,-0.94,-6.410073260073259,-10.035007631257631,-3.1453373015873023,-5.791147741147742,-9.307069597069598,-2.5473611111111123
4,3,2,as&gap|cnf|tzi,0,1,57.57248960190137,1.71,52.86277703777703,41.333333333333336,1.58,289,-3.900549450549451,-7.047692307692308,-1.1708211233211245,-0.9333333333333333,-6.410073260073259,-10.035007631257631,-3.1453373015873023,-5.791147741147742,-9.307069597069598,-2.5473611111111123
4,3,2,cnf|gap&ovl|tzi,0,0,57.57248960190137,1.71,52.86277703777703,41.333333333333336,1.5833333333333333,289,-3.900549450549451,-7.047692307692308,-1.1708211233211245,-0.93,-6.410073260073259,-10.035007631257631,-3.1453373015873023,-5.791147741147742,-9.307069597069598,-2.5473611111111123
5,3,3,as&gap&ovl|cnf|tzi,0,1,57.57248960190137,1.71,52.86277703777703,41.333333333333336,1.5833333333333333,289,-3.900549450549451,-7.047692307692308,-1.1708211233211245,-0.93,-6.410073260073259,-10.035007631257631,-3.1453373015873023,-5.791147741147742,-9.307069597069598,-2.5473611111111123
6,4,2,as&gap|cnf&ovl|mrg|tzi,1,1,57.23915626856804,1.59,52.86277703777703,41.66666666666667,1.5866666666666667,287,-3.900549450549451,-7.092295482295483,-0.9635790598290599,-0.9266666666666666,-6.410073260073259,-10.062261904761904,-3.1851327838827834,-5.791147741147742,-9.397483211233212,-2.569015567765568
2,2,1,cnf|tzi,0,0,57.57248960190137,1.73,52.86277703777703,41.333333333333336,1.5966666666666667,288,-3.900549450549451,-7.047692307692308,-1.1708211233211245,-0.9166666666666666,-6.410073260073259,-10.035007631257631,-3.1453373015873023,-5.791147741147742,-9.307069597069598,-2.5473611111111123
5,3,3,as&gap&mrg|cnf|tzi,1,1,57.57248960190137,1.73,52.86277703777703,41.333333333333336,1.5966666666666667,288,-3.900549450549451,-7.047692307692308,-1.1708211233211245,-0.9166666666666666,-6.410073260073259,-10.035007631257631,-3.1453373015873023,-5.791147741147742,-9.307069597069598,-2.5473611111111123
5,3,3,cnf|gap&mrg&ovl|tzi,1,0,57.57248960190137,1.73,52.86277703777703,41.333333333333336,1.5966666666666667,288,-3.900549450549451,-7.047692307692308,-1.1708211233211245,-0.9166666666666666,-6.410073260073259,-10.035007631257631,-3.1453373015873023,-5.791147741147742,-9.307069597069598,-2.5473611111111123
6,3,4,as&gap&mrg&ovl|cnf|tzi,1,1,57.57248960190137,1.73,52.86277703777703,41.333333333333336,1.5966666666666667,288,-3.900549450549451,-7.047692307692308,-1.1708211233211245,-0.9166666666666666,-6.410073260073259,-10.035007631257631,-3.1453373015873023,-5.791147741147742,-9.307069597069598,-2.5473611111111123
3,2,2,cnf&gap|tzi,0,0,58.23915626856804,2.76,52.765951640951634,40.666666666666664,2.3966666666666665,203,-3.997374847374847,-7.2049145299145305,-1.0209859584859597,-0.11666666666666667,-6.506898656898656,-9.82406746031746,-3.3459126984126994,-5.887973137973139,-9.585648656898657,-2.5125000000000006
6,3,2,as&ovl|cnf&mrg|gap&tzi,1,1,58.23915626856804,1.72,52.73738021238022,41.0,1.71,286,-4.025946275946276,-6.8468192918192905,-1.3519184981684984,-0.8033333333333333,-6.535470085470085,-9.964049145299146,-3.1839087301587314,-5.916544566544566,-9.331712454212454,-2.8339346764346773
6,3,2,as&cnf|gap&tzi|mrg&ovl,1,1,58.23915626856804,1.81,52.73738021238022,41.0,1.7333333333333334,286,-4.025946275946276,-6.894795482295482,-1.5446169108669114,-0.78,-6.535470085470085,-9.906509462759464,-3.216065323565324,-5.916544566544566,-9.21294413919414,-2.893157814407814
5,3,2,as&gap|cnf&mrg|tzi,1,1,58.23915626856804,1.95,52.73738021238022,41.0,1.8433333333333333,269,-4.025946275946276,-6.977791514041513,-1.2424740537240535,-0.67,-6.535470085470085,-10.098511904761905,-3.2409859584859584,-5.916544566544566,-9.331370573870574,-2.8530586080586082
6,3,3,as&gap&ovl|cnf&mrg|tzi,1,1,58.23915626856804,1.95,52.73738021238022,41.0,1.8666666666666667,267,-4.025946275946276,-6.977791514041513,-1.2424740537240535,-0.6466666666666666,-6.535470085470085,-10.098511904761905,-3.2409859584859584,-5.916544566544566,-9.331370573870574,-2.8530586080586082
3,2,2,cnf&mrg|tzi,1,0,58.23915626856804,2.0,52.73738021238022,41.0,1.9166666666666667,260,-4.025946275946276,-6.977791514041513,-1.2424740537240535,-0.5966666666666667,-6.535470085470085,-10.098511904761905,-3.2409859584859584,-5.916544566544566,-9.331370573870574,-2.8530586080586082
6,3,3,as&mrg&ovl|cnf&gap|tzi,1,1,58.23915626856804,2.23,52.73738021238022,41.0,2.0033333333333334,258,-4.025946275946276,-7.114398656898656,-1.1725534188034192,-0.51,-6.535470085470085,-10.016448412698415,-3.3170177045177045,-5.916544566544566,-9.489398656898658,-2.8677655677655682
3,2,2,as&mrg|tzi,1,1,58.23915626856804,2.14,52.73738021238022,41.0,2.006666666666667,261,-4.025946275946276,-6.977791514041513,-1.2424740537240535,-0.5066666666666667,-6.535470085470085,-10.098511904761905,-3.2409859584859584,-5.916544566544566,-9.331370573870574,-2.8530586080586082
6,4,2,as&gap|cnf&mrg|ovl|tzi,1,1,57.23915626856804,1.58,52.704046879046885,41.0,1.5766666666666667,291,-4.05927960927961,-7.199015567765568,-1.1725992063492068,-0.9366666666666666,-6.5688034188034194,-10.002249694749695,-3.6040750915750923,-5.9498778998779,-9.478717948717948,-2.876054639804641
6,4,2,as&mrg|cnf&gap|ovl|tzi,1,1,57.23915626856804,1.6,52.704046879046885,41.0,1.5833333333333333,292,-4.05927960927961,-7.199015567765568,-1.1725992063492068,-0.93,-6.5688034188034194,-10.002249694749695,-3.6040750915750923,-5.9498778998779,-9.478717948717948,-2.876054639804641
5,3,2,as&cnf|gap&tzi|ovl,0,1,57.23915626856804,1.61,52.70404687904687,41.0,1.5566666666666666,296,-4.05927960927961,-6.986309523809524,-1.3757936507936508,-0.9566666666666667,-6.5688034188034194,-9.837851037851038,-3.545787545787546,-5.9498778998779,-9.315654761904762,-2.7784798534798543
4,3,2,cnf|gap&tzi|mrg,1,0,56.57248960190137,1.59,52.68817386317386,41.66666666666667,1.4866666666666666,294,-4.075152625152626,-7.114107142857143,-1.1939026251526264,-1.0266666666666666,-6.584676434676434,-10.091666666666667,-3.2281089743589746,-5.965750915750916,-9.387235958485958,-2.5826846764346767
6,3,3,as&cnf|gap&mrg&ovl|tzi,1,1,58.23915626856804,1.94,52.64214211714212,41.0,1.8233333333333333,280,-4.121184371184372,-7.096694139194139,-1.3973550061050064,-0.69,-6.630708180708181,-10.09310286935287,-3.2258531746031744,-6.011782661782663,-9.51214590964591,-2.81857142857143
3,2,2,as&cnf|tzi,0,1,58.23915626856804,1.94,52.64214211714212,41.0,1.84,279,-4.121184371184372,-7.096694139194139,-1.3973550061050064,-0.6733333333333333,-6.630708180708181,-10.09310286935287,-3.2258531746031744,-6.011782661782663,-9.51214590964591,-2.81857142857143
5,3,2,as&gap|mrg&ovl|tzi,1,1,58.23915626856804,2.09,52.6373802123802,41.0,1.9166666666666667,267,-4.125946275946276,-7.142355006105006,-1.3586507936507937,-0.5966666666666667,-6.635470085470086,-10.232970085470086,-3.3249404761904766,-6.0165445665445665,-9.546111111111113,-2.9894307081807088
6,3,3,as&cnf&gap|mrg&ovl|tzi,1,1,58.23915626856804,2.11,52.6373802123802,41.0,1.9333333333333333,266,-4.125946275946276,-7.142355006105006,-1.3586507936507937,-0.58,-6.635470085470086,-10.232970085470086,-3.3249404761904766,-6.0165445665445665,-9.546111111111113,-2.9894307081807088
3,2,2,mrg&ovl|tzi,1,0,58.23915626856804,2.21,52.6373802123802,41.0,2.026666666666667,254,-4.125946275946276,-7.142355006105006,-1.3586507936507937,-0.4866666666666667,-6.635470085470086,-10.232970085470086,-3.3249404761904766,-6.0165445665445665,-9.546111111111113,-2.9894307081807088
6,3,3,as&cnf&ovl|gap&mrg|tzi,1,1,58.23915626856804,2.06,52.63420560920561,41.333333333333336,1.9733333333333334,267,-4.129120879120879,-7.261521672771671,-1.2028571428571433,-0.54,-6.638644688644689,-9.99320818070818,-3.2751327838827837,-6.019719169719169,-9.413939255189256,-2.810225885225886
4,3,2,cnf&gap|ovl|tzi,0,0,57.23915626856804,1.72,52.60404687904688,41.0,1.6433333333333333,289,-4.15927960927961,-7.408730158730159,-1.330555555555556,-0.87,-6.668803418803418,-10.137938034188034,-3.6040873015873025,-6.0498778998779,-9.620059523809523,-2.8969047619047625
4,3,2,as&gap|ovl|tzi,0,1,57.23915626856804,1.73,52.60404687904688,41.0,1.6666666666666667,289,-4.15927960927961,-7.408730158730159,-1.330555555555556,-0.8466666666666667,-6.668803418803418,-10.137938034188034,-3.6040873015873025,-6.0498778998779,-9.620059523809523,-2.8969047619047625
5,3,3,as&cnf&gap|ovl|tzi,0,1,57.23915626856804,1.73,52.60404687904688,41.0,1.67,289,-4.15927960927961,-7.408730158730159,-1.330555555555556,-0.8433333333333334,-6.668803418803418,-10.137938034188034,-3.6040873015873025,-6.0498778998779,-9.620059523809523,-2.8969047619047625
6,3,3,as&ovl|cnf&gap&mrg|tzi,1,1,58.23915626856804,1.97,52.570713545713545,40.666666666666664,1.8666666666666667,280,-4.192612942612943,-7.2097557997558,-1.4174145299145302,-0.6466666666666666,-6.702136752136751,-10.144265873015872,-3.2896626984126978,-6.083211233211232,-9.60760989010989,-2.8935546398046395
5,3,2,as&mrg|cnf&gap|tzi,1,1,58.23915626856804,2.1,52.570713545713545,41.0,1.8966666666666667,269,-4.192612942612943,-7.18102564102564,-1.4875000000000003,-0.6166666666666667,-6.702136752136751,-10.25838675213675,-3.4483333333333346,-6.083211233211232,-9.587258852258852,-3.0152609890109887
3,2,2,as&ovl|tzi,0,1,58.23915626856804,2.05,52.570713545713545,40.666666666666664,1.93,275,-4.192612942612943,-7.2097557997558,-1.4174145299145302,-0.5833333333333334,-6.702136752136751,-10.144265873015872,-3.2896626984126978,-6.083211233211232,-9.60760989010989,-2.8935546398046395
6,3,3,as&cnf&ovl|gap&tzi|mrg,1,1,57.23915626856804,1.65,52.56277703777704,41.333333333333336,1.7,281,-4.200549450549451,-7.206495726495726,-1.4161187423687425,-0.8133333333333334,-6.710073260073261,-10.128724053724053,-3.3216407203907212,-6.091147741147742,-9.552020757020758,-3.002704517704518
4,3,2,cnf|gap&tzi|ovl,0,0,56.57248960190137,1.57,52.5294437044437,41.0,1.47,298,-4.233882783882784,-7.169537545787545,-1.5536446886446886,-1.0433333333333332,-6.7434065934065925,-10.185007631257632,-3.635654761904762,-6.124481074481075,-9.486802503052502,-2.911746031746033
6,4,2,as&mrg|cnf|gap&tzi|ovl,1,1,56.57248960190137,1.57,52.5294437044437,41.0,1.47,299,-4.233882783882784,-7.169537545787545,-1.5536446886446886,-1.0433333333333332,-6.7434065934065925,-10.185007631257632,-3.635654761904762,-6.124481074481075,-9.486802503052502,-2.911746031746033
5,3,2,as&ovl|cnf|gap&tzi,0,1,57.57248960190137,1.67,52.5294437044437,41.0,1.5066666666666666,297,-4.233882783882784,-7.040086996336996,-1.6356761294261304,-1.0066666666666666,-6.7434065934065925,-10.082269536019536,-3.426984126984127,-6.124481074481075,-9.381097374847373,-2.7350824175824173
3,3,1,mrg|ovl|tzi,1,0,57.23915626856804,1.46,52.5294437044437,41.333333333333336,1.5133333333333334,291,-4.233882783882784,-7.596924603174602,-1.1562576312576314,-1.0,-6.7434065934065925,-10.210636446886447,-3.438611111111111,-6.124481074481075,-9.657731990231989,-2.9889957264957268
5,3,2,as&cnf|gap&ovl|tzi,0,1,58.23915626856804,1.92,52.47547545047545,41.0,1.7933333333333332,281,-4.287851037851038,-7.268287545787546,-1.5309920634920637,-0.72,-6.797374847374847,-10.259200244200244,-3.4954899267399266,-6.178449328449327,-9.72424603174603,-2.8511111111111123
5,3,2,cnf&gap|mrg&ovl|tzi,1,0,58.23915626856804,2.1,52.470713545713544,41.0,1.89,266,-4.292612942612943,-7.354656593406593,-1.5253174603174602,-0.6233333333333333,-6.802136752136753,-10.419101037851037,-3.582063492063493,-6.183211233211233,-9.797863247863248,-3.156094322344323
4,3,2,gap&mrg|ovl|tzi,1,0,57.23915626856804,1.69,52.4294437044437,41.333333333333336,1.6566666666666667,288,-4.333882783882784,-7.727321428571426,-1.402144383394385,-0.8566666666666667,-6.843406593406594,-10.284094932844932,-3.6489087301587326,-6.224481074481074,-9.758278388278388,-3.0293116605616612
3,2,2,gap&mrg|tzi,1,0,58.23915626856804,2.76,52.42468179968181,40.666666666666664,2.46,196,-4.338644688644688,-7.39202380952381,-1.3629899267399275,-0.05333333333333334,-6.848168498168499,-10.175543345543346,-3.5108730158730164,-6.229242979242979,-9.89450702075702,-2.942536630036631
5,3,2,as&ovl|cnf&mrg|tzi,1,1,58.23915626856804,1.7,52.40404687904688,40.666666666666664,1.6933333333333334,286,-4.359279609279609,-7.2595253357753355,-1.676170634920636,-0.82,-6.868803418803419,-10.390325091575093,-3.4220436507936505,-6.2498778998779,-9.691842185592185,-3.101663614163615
5,3,2,as&cnf|mrg&ovl|tzi,1,1,58.23915626856804,1.79,52.40404687904688,40.666666666666664,1.72,286,-4.359279609279609,-7.278009768009769,-1.7513965201465203,-0.7933333333333333,-6.868803418803419,-10.332196275946275,-3.5243986568986587,-6.2498778998779,-9.641700244200244,-3.1681150793650787
5,3,2,as&ovl|cnf&gap|tzi,0,1,58.23915626856804,1.97,52.40404687904688,40.666666666666664,1.8133333333333332,282,-4.359279609279609,-7.388605006105005,-1.6555097680097681,-0.7,-6.868803418803419,-10.341289682539683,-3.5493986568986577,-6.2498778998779,-9.88513888888889,-2.9689957264957263
4,3,2,gap&ovl|mrg|tzi,1,0,57.23915626856804,1.79,52.396110371110375,41.333333333333336,1.7233333333333334,274,-4.367216117216119,-7.534061355311356,-1.4916468253968256,-0.79,-6.876739926739928,-10.43435286935287,-3.4239087301587303,-6.257814407814408,-9.783516483516483,-3.0433898046398054
5,3,3,cnf&gap&ovl|mrg|tzi,1,0,57.23915626856804,1.81,52.396110371110375,41.333333333333336,1.7366666666666666,273,-4.367216117216119,-7.534061355311356,-1.4916468253968256,-0.7766666666666666,-6.876739926739928,-10.43435286935287,-3.4239087301587303,-6.257814407814408,-9.783516483516483,-3.0433898046398054
4,3,2,as&cnf|ovl|tzi,0,1,57.23915626856804,1.59,52.37071354571354,40.666666666666664,1.5466666666666666,296,-4.392612942612943,-7.434426129426129,-1.6108730158730162,-0.9666666666666667,-6.902136752136753,-10.399993894993894,-3.879325396825397,-6.283211233211233,-9.811849816849817,-3.1347649572649594
6,4,2,as|cnf&mrg|gap&tzi|ovl,1,1,57.23915626856804,1.57,52.370713545713535,40.666666666666664,1.5033333333333334,299,-4.392612942612942,-7.339716117216116,-1.6973824786324796,-1.01,-6.902136752136753,-10.328962148962148,-3.835079365079366,-6.283211233211233,-9.676475885225885,-3.1268650793650794
4,3,2,as|gap&tzi|ovl,0,1,57.23915626856804,1.6,52.370713545713535,40.666666666666664,1.5266666666666666,299,-4.392612942612942,-7.339716117216116,-1.6973824786324796,-0.9866666666666667,-6.902136752136753,-10.328962148962148,-3.835079365079366,-6.283211233211233,-9.676475885225885,-3.1268650793650794
5,3,2,as|cnf&ovl|gap&tzi,0,1,58.23915626856804,1.68,52.370713545713535,40.666666666666664,1.56,298,-4.392612942612942,-7.2032936507936505,-1.839517704517705,-0.9533333333333334,-6.902136752136752,-10.331303418803419,-3.7220039682539703,-6.283211233211233,-9.730801282051281,-2.942556471306473
5,4,2,as&gap|cnf|mrg|tzi,1,1,56.57248960190137,1.55,52.35484052984053,41.333333333333336,1.46,295,-4.408485958485959,-7.418997252747252,-1.4575931013431018,-1.0533333333333332,-6.9180097680097665,-10.43044413919414,-3.6086309523809534,-6.299084249084248,-9.809778693528694,-3.0256181318681317
5,4,2,cnf|gap&ovl|mrg|tzi,1,0,56.57248960190137,1.55,52.35484052984053,41.333333333333336,1.4633333333333334,295,-4.408485958485959,-7.418997252747252,-1.4575931013431018,-1.05,-6.9180097680097665,-10.43044413919414,-3.6086309523809534,-6.299084249084248,-9.809778693528694,-3.0256181318681317
6,4,3,as&gap&ovl|cnf|mrg|tzi,1,1,56.57248960190137,1.55,52.35484052984053,41.333333333333336,1.4633333333333334,295,-4.408485958485959,-7.418997252747252,-1.4575931013431018,-1.05,-6.9180097680097665,-10.43044413919414,-3.6086309523809534,-6.299084249084248,-9.809778693528694,-3.0256181318681317
3,3,1,cnf|mrg|tzi,1,0,56.57248960190137,1.57,52.35484052984053,41.333333333333336,1.4766666666666666,294,-4.408485958485959,-7.418997252747252,-1.4575931013431018,-1.0366666666666666,-6.9180097680097665,-10.43044413919414,-3.6086309523809534,-6.299084249084248,-9.809778693528694,-3.0256181318681317
4,3,2,cnf|gap&mrg|tzi,1,0,57.57248960190137,1.7,52.35484052984053,41.333333333333336,1.58,288,-4.408485958485959,-7.418997252747252,-1.4575931013431018,-0.9333333333333333,-6.9180097680097665,-10.43044413919414,-3.6086309523809534,-6.299084249084248,-9.809778693528694,-3.0256181318681317
5,3,2,as&cnf|gap&tzi|mrg,1,1,57.23915626856804,1.63,52.2294437044437,41.0,1.6133333333333333,289,-4.533882783882785,-7.502097069597069,-1.8861446886446889,-0.9,-7.043406593406594,-10.350747863247864,-3.5905753968253977,-6.424481074481074,-9.78006868131868,-3.1826419413919416
5,3,2,as&ovl|gap&tzi|mrg,1,1,57.23915626856804,1.59,52.2294437044437,41.0,1.6166666666666667,288,-4.533882783882784,-7.5065873015873015,-1.7972161172161174,-0.8966666666666666,-7.043406593406592,-10.45935286935287,-3.521118742368743,-6.424481074481074,-9.933273809523808,-3.1259386446886452
5,3,3,as&cnf&ovl|mrg|tzi,1,1,57.23915626856804,1.63,52.2294437044437,41.0,1.6833333333333333,281,-4.533882783882785,-7.597890720390719,-1.6535515873015878,-0.83,-7.043406593406594,-10.543730158730156,-3.6325335775335774,-6.424481074481074,-9.862899877899878,-3.307090964590965
4,3,2,as&gap|mrg|tzi,1,1,57.23915626856804,1.79,52.2294437044437,41.0,1.72,275,-4.533882783882785,-7.597890720390719,-1.6535515873015878,-0.7933333333333333,-7.043406593406594,-10.543730158730156,-3.6325335775335774,-6.424481074481074,-9.862899877899878,-3.307090964590965
5,3,3,as&cnf&gap|mrg|tzi,1,1,57.23915626856804,1.81,52.2294437044437,41.0,1.7366666666666666,274,-4.533882783882785,-7.597890720390719,-1.6535515873015878,-0.7766666666666666,-7.043406593406594,-10.543730158730156,-3.6325335775335774,-6.424481074481074,-9.862899877899878,-3.307090964590965
5,3,3,as&gap&ovl|mrg|tzi,1,1,57.23915626856804,1.79,52.2294437044437,41.0,1.7433333333333334,273,-4.533882783882785,-7.597890720390719,-1.6535515873015878,-0.77,-7.043406593406594,-10.543730158730156,-3.6325335775335774,-6.424481074481074,-9.862899877899878,-3.307090964590965
6,3,4,as&cnf&gap&ovl|mrg|tzi,1,1,57.23915626856804,1.81,52.2294437044437,41.0,1.7566666666666666,272,-4.533882783882785,-7.597890720390719,-1.6535515873015878,-0.7566666666666667,-7.043406593406594,-10.543730158730156,-3.6325335775335774,-6.424481074481074,-9.862899877899878,-3.307090964590965
2,2,1,mrg|tzi,1,0,57.23915626856804,1.84,52.2294437044437,41.0,1.7866666666666666,267,-4.533882783882785,-7.597890720390719,-1.6535515873015878,-0.7266666666666667,-7.043406593406594,-10.543730158730156,-3.6325335775335774,-6.424481074481074,-9.862899877899878,-3.307090964590965
5,3,2,as|cnf&mrg|gap&tzi,1,1,58.23915626856804,1.67,52.20404687904687,40.33333333333333,1.5833333333333333,299,-4.55927960927961,-7.223293650793651,-2.036132478632479,-0.93,-7.068803418803419,-10.531765873015873,-3.6692857142857154,-6.4498778998779,-9.879974053724053,-3.3219246031746037
5,3,2,as|gap&tzi|mrg&ovl,1,1,58.23915626856804,1.7,52.20404687904687,40.33333333333333,1.6,298,-4.55927960927961,-7.223293650793651,-2.036132478632479,-0.9133333333333333,-7.068803418803419,-10.531765873015873,-3.6692857142857154,-6.4498778998779,-9.879974053724053,-3.3219246031746037
6,3,3,as|cnf&mrg&ovl|gap&tzi,1,1,58.23915626856804,1.7,52.20404687904687,40.33333333333333,1.6066666666666667,298,-4.55927960927961,-7.223293650793651,-2.036132478632479,-0.9066666666666666,-7.068803418803419,-10.531765873015873,-3.6692857142857154,-6.4498778998779,-9.879974053724053,-3.3219246031746037
3,2,2,as|gap&tzi,0,1,58.23915626856804,1.83,52.20404687904687,40.33333333333333,1.6766666666666667,298,-4.55927960927961,-7.223293650793651,-2.036132478632479,-0.8366666666666667,-7.068803418803419,-10.531765873015873,-3.6692857142857154,-6.4498778998779,-9.879974053724053,-3.3219246031746037
5,4,2,as&gap|cnf|ovl|tzi,0,1,56.57248960190137,1.55,52.19611037111037,40.666666666666664,1.4566666666666668,298,-4.567216117216118,-7.6013232600732605,-1.7227976190476193,-1.0566666666666666,-7.076739926739925,-10.701680402930403,-3.9380952380952383,-6.457814407814408,-9.946782661782661,-3.3166895604395616
3,3,1,cnf|ovl|tzi,0,0,56.57248960190137,1.55,52.19611037111037,40.666666666666664,1.46,298,-4.567216117216118,-7.6013232600732605,-1.7227976190476193,-1.0533333333333332,-7.076739926739925,-10.701680402930403,-3.9380952380952383,-6.457814407814408,-9.946782661782661,-3.3166895604395616
5,4,2,as&mrg|cnf|ovl|tzi,1,1,56.57248960190137,1.55,52.19611037111037,40.666666666666664,1.46,299,-4.567216117216118,-7.6013232600732605,-1.7227976190476193,-1.0533333333333332,-7.076739926739925,-10.701680402930403,-3.9380952380952383,-6.457814407814408,-9.946782661782661,-3.3166895604395616
6,4,3,as&gap&mrg|cnf|ovl|tzi,1,1,56.57248960190137,1.55,52.19611037111037,40.666666666666664,1.46,298,-4.567216117216118,-7.6013232600732605,-1.7227976190476193,-1.0533333333333332,-7.076739926739925,-10.701680402930403,-3.9380952380952383,-6.457814407814408,-9.946782661782661,-3.3166895604395616
4,3,2,as&ovl|cnf|tzi,0,1,57.57248960190137,1.65,52.19611037111037,40.666666666666664,1.4966666666666666,297,-4.567216117216117,-7.461985653235654,-1.8326984126984132,-1.0166666666666666,-7.076739926739925,-10.487017704517704,-3.7506944444444446,-6.457814407814408,-9.950938644688645,-3.069543650793651
5,4,2,as|cnf|gap&tzi|ovl,0,1,56.57248960190137,1.56,52.19611037111036,40.666666666666664,1.4466666666666668,300,-4.567216117216117,-7.51484126984127,-1.8717002442002453,-1.0666666666666667,-7.076739926739925,-10.63521978021978,-3.924305555555558,-6.457814407814408,-9.83871336996337,-3.276788766788767
6,4,2,as&cnf|gap&tzi|mrg|ovl,1,1,57.23915626856804,1.46,52.19611037111036,41.0,1.45,297,-4.567216117216117,-7.5914697802197795,-1.8016208791208805,-1.0633333333333332,-7.076739926739925,-10.468043345543345,-3.835549450549451,-6.457814407814408,-9.898975885225884,-3.079418498168498
6,4,2,as|cnf|gap&tzi|mrg&ovl,1,1,57.57248960190137,1.64,52.19611037111036,40.666666666666664,1.47,300,-4.567216117216117,-7.396362942612941,-1.9878174603174599,-1.0433333333333332,-7.076739926739925,-10.49588675213675,-3.7368055555555566,-6.457814407814408,-9.879772588522588,-3.052638888888889
4,3,2,as|cnf|gap&tzi,0,1,57.57248960190137,1.64,52.19611037111036,40.666666666666664,1.4766666666666666,300,-4.567216117216117,-7.396362942612941,-1.9878174603174599,-1.0366666666666666,-7.076739926739925,-10.49588675213675,-3.7368055555555566,-6.457814407814408,-9.879772588522588,-3.052638888888889
5,4,2,cnf&gap|mrg|ovl|tzi,1,0,57.23915626856804,1.46,52.19611037111036,41.0,1.4833333333333334,292,-4.567216117216117,-7.803293650793651,-1.6535515873015878,-1.03,-7.076739926739925,-10.509517704517704,-3.8960317460317464,-6.457814407814408,-10.00813186813187,-3.283492063492065
5,4,2,as&gap|mrg|ovl|tzi,1,1,57.23915626856804,1.46,52.19611037111036,41.0,1.4966666666666666,292,-4.567216117216117,-7.803293650793651,-1.6535515873015878,-1.0166666666666666,-7.076739926739925,-10.509517704517704,-3.8960317460317464,-6.457814407814408,-10.00813186813187,-3.283492063492065
6,4,3,as&cnf&gap|mrg|ovl|tzi,1,1,57.23915626856804,1.46,52.19611037111036,41.0,1.5,292,-4.567216117216117,-7.803293650793651,-1.6535515873015878,-1.0133333333333334,-7.076739926739925,-10.509517704517704,-3.8960317460317464,-6.457814407814408,-10.00813186813187,-3.283492063492065
5,3,2,as&cnf|gap&mrg|tzi,1,1,58.23915626856804,1.9,52.13420560920561,41.0,1.7933333333333332,280,-4.6291208791208796,-7.655906593406593,-1.885589133089134,-0.72,-7.138644688644689,-10.540172466422467,-3.6658333333333335,-6.51971916971917,-9.843463064713065,-3.1746993284493286
5,3,2,as&tzi|cnf&ovl|gap,0,1,56.38201341142518,1.84,52.08182465682466,41.66666666666667,1.69,277,-4.681501831501832,-8.05984126984127,-1.6324542124542132,-0.8233333333333334,-7.191025641025642,-10.98449175824176,-3.627500000000001,-6.572100122100122,-10.074835164835166,-3.2261111111111114
5,3,2,cnf&ovl|gap|mrg&tzi,1,0,56.38201341142518,1.84,52.08182465682466,41.66666666666667,1.6933333333333334,277,-4.681501831501832,-8.05984126984127,-1.6324542124542132,-0.82,-7.191025641025642,-10.98449175824176,-3.627500000000001,-6.572100122100122,-10.074835164835166,-3.2261111111111114
6,3,3,as&mrg&tzi|cnf&ovl|gap,1,1,56.38201341142518,1.84,52.08182465682466,41.66666666666667,1.6933333333333334,277,-4.681501831501832,-8.05984126984127,-1.6324542124542132,-0.82,-7.191025641025642,-10.98449175824176,-3.627500000000001,-6.572100122100122,-10.074835164835166,-3.2261111111111114
3,2,2,cnf&ovl|gap,0,0,56.38201341142518,1.86,52.08182465682466,41.66666666666667,1.6966666666666668,277,-4.681501831501832,-8.05984126984127,-1.6324542124542132,-0.8166666666666667,-7.191025641025642,-10.98449175824176,-3.627500000000001,-6.572100122100122,-10.074835164835166,-3.2261111111111114
4,3,2,cnf&gap|mrg|tzi,1,0,57.23915626856804,1.81,52.06277703777704,41.0,1.7066666666666668,274,-4.700549450549452,-7.772460317460318,-1.80382326007326,-0.8066666666666666,-7.21007326007326,-10.706204212454212,-3.957355006105006,-6.591147741147742,-10.095540293040292,-3.4839545177045177
5,3,2,as&ovl|gap&mrg|tzi,1,1,58.23915626856804,1.94,52.06277703777704,40.666666666666664,1.8466666666666667,280,-4.70054945054945,-7.778208180708179,-1.8194383394383407,-0.6666666666666666,-7.210073260073259,-10.74640873015873,-3.8592857142857158,-6.591147741147742,-10.211088217338215,-3.2548641636141635
5,4,2,as|cnf&gap|ovl|tzi,0,1,57.23915626856804,1.57,52.037380212380214,40.33333333333333,1.49,299,-4.725946275946275,-7.769948107448108,-1.9878373015873012,-1.0233333333333334,-7.2354700854700855,-10.773162393162394,-4.215515873015874,-6.616544566544566,-10.230866910866911,-3.2941926129426147
5,4,2,as|cnf&mrg|ovl|tzi,1,1,57.23915626856804,1.55,52.037380212380214,40.33333333333333,1.4933333333333334,299,-4.725946275946275,-7.769948107448108,-1.9878373015873012,-1.02,-7.2354700854700855,-10.773162393162394,-4.215515873015874,-6.616544566544566,-10.230866910866911,-3.2941926129426147
6,4,3,as|cnf&gap&mrg|ovl|tzi,1,1,57.23915626856804,1.57,52.037380212380214,40.33333333333333,1.5066666666666666,299,-4.725946275946275,-7.769948107448108,-1.9878373015873012,-1.0066666666666666,-7.2354700854700855,-10.773162393162394,-4.215515873015874,-6.616544566544566,-10.230866910866911,-3.2941926129426147
3,3,1,as|ovl|tzi,0,1,57.23915626856804,1.58,52.037380212380214,40.33333333333333,1.5166666666666666,299,-4.725946275946275,-7.769948107448108,-1.9878373015873012,-0.9966666666666667,-7.2354700854700855,-10.773162393162394,-4.215515873015874,-6.616544566544566,-10.230866910866911,-3.2941926129426147
4,3,2,as|cnf&ovl|tzi,0,1,58.23915626856804,1.66,52.037380212380214,40.33333333333333,1.55,298,-4.725946275946276,-7.653055555555556,-2.128154761904762,-0.9633333333333334,-7.235470085470085,-10.882731990231989,-3.914948107448107,-6.616544566544566,-10.30697802197802,-3.155833333333334
5,4,2,cnf|gap&tzi|mrg|ovl,1,0,56.57248960190137,1.45,52.02150719650719,41.0,1.39,299,-4.741819291819292,-7.858836996336997,-1.9448489010989014,-1.1233333333333333,-7.251343101343101,-10.762718253968254,-3.918136446886447,-6.632417582417583,-10.035082417582416,-3.3261645299145304
6,4,2,as&ovl|cnf|gap&tzi|mrg,1,1,56.57248960190137,1.54,52.02150719650719,41.0,1.4166666666666667,299,-4.741819291819292,-7.7510989010989,-1.9715811965811976,-1.0966666666666667,-7.251343101343101,-10.641686507936507,-3.8457875457875454,-6.632417582417583,-9.979684065934064,-3.099368131868132
6,4,2,as&tzi|cnf&ovl|gap|mrg,1,1,55.38201341142518,1.54,51.94372941872941,41.333333333333336,1.4966666666666666,287,-4.819597069597069,-8.11812271062271,-1.7021962759462772,-1.0166666666666666,-7.329120879120879,-11.0496626984127,-3.725357142857143,-6.71019536019536,-10.280912698412699,-3.416240842490844
4,3,2,cnf&ovl|gap|mrg,1,0,55.38201341142518,1.54,51.94372941872941,41.333333333333336,1.5,287,-4.819597069597069,-8.11812271062271,-1.7021962759462772,-1.0133333333333334,-7.329120879120879,-11.0496626984127,-3.725357142857143,-6.71019536019536,-10.280912698412699,-3.416240842490844
5,3,2,as&mrg|cnf&ovl|gap,1,1,56.38201341142518,1.68,51.94372941872941,41.333333333333336,1.5966666666666667,286,-4.819597069597069,-8.11812271062271,-1.7021962759462772,-0.9166666666666666,-7.329120879120879,-11.0496626984127,-3.725357142857143,-6.71019536019536,-10.280912698412699,-3.416240842490844
4,3,2,as&cnf|mrg|tzi,1,1,57.23915626856804,1.61,51.89611037111037,40.666666666666664,1.6,289,-4.867216117216118,-7.865450244200243,-2.154120879120881,-0.9133333333333333,-7.376739926739928,-10.839021672771672,-3.9264285714285725,-6.757814407814408,-10.10156746031746,-3.4910378510378517
4,3,2,as&ovl|mrg|tzi,1,1,57.23915626856804,1.57,51.89611037111037,40.666666666666664,1.6,288,-4.867216117216118,-7.840238095238094,-2.06794413919414,-0.9133333333333333,-7.376739926739926,-10.929444444444444,-3.92670634920635,-6.757814407814408,-10.196059218559219,-3.4498870573870577
5,2,4,as&cnf&mrg&ovl|gap,1,1,56.38201341142518,2.2,51.88182465682466,41.333333333333336,1.9566666666666668,253,-4.881501831501832,-8.40453144078144,-1.6042857142857148,-0.5566666666666666,-7.3910256410256405,-11.002315323565321,-3.6379365079365082,-6.772100122100122,-10.292480158730159,-3.3521794871794874
4,3,2,as|cnf&mrg|tzi,1,1,58.23915626856804,1.65,51.87071354571354,40.0,1.57,299,-4.892612942612943,-7.714160561660561,-2.351382783882784,-0.9433333333333334,-7.402136752136751,-10.987295482295481,-3.989325396825398,-6.783211233211234,-10.304693223443222,-3.509067460317461
4,3,2,as|mrg&ovl|tzi,1,1,58.23915626856804,1.68,51.87071354571354,40.0,1.5866666666666667,298,-4.892612942612943,-7.714160561660561,-2.351382783882784,-0.9266666666666666,-7.402136752136751,-10.987295482295481,-3.989325396825398,-6.783211233211234,-10.304693223443222,-3.509067460317461
5,3,3,as|cnf&mrg&ovl|tzi,1,1,58.23915626856804,1.68,51.87071354571354,40.0,1.5933333333333333,298,-4.892612942612943,-7.714160561660561,-2.351382783882784,-0.92,-7.402136752136751,-10.987295482295481,-3.989325396825398,-6.783211233211234,-10.304693223443222,-3.509067460317461
5,3,3,as|cnf&gap&mrg|tzi,1,1,58.23915626856804,1.79,51.87071354571354,40.0,1.6433333333333333,298,-4.892612942612943,-7.714160561660561,-2.351382783882784,-0.87,-7.402136752136751,-10.987295482295481,-3.989325396825398,-6.783211233211234,-10.304693223443222,-3.509067460317461
5,3,3,as|gap&mrg&ovl|tzi,1,1,58.23915626856804,1.8,51.87071354571354,40.0,1.6533333333333333,298,-4.892612942612943,-7.714160561660561,-2.351382783882784,-0.86,-7.402136752136751,-10.987295482295481,-3.989325396825398,-6.783211233211234,-10.304693223443222,-3.509067460317461
6,3,4,as|cnf&gap&mrg&ovl|tzi,1,1,58.23915626856804,1.8,51.87071354571354,40.0,1.6533333333333333,298,-4.892612942612943,-7.714160561660561,-2.351382783882784,-0.86,-7.402136752136751,-10.987295482295481,-3.989325396825398,-6.783211233211234,-10.304693223443222,-3.509067460317461
2,2,1,as|tzi,0,1,58.23915626856804,1.8,51.87071354571354,40.0,1.6633333333333333,298,-4.892612942612943,-7.714160561660561,-2.351382783882784,-0.85,-7.402136752136751,-10.987295482295481,-3.989325396825398,-6.783211233211234,-10.304693223443222,-3.509067460317461
4,4,1,as|cnf|ovl|tzi,0,1,56.57248960190137,1.54,51.86277703777704,40.33333333333333,1.4366666666666668,300,-4.90054945054945,-7.933420329670329,-2.0921428571428575,-1.0766666666666667,-7.4100732600732595,-10.947765567765568,-4.311428571428572,-6.791147741147742,-10.374183455433455,-3.5767292429792445
5,4,2,as|cnf|mrg&ovl|tzi,1,1,57.57248960190137,1.62,51.86277703777704,40.33333333333333,1.46,300,-4.90054945054945,-7.798559218559219,-2.2512240537240538,-1.0533333333333332,-7.4100732600732595,-11.032825091575091,-4.069716117216117,-6.791147741147742,-10.4128373015873,-3.3033989621489623
3,3,1,as|cnf|tzi,0,1,57.57248960190137,1.62,51.86277703777704,40.33333333333333,1.4666666666666666,300,-4.90054945054945,-7.798559218559219,-2.2512240537240538,-1.0466666666666666,-7.4100732600732595,-11.032825091575091,-4.069716117216117,-6.791147741147742,-10.4128373015873,-3.3033989621489623
5,4,2,as|cnf|gap&ovl|tzi,0,1,57.57248960190137,1.62,51.86277703777704,40.33333333333333,1.4666666666666666,300,-4.90054945054945,-7.798559218559219,-2.2512240537240538,-1.0466666666666666,-7.4100732600732595,-11.032825091575091,-4.069716117216117,-6.791147741147742,-10.4128373015873,-3.3033989621489623
6,4,3,as|cnf|gap&mrg&ovl|tzi,1,1,57.57248960190137,1.62,51.86277703777704,40.33333333333333,1.4666666666666666,300,-4.90054945054945,-7.798559218559219,-2.2512240537240538,-1.0466666666666666,-7.4100732600732595,-11.032825091575091,-4.069716117216117,-6.791147741147742,-10.4128373015873,-3.3033989621489623
5,4,2,as|gap&tzi|mrg|ovl,1,1,57.23915626856804,1.45,51.86277703777703,40.666666666666664,1.43,299,-4.90054945054945,-7.930257936507937,-2.133611111111112,-1.0833333333333333,-7.4100732600732595,-10.808340964590963,-4.112355006105007,-6.791147741147742,-10.263499694749694,-3.4485378510378513
5,4,2,as&cnf|mrg|ovl|tzi,1,1,57.23915626856804,1.44,51.86277703777703,40.666666666666664,1.44,297,-4.90054945054945,-8.051581196581196,-2.1279899267399274,-1.0733333333333333,-7.4100732600732595,-10.900827228327227,-4.159861111111112,-6.791147741147742,-10.334630647130647,-3.573015873015873
6,4,2,as|cnf&ovl|gap&tzi|mrg,1,1,57.23915626856804,1.52,51.86277703777703,40.666666666666664,1.4566666666666668,299,-4.90054945054945,-7.803234126984126,-2.258466117216117,-1.0566666666666666,-7.4100732600732595,-10.868771367521367,-4.019900793650794,-6.791147741147742,-10.264742063492063,-3.245079365079367
6,4,2,as&cnf|gap&mrg|ovl|tzi,1,1,57.23915626856804,1.55,51.86277703777703,40.666666666666664,1.52,296,-4.90054945054945,-8.051581196581196,-2.1279899267399274,-0.9933333333333333,-7.4100732600732595,-10.900827228327227,-4.159861111111112,-6.791147741147742,-10.334630647130647,-3.573015873015873
4,3,2,cnf&ovl|gap|tzi,0,0,56.38201341142518,1.82,51.74849132349132,41.333333333333336,1.68,277,-5.014835164835165,-8.432599206349206,-1.8485653235653237,-0.8333333333333334,-7.524358974358974,-11.317825091575092,-4.099855006105006,-6.905433455433456,-10.463852258852258,-3.5097985347985348
6,4,2,as&ovl|cnf&gap|mrg|tzi,1,1,57.23915626856804,1.57,51.7294437044437,40.666666666666664,1.55,290,-5.033882783882785,-8.029484126984126,-2.2468849206349213,-0.9633333333333334,-7.543406593406593,-11.09611111111111,-4.160694444444445,-6.924481074481075,-10.455274725274725,-3.6165537240537247
6,4,2,as&cnf|gap&ovl|mrg|tzi,1,1,57.23915626856804,1.59,51.7294437044437,40.666666666666664,1.5733333333333333,290,-5.033882783882785,-8.106608669108669,-2.377454212454213,-0.94,-7.543406593406594,-10.998724053724056,-4.183823260073261,-6.924481074481075,-10.322583943833944,-3.671746031746032
4,2,3,as&cnf&mrg|gap,1,1,56.38201341142518,2.04,51.71515799015799,41.333333333333336,1.8533333333333333,260,-5.048168498168498,-8.537196275946275,-1.815496031746032,-0.66,-7.557692307692307,-11.331991758241756,-3.8927380952380957,-6.93876678876679,-10.294940476190476,-3.683577533577535
6,4,2,as|cnf&gap|mrg&ovl|tzi,1,1,58.23915626856804,1.67,51.704046879046885,40.0,1.5433333333333332,298,-5.059279609279609,-8.00138888888889,-2.5308531746031746,-0.97,-7.568803418803419,-11.14675976800977,-4.197989926739927,-6.9498778998779,-10.49061507936508,-3.629067460317461
6,4,2,as|cnf&mrg|gap&ovl|tzi,1,1,58.23915626856804,1.65,51.704046879046885,40.0,1.5533333333333332,299,-5.059279609279609,-8.00138888888889,-2.5308531746031746,-0.96,-7.568803418803419,-11.14675976800977,-4.197989926739927,-6.9498778998779,-10.49061507936508,-3.629067460317461
4,3,2,as|cnf&gap|tzi,0,1,58.23915626856804,1.79,51.704046879046885,40.0,1.61,298,-5.059279609279609,-8.00138888888889,-2.5308531746031746,-0.9033333333333333,-7.568803418803419,-11.14675976800977,-4.197989926739927,-6.9498778998779,-10.49061507936508,-3.629067460317461
4,3,2,as|gap&ovl|tzi,0,1,58.23915626856804,1.8,51.704046879046885,40.0,1.6366666666666667,298,-5.059279609279609,-8.00138888888889,-2.5308531746031746,-0.8766666666666667,-7.568803418803419,-11.14675976800977,-4.197989926739927,-6.9498778998779,-10.49061507936508,-3.629067460317461
5,3,3,as|cnf&gap&ovl|tzi,0,1,58.23915626856804,1.8,51.704046879046885,40.0,1.6366666666666667,298,-5.059279609279609,-8.00138888888889,-2.5308531746031746,-0.8766666666666667,-7.568803418803419,-11.14675976800977,-4.197989926739927,-6.9498778998779,-10.49061507936508,-3.629067460317461
4,3,2,as|gap&tzi|mrg,1,1,57.23915626856804,1.54,51.69611037111036,40.33333333333333,1.5,299,-5.067216117216118,-7.898466117216117,-2.4672161172161178,-1.0133333333333334,-7.576739926739926,-11.092493894993893,-4.031456043956044,-6.957814407814408,-10.387547313797313,-3.71757020757021
6,5,2,as|cnf|gap&tzi|mrg|ovl,1,1,56.57248960190137,1.44,51.68817386317386,40.666666666666664,1.3733333333333333,300,-5.075152625152626,-8.108214285714284,-2.2823489010989015,-1.14,-7.5846764346764335,-11.067672466422469,-4.287202380952381,-6.965750915750915,-10.439702380952381,-3.5819078144078156
6,5,2,as&gap|cnf|mrg|ovl|tzi,1,1,56.57248960190137,1.43,51.68817386317386,40.666666666666664,1.3766666666666667,299,-5.075152625152626,-8.210470085470083,-2.262355006105006,-1.1366666666666667,-7.5846764346764335,-11.08472222222222,-4.215569291819292,-6.965750915750915,-10.56563492063492,-3.6915277777777784
4,4,1,cnf|mrg|ovl|tzi,1,0,56.57248960190137,1.43,51.68817386317386,40.666666666666664,1.38,299,-5.075152625152626,-8.210470085470083,-2.262355006105006,-1.1333333333333333,-7.5846764346764335,-11.08472222222222,-4.215569291819292,-6.965750915750915,-10.56563492063492,-3.6915277777777784
5,4,2,as|cnf|gap&tzi|mrg,1,1,56.57248960190137,1.51,51.68817386317386,40.666666666666664,1.3966666666666667,300,-5.075152625152626,-7.99766636141636,-2.358392857142857,-1.1166666666666667,-7.5846764346764335,-11.091674297924296,-4.159345238095239,-6.965750915750915,-10.394035409035409,-3.273115079365079
5,4,2,as&ovl|cnf|mrg|tzi,1,1,56.57248960190137,1.52,51.68817386317386,40.666666666666664,1.4066666666666667,299,-5.075152625152626,-7.966456043956044,-2.3172420634920634,-1.1066666666666667,-7.5846764346764335,-10.970079365079362,-4.14154761904762,-6.965750915750915,-10.431964285714285,-3.483951465201465
5,4,2,cnf|gap&mrg|ovl|tzi,1,0,56.57248960190137,1.52,51.68817386317386,40.666666666666664,1.4433333333333334,298,-5.075152625152626,-8.210470085470083,-2.262355006105006,-1.07,-7.5846764346764335,-11.08472222222222,-4.215569291819292,-6.965750915750915,-10.56563492063492,-3.6915277777777784
6,4,2,as&ovl|cnf|gap&mrg|tzi,1,1,57.57248960190137,1.62,51.68817386317386,40.666666666666664,1.48,297,-5.075152625152626,-7.966456043956044,-2.3172420634920634,-1.0333333333333334,-7.5846764346764335,-10.970079365079362,-4.14154761904762,-6.965750915750915,-10.431964285714285,-3.483951465201465
3,2,2,gap|mrg&tzi,1,0,56.38201341142518,2.66,51.672300847300846,40.666666666666664,2.3066666666666666,203,-5.091025641025642,-8.455160256410256,-1.5168253968253969,-0.20666666666666667,-7.600549450549451,-11.226991758241759,-3.83718253968254,-6.981623931623932,-10.672484737484737,-3.561391941391942
4,2,3,as&mrg&tzi|gap,1,1,56.38201341142518,2.67,51.672300847300846,40.666666666666664,2.31,203,-5.091025641025642,-8.455160256410256,-1.5168253968253969,-0.20333333333333334,-7.600549450549451,-11.226991758241759,-3.83718253968254,-6.981623931623932,-10.672484737484737,-3.561391941391942
4,2,3,gap|mrg&ovl&tzi,1,0,56.38201341142518,2.68,51.672300847300846,40.666666666666664,2.31,203,-5.091025641025642,-8.455160256410256,-1.5168253968253969,-0.20333333333333334,-7.600549450549451,-11.226991758241759,-3.83718253968254,-6.981623931623932,-10.672484737484737,-3.561391941391942
4,2,3,cnf&mrg&tzi|gap,1,0,56.38201341142518,2.66,51.672300847300846,40.666666666666664,2.3133333333333335,202,-5.091025641025642,-8.455160256410256,-1.5168253968253969,-0.2,-7.600549450549451,-11.226991758241759,-3.83718253968254,-6.981623931623932,-10.672484737484737,-3.561391941391942
5,2,4,as&cnf&mrg&tzi|gap,1,1,56.38201341142518,2.67,51.672300847300846,40.666666666666664,2.3133333333333335,202,-5.091025641025642,-8.455160256410256,-1.5168253968253969,-0.2,-7.600549450549451,-11.226991758241759,-3.83718253968254,-6.981623931623932,-10.672484737484737,-3.561391941391942
5,2,4,as&mrg&ovl&tzi|gap,1,1,56.38201341142518,2.69,51.672300847300846,40.666666666666664,2.3133333333333335,203,-5.091025641025642,-8.455160256410256,-1.5168253968253969,-0.2,-7.600549450549451,-11.226991758241759,-3.83718253968254,-6.981623931623932,-10.672484737484737,-3.561391941391942
5,2,4,cnf&mrg&ovl&tzi|gap,1,0,56.38201341142518,2.68,51.672300847300846,40.666666666666664,2.316666666666667,202,-5.091025641025642,-8.455160256410256,-1.5168253968253969,-0.19666666666666666,-7.600549450549451,-11.226991758241759,-3.83718253968254,-6.981623931623932,-10.672484737484737,-3.561391941391942
6,2,5,as&cnf&mrg&ovl&tzi|gap,1,1,56.38201341142518,2.69,51.672300847300846,40.666666666666664,2.316666666666667,202,-5.091025641025642,-8.455160256410256,-1.5168253968253969,-0.19666666666666666,-7.600549450549451,-11.226991758241759,-3.83718253968254,-6.981623931623932,-10.672484737484737,-3.561391941391942
1,1,1,gap,0,0,56.38201341142518,2.72,51.672300847300846,40.666666666666664,2.32,201,-5.091025641025642,-8.455160256410256,-1.5168253968253969,-0.19333333333333333,-7.600549450549451,-11.226991758241759,-3.83718253968254,-6.981623931623932,-10.672484737484737,-3.561391941391942
4,2,3,as&mrg&ovl|gap,1,1,56.38201341142518,2.16,51.643729418729414,41.0,1.92,258,-5.11959706959707,-8.561376678876679,-1.943684371184372,-0.5933333333333334,-7.629120879120878,-11.251277472527471,-3.8834523809523813,-7.010195360195361,-10.441303418803418,-3.589993894993895
4,2,3,cnf&mrg&ovl|gap,1,0,56.38201341142518,2.06,51.61515799015799,41.333333333333336,1.85,260,-5.1481684981684985,-8.680132783882785,-1.9660454822954827,-0.6633333333333333,-7.657692307692308,-11.53125,-4.014285714285714,-7.038766788766789,-10.370572344322344,-3.8535714285714304
5,4,2,cnf&ovl|gap|mrg|tzi,1,0,55.38201341142518,1.52,51.61039608539607,41.0,1.4866666666666666,287,-5.152930402930403,-8.609908424908424,-1.9327716727716753,-1.0266666666666666,-7.662454212454212,-11.408142551892551,-4.118055555555555,-7.043528693528693,-10.601607142857143,-3.6350030525030532
6,4,2,as&mrg|cnf&ovl|gap|tzi,1,1,56.38201341142518,1.66,51.61039608539607,41.0,1.5833333333333333,286,-5.152930402930403,-8.609908424908424,-1.9327716727716753,-0.93,-7.662454212454212,-11.408142551892551,-4.118055555555555,-7.043528693528693,-10.601607142857143,-3.6350030525030532
6,3,3,as&cnf&ovl|gap|mrg&tzi,1,1,56.38201341142518,1.99,51.54849132349132,41.0,1.84,270,-5.214835164835165,-8.552017704517706,-2.0314163614163614,-0.6733333333333333,-7.724358974358974,-11.322989926739927,-4.053757631257631,-7.105433455433456,-10.589444444444444,-3.6851556776556786
4,2,3,as&cnf&ovl|gap,0,1,56.38201341142518,2.02,51.54849132349132,41.0,1.8433333333333333,270,-5.214835164835165,-8.552017704517706,-2.0314163614163614,-0.67,-7.724358974358974,-11.322989926739927,-4.053757631257631,-7.105433455433456,-10.589444444444444,-3.6851556776556786
6,5,2,as|cnf&gap|mrg|ovl|tzi,1,1,57.23915626856804,1.43,51.5294437044437,40.33333333333333,1.4033333333333333,299,-5.233882783882784,-8.364299450549451,-2.4684600122100133,-1.11,-7.743406593406592,-11.185880647130649,-4.427757936507937,-7.124481074481075,-10.724067460317462,-3.839900793650796
4,4,1,as|mrg|ovl|tzi,1,1,57.23915626856804,1.43,51.5294437044437,40.33333333333333,1.42,299,-5.233882783882784,-8.364299450549451,-2.4684600122100133,-1.0933333333333333,-7.743406593406592,-11.185880647130649,-4.427757936507937,-7.124481074481075,-10.724067460317462,-3.839900793650796
5,4,2,as|cnf&ovl|mrg|tzi,1,1,57.23915626856804,1.5,51.5294437044437,40.33333333333333,1.4466666666666668,299,-5.233882783882784,-8.09403540903541,-2.539305555555556,-1.0666666666666667,-7.743406593406592,-11.40139652014652,-4.201091269841271,-7.124481074481075,-10.730235042735043,-3.591791819291819
5,4,2,as|gap&mrg|ovl|tzi,1,1,57.23915626856804,1.54,51.5294437044437,40.33333333333333,1.49,299,-5.233882783882784,-8.364299450549451,-2.4684600122100133,-1.0233333333333334,-7.743406593406592,-11.185880647130649,-4.427757936507937,-7.124481074481075,-10.724067460317462,-3.839900793650796
6,4,2,as|cnf&ovl|gap&mrg|tzi,1,1,58.23915626856804,1.62,51.5294437044437,40.33333333333333,1.5233333333333334,298,-5.233882783882784,-8.09403540903541,-2.539305555555556,-0.99,-7.743406593406592,-11.40139652014652,-4.201091269841271,-7.124481074481075,-10.730235042735043,-3.591791819291819
2,2,1,gap|mrg,1,0,55.38201341142518,1.74,51.47706275206275,41.0,1.6333333333333333,274,-5.286263736263737,-8.796814713064714,-2.150595238095239,-0.88,-7.795787545787546,-11.440642551892555,-4.17896214896215,-7.176862026862028,-10.64690476190476,-3.922188644688646
3,2,2,cnf&mrg|gap,1,0,56.38201341142518,1.87,51.47706275206275,41.0,1.7433333333333334,267,-5.286263736263737,-8.796814713064714,-2.150595238095239,-0.77,-7.795787545787546,-11.440642551892555,-4.17896214896215,-7.176862026862028,-10.64690476190476,-3.922188644688646
3,2,2,as&mrg|gap,1,1,56.38201341142518,2.01,51.47706275206275,41.0,1.81,269,-5.286263736263737,-8.796814713064714,-2.150595238095239,-0.7033333333333334,-7.795787545787546,-11.440642551892555,-4.17896214896215,-7.176862026862028,-10.64690476190476,-3.922188644688646
3,3,1,cnf|gap|mrg,1,0,54.715346744758506,1.5,51.4357929107929,41.0,1.3866666666666667,295,-5.327533577533578,-8.575674603174603,-2.2858333333333336,-1.1266666666666667,-7.837057387057388,-11.362190170940172,-4.138023504273506,-7.218131868131867,-10.832516788766789,-3.7713888888888896
5,4,2,as&tzi|cnf|gap|mrg,1,1,54.715346744758506,1.5,51.4357929107929,41.0,1.3866666666666667,295,-5.327533577533578,-8.575674603174603,-2.2858333333333336,-1.1266666666666667,-7.837057387057388,-11.362190170940172,-4.138023504273506,-7.218131868131867,-10.832516788766789,-3.7713888888888896
5,4,2,cnf|gap|mrg|ovl&tzi,1,0,54.715346744758506,1.5,51.4357929107929,41.0,1.3866666666666667,295,-5.327533577533578,-8.575674603174603,-2.2858333333333336,-1.1266666666666667,-7.837057387057388,-11.362190170940172,-4.138023504273506,-7.218131868131867,-10.832516788766789,-3.7713888888888896
6,4,3,as&ovl&tzi|cnf|gap|mrg,1,1,54.715346744758506,1.5,51.4357929107929,41.0,1.3866666666666667,295,-5.327533577533578,-8.575674603174603,-2.2858333333333336,-1.1266666666666667,-7.837057387057388,-11.362190170940172,-4.138023504273506,-7.218131868131867,-10.832516788766789,-3.7713888888888896
4,3,2,cnf|gap|mrg&ovl,1,0,55.715346744758506,1.6,51.4357929107929,41.0,1.4566666666666668,293,-5.327533577533578,-8.575674603174603,-2.2858333333333336,-1.0566666666666666,-7.837057387057388,-11.362190170940172,-4.138023504273506,-7.218131868131867,-10.832516788766789,-3.7713888888888896
6,4,2,as&tzi|cnf|gap|mrg&ovl,1,1,55.715346744758506,1.6,51.4357929107929,41.0,1.4566666666666668,293,-5.327533577533578,-8.575674603174603,-2.2858333333333336,-1.0566666666666666,-7.837057387057388,-11.362190170940172,-4.138023504273506,-7.218131868131867,-10.832516788766789,-3.7713888888888896
4,3,2,as&mrg|cnf|gap,1,1,55.715346744758506,1.6,51.4357929107929,41.0,1.46,295,-5.327533577533578,-8.575674603174603,-2.2858333333333336,-1.0533333333333332,-7.837057387057388,-11.362190170940172,-4.138023504273506,-7.218131868131867,-10.832516788766789,-3.7713888888888896
6,4,2,as&mrg|cnf|gap|ovl&tzi,1,1,55.715346744758506,1.6,51.4357929107929,41.0,1.46,295,-5.327533577533578,-8.575674603174603,-2.2858333333333336,-1.0533333333333332,-7.837057387057388,-11.362190170940172,-4.138023504273506,-7.218131868131867,-10.832516788766789,-3.7713888888888896
5,3,3,as&mrg&ovl|cnf|gap,1,1,55.715346744758506,1.6,51.4357929107929,41.0,1.4666666666666666,292,-5.327533577533578,-8.575674603174603,-2.2858333333333336,-1.0466666666666666,-7.837057387057388,-11.362190170940172,-4.138023504273506,-7.218131868131867,-10.832516788766789,-3.7713888888888896
2,2,1,cnf|gap,0,0,55.715346744758506,1.63,51.4357929107929,41.0,1.49,289,-5.327533577533578,-8.575674603174603,-2.2858333333333336,-1.0233333333333334,-7.837057387057388,-11.362190170940172,-4.138023504273506,-7.218131868131867,-10.832516788766789,-3.7713888888888896
4,3,2,cnf|gap|mrg&tzi,1,0,55.715346744758506,1.63,51.4357929107929,41.0,1.49,289,-5.327533577533578,-8.575674603174603,-2.2858333333333336,-1.0233333333333334,-7.837057387057388,-11.362190170940172,-4.138023504273506,-7.218131868131867,-10.832516788766789,-3.7713888888888896
4,3,2,as&tzi|cnf|gap,0,1,55.715346744758506,1.63,51.4357929107929,41.0,1.49,289,-5.327533577533578,-8.575674603174603,-2.2858333333333336,-1.0233333333333334,-7.837057387057388,-11.362190170940172,-4.138023504273506,-7.218131868131867,-10.832516788766789,-3.7713888888888896
4,3,2,cnf|gap|ovl&tzi,0,0,55.715346744758506,1.63,51.4357929107929,41.0,1.49,289,-5.327533577533578,-8.575674603174603,-2.2858333333333336,-1.0233333333333334,-7.837057387057388,-11.362190170940172,-4.138023504273506,-7.218131868131867,-10.832516788766789,-3.7713888888888896
5,3,3,as&mrg&tzi|cnf|gap,1,1,55.715346744758506,1.63,51.4357929107929,41.0,1.49,289,-5.327533577533578,-8.575674603174603,-2.2858333333333336,-1.0233333333333334,-7.837057387057388,-11.362190170940172,-4.138023504273506,-7.218131868131867,-10.832516788766789,-3.7713888888888896
5,3,3,cnf|gap|mrg&ovl&tzi,1,0,55.715346744758506,1.63,51.4357929107929,41.0,1.49,289,-5.327533577533578,-8.575674603174603,-2.2858333333333336,-1.0233333333333334,-7.837057387057388,-11.362190170940172,-4.138023504273506,-7.218131868131867,-10.832516788766789,-3.7713888888888896
5,3,3,as&ovl&tzi|cnf|gap,0,1,55.715346744758506,1.63,51.4357929107929,41.0,1.49,289,-5.327533577533578,-8.575674603174603,-2.2858333333333336,-1.0233333333333334,-7.837057387057388,-11.362190170940172,-4.138023504273506,-7.218131868131867,-10.832516788766789,-3.7713888888888896
6,3,4,as&mrg&ovl&tzi|cnf|gap,1,1,55.715346744758506,1.63,51.4357929107929,41.0,1.49,289,-5.327533577533578,-8.575674603174603,-2.2858333333333336,-1.0233333333333334,-7.837057387057388,-11.362190170940172,-4.138023504273506,-7.218131868131867,-10.832516788766789,-3.7713888888888896
6,3,3,as&cnf&mrg|gap|ovl&tzi,1,1,56.38201341142518,2.03,51.38182465682466,41.0,1.8333333333333333,262,-5.381501831501832,-8.708154761904762,-2.382071123321124,-0.68,-7.89102564102564,-11.656025641025643,-4.220463980463981,-7.272100122100122,-10.790688339438342,-3.969708485958486
3,2,2,gap|mrg&ovl,1,0,56.38201341142518,2.02,51.37706275206274,41.0,1.8033333333333332,266,-5.386263736263737,-8.814101037851037,-2.234960317460318,-0.71,-7.895787545787547,-11.60333333333333,-4.244247557997557,-7.276862026862027,-10.642641941391942,-4.0685286935286955
3,3,1,as|mrg|tzi,1,1,57.23915626856804,1.52,51.36277703777703,40.0,1.4866666666666666,299,-5.400549450549451,-8.384940476190476,-2.798057081807081,-1.0266666666666666,-7.9100732600732595,-11.474418498168495,-4.368420329670331,-7.291147741147741,-10.856118742368741,-3.876428571428572
4,3,2,as|gap&mrg|tzi,1,1,58.23915626856804,1.76,51.36277703777703,40.0,1.6233333333333333,298,-5.400549450549451,-8.384940476190476,-2.798057081807081,-0.89,-7.9100732600732595,-11.474418498168495,-4.368420329670331,-7.291147741147741,-10.856118742368741,-3.876428571428572
5,5,1,as|cnf|mrg|ovl|tzi,1,1,56.57248960190137,1.42,51.35484052984053,40.33333333333333,1.3633333333333333,300,-5.408485958485959,-8.544424603174601,-2.626105006105007,-1.15,-7.918009768009767,-11.41526556776557,-4.60068833943834,-7.299084249084249,-10.898714896214894,-3.9150228937728944
4,4,1,as|cnf|mrg|tzi,1,1,56.57248960190137,1.49,51.35484052984053,40.33333333333333,1.3866666666666667,300,-5.408485958485959,-8.326283577533578,-2.668692002442002,-1.1266666666666667,-7.918009768009767,-11.50635683760684,-4.522142857142858,-7.299084249084249,-10.93718253968254,-3.7191132478632505
6,5,2,as|cnf|gap&ovl|mrg|tzi,1,1,56.57248960190137,1.49,51.35484052984053,40.33333333333333,1.3866666666666667,300,-5.408485958485959,-8.326283577533578,-2.668692002442002,-1.1266666666666667,-7.918009768009767,-11.50635683760684,-4.522142857142858,-7.299084249084249,-10.93718253968254,-3.7191132478632505
6,5,2,as|cnf|gap&mrg|ovl|tzi,1,1,56.57248960190137,1.51,51.35484052984053,40.33333333333333,1.42,300,-5.408485958485959,-8.544424603174601,-2.626105006105007,-1.0933333333333333,-7.918009768009767,-11.41526556776557,-4.60068833943834,-7.299084249084249,-10.898714896214894,-3.9150228937728944
5,4,2,as|cnf|gap&mrg|tzi,1,1,57.57248960190137,1.59,51.35484052984053,40.33333333333333,1.45,300,-5.408485958485959,-8.326283577533578,-2.668692002442002,-1.0633333333333332,-7.918009768009767,-11.50635683760684,-4.522142857142858,-7.299084249084249,-10.93718253968254,-3.7191132478632505
3,2,2,cnf&tzi|gap,0,0,56.38201341142518,2.66,51.33896751396752,40.33333333333333,2.29,204,-5.424358974358974,-8.872678571428573,-2.079107142857144,-0.22333333333333333,-7.933882783882784,-11.437944139194139,-4.234398656898657,-7.314957264957264,-10.983496642246644,-3.6959752747252756
3,2,2,as&tzi|gap,0,1,56.38201341142518,2.67,51.33896751396752,40.33333333333333,2.2933333333333334,204,-5.424358974358974,-8.872678571428573,-2.079107142857144,-0.22,-7.933882783882784,-11.437944139194139,-4.234398656898657,-7.314957264957264,-10.983496642246644,-3.6959752747252756
4,2,3,as&cnf&tzi|gap,0,1,56.38201341142518,2.67,51.33896751396752,40.33333333333333,2.2933333333333334,204,-5.424358974358974,-8.872678571428573,-2.079107142857144,-0.22,-7.933882783882784,-11.437944139194139,-4.234398656898657,-7.314957264957264,-10.983496642246644,-3.6959752747252756
3,2,2,gap|ovl&tzi,0,0,56.38201341142518,2.68,51.33896751396752,40.33333333333333,2.296666666666667,204,-5.424358974358974,-8.872678571428573,-2.079107142857144,-0.21666666666666667,-7.933882783882784,-11.437944139194139,-4.234398656898657,-7.314957264957264,-10.983496642246644,-3.6959752747252756
4,2,3,cnf&ovl&tzi|gap,0,0,56.38201341142518,2.68,51.33896751396752,40.33333333333333,2.296666666666667,204,-5.424358974358974,-8.872678571428573,-2.079107142857144,-0.21666666666666667,-7.933882783882784,-11.437944139194139,-4.234398656898657,-7.314957264957264,-10.983496642246644,-3.6959752747252756
4,2,3,as&ovl&tzi|gap,0,1,56.38201341142518,2.69,51.33896751396752,40.33333333333333,2.3,204,-5.424358974358974,-8.872678571428573,-2.079107142857144,-0.21333333333333335,-7.933882783882784,-11.437944139194139,-4.234398656898657,-7.314957264957264,-10.983496642246644,-3.6959752747252756
5,2,4,as&cnf&ovl&tzi|gap,0,1,56.38201341142518,2.69,51.33896751396752,40.33333333333333,2.3,204,-5.424358974358974,-8.872678571428573,-2.079107142857144,-0.21333333333333335,-7.933882783882784,-11.437944139194139,-4.234398656898657,-7.314957264957264,-10.983496642246644,-3.6959752747252756
6,3,3,as&mrg&ovl|cnf&tzi|gap,1,1,56.38201341142518,2.13,51.31039608539608,40.666666666666664,1.8966666666666667,259,-5.452930402930403,-8.835747863247862,-2.256547619047619,-0.6166666666666667,-7.962454212454212,-11.550013736263736,-4.354801587301588,-7.343528693528695,-10.84342032967033,-3.9761340048840057
6,3,3,as&tzi|cnf&mrg&ovl|gap,1,1,56.38201341142518,2.04,51.28182465682465,41.0,1.8266666666666667,262,-5.481501831501832,-8.805972222222223,-2.514154456654457,-0.6866666666666666,-7.991025641025641,-11.807660256410255,-4.347619047619048,-7.372100122100121,-10.807992979242979,-4.195462454212455
5,4,2,as&tzi|gap|mrg|ovl,1,1,55.38201341142518,1.41,51.27706275206274,40.666666666666664,1.4066666666666667,292,-5.486263736263736,-8.806561355311356,-2.4155235042735046,-1.1066666666666667,-7.995787545787546,-11.613360805860804,-4.320000000000002,-7.376862026862027,-10.83104242979243,-3.9366101953601955
5,4,2,cnf&tzi|gap|mrg|ovl,1,0,55.38201341142518,1.41,51.27706275206274,40.666666666666664,1.4066666666666667,292,-5.486263736263736,-8.806561355311356,-2.4155235042735046,-1.1066666666666667,-7.995787545787546,-11.613360805860804,-4.320000000000002,-7.376862026862027,-10.83104242979243,-3.9366101953601955
6,4,3,as&cnf&tzi|gap|mrg|ovl,1,1,55.38201341142518,1.41,51.27706275206274,40.666666666666664,1.4066666666666667,292,-5.486263736263736,-8.806561355311356,-2.4155235042735046,-1.1066666666666667,-7.995787545787546,-11.613360805860804,-4.320000000000002,-7.376862026862027,-10.83104242979243,-3.9366101953601955
3,3,1,gap|mrg|ovl,1,0,55.38201341142518,1.41,51.27706275206274,40.666666666666664,1.41,292,-5.486263736263736,-8.806561355311356,-2.4155235042735046,-1.1033333333333333,-7.995787545787546,-11.613360805860804,-4.320000000000002,-7.376862026862027,-10.83104242979243,-3.9366101953601955
6,4,2,as&tzi|cnf&mrg|gap|ovl,1,1,55.38201341142518,1.5,51.27706275206274,40.666666666666664,1.47,291,-5.486263736263736,-8.806561355311356,-2.4155235042735046,-1.0433333333333332,-7.995787545787546,-11.613360805860804,-4.320000000000002,-7.376862026862027,-10.83104242979243,-3.9366101953601955
4,3,2,cnf&mrg|gap|ovl,1,0,55.38201341142518,1.5,51.27706275206274,40.666666666666664,1.4733333333333334,291,-5.486263736263736,-8.806561355311356,-2.4155235042735046,-1.04,-7.995787545787546,-11.613360805860804,-4.320000000000002,-7.376862026862027,-10.83104242979243,-3.9366101953601955
6,4,2,as&mrg|cnf&tzi|gap|ovl,1,1,55.38201341142518,1.52,51.27706275206274,40.666666666666664,1.49,292,-5.486263736263736,-8.806561355311356,-2.4155235042735046,-1.0233333333333334,-7.995787545787546,-11.613360805860804,-4.320000000000002,-7.376862026862027,-10.83104242979243,-3.9366101953601955
4,3,2,as&mrg|gap|ovl,1,1,55.38201341142518,1.52,51.27706275206274,40.666666666666664,1.4933333333333334,292,-5.486263736263736,-8.806561355311356,-2.4155235042735046,-1.02,-7.995787545787546,-11.613360805860804,-4.320000000000002,-7.376862026862027,-10.83104242979243,-3.9366101953601955
5,3,3,as&cnf&mrg|gap|ovl,1,1,55.38201341142518,1.52,51.27706275206274,40.666666666666664,1.4933333333333334,291,-5.486263736263736,-8.806561355311356,-2.4155235042735046,-1.02,-7.995787545787546,-11.613360805860804,-4.320000000000002,-7.376862026862027,-10.83104242979243,-3.9366101953601955
5,3,3,as&cnf&ovl|gap|tzi,0,1,56.38201341142518,1.97,51.21515799015799,40.666666666666664,1.8233333333333333,270,-5.548168498168498,-9.042077228327228,-2.3093452380952386,-0.69,-8.057692307692307,-11.81929945054945,-4.49293650793651,-7.438766788766789,-11.05375763125763,-3.9685576923076935
6,3,4,as&cnf&mrg&ovl|gap|tzi,1,1,56.38201341142518,2.15,51.21515799015799,40.666666666666664,1.92,255,-5.548168498168498,-9.042077228327228,-2.3093452380952386,-0.5933333333333334,-8.057692307692307,-11.81929945054945,-4.49293650793651,-7.438766788766789,-11.05375763125763,-3.9685576923076935
5,4,2,as|cnf&gap|mrg|tzi,1,1,57.23915626856804,1.52,51.19611037111036,40.0,1.4566666666666668,299,-5.567216117216117,-8.656442307692307,-2.9852121489621486,-1.0566666666666666,-8.076739926739926,-11.654676434676436,-4.561442307692308,-7.457814407814409,-11.045218253968253,-4.0518849206349214
5,4,2,as|gap&ovl|mrg|tzi,1,1,57.23915626856804,1.52,51.19611037111036,40.0,1.4733333333333334,299,-5.567216117216117,-8.656442307692307,-2.9852121489621486,-1.04,-8.076739926739926,-11.654676434676436,-4.561442307692308,-7.457814407814409,-11.045218253968253,-4.0518849206349214
6,4,3,as|cnf&gap&ovl|mrg|tzi,1,1,57.23915626856804,1.52,51.19611037111036,40.0,1.4733333333333334,299,-5.567216117216117,-8.656442307692307,-2.9852121489621486,-1.04,-8.076739926739926,-11.654676434676436,-4.561442307692308,-7.457814407814409,-11.045218253968253,-4.0518849206349214
4,3,2,as&tzi|gap|ovl,0,1,55.38201341142518,1.64,51.17706275206276,40.666666666666664,1.55,289,-5.586263736263737,-9.008374542124542,-2.5021764346764344,-0.9633333333333334,-8.095787545787546,-11.685384615384617,-4.458630952380953,-7.476862026862027,-10.907361111111111,-4.265578449328453
4,3,2,cnf&tzi|gap|ovl,0,0,55.38201341142518,1.64,51.17706275206276,40.666666666666664,1.55,289,-5.586263736263737,-9.008374542124542,-2.5021764346764344,-0.9633333333333334,-8.095787545787546,-11.685384615384617,-4.458630952380953,-7.476862026862027,-10.907361111111111,-4.265578449328453
5,3,3,as&cnf&tzi|gap|ovl,0,1,55.38201341142518,1.64,51.17706275206276,40.666666666666664,1.55,289,-5.586263736263737,-9.008374542124542,-2.5021764346764344,-0.9633333333333334,-8.095787545787546,-11.685384615384617,-4.458630952380953,-7.476862026862027,-10.907361111111111,-4.265578449328453
4,3,2,gap|mrg&tzi|ovl,1,0,55.38201341142518,1.64,51.17706275206276,40.666666666666664,1.5533333333333332,289,-5.586263736263737,-9.008374542124542,-2.5021764346764344,-0.96,-8.095787545787546,-11.685384615384617,-4.458630952380953,-7.476862026862027,-10.907361111111111,-4.265578449328453
5,3,3,as&mrg&tzi|gap|ovl,1,1,55.38201341142518,1.64,51.17706275206276,40.666666666666664,1.5533333333333332,289,-5.586263736263737,-9.008374542124542,-2.5021764346764344,-0.96,-8.095787545787546,-11.685384615384617,-4.458630952380953,-7.476862026862027,-10.907361111111111,-4.265578449328453
5,3,3,cnf&mrg&tzi|gap|ovl,1,0,55.38201341142518,1.64,51.17706275206276,40.666666666666664,1.5533333333333332,289,-5.586263736263737,-9.008374542124542,-2.5021764346764344,-0.96,-8.095787545787546,-11.685384615384617,-4.458630952380953,-7.476862026862027,-10.907361111111111,-4.265578449328453
6,3,4,as&cnf&mrg&tzi|gap|ovl,1,1,55.38201341142518,1.64,51.17706275206276,40.666666666666664,1.5533333333333332,289,-5.586263736263737,-9.008374542124542,-2.5021764346764344,-0.96,-8.095787545787546,-11.685384615384617,-4.458630952380953,-7.476862026862027,-10.907361111111111,-4.265578449328453
2,2,1,gap|ovl,0,0,55.38201341142518,1.66,51.17706275206276,40.666666666666664,1.5566666666666666,289,-5.586263736263737,-9.008374542124542,-2.5021764346764344,-0.9566666666666667,-8.095787545787546,-11.685384615384617,-4.458630952380953,-7.476862026862027,-10.907361111111111,-4.265578449328453
5,3,3,as&cnf&ovl|gap|mrg,1,1,55.38201341142518,1.56,51.143729418729414,40.666666666666664,1.55,284,-5.61959706959707,-8.909974053724053,-2.601488095238096,-0.9633333333333334,-8.129120879120878,-11.798267704517706,-4.493313492063493,-7.510195360195361,-10.975396825396826,-4.189126984126985
4,3,2,cnf&tzi|gap|mrg,1,0,55.38201341142518,1.74,51.143729418729414,40.666666666666664,1.6166666666666667,275,-5.61959706959707,-8.909974053724053,-2.601488095238096,-0.8966666666666666,-8.129120879120878,-11.798267704517706,-4.493313492063493,-7.510195360195361,-10.975396825396826,-4.189126984126985
4,3,2,as&tzi|gap|mrg,1,1,55.38201341142518,1.74,51.143729418729414,40.666666666666664,1.62,275,-5.61959706959707,-8.909974053724053,-2.601488095238096,-0.8933333333333333,-8.129120879120878,-11.798267704517706,-4.493313492063493,-7.510195360195361,-10.975396825396826,-4.189126984126985
4,3,2,gap|mrg|ovl&tzi,1,0,55.38201341142518,1.74,51.143729418729414,40.666666666666664,1.62,275,-5.61959706959707,-8.909974053724053,-2.601488095238096,-0.8933333333333333,-8.129120879120878,-11.798267704517706,-4.493313492063493,-7.510195360195361,-10.975396825396826,-4.189126984126985
5,3,3,as&cnf&tzi|gap|mrg,1,1,55.38201341142518,1.74,51.143729418729414,40.666666666666664,1.62,275,-5.61959706959707,-8.909974053724053,-2.601488095238096,-0.8933333333333333,-8.129120879120878,-11.798267704517706,-4.493313492063493,-7.510195360195361,-10.975396825396826,-4.189126984126985
5,3,3,cnf&ovl&tzi|gap|mrg,1,0,55.38201341142518,1.74,51.143729418729414,40.666666666666664,1.62,275,-5.61959706959707,-8.909974053724053,-2.601488095238096,-0.8933333333333333,-8.129120879120878,-11.798267704517706,-4.493313492063493,-7.510195360195361,-10.975396825396826,-4.189126984126985
5,3,3,as&ovl&tzi|gap|mrg,1,1,55.38201341142518,1.74,51.143729418729414,40.666666666666664,1.6233333333333333,275,-5.61959706959707,-8.909974053724053,-2.601488095238096,-0.89,-8.129120879120878,-11.798267704517706,-4.493313492063493,-7.510195360195361,-10.975396825396826,-4.189126984126985
6,3,4,as&cnf&ovl&tzi|gap|mrg,1,1,55.38201341142518,1.74,51.143729418729414,40.666666666666664,1.6233333333333333,275,-5.61959706959707,-8.909974053724053,-2.601488095238096,-0.89,-8.129120879120878,-11.798267704517706,-4.493313492063493,-7.510195360195361,-10.975396825396826,-4.189126984126985
5,3,2,as&tzi|cnf&mrg|gap,1,1,56.38201341142518,1.87,51.143729418729414,40.666666666666664,1.7233333333333334,269,-5.61959706959707,-8.909974053724053,-2.601488095238096,-0.79,-8.129120879120878,-11.798267704517706,-4.493313492063493,-7.510195360195361,-10.975396825396826,-4.189126984126985
5,3,2,cnf&mrg|gap|ovl&tzi,1,0,56.38201341142518,1.87,51.143729418729414,40.666666666666664,1.7233333333333334,269,-5.61959706959707,-8.909974053724053,-2.601488095238096,-0.79,-8.129120879120878,-11.798267704517706,-4.493313492063493,-7.510195360195361,-10.975396825396826,-4.189126984126985
6,3,3,as&ovl&tzi|cnf&mrg|gap,1,1,56.38201341142518,1.87,51.143729418729414,40.666666666666664,1.7266666666666666,269,-5.61959706959707,-8.909974053724053,-2.601488095238096,-0.7866666666666666,-8.129120879120878,-11.798267704517706,-4.493313492063493,-7.510195360195361,-10.975396825396826,-4.189126984126985
5,3,2,as&mrg|cnf&tzi|gap,1,1,56.38201341142518,2.0,51.143729418729414,40.666666666666664,1.79,270,-5.61959706959707,-8.909974053724053,-2.601488095238096,-0.7233333333333334,-8.129120879120878,-11.798267704517706,-4.493313492063493,-7.510195360195361,-10.975396825396826,-4.189126984126985
5,3,2,as&mrg|gap|ovl&tzi,1,1,56.38201341142518,2.0,51.143729418729414,40.666666666666664,1.7933333333333332,270,-5.61959706959707,-8.909974053724053,-2.601488095238096,-0.72,-8.129120879120878,-11.798267704517706,-4.493313492063493,-7.510195360195361,-10.975396825396826,-4.189126984126985
6,3,3,as&mrg|cnf&ovl&tzi|gap,1,1,56.38201341142518,2.0,51.143729418729414,40.666666666666664,1.7933333333333332,270,-5.61959706959707,-8.909974053724053,-2.601488095238096,-0.72,-8.129120879120878,-11.798267704517706,-4.493313492063493,-7.510195360195361,-10.975396825396826,-4.189126984126985
4,4,1,cnf|gap|mrg|tzi,1,0,54.715346744758506,1.48,51.10245957745957,40.666666666666664,1.3766666666666667,295,-5.660866910866911,-8.987420634920634,-2.4641666666666664,-1.1366666666666667,-8.17039072039072,-11.937202380952382,-4.514815323565324,-7.5514652014652,-11.199722222222219,-4.090022893772895
5,4,2,cnf|gap|mrg&ovl|tzi,1,0,55.715346744758506,1.58,51.10245957745957,40.666666666666664,1.4466666666666668,293,-5.660866910866911,-8.987420634920634,-2.4641666666666664,-1.0666666666666667,-8.17039072039072,-11.937202380952382,-4.514815323565324,-7.5514652014652,-11.199722222222219,-4.090022893772895
5,4,2,as&mrg|cnf|gap|tzi,1,1,55.715346744758506,1.58,51.10245957745957,40.666666666666664,1.45,295,-5.660866910866911,-8.987420634920634,-2.4641666666666664,-1.0633333333333332,-8.17039072039072,-11.937202380952382,-4.514815323565324,-7.5514652014652,-11.199722222222219,-4.090022893772895
6,4,3,as&mrg&ovl|cnf|gap|tzi,1,1,55.715346744758506,1.58,51.10245957745957,40.666666666666664,1.4566666666666668,292,-5.660866910866911,-8.987420634920634,-2.4641666666666664,-1.0566666666666666,-8.17039072039072,-11.937202380952382,-4.514815323565324,-7.5514652014652,-11.199722222222219,-4.090022893772895
3,3,1,cnf|gap|tzi,0,0,55.715346744758506,1.61,51.10245957745957,40.666666666666664,1.48,289,-5.660866910866911,-8.987420634920634,-2.4641666666666664,-1.0333333333333334,-8.17039072039072,-11.937202380952382,-4.514815323565324,-7.5514652014652,-11.199722222222219,-4.090022893772895
5,3,2,as&cnf|gap|ovl&tzi,0,1,56.38201341142518,1.83,51.04849132349133,40.666666666666664,1.6733333333333333,281,-5.714835164835165,-8.903485958485957,-2.8466804029304034,-0.84,-8.224358974358974,-11.997156593406592,-4.400781440781441,-7.605433455433457,-11.124021672771674,-4.265479242979244
3,2,2,as&cnf|gap,0,1,56.38201341142518,1.84,51.04849132349133,40.666666666666664,1.6766666666666667,281,-5.714835164835165,-8.903485958485957,-2.8466804029304034,-0.8366666666666667,-8.224358974358974,-11.997156593406592,-4.400781440781441,-7.605433455433457,-11.124021672771674,-4.265479242979244
5,3,2,as&cnf|gap|mrg&tzi,1,1,56.38201341142518,1.83,51.04849132349133,40.666666666666664,1.6766666666666667,281,-5.714835164835165,-8.903485958485957,-2.8466804029304034,-0.8366666666666667,-8.224358974358974,-11.997156593406592,-4.400781440781441,-7.605433455433457,-11.124021672771674,-4.265479242979244
6,3,3,as&cnf|gap|mrg&ovl&tzi,1,1,56.38201341142518,1.83,51.04849132349133,40.666666666666664,1.6766666666666667,281,-5.714835164835165,-8.903485958485957,-2.8466804029304034,-0.8366666666666667,-8.224358974358974,-11.997156593406592,-4.400781440781441,-7.605433455433457,-11.124021672771674,-4.265479242979244
5,3,3,as&cnf&mrg|gap|tzi,1,1,56.38201341142518,2.01,51.04849132349133,40.666666666666664,1.82,262,-5.714835164835165,-9.239246031746031,-2.715404456654457,-0.6933333333333334,-8.224358974358974,-12.113690476190476,-4.559384920634921,-7.605433455433457,-11.22014194139194,-4.272145909645911
5,3,2,cnf&tzi|gap|mrg&ovl,1,0,56.38201341142518,2.0,51.04372941872941,40.666666666666664,1.7833333333333334,267,-5.719597069597071,-9.017553418803418,-2.6591544566544565,-0.73,-8.22912087912088,-11.89478937728938,-4.670787545787547,-7.61019536019536,-11.103171550671552,-4.4592460317460345
5,3,2,as&tzi|gap|mrg&ovl,1,1,56.38201341142518,2.0,51.04372941872941,40.666666666666664,1.7866666666666666,267,-5.719597069597071,-9.017553418803418,-2.6591544566544565,-0.7266666666666667,-8.22912087912088,-11.89478937728938,-4.670787545787547,-7.61019536019536,-11.103171550671552,-4.4592460317460345
6,3,3,as&cnf&tzi|gap|mrg&ovl,1,1,56.38201341142518,2.0,51.04372941872941,40.666666666666664,1.7866666666666666,267,-5.719597069597071,-9.017553418803418,-2.6591544566544565,-0.7266666666666667,-8.22912087912088,-11.89478937728938,-4.670787545787547,-7.61019536019536,-11.103171550671552,-4.4592460317460345
2,2,1,gap|tzi,0,0,56.38201341142518,2.64,51.00563418063418,40.0,2.28,204,-5.757692307692308,-9.206011904761905,-2.333313492063492,-0.23333333333333334,-8.267216117216119,-11.842321428571427,-4.615192307692308,-7.648290598290599,-11.35061813186813,-4.191984126984128
5,3,2,as&ovl|cnf&tzi|gap,0,1,56.38201341142518,1.89,50.97706275206275,40.33333333333333,1.72,282,-5.786263736263737,-9.042771672771673,-2.69630341880342,-0.7933333333333333,-8.295787545787544,-11.847269536019537,-4.542255799755799,-7.676862026862027,-11.162298534798536,-4.170096153846154
5,3,2,as&ovl|gap|mrg&tzi,1,1,56.38201341142518,1.89,50.97706275206275,40.33333333333333,1.7266666666666666,282,-5.786263736263737,-9.042771672771673,-2.69630341880342,-0.7866666666666666,-8.295787545787544,-11.847269536019537,-4.542255799755799,-7.676862026862027,-11.162298534798536,-4.170096153846154
6,3,3,as&ovl|cnf&mrg&tzi|gap,1,1,56.38201341142518,1.89,50.97706275206275,40.33333333333333,1.7266666666666666,282,-5.786263736263737,-9.042771672771673,-2.69630341880342,-0.7866666666666666,-8.295787545787544,-11.847269536019537,-4.542255799755799,-7.676862026862027,-11.162298534798536,-4.170096153846154
3,2,2,as&ovl|gap,0,1,56.38201341142518,1.92,50.97706275206275,40.33333333333333,1.73,282,-5.786263736263737,-9.042771672771673,-2.69630341880342,-0.7833333333333333,-8.295787545787544,-11.847269536019537,-4.542255799755799,-7.676862026862027,-11.162298534798536,-4.170096153846154
5,3,3,as&mrg&ovl|gap|tzi,1,1,56.38201341142518,2.11,50.97706275206275,40.33333333333333,1.8866666666666667,259,-5.786263736263737,-9.218267704517704,-2.611178266178266,-0.6266666666666667,-8.295787545787544,-11.952553418803419,-4.650654761904762,-7.676862026862027,-11.292216117216118,-4.216729242979243
5,3,3,cnf&mrg&ovl|gap|tzi,1,0,56.38201341142518,2.02,50.94849132349132,40.666666666666664,1.8133333333333332,262,-5.8148351648351655,-9.284598595848594,-2.7182615995115995,-0.7,-8.324358974358976,-12.213525641025642,-4.664861111111111,-7.705433455433456,-11.252641941391941,-4.364761904761904
5,4,2,as&cnf|gap|mrg|ovl,1,1,55.38201341142518,1.39,50.94372941872941,40.33333333333333,1.3466666666666667,297,-5.819597069597069,-9.03916056166056,-2.781997863247864,-1.1666666666666667,-8.329120879120879,-11.853724053724052,-4.731031746031747,-7.71019536019536,-11.282123015873015,-4.326256105006106
4,4,1,gap|mrg|ovl|tzi,1,0,55.38201341142518,1.39,50.94372941872941,40.33333333333333,1.3966666666666667,292,-5.819597069597069,-9.329015567765568,-2.7068131868131866,-1.1166666666666667,-8.329120879120879,-11.942541208791207,-4.659603174603174,-7.71019536019536,-11.239804639804639,-4.311077533577533
4,3,2,as&cnf|gap|ovl,0,1,55.38201341142518,1.5,50.94372941872941,40.33333333333333,1.4266666666666667,296,-5.819597069597069,-9.03916056166056,-2.781997863247864,-1.0866666666666667,-8.329120879120879,-11.853724053724052,-4.731031746031747,-7.71019536019536,-11.282123015873015,-4.326256105006106
6,4,2,as&cnf|gap|mrg&tzi|ovl,1,1,55.38201341142518,1.5,50.94372941872941,40.33333333333333,1.4266666666666667,296,-5.819597069597069,-9.03916056166056,-2.781997863247864,-1.0866666666666667,-8.329120879120879,-11.853724053724052,-4.731031746031747,-7.71019536019536,-11.282123015873015,-4.326256105006106
5,4,2,cnf&mrg|gap|ovl|tzi,1,0,55.38201341142518,1.48,50.94372941872941,40.33333333333333,1.46,291,-5.819597069597069,-9.329015567765568,-2.7068131868131866,-1.0533333333333332,-8.329120879120879,-11.942541208791207,-4.659603174603174,-7.71019536019536,-11.239804639804639,-4.311077533577533
5,4,2,as&mrg|gap|ovl|tzi,1,1,55.38201341142518,1.5,50.94372941872941,40.33333333333333,1.48,292,-5.819597069597069,-9.329015567765568,-2.7068131868131866,-1.0333333333333334,-8.329120879120879,-11.942541208791207,-4.659603174603174,-7.71019536019536,-11.239804639804639,-4.311077533577533
6,4,3,as&cnf&mrg|gap|ovl|tzi,1,1,55.38201341142518,1.5,50.94372941872941,40.33333333333333,1.48,291,-5.819597069597069,-9.329015567765568,-2.7068131868131866,-1.0333333333333334,-8.329120879120879,-11.942541208791207,-4.659603174603174,-7.71019536019536,-11.239804639804639,-4.311077533577533
3,3,1,gap|ovl|tzi,0,0,55.38201341142518,1.62,50.843729418729424,40.33333333333333,1.54,289,-5.91959706959707,-9.473035714285716,-2.74170634920635,-0.9733333333333334,-8.429120879120878,-12.036495726495728,-4.871746031746032,-7.81019536019536,-11.342394688644688,-4.446646825396826
6,4,2,as&ovl|cnf&tzi|gap|mrg,1,1,55.38201341142518,1.52,50.81039608539608,40.33333333333333,1.4733333333333334,290,-5.952930402930404,-9.150364774114776,-2.998823260073261,-1.04,-8.462454212454212,-12.122454212454212,-4.685470085470086,-7.843528693528694,-11.308627899877898,-4.435853174603175
4,3,2,as&ovl|gap|mrg,1,1,55.38201341142518,1.52,50.81039608539608,40.33333333333333,1.48,290,-5.952930402930404,-9.150364774114776,-2.998823260073261,-1.0333333333333334,-8.462454212454212,-12.122454212454212,-4.685470085470086,-7.843528693528694,-11.308627899877898,-4.435853174603175
6,4,2,as&cnf|gap|mrg|ovl&tzi,1,1,55.38201341142518,1.54,50.81039608539608,40.33333333333333,1.48,290,-5.952930402930404,-9.14781746031746,-3.084775641025641,-1.0333333333333334,-8.462454212454212,-12.112460317460318,-4.799384920634924,-7.843528693528694,-11.354597069597071,-4.435164835164836
4,3,2,as&cnf|gap|mrg,1,1,55.38201341142518,1.54,50.81039608539608,40.33333333333333,1.4833333333333334,290,-5.952930402930404,-9.14781746031746,-3.084775641025641,-1.03,-8.462454212454212,-12.112460317460318,-4.799384920634924,-7.843528693528694,-11.354597069597071,-4.435164835164836
6,4,3,as&cnf&ovl|gap|mrg|tzi,1,1,55.38201341142518,1.54,50.81039608539608,40.33333333333333,1.5333333333333334,284,-5.952930402930404,-9.385564713064712,-2.8298611111111116,-0.98,-8.462454212454212,-12.252619047619046,-4.854378815628816,-7.843528693528694,-11.404404761904761,-4.589510073260074
5,3,2,as&ovl|cnf&mrg|gap,1,1,56.38201341142518,1.62,50.81039608539608,40.33333333333333,1.5533333333333332,288,-5.952930402930404,-9.150364774114776,-2.998823260073261,-0.96,-8.462454212454212,-12.122454212454212,-4.685470085470086,-7.843528693528694,-11.308627899877898,-4.435853174603175
5,3,2,as&cnf|gap|mrg&ovl,1,1,56.38201341142518,1.68,50.81039608539608,40.33333333333333,1.5733333333333333,287,-5.952930402930404,-9.14781746031746,-3.084775641025641,-0.94,-8.462454212454212,-12.112460317460318,-4.799384920634924,-7.843528693528694,-11.354597069597071,-4.435164835164836
3,3,1,gap|mrg|tzi,1,0,55.38201341142518,1.72,50.81039608539608,40.33333333333333,1.6066666666666667,275,-5.952930402930404,-9.385564713064712,-2.8298611111111116,-0.9066666666666666,-8.462454212454212,-12.252619047619046,-4.854378815628816,-7.843528693528694,-11.404404761904761,-4.589510073260074
4,3,2,cnf&mrg|gap|tzi,1,0,56.38201341142518,1.85,50.81039608539608,40.33333333333333,1.71,269,-5.952930402930404,-9.385564713064712,-2.8298611111111116,-0.8033333333333333,-8.462454212454212,-12.252619047619046,-4.854378815628816,-7.843528693528694,-11.404404761904761,-4.589510073260074
4,3,2,as&mrg|gap|tzi,1,1,56.38201341142518,1.98,50.81039608539608,40.33333333333333,1.78,270,-5.952930402930404,-9.385564713064712,-2.8298611111111116,-0.7333333333333333,-8.462454212454212,-12.252619047619046,-4.854378815628816,-7.843528693528694,-11.404404761904761,-4.589510073260074
4,4,1,cnf|gap|mrg|ovl,1,0,54.715346744758506,1.38,50.76912624412624,40.33333333333333,1.3033333333333332,299,-5.994200244200244,-9.21327380952381,-2.921243894993895,-1.21,-8.503724053724055,-12.025979853479853,-4.856944444444444,-7.884798534798534,-11.531524725274725,-4.4385088522588525
6,5,2,as&tzi|cnf|gap|mrg|ovl,1,1,54.715346744758506,1.38,50.76912624412624,40.33333333333333,1.3033333333333332,299,-5.994200244200244,-9.21327380952381,-2.921243894993895,-1.21,-8.503724053724055,-12.025979853479853,-4.856944444444444,-7.884798534798534,-11.531524725274725,-4.4385088522588525
5,4,2,as&ovl|cnf|gap|mrg,1,1,54.715346744758506,1.47,50.76912624412624,40.33333333333333,1.33,299,-5.994200244200244,-9.024749694749694,-2.8964285714285714,-1.1833333333333333,-8.503724053724055,-12.130178571428571,-4.8232936507936515,-7.884798534798534,-11.424943528693527,-4.277222222222223
3,3,1,cnf|gap|ovl,0,0,54.715346744758506,1.47,50.76912624412624,40.33333333333333,1.3666666666666667,298,-5.994200244200244,-9.21327380952381,-2.921243894993895,-1.1466666666666667,-8.503724053724055,-12.025979853479853,-4.856944444444444,-7.884798534798534,-11.531524725274725,-4.4385088522588525
5,4,2,as&mrg|cnf|gap|ovl,1,1,54.715346744758506,1.47,50.76912624412624,40.33333333333333,1.3666666666666667,299,-5.994200244200244,-9.21327380952381,-2.921243894993895,-1.1466666666666667,-8.503724053724055,-12.025979853479853,-4.856944444444444,-7.884798534798534,-11.531524725274725,-4.4385088522588525
5,4,2,cnf|gap|mrg&tzi|ovl,1,0,54.715346744758506,1.47,50.76912624412624,40.33333333333333,1.3666666666666667,298,-5.994200244200244,-9.21327380952381,-2.921243894993895,-1.1466666666666667,-8.503724053724055,-12.025979853479853,-4.856944444444444,-7.884798534798534,-11.531524725274725,-4.4385088522588525
5,4,2,as&tzi|cnf|gap|ovl,0,1,54.715346744758506,1.47,50.76912624412624,40.33333333333333,1.3666666666666667,298,-5.994200244200244,-9.21327380952381,-2.921243894993895,-1.1466666666666667,-8.503724053724055,-12.025979853479853,-4.856944444444444,-7.884798534798534,-11.531524725274725,-4.4385088522588525
6,4,3,as&mrg&tzi|cnf|gap|ovl,1,1,54.715346744758506,1.47,50.76912624412624,40.33333333333333,1.3666666666666667,298,-5.994200244200244,-9.21327380952381,-2.921243894993895,-1.1466666666666667,-8.503724053724055,-12.025979853479853,-4.856944444444444,-7.884798534798534,-11.531524725274725,-4.4385088522588525
4,3,2,as&ovl|cnf|gap,0,1,55.715346744758506,1.57,50.76912624412624,40.33333333333333,1.4033333333333333,297,-5.994200244200244,-9.024749694749694,-2.8964285714285714,-1.11,-8.503724053724055,-12.130178571428571,-4.8232936507936515,-7.884798534798534,-11.424943528693527,-4.277222222222223
6,4,2,as&ovl|cnf|gap|mrg&tzi,1,1,55.715346744758506,1.57,50.76912624412624,40.33333333333333,1.4033333333333333,297,-5.994200244200244,-9.024749694749694,-2.8964285714285714,-1.11,-8.503724053724055,-12.130178571428571,-4.8232936507936515,-7.884798534798534,-11.424943528693527,-4.277222222222223
4,3,2,as&cnf|gap|tzi,0,1,56.38201341142518,1.81,50.71515799015799,40.33333333333333,1.6633333333333333,281,-6.048168498168498,-9.383836996336996,-3.118730158730159,-0.85,-8.557692307692307,-12.414293345543346,-4.879160561660563,-7.938766788766789,-11.558687423687424,-4.3949435286935294
4,3,2,gap|mrg&ovl|tzi,1,0,56.38201341142518,1.98,50.710396085396084,40.33333333333333,1.7733333333333334,267,-6.052930402930404,-9.48392857142857,-2.978128815628817,-0.74,-8.562454212454213,-12.492870879120877,-4.982104700854703,-7.943528693528694,-11.575555555555557,-4.61570054945055
4,3,2,as&ovl|gap|tzi,0,1,56.38201341142518,1.87,50.64372941872942,40.0,1.71,282,-6.11959706959707,-9.39098595848596,-3.044517704517705,-0.8033333333333333,-8.62912087912088,-12.251779609279607,-4.972057387057388,-8.010195360195361,-11.565192307692309,-4.491703296703298
4,4,1,as|gap|mrg|ovl,1,1,55.38201341142518,1.38,50.61039608539608,40.0,1.33,299,-6.152930402930402,-9.43517857142857,-3.114993894993896,-1.1833333333333333,-8.662454212454213,-12.276759768009764,-4.859821428571428,-8.043528693528694,-11.665047313797315,-4.608733211233212
6,5,2,as|cnf&tzi|gap|mrg|ovl,1,1,55.38201341142518,1.38,50.61039608539608,40.0,1.33,299,-6.152930402930402,-9.43517857142857,-3.114993894993896,-1.1833333333333333,-8.662454212454213,-12.276759768009764,-4.859821428571428,-8.043528693528694,-11.665047313797315,-4.608733211233212
6,5,2,as&cnf|gap|mrg|ovl|tzi,1,1,55.38201341142518,1.37,50.61039608539608,40.0,1.3366666666666667,297,-6.152930402930402,-9.507944139194139,-3.072249694749695,-1.1766666666666667,-8.662454212454213,-12.313829365079364,-5.062817460317461,-8.043528693528694,-11.493079975579978,-4.61013888888889
5,4,2,as|cnf&ovl|gap|mrg,1,1,55.38201341142518,1.45,50.61039608539608,40.0,1.3566666666666667,299,-6.152930402930402,-9.242771672771672,-3.1688690476190473,-1.1566666666666667,-8.662454212454213,-12.259749694749694,-4.844735958485959,-8.043528693528694,-11.756785714285712,-4.4557203907203915
5,4,2,as|cnf&mrg|gap|ovl,1,1,55.38201341142518,1.47,50.61039608539608,40.0,1.3866666666666667,299,-6.152930402930402,-9.43517857142857,-3.114993894993896,-1.1266666666666667,-8.662454212454213,-12.276759768009764,-4.859821428571428,-8.043528693528694,-11.665047313797315,-4.608733211233212
3,3,1,as|gap|ovl,0,1,55.38201341142518,1.49,50.61039608539608,40.0,1.4,299,-6.152930402930402,-9.43517857142857,-3.114993894993896,-1.1133333333333333,-8.662454212454213,-12.276759768009764,-4.859821428571428,-8.043528693528694,-11.665047313797315,-4.608733211233212
5,4,2,as|gap|mrg&tzi|ovl,1,1,55.38201341142518,1.49,50.61039608539608,40.0,1.4,299,-6.152930402930402,-9.43517857142857,-3.114993894993896,-1.1133333333333333,-8.662454212454213,-12.276759768009764,-4.859821428571428,-8.043528693528694,-11.665047313797315,-4.608733211233212
5,4,2,as|cnf&tzi|gap|ovl,0,1,55.38201341142518,1.49,50.61039608539608,40.0,1.4,299,-6.152930402930402,-9.43517857142857,-3.114993894993896,-1.1133333333333333,-8.662454212454213,-12.276759768009764,-4.859821428571428,-8.043528693528694,-11.665047313797315,-4.608733211233212
6,4,3,as|cnf&mrg&tzi|gap|ovl,1,1,55.38201341142518,1.49,50.61039608539608,40.0,1.4,299,-6.152930402930402,-9.43517857142857,-3.114993894993896,-1.1133333333333333,-8.662454212454213,-12.276759768009764,-4.859821428571428,-8.043528693528694,-11.665047313797315,-4.608733211233212
5,4,2,as&cnf|gap|ovl|tzi,0,1,55.38201341142518,1.48,50.61039608539608,40.0,1.4166666666666667,296,-6.152930402930402,-9.507944139194139,-3.072249694749695,-1.0966666666666667,-8.662454212454213,-12.313829365079364,-5.062817460317461,-8.043528693528694,-11.493079975579978,-4.61013888888889
4,3,2,as|cnf&ovl|gap,0,1,56.38201341142518,1.57,50.61039608539608,40.0,1.4333333333333333,298,-6.152930402930402,-9.242771672771672,-3.1688690476190473,-1.08,-8.662454212454213,-12.259749694749694,-4.844735958485959,-8.043528693528694,-11.756785714285712,-4.4557203907203915
6,4,2,as|cnf&ovl|gap|mrg&tzi,1,1,56.38201341142518,1.57,50.61039608539608,40.0,1.4333333333333333,298,-6.152930402930402,-9.242771672771672,-3.1688690476190473,-1.08,-8.662454212454213,-12.259749694749694,-4.844735958485959,-8.043528693528694,-11.756785714285712,-4.4557203907203915
5,4,2,as&ovl|gap|mrg|tzi,1,1,55.38201341142518,1.5,50.47706275206275,40.0,1.4633333333333334,290,-6.286263736263736,-9.549300976800975,-3.324511599511601,-1.05,-8.795787545787546,-12.688174603174602,-5.036065323565324,-8.176862026862027,-11.852977716727718,-4.7691865079365074
5,4,2,as&cnf|gap|mrg|tzi,1,1,55.38201341142518,1.52,50.47706275206275,40.0,1.47,290,-6.286263736263736,-9.562698412698413,-3.2677182539682548,-1.0433333333333332,-8.795787545787546,-12.571918498168497,-5.121892551892552,-8.176862026862027,-11.796782661782661,-4.796256105006106
6,4,2,as&ovl|cnf&mrg|gap|tzi,1,1,56.38201341142518,1.6,50.47706275206275,40.0,1.5366666666666666,288,-6.286263736263736,-9.549300976800975,-3.324511599511601,-0.9766666666666667,-8.795787545787546,-12.688174603174602,-5.036065323565324,-8.176862026862027,-11.852977716727718,-4.7691865079365074
6,4,2,as&cnf|gap|mrg&ovl|tzi,1,1,56.38201341142518,1.66,50.47706275206275,40.0,1.56,287,-6.286263736263736,-9.562698412698413,-3.2677182539682548,-0.9533333333333334,-8.795787545787546,-12.571918498168497,-5.121892551892552,-8.176862026862027,-11.796782661782661,-4.796256105006106
5,5,1,as|cnf|gap|mrg|ovl,1,1,54.715346744758506,1.37,50.4357929107929,40.0,1.29,300,-6.327533577533578,-9.557261904761905,-3.2467139804639804,-1.2233333333333334,-8.837057387057387,-12.473836996336999,-5.021904761904763,-8.218131868131866,-11.99452380952381,-4.61186507936508
5,5,1,cnf|gap|mrg|ovl|tzi,1,0,54.715346744758506,1.36,50.4357929107929,40.0,1.2933333333333332,299,-6.327533577533578,-9.68028540903541,-3.158108974358974,-1.22,-8.837057387057387,-12.551839133089135,-5.187896825396828,-8.218131868131866,-11.842513736263736,-4.6906394993894995
4,4,1,as|cnf|gap|mrg,1,1,54.715346744758506,1.44,50.4357929107929,40.0,1.3133333333333332,300,-6.327533577533578,-9.41843253968254,-3.2894047619047626,-1.2,-8.837057387057387,-12.484676434676434,-4.999716117216117,-8.218131868131866,-11.997695360195362,-4.531260683760684
6,5,2,as|cnf|gap|mrg|ovl&tzi,1,1,54.715346744758506,1.44,50.4357929107929,40.0,1.3133333333333332,300,-6.327533577533578,-9.41843253968254,-3.2894047619047626,-1.2,-8.837057387057387,-12.484676434676434,-4.999716117216117,-8.218131868131866,-11.997695360195362,-4.531260683760684
6,5,2,as&ovl|cnf|gap|mrg|tzi,1,1,54.715346744758506,1.45,50.4357929107929,40.0,1.32,299,-6.327533577533578,-9.620525030525028,-3.2298489010989013,-1.1933333333333334,-8.837057387057387,-12.347725885225884,-5.158717948717948,-8.218131868131866,-11.745637973137974,-4.5315674603174605
4,4,1,as|cnf|gap|ovl,0,1,54.715346744758506,1.46,50.4357929107929,40.0,1.3466666666666667,300,-6.327533577533578,-9.557261904761905,-3.2467139804639804,-1.1666666666666667,-8.837057387057387,-12.473836996336999,-5.021904761904763,-8.218131868131866,-11.99452380952381,-4.61186507936508
6,5,2,as|cnf|gap|mrg&tzi|ovl,1,1,54.715346744758506,1.46,50.4357929107929,40.0,1.3466666666666667,300,-6.327533577533578,-9.557261904761905,-3.2467139804639804,-1.1666666666666667,-8.837057387057387,-12.473836996336999,-5.021904761904763,-8.218131868131866,-11.99452380952381,-4.61186507936508
4,4,1,cnf|gap|ovl|tzi,0,0,54.715346744758506,1.45,50.4357929107929,40.0,1.3566666666666667,298,-6.327533577533578,-9.68028540903541,-3.158108974358974,-1.1566666666666667,-8.837057387057387,-12.551839133089135,-5.187896825396828,-8.218131868131866,-11.842513736263736,-4.6906394993894995
6,5,2,as&mrg|cnf|gap|ovl|tzi,1,1,54.715346744758506,1.45,50.4357929107929,40.0,1.3566666666666667,299,-6.327533577533578,-9.68028540903541,-3.158108974358974,-1.1566666666666667,-8.837057387057387,-12.551839133089135,-5.187896825396828,-8.218131868131866,-11.842513736263736,-4.6906394993894995
5,4,2,as|cnf|gap|mrg&ovl,1,1,55.715346744758506,1.54,50.4357929107929,40.0,1.37,300,-6.327533577533578,-9.41843253968254,-3.2894047619047626,-1.1433333333333333,-8.837057387057387,-12.484676434676434,-4.999716117216117,-8.218131868131866,-11.997695360195362,-4.531260683760684
3,3,1,as|cnf|gap,0,1,55.715346744758506,1.54,50.4357929107929,40.0,1.3766666666666667,300,-6.327533577533578,-9.41843253968254,-3.2894047619047626,-1.1366666666666667,-8.837057387057387,-12.484676434676434,-4.999716117216117,-8.218131868131866,-11.997695360195362,-4.531260683760684
5,4,2,as|cnf|gap|mrg&tzi,1,1,55.715346744758506,1.54,50.4357929107929,40.0,1.3766666666666667,300,-6.327533577533578,-9.41843253968254,-3.2894047619047626,-1.1366666666666667,-8.837057387057387,-12.484676434676434,-4.999716117216117,-8.218131868131866,-11.997695360195362,-4.531260683760684
5,4,2,as|cnf|gap|ovl&tzi,0,1,55.715346744758506,1.54,50.4357929107929,40.0,1.3766666666666667,300,-6.327533577533578,-9.41843253968254,-3.2894047619047626,-1.1366666666666667,-8.837057387057387,-12.484676434676434,-4.999716117216117,-8.218131868131866,-11.997695360195362,-4.531260683760684
6,4,3,as|cnf|gap|mrg&ovl&tzi,1,1,55.715346744758506,1.54,50.4357929107929,40.0,1.3766666666666667,300,-6.327533577533578,-9.41843253968254,-3.2894047619047626,-1.1366666666666667,-8.837057387057387,-12.484676434676434,-4.999716117216117,-8.218131868131866,-11.997695360195362,-4.531260683760684
5,4,2,as&ovl|cnf|gap|tzi,0,1,55.715346744758506,1.55,50.4357929107929,40.0,1.3933333333333333,297,-6.327533577533578,-9.620525030525028,-3.2298489010989013,-1.12,-8.837057387057387,-12.347725885225884,-5.158717948717948,-8.218131868131866,-11.745637973137974,-4.5315674603174605
5,5,1,as|gap|mrg|ovl|tzi,1,1,55.38201341142518,1.36,50.27706275206274,39.666666666666664,1.32,299,-6.486263736263736,-9.813174603174604,-3.5705952380952386,-1.1933333333333334,-8.995787545787545,-12.637065018315019,-5.369636752136751,-8.376862026862026,-12.164322344322343,-4.87940170940171
6,5,2,as|cnf&ovl|gap|mrg|tzi,1,1,55.38201341142518,1.43,50.27706275206274,39.666666666666664,1.3466666666666667,299,-6.486263736263736,-9.705496031746032,-3.5219978632478637,-1.1666666666666667,-8.995787545787545,-12.622242063492061,-5.298869047619046,-8.376862026862026,-12.164322344322343,-4.847658730158731
6,5,2,as|cnf&mrg|gap|ovl|tzi,1,1,55.38201341142518,1.45,50.27706275206274,39.666666666666664,1.3766666666666667,299,-6.486263736263736,-9.813174603174604,-3.5705952380952386,-1.1366666666666667,-8.995787545787545,-12.637065018315019,-5.369636752136751,-8.376862026862026,-12.164322344322343,-4.87940170940171
5,4,2,as|cnf&tzi|gap|mrg,1,1,55.38201341142518,1.47,50.27706275206274,39.666666666666664,1.3833333333333333,299,-6.486263736263736,-9.623327228327229,-3.5699801587301594,-1.13,-8.995787545787545,-12.622110805860803,-5.180708180708182,-8.376862026862026,-12.147913614163611,-4.942979242979244
5,4,2,as|gap|mrg|ovl&tzi,1,1,55.38201341142518,1.47,50.27706275206274,39.666666666666664,1.3833333333333333,299,-6.486263736263736,-9.623327228327229,-3.5699801587301594,-1.13,-8.995787545787545,-12.622110805860803,-5.180708180708182,-8.376862026862026,-12.147913614163611,-4.942979242979244
6,4,3,as|cnf&ovl&tzi|gap|mrg,1,1,55.38201341142518,1.47,50.27706275206274,39.666666666666664,1.3833333333333333,299,-6.486263736263736,-9.623327228327229,-3.5699801587301594,-1.13,-8.995787545787545,-12.622110805860803,-5.180708180708182,-8.376862026862026,-12.147913614163611,-4.942979242979244
3,3,1,as|gap|mrg,1,1,55.38201341142518,1.47,50.27706275206274,39.666666666666664,1.3866666666666667,299,-6.486263736263736,-9.623327228327229,-3.5699801587301594,-1.1266666666666667,-8.995787545787545,-12.622110805860803,-5.180708180708182,-8.376862026862026,-12.147913614163611,-4.942979242979244
4,4,1,as|gap|ovl|tzi,0,1,55.38201341142518,1.47,50.27706275206274,39.666666666666664,1.39,299,-6.486263736263736,-9.813174603174604,-3.5705952380952386,-1.1233333333333333,-8.995787545787545,-12.637065018315019,-5.369636752136751,-8.376862026862026,-12.164322344322343,-4.87940170940171
5,4,2,as|cnf&ovl|gap|tzi,0,1,56.38201341142518,1.55,50.27706275206274,39.666666666666664,1.4233333333333333,298,-6.486263736263736,-9.705496031746032,-3.5219978632478637,-1.09,-8.995787545787545,-12.622242063492061,-5.298869047619046,-8.376862026862026,-12.164322344322343,-4.847658730158731
6,4,2,as|cnf&mrg|gap|ovl&tzi,1,1,56.38201341142518,1.57,50.27706275206274,39.666666666666664,1.4466666666666668,299,-6.486263736263736,-9.623327228327229,-3.5699801587301594,-1.0666666666666667,-8.995787545787545,-12.622110805860803,-5.180708180708182,-8.376862026862026,-12.147913614163611,-4.942979242979244
4,3,2,as|cnf&mrg|gap,1,1,56.38201341142518,1.57,50.27706275206274,39.666666666666664,1.45,299,-6.486263736263736,-9.623327228327229,-3.5699801587301594,-1.0633333333333332,-8.995787545787545,-12.622110805860803,-5.180708180708182,-8.376862026862026,-12.147913614163611,-4.942979242979244
6,4,2,as|cnf&tzi|gap|mrg&ovl,1,1,56.38201341142518,1.59,50.27706275206274,39.666666666666664,1.4533333333333334,298,-6.486263736263736,-9.623327228327229,-3.5699801587301594,-1.06,-8.995787545787545,-12.622110805860803,-5.180708180708182,-8.376862026862026,-12.147913614163611,-4.942979242979244
4,3,2,as|gap|mrg&ovl,1,1,56.38201341142518,1.59,50.27706275206274,39.666666666666664,1.4566666666666668,298,-6.486263736263736,-9.623327228327229,-3.5699801587301594,-1.0566666666666666,-8.995787545787545,-12.622110805860803,-5.180708180708182,-8.376862026862026,-12.147913614163611,-4.942979242979244
5,3,3,as|cnf&mrg&ovl|gap,1,1,56.38201341142518,1.59,50.27706275206274,39.666666666666664,1.4633333333333334,298,-6.486263736263736,-9.623327228327229,-3.5699801587301594,-1.05,-8.995787545787545,-12.622110805860803,-5.180708180708182,-8.376862026862026,-12.147913614163611,-4.942979242979244
4,3,2,as|cnf&tzi|gap,0,1,56.38201341142518,1.71,50.27706275206274,39.666666666666664,1.52,298,-6.486263736263736,-9.623327228327229,-3.5699801587301594,-0.9933333333333333,-8.995787545787545,-12.622110805860803,-5.180708180708182,-8.376862026862026,-12.147913614163611,-4.942979242979244
4,3,2,as|gap|ovl&tzi,0,1,56.38201341142518,1.71,50.27706275206274,39.666666666666664,1.52,298,-6.486263736263736,-9.623327228327229,-3.5699801587301594,-0.9933333333333333,-8.995787545787545,-12.622110805860803,-5.180708180708182,-8.376862026862026,-12.147913614163611,-4.942979242979244
5,3,3,as|cnf&ovl&tzi|gap,0,1,56.38201341142518,1.71,50.27706275206274,39.666666666666664,1.52,298,-6.486263736263736,-9.623327228327229,-3.5699801587301594,-0.9933333333333333,-8.995787545787545,-12.622110805860803,-5.180708180708182,-8.376862026862026,-12.147913614163611,-4.942979242979244
2,2,1,as|gap,0,1,56.38201341142518,1.72,50.27706275206274,39.666666666666664,1.5233333333333334,298,-6.486263736263736,-9.623327228327229,-3.5699801587301594,-0.99,-8.995787545787545,-12.622110805860803,-5.180708180708182,-8.376862026862026,-12.147913614163611,-4.942979242979244
4,3,2,as|gap|mrg&tzi,1,1,56.38201341142518,1.71,50.27706275206274,39.666666666666664,1.5233333333333334,298,-6.486263736263736,-9.623327228327229,-3.5699801587301594,-0.99,-8.995787545787545,-12.622110805860803,-5.180708180708182,-8.376862026862026,-12.147913614163611,-4.942979242979244
5,3,3,as|cnf&mrg&tzi|gap,1,1,56.38201341142518,1.71,50.27706275206274,39.666666666666664,1.5233333333333334,298,-6.486263736263736,-9.623327228327229,-3.5699801587301594,-0.99,-8.995787545787545,-12.622110805860803,-5.180708180708182,-8.376862026862026,-12.147913614163611,-4.942979242979244
5,3,3,as|gap|mrg&ovl&tzi,1,1,56.38201341142518,1.71,50.27706275206274,39.666666666666664,1.5233333333333334,298,-6.486263736263736,-9.623327228327229,-3.5699801587301594,-0.99,-8.995787545787545,-12.622110805860803,-5.180708180708182,-8.376862026862026,-12.147913614163611,-4.942979242979244
6,3,4,as|cnf&mrg&ovl&tzi|gap,1,1,56.38201341142518,1.71,50.27706275206274,39.666666666666664,1.5233333333333334,298,-6.486263736263736,-9.623327228327229,-3.5699801587301594,-0.99,-8.995787545787545,-12.622110805860803,-5.180708180708182,-8.376862026862026,-12.147913614163611,-4.942979242979244
6,6,1,as|cnf|gap|mrg|ovl|tzi,1,1,54.715346744758506,1.35,50.10245957745957,39.666666666666664,1.28,300,-6.660866910866911,-10.01493437118437,-3.645035103785105,-1.2333333333333334,-9.17039072039072,-12.895192307692305,-5.514265873015875,-8.5514652014652,-12.25523199023199,-4.949107142857143
5,5,1,as|cnf|gap|mrg|tzi,1,1,54.715346744758506,1.42,50.10245957745957,39.666666666666664,1.3033333333333332,300,-6.660866910866911,-9.89579365079365,-3.5631822344322344,-1.21,-9.17039072039072,-12.807652625152624,-5.3918925518925525,-8.5514652014652,-12.241700244200246,-4.903928571428572
5,5,1,as|cnf|gap|ovl|tzi,0,1,54.715346744758506,1.44,50.10245957745957,39.666666666666664,1.3366666666666667,300,-6.660866910866911,-10.01493437118437,-3.645035103785105,-1.1766666666666667,-9.17039072039072,-12.895192307692305,-5.514265873015875,-8.5514652014652,-12.25523199023199,-4.949107142857143
6,5,2,as|cnf|gap|mrg&ovl|tzi,1,1,55.715346744758506,1.52,50.10245957745957,39.666666666666664,1.36,300,-6.660866910866911,-9.89579365079365,-3.5631822344322344,-1.1533333333333333,-9.17039072039072,-12.807652625152624,-5.3918925518925525,-8.5514652014652,-12.241700244200246,-4.903928571428572
4,4,1,as|cnf|gap|tzi,0,1,55.715346744758506,1.52,50.10245957745957,39.666666666666664,1.3666666666666667,300,-6.660866910866911,-9.89579365079365,-3.5631822344322344,-1.1466666666666667,-9.17039072039072,-12.807652625152624,-5.3918925518925525,-8.5514652014652,-12.241700244200246,-4.903928571428572
4,4,1,as|gap|mrg|tzi,1,1,55.38201341142518,1.45,49.94372941872941,39.33333333333333,1.3733333333333333,299,-6.819597069597069,-9.917771672771671,-3.8431684981684993,-1.14,-9.329120879120879,-13.044749694749694,-5.626456043956045,-8.71019536019536,-12.481901709401708,-5.122625152625153
5,4,2,as|cnf&mrg|gap|tzi,1,1,56.38201341142518,1.55,49.94372941872941,39.33333333333333,1.4366666666666668,299,-6.819597069597069,-9.917771672771671,-3.8431684981684993,-1.0766666666666667,-9.329120879120879,-13.044749694749694,-5.626456043956045,-8.71019536019536,-12.481901709401708,-5.122625152625153
5,4,2,as|gap|mrg&ovl|tzi,1,1,56.38201341142518,1.57,49.94372941872941,39.33333333333333,1.4433333333333334,298,-6.819597069597069,-9.917771672771671,-3.8431684981684993,-1.07,-9.329120879120879,-13.044749694749694,-5.626456043956045,-8.71019536019536,-12.481901709401708,-5.122625152625153
6,4,3,as|cnf&mrg&ovl|gap|tzi,1,1,56.38201341142518,1.57,49.94372941872941,39.33333333333333,1.45,298,-6.819597069597069,-9.917771672771671,-3.8431684981684993,-1.0633333333333332,-9.329120879120879,-13.044749694749694,-5.626456043956045,-8.71019536019536,-12.481901709401708,-5.122625152625153
3,3,1,as|gap|tzi,0,1,56.38201341142518,1.69,49.94372941872941,39.33333333333333,1.51,298,-6.819597069597069,-9.917771672771671,-3.8431684981684993,-1.0033333333333334,-9.329120879120879,-13.044749694749694,-5.626456043956045,-8.71019536019536,-12.481901709401708,-5.122625152625153
