size,n_groups,max_group_size,formula,has_margin,has_answer_stable,tune_f1,tune_calls,eval_f1,eval_em,eval_calls,eval_triggered,diff_f1_vs_as,ci_as_lo,ci_as_hi,diff_calls_vs_as,diff_f1_vs_famA,ci_famA_lo,ci_famA_hi,diff_f1_vs_k3,ci_k3_lo,ci_k3_hi
4,1,4,cnf&mrg&ovl&tzi,1,0,56.00000000000001,4.16,55.29318274318275,49.333333333333336,4.573333333333333,70,8.847883597883598,4.665958994708994,12.761593915343916,2.006666666666667,4.530952380952382,1.553313492063492,7.492678571428573,4.351587301587301,1.0816468253968254,7.609563492063491
5,1,5,cnf&gap&mrg&ovl&tzi,1,0,54.400000000000006,4.28,55.29318274318275,49.333333333333336,4.613333333333333,63,8.847883597883598,4.665958994708994,12.761593915343916,2.046666666666667,4.530952380952382,1.553313492063492,7.492678571428573,4.351587301587301,1.0816468253968254,7.609563492063491
5,1,5,as&cnf&mrg&ovl&tzi,1,1,54.400000000000006,4.48,55.29318274318275,49.333333333333336,4.69,59,8.847883597883598,4.665958994708994,12.761593915343916,2.1233333333333335,4.530952380952382,1.553313492063492,7.492678571428573,4.351587301587301,1.0816468253968254,7.609563492063491
6,1,6,as&cnf&gap&mrg&ovl&tzi,1,1,54.400000000000006,4.48,55.29318274318275,49.333333333333336,4.723333333333334,53,8.847883597883598,4.665958994708994,12.761593915343916,2.1566666666666667,4.530952380952382,1.553313492063492,7.492678571428573,4.351587301587301,1.0816468253968254,7.609563492063491
4,1,4,as&cnf&mrg&tzi,1,1,54.400000000000006,4.24,55.07096052096052,49.0,4.383333333333334,97,8.625661375661375,4.353630952380953,12.313253968253967,1.8166666666666667,4.308730158730159,1.1862896825396825,7.467579365079363,4.129365079365079,0.8941666666666669,7.246964285714286
5,1,5,as&cnf&gap&mrg&tzi,1,1,54.400000000000006,4.24,55.07096052096052,49.0,4.45,86,8.625661375661375,4.353630952380953,12.313253968253967,1.8833333333333333,4.308730158730159,1.1862896825396825,7.467579365079363,4.129365079365079,0.8941666666666669,7.246964285714286
4,1,4,as&mrg&ovl&tzi,1,1,54.400000000000006,4.44,54.73762718762719,49.333333333333336,4.566666666666666,73,8.292328042328043,4.04026455026455,12.196276455026455,2.0,3.9753968253968255,1.1332142857142857,6.984206349206351,3.796031746031746,0.38085317460317436,7.1549603174603185
5,1,5,as&gap&mrg&ovl&tzi,1,1,54.400000000000006,4.44,54.73762718762719,49.333333333333336,4.61,66,8.292328042328043,4.04026455026455,12.196276455026455,2.0433333333333334,3.9753968253968255,1.1332142857142857,6.984206349206351,3.796031746031746,0.38085317460317436,7.1549603174603185
3,1,3,cnf&mrg&tzi,1,0,56.00000000000001,4.0,54.626516076516076,48.333333333333336,4.26,102,8.18121693121693,3.9872817460317465,12.009814814814812,1.6933333333333334,3.864285714285714,0.866111111111111,6.886706349206349,3.6849206349206347,0.26567460317460284,6.960099206349205
4,1,4,cnf&gap&mrg&tzi,1,0,54.400000000000006,4.12,54.626516076516076,48.333333333333336,4.333333333333333,91,8.18121693121693,3.9872817460317465,12.009814814814812,1.7666666666666666,3.864285714285714,0.866111111111111,6.886706349206349,3.6849206349206347,0.26567460317460284,6.960099206349205
4,1,4,cnf&gap&mrg&ovl,1,0,54.400000000000006,4.24,54.626516076516076,48.66666666666667,4.466666666666667,86,8.18121693121693,4.040046296296296,12.163571428571425,1.9,3.8642857142857148,0.6728571428571428,6.886984126984126,3.6849206349206347,0.3142857142857143,6.88095238095238
5,1,5,as&cnf&gap&mrg&ovl,1,1,54.400000000000006,4.48,54.626516076516076,48.66666666666667,4.6,70,8.18121693121693,4.040046296296296,12.163571428571425,2.033333333333333,3.8642857142857148,0.6728571428571428,6.886984126984126,3.6849206349206347,0.3142857142857143,6.88095238095238
3,1,3,as&cnf&tzi,0,1,50.4,4.04,54.40429385429385,48.333333333333336,4.176666666666667,109,7.958994708994709,3.8608465608465607,11.428511904761903,1.61,3.6420634920634924,0.3345634920634923,6.989801587301586,3.4626984126984133,0.40958333333333324,6.6097222222222225
4,1,4,as&cnf&gap&tzi,0,1,50.4,4.04,54.40429385429385,48.333333333333336,4.26,98,7.958994708994709,3.8608465608465607,11.428511904761903,1.6933333333333334,3.6420634920634924,0.3345634920634923,6.989801587301586,3.4626984126984133,0.40958333333333324,6.6097222222222225
4,1,4,as&cnf&gap&mrg,1,1,54.400000000000006,4.2,54.40429385429385,48.333333333333336,4.263333333333334,115,7.958994708994709,3.8493716931216926,11.689464285714287,1.6966666666666668,3.6420634920634924,0.4257738095238095,6.711666666666666,3.4626984126984124,0.3142857142857142,6.571011904761905
3,1,3,mrg&ovl&tzi,1,0,56.00000000000001,4.12,54.40429385429385,49.0,4.413333333333333,87,7.958994708994709,3.738690476190476,12.02660714285714,1.8466666666666667,3.6420634920634924,0.6299007936507937,6.673968253968255,3.4626984126984124,0.14573412698412713,6.890238095238094
4,1,4,gap&mrg&ovl&tzi,1,0,54.400000000000006,4.24,54.40429385429385,49.0,4.463333333333333,79,7.958994708994709,3.738690476190476,12.02660714285714,1.8966666666666667,3.6420634920634924,0.6299007936507937,6.673968253968255,3.4626984126984124,0.14573412698412713,6.890238095238094
4,1,4,as&cnf&ovl&tzi,0,1,54.400000000000006,4.32,54.40429385429385,48.333333333333336,4.486666666666666,75,7.958994708994709,3.9860515873015867,11.687050264550265,1.92,3.6420634920634924,0.6080357142857146,6.665972222222219,3.4626984126984124,0.3380753968253967,6.552837301587301
5,1,5,as&cnf&gap&ovl&tzi,0,1,54.400000000000006,4.32,54.40429385429385,48.333333333333336,4.55,67,7.958994708994709,3.9860515873015867,11.687050264550265,1.9833333333333334,3.6420634920634924,0.6080357142857146,6.665972222222219,3.4626984126984124,0.3380753968253967,6.552837301587301
4,1,4,as&gap&mrg&tzi,1,1,54.400000000000006,4.2,54.18207163207164,48.66666666666667,4.306666666666667,103,7.736772486772487,3.5379298941798942,11.48156746031746,1.74,3.41984126984127,0.45551587301587304,6.387757936507936,3.240476190476191,0.05214285714285712,6.61984126984127
4,1,4,as&gap&mrg&ovl,1,1,54.400000000000006,4.44,53.90429385429385,48.333333333333336,4.453333333333333,88,7.45899470899471,3.2299470899470903,11.292744708994704,1.8866666666666667,3.1420634920634924,0.13073412698412704,6.215674603174602,2.962698412698413,-0.3979166666666665,6.238214285714284
4,1,4,as&cnf&mrg&ovl,1,1,54.400000000000006,3.88,53.88577533577534,47.333333333333336,4.203333333333333,139,7.440476190476191,3.439464285714286,11.288174603174603,1.6366666666666667,3.1235449735449734,0.0203373015873015,6.1056944444444445,2.944179894179894,-0.4536574074074074,6.299556878306878
3,1,3,cnf&gap&mrg,1,0,54.400000000000006,4.04,53.8598494098494,47.66666666666667,4.116666666666666,122,7.414550264550264,3.3704563492063486,11.061891534391535,1.55,3.0976190476190477,0.004960317460317549,6.133472222222222,2.918253968253968,-0.29779761904761914,6.065357142857144
3,1,3,as&mrg&tzi,1,1,54.400000000000006,4.2,53.8487382987383,48.333333333333336,4.223333333333334,115,7.4034391534391535,3.4114351851851854,10.996607142857144,1.6566666666666667,3.0865079365079366,-0.04492063492063493,6.123829365079365,2.907142857142857,-0.3772817460317461,6.3128769841269845
3,1,3,as&cnf&mrg,1,1,54.400000000000006,3.56,53.77148962148962,46.666666666666664,3.6366666666666667,216,7.326190476190477,3.5360119047619043,10.88331349206349,1.07,3.0092592592592595,-0.18648148148148136,6.198333333333333,2.8298941798941795,-0.30295634920634895,6.263267195767194
3,1,3,cnf&ovl&tzi,0,0,56.00000000000001,3.88,53.68712213712213,47.66666666666667,4.22,96,7.241822991822991,2.863856421356422,11.033231721981721,1.6533333333333333,2.924891774891775,-0.11800144300144258,6.022904040404041,2.7455266955266957,-0.7069047619047619,6.086904761904761
3,1,3,gap&mrg&ovl,1,0,54.400000000000006,4.2,53.43762718762719,48.0,4.273333333333333,108,6.992328042328043,2.6778902116402117,10.877638888888889,1.7066666666666668,2.6753968253968257,-0.37888888888888883,5.81779761904762,2.4960317460317465,-0.849920634920635,5.876269841269841
3,1,3,cnf&mrg&ovl,1,0,56.00000000000001,3.52,53.39371184371184,46.33333333333333,3.95,170,6.948412698412698,2.884900793650794,10.764444444444445,1.3833333333333333,2.6314814814814813,-0.46324074074074073,5.5834722222222215,2.452116402116402,-0.9324603174603174,5.919305555555556
4,1,4,cnf&gap&ovl&tzi,0,0,54.400000000000006,4.0,53.3537888037888,47.333333333333336,4.31,86,6.908489658489659,2.5330242905242906,10.61500721500721,1.7433333333333334,2.5915584415584414,-0.41131493506493483,5.597519841269839,2.4121933621933622,-0.9488708513708514,5.736518759018758
3,1,3,as&gap&mrg,1,1,54.400000000000006,4.16,53.348738298738304,47.66666666666667,4.083333333333333,136,6.903439153439154,2.9657936507936506,10.346514550264548,1.5166666666666666,2.586507936507937,-0.3532142857142856,5.654900793650792,2.4071428571428575,-0.5080555555555555,5.541984126984127
3,1,3,as&gap&tzi,0,1,48.8,3.84,53.29318274318274,48.0,4.02,124,6.847883597883599,3.2301785714285716,10.305820105820105,1.4533333333333334,2.5309523809523813,-1.0359126984126983,6.245138888888889,2.3515873015873017,-0.39388888888888884,5.305436507936507
3,1,3,as&ovl&tzi,0,1,54.400000000000006,4.28,53.29318274318274,48.0,4.286666666666667,98,6.847883597883599,3.004523809523809,10.40371693121693,1.72,2.5309523809523813,-0.525376984126984,5.906468253968255,2.3515873015873017,-0.4869246031746033,5.225694444444444
4,1,4,as&gap&ovl&tzi,0,1,54.400000000000006,4.28,53.29318274318274,48.0,4.36,89,6.847883597883599,3.004523809523809,10.40371693121693,1.7933333333333332,2.5309523809523813,-0.525376984126984,5.906468253968255,2.3515873015873017,-0.4869246031746033,5.225694444444444
3,1,3,as&mrg&ovl,1,1,54.400000000000006,3.76,53.16355311355312,47.0,3.98,168,6.7182539682539675,2.664325396825397,10.420654761904762,1.4133333333333333,2.4013227513227515,-0.6284060846560846,5.487063492063491,2.221957671957672,-1.169404761904762,5.653227513227513
2,1,2,as&tzi,0,1,48.8,3.84,52.959849409849404,47.66666666666667,3.92,136,6.514550264550264,3.0374206349206356,9.973630952380951,1.3533333333333333,2.197619047619048,-1.5741269841269838,5.889047619047619,2.018253968253968,-0.7501785714285714,4.893650793650792
4,1,4,as&cnf&gap&ovl,0,1,50.4,4.12,52.899531949531955,47.0,4.373333333333333,90,6.454232804232805,2.506607142857143,9.960138888888888,1.8066666666666666,2.1373015873015877,-1.1919841269841267,5.064940476190475,1.9579365079365079,-1.0080357142857146,4.817698412698412
3,1,3,as&cnf&ovl,0,1,50.4,3.44,52.74212454212454,46.33333333333333,3.82,171,6.2968253968253975,2.645238095238095,9.61972222222222,1.2533333333333334,1.9798941798941798,-1.1967328042328043,4.8466468253968245,1.8005291005291006,-1.2730092592592595,4.803571428571428
3,1,3,as&cnf&gap,0,1,46.4,3.8,52.56619861619862,46.666666666666664,4.006666666666667,130,6.12089947089947,2.4203968253968258,9.373862433862433,1.44,1.8039682539682542,-1.809424603174603,5.2999206349206345,1.6246031746031744,-1.2047023809523811,4.3152976190476195
2,1,2,cnf&mrg,1,0,56.00000000000001,3.28,52.560378510378506,45.33333333333333,3.3566666666666665,229,6.115079365079365,2.248710317460317,9.801884920634922,0.79,1.798148148148148,-1.3189814814814813,4.8327777777777765,1.6187830687830684,-1.6123214285714287,4.959226190476189
6,2,3,as&cnf&tzi|gap&mrg&ovl,1,1,50.4,3.88,52.54873829873829,47.0,3.8033333333333332,153,6.103439153439153,2.3703835978835976,9.726964285714285,1.2366666666666666,1.7865079365079366,-1.7113095238095237,5.2595238095238095,1.607142857142857,-1.5659722222222223,4.8406746031746035
2,1,2,cnf&tzi,0,0,52.0,3.68,52.46489991489991,46.33333333333333,3.9266666666666667,115,6.0196007696007685,1.6982774170274169,10.009054834054833,1.36,1.7026695526695526,-1.5460227272727276,4.932224025974024,1.5233044733044734,-2.1347276334776333,5.038621933621934
2,1,2,as&mrg,1,1,54.400000000000006,3.44,52.382600732600736,45.666666666666664,3.35,250,5.9373015873015875,2.2452380952380953,9.282440476190475,0.7833333333333333,1.6203703703703707,-1.4412037037037033,4.731944444444444,1.4410052910052908,-1.7518121693121693,4.929629629629629
3,1,3,cnf&gap&tzi,0,0,50.4,3.8,52.3537888037888,46.0,4.033333333333333,104,5.908489658489658,1.7570646945646948,9.744497955747955,1.4666666666666666,1.5915584415584418,-1.59382215007215,4.781347402597403,1.412193362193362,-2.2714646464646466,4.813991702741703
6,2,4,as&tzi|cnf&gap&mrg&ovl,1,1,48.8,3.76,52.29318274318274,47.0,3.7333333333333334,159,5.847883597883598,2.4661177248677246,9.259166666666667,1.1666666666666667,1.530952380952381,-2.108472222222222,5.373769841269841,1.3515873015873017,-1.422162698412698,4.261031746031746
2,1,2,mrg&ovl,1,0,56.00000000000001,3.4,52.20482295482295,45.666666666666664,3.6733333333333333,203,5.7595238095238095,1.639960317460317,9.558412698412697,1.1066666666666667,1.4425925925925926,-1.5619907407407405,4.51162037037037,1.2632275132275133,-1.9480092592592595,4.715291005291004
6,2,3,as&ovl&tzi|cnf&gap&mrg,1,1,54.400000000000006,3.92,52.08207163207164,46.666666666666664,3.75,155,5.636772486772486,2.0190343915343916,8.882619047619047,1.1833333333333333,1.31984126984127,-1.9325396825396826,4.849424603174602,1.1404761904761906,-1.4841269841269842,3.89047619047619
3,1,3,gap&mrg&tzi,1,0,54.400000000000006,3.96,52.0508547008547,46.0,4.1066666666666665,112,5.605555555555557,1.3317063492063488,9.418902116402114,1.54,1.2886243386243388,-2.09827380952381,4.822592592592593,1.1092592592592592,-2.454814814814815,4.54736111111111
2,1,2,ovl&tzi,0,0,52.0,3.8,51.90934435934437,46.666666666666664,3.98,118,5.464045214045214,1.281213924963925,9.318894901394899,1.4133333333333333,1.1471139971139976,-1.922222222222222,4.441796536796535,0.9677489177489179,-2.5095887445887444,4.141446608946609
5,2,3,as&tzi|cnf&gap&mrg,1,1,48.8,3.72,51.748738298738296,46.33333333333333,3.62,168,5.303439153439152,1.9242857142857144,8.648531746031745,1.0533333333333332,0.9865079365079367,-2.600178571428571,4.526150793650793,0.8071428571428573,-2.1200793650793646,3.6455753968253957
6,2,3,as&gap&mrg|cnf&ovl&tzi,1,1,56.00000000000001,3.72,51.742677692677695,46.0,3.71,160,5.297378547378547,1.1326208513708511,8.925694444444446,1.1433333333333333,0.9804473304473303,-2.1859469696969698,4.1778571428571425,0.8010822510822511,-2.686109307359307,4.25176046176046
2,1,2,mrg&tzi,1,0,56.00000000000001,3.84,51.71752136752137,45.666666666666664,4.01,124,5.272222222222222,1.1413558201058198,9.009001322751322,1.4433333333333334,0.9552910052910054,-2.5279960317460315,4.505370370370368,0.775925925925926,-2.988280423280423,4.392070105820106
6,2,3,as&cnf&gap|mrg&ovl&tzi,1,1,48.0,3.56,51.677309727309726,46.33333333333333,3.7733333333333334,153,5.232010582010583,1.548022486772487,8.473697089947091,1.2066666666666668,0.915079365079365,-2.6731746031746026,4.440099206349206,0.7357142857142858,-2.2093650793650794,3.4953571428571415
5,2,3,as&tzi|gap&mrg&ovl,1,1,48.8,3.76,51.659849409849414,46.33333333333333,3.67,165,5.214550264550264,1.779543650793651,8.635595238095242,1.1033333333333333,0.8976190476190474,-2.800892857142857,4.7375,0.7182539682539684,-2.189424603174603,3.6209920634920625
3,1,3,gap&ovl&tzi,0,0,50.4,3.92,51.576011026011024,46.33333333333333,4.08,107,5.130711880711881,0.8913173400673395,8.96165343915344,1.5133333333333334,0.8137806637806642,-2.2457070707070708,4.15563492063492,0.6344155844155845,-2.8203066378066377,3.8222132034632033
3,1,3,cnf&gap&ovl,0,0,50.4,3.8,51.51569356569357,45.666666666666664,4.09,116,5.07039442039442,0.9339237614237614,8.84121693121693,1.5233333333333334,0.7534632034632036,-2.278587662337662,3.635602453102451,0.5740981240981241,-2.667063492063492,3.616693722943723
6,2,3,as&gap&tzi|cnf&mrg&ovl,1,1,50.4,3.04,51.393711843711834,45.0,3.316666666666667,231,4.948412698412699,1.6022420634920636,8.244920634920634,0.75,0.6314814814814815,-3.0451851851851854,4.239444444444445,0.45211640211640197,-2.4670502645502643,3.377519841269841
5,2,3,as&cnf&tzi|mrg&ovl,1,1,52.0,3.08,51.31593406593408,44.666666666666664,3.24,241,4.87063492063492,1.204345238095238,8.16595238095238,0.6733333333333333,0.5537037037037038,-2.9966666666666675,3.963194444444444,0.3743386243386242,-2.7964550264550265,3.6108730158730147
6,2,4,as&cnf&gap&tzi|mrg&ovl,1,1,52.0,3.08,51.31593406593408,44.666666666666664,3.2866666666666666,237,4.87063492063492,1.204345238095238,8.16595238095238,0.72,0.5537037037037038,-2.9966666666666675,3.963194444444444,0.3743386243386242,-2.7964550264550265,3.6108730158730147
5,2,3,as&cnf&tzi|gap&mrg,1,1,50.4,3.72,51.11752136752137,45.0,3.62,166,4.6722222222222225,0.9097751322751323,8.389345238095238,1.0533333333333332,0.3552910052910052,-3.318637566137566,4.13690476190476,0.17592592592592576,-3.278287037037037,3.447691798941798
6,2,4,as&cnf&ovl&tzi|gap&mrg,1,1,54.400000000000006,3.8,51.11752136752137,45.0,3.69,160,4.6722222222222225,0.595099206349206,8.34297619047619,1.1233333333333333,0.3552910052910052,-3.221732804232804,3.9720039682539685,0.17592592592592576,-3.2997817460317465,3.4013095238095232
2,1,2,gap&mrg,1,0,54.400000000000006,3.88,51.11752136752137,45.0,3.8533333333333335,147,4.6722222222222225,0.6520502645502645,8.435965608465605,1.2866666666666666,0.3552910052910052,-2.964074074074074,3.7127843915343908,0.17592592592592576,-3.278597883597884,3.564047619047619
5,2,3,as&gap&mrg|cnf&tzi,1,1,52.0,3.6,51.076011026011024,45.33333333333333,3.5766666666666667,164,4.63071188071188,0.46525974025973993,8.474272486772486,1.01,0.3137806637806639,-3.0924603174603176,3.574702380952377,0.1344155844155844,-3.4047582972582964,3.775396825396824
6,2,4,as&gap&mrg&ovl|cnf&tzi,1,1,52.0,3.64,51.076011026011024,45.33333333333333,3.6733333333333333,148,4.63071188071188,0.49681277056277057,8.498763828763828,1.1066666666666667,0.3137806637806639,-3.0716558441558437,3.521340187590185,0.1344155844155844,-3.559774531024531,3.699613997113998
5,2,3,as&tzi|cnf&mrg&ovl,1,1,50.4,3.04,51.0603785103785,44.666666666666664,3.256666666666667,236,4.615079365079365,1.4540674603174601,7.854900793650795,0.69,0.2981481481481483,-3.4084722222222217,3.726944444444444,0.11878306878306864,-2.8287566137566134,3.087863756613756
5,2,3,as&gap&tzi|cnf&mrg,1,1,50.4,2.96,50.782600732600734,44.333333333333336,2.96,263,4.337301587301588,0.9990079365079362,7.642956349206349,0.3933333333333333,0.020370370370370445,-3.652037037037037,3.414999999999999,-0.15899470899470916,-3.147056878306878,2.847539682539682
5,2,3,as&ovl&tzi|cnf&mrg,1,1,56.00000000000001,3.16,50.782600732600734,44.333333333333336,3.04,254,4.337301587301588,0.9153769841269843,7.642956349206349,0.47333333333333333,0.020370370370370445,-3.1553703703703704,3.2944444444444443,-0.15899470899470902,-3.143472222222222,2.7229960317460313
6,2,4,as&gap&ovl&tzi|cnf&mrg,1,1,56.00000000000001,3.16,50.782600732600734,44.333333333333336,3.0633333333333335,253,4.337301587301588,0.9153769841269843,7.642956349206349,0.49666666666666665,0.020370370370370445,-3.1553703703703704,3.2944444444444443,-0.15899470899470902,-3.143472222222222,2.7229960317460313
5,2,3,as&mrg|cnf&ovl&tzi,1,1,56.00000000000001,3.0,50.77654012654013,44.0,3.04,264,4.331240981240981,0.5412914862914864,7.830459956709957,0.47333333333333333,0.01430976430976442,-3.218821548821549,3.255155723905724,-0.16505531505531504,-3.61496632996633,3.431369047619047
5,2,3,as&gap&tzi|mrg&ovl,1,1,50.4,2.96,50.760378510378516,44.333333333333336,3.17,248,4.315079365079366,0.8794444444444444,7.4474206349206336,0.6033333333333334,-0.0018518518518515492,-3.7545833333333336,3.5061574074074073,-0.1812169312169313,-3.048075396825397,2.777215608465608
2,1,2,as&cnf,0,1,46.4,3.08,50.72307692307692,44.0,3.1733333333333333,243,4.277777777777778,1.7222222222222223,6.833333333333333,0.6066666666666667,-0.03915343915343872,-3.778313492063492,3.523902116402115,-0.2185185185185185,-3.1299537037037037,2.7354166666666666
6,2,4,as&cnf&gap&mrg|ovl&tzi,1,1,52.0,3.68,50.68712213712213,45.33333333333333,3.6366666666666667,160,4.241822991822992,0.0670322270322271,7.9339201539201545,1.07,-0.07510822510822512,-3.4779166666666668,3.4778787878787876,-0.2544733044733043,-3.6990692640692644,3.0982016594516586
3,1,3,as&gap&ovl,0,1,50.4,4.08,50.621754171754176,45.33333333333333,4.1066666666666665,121,4.176455026455026,0.753829365079365,7.385582010582008,1.54,-0.14047619047619028,-3.305376984126984,3.1571825396825397,-0.31984126984126976,-2.9469642857142855,2.4865079365079357
5,2,3,cnf&tzi|gap&mrg&ovl,1,0,52.0,3.6,50.609344359344355,45.0,3.6133333333333333,157,4.164045214045213,-0.12381553631553603,8.081415945165944,1.0466666666666666,-0.1528860028860028,-3.5672763347763334,3.1335353535353527,-0.33225108225108213,-4.054850288600289,3.1599206349206344
5,2,3,as&ovl&tzi|gap&mrg,1,1,54.400000000000006,3.8,50.56196581196581,44.666666666666664,3.6233333333333335,163,4.116666666666666,0.07437830687830656,7.805171957671958,1.0566666666666666,-0.20026455026455045,-3.88482142857143,3.8579497354497354,-0.37962962962962976,-3.5117261904761903,2.7691666666666666
5,2,3,as&gap&mrg|ovl&tzi,1,1,52.0,3.68,50.520455470455474,45.0,3.5933333333333333,164,4.075156325156325,-0.05297138047138033,7.703436748436748,1.0266666666666666,-0.2417748917748918,-3.5622113997114,3.292256493506493,-0.4211399711399709,-3.9233585858585855,2.9469715007215003
2,1,2,cnf&gap,0,0,46.4,3.56,50.51569356569357,44.333333333333336,3.72,139,4.07039442039442,0.2870508658008654,7.649520803270803,1.1533333333333333,-0.2465367965367964,-3.3540440115440115,2.971307720057719,-0.42590187590187584,-3.6635894660894666,2.6991305916305914
4,2,2,as&tzi|cnf&mrg,1,1,50.4,2.96,50.44926739926739,44.0,2.93,264,4.003968253968254,0.7018849206349206,7.270833333333333,0.36333333333333334,-0.3129629629629629,-4.157731481481481,3.2329166666666658,-0.4923280423280425,-3.6354828042328045,2.4646759259259254
6,2,4,as&mrg|cnf&gap&ovl&tzi,1,1,54.400000000000006,3.12,50.4432067932068,43.666666666666664,3.066666666666667,264,3.9979076479076476,0.34930555555555554,7.43876984126984,0.5,-0.3190235690235689,-3.5525968013468017,2.9168518518518516,-0.4983886483886484,-3.965931938431938,3.10345238095238
4,2,2,as&tzi|mrg&ovl,1,1,50.4,2.96,50.42704517704518,44.0,3.12,252,3.9817460317460323,0.7101984126984128,7.098928571428571,0.5533333333333333,-0.3351851851851849,-4.083425925925925,3.200925925925926,-0.5145502645502646,-3.3814087301587303,2.471752645502645
6,2,3,as&cnf&ovl|gap&mrg&tzi,1,1,50.4,3.0,50.38868538868538,44.0,3.276666666666667,221,3.943386243386243,0.318068783068783,7.252936507936508,0.71,-0.37354497354497374,-3.669940476190476,3.0041997354497347,-0.5529100529100529,-3.827751322751323,2.7427182539682518
5,2,3,as&mrg&ovl|cnf&tzi,1,1,52.0,2.96,50.33527028527028,44.0,3.2333333333333334,222,3.88997113997114,-0.08118145743145744,7.771967893217894,0.6666666666666666,-0.42696007696007693,-3.722407407407407,2.8151388888888884,-0.6063251563251562,-4.344267676767677,3.0529172679172674
5,2,3,as&cnf&gap|mrg&ovl,1,1,48.0,2.88,50.27783882783881,43.666666666666664,3.1766666666666667,245,3.8325396825396827,0.31587301587301597,6.911249999999999,0.61,-0.4843915343915345,-4.1371362433862435,2.8127380952380947,-0.663756613756614,-3.5687235449735457,2.1661507936507935
4,2,2,as&tzi|gap&mrg,1,1,48.8,3.6,50.22863247863248,44.333333333333336,3.513333333333333,172,3.783333333333333,0.07449074074074027,7.27996693121693,0.9466666666666667,-0.5335978835978838,-4.443101851851852,3.5122817460317446,-0.712962962962963,-4.0749470899470905,2.4274537037037036
6,2,3,as&mrg&ovl|cnf&gap&tzi,1,1,50.4,3.08,50.224159174159176,43.666666666666664,3.3066666666666666,217,3.778860028860028,-0.08245490620490599,7.500007215007212,0.74,-0.538071188071188,-3.77013468013468,2.7032714045214044,-0.7174362674362675,-4.2854954304954305,2.9003084415584417
5,2,3,as&cnf&ovl|gap&mrg,1,1,50.4,3.0,50.222018722018724,43.666666666666664,3.1666666666666665,234,3.776719576719576,0.39314814814814814,7.097222222222223,0.6,-0.5402116402116404,-3.781752645502645,2.8873941798941796,-0.7195767195767198,-3.9338955026455027,2.382698412698412
6,2,4,as&cnf&gap&ovl|mrg&tzi,1,1,52.0,3.56,50.21275946275946,44.333333333333336,3.7333333333333334,152,3.7674603174603174,-0.17004629629629645,7.26834656084656,1.1666666666666667,-0.5494708994708999,-4.172261904761904,2.9679894179894175,-0.728835978835979,-4.121898148148148,2.599305555555555
6,2,3,as&gap&ovl|cnf&mrg&tzi,1,1,52.0,3.68,50.177309727309726,44.666666666666664,3.7133333333333334,158,3.7320105820105822,0.33724206349206365,6.83720238095238,1.1466666666666667,-0.5849206349206346,-3.7834126984126977,2.811924603174604,-0.7642857142857142,-3.4731150793650785,2.029861111111111
5,2,3,cnf&gap&mrg|ovl&tzi,1,0,52.0,3.64,50.142677692677694,44.666666666666664,3.566666666666667,164,3.697378547378547,-0.4287830687830689,7.35769721019721,1.0,-0.6195526695526696,-3.8815656565656567,2.8153950216450214,-0.7989177489177485,-4.370151515151515,2.586022727272727
6,2,4,as&gap|cnf&mrg&ovl&tzi,1,1,46.4,3.44,50.121754171754176,44.666666666666664,3.5766666666666667,173,3.6764550264550264,0.5929828042328044,6.570562169312169,1.01,-0.6404761904761901,-4.345892857142856,2.9873214285714287,-0.8198412698412698,-3.326289682539682,1.6952380952380945
2,1,2,as&gap,0,1,44.8,3.6,50.121754171754176,44.666666666666664,3.6566666666666667,166,3.6764550264550264,0.5929828042328044,6.570562169312169,1.09,-0.6404761904761901,-4.345892857142856,2.9873214285714287,-0.8198412698412698,-3.326289682539682,1.6952380952380945
4,2,2,as&mrg|cnf&tzi,1,1,52.0,2.88,50.10987345987347,43.333333333333336,2.9133333333333336,267,3.664574314574314,-0.10880591630591634,7.293055555555554,0.3466666666666667,-0.6523569023569022,-3.985736531986532,2.753371212121209,-0.8317219817219816,-4.572825877825878,2.936150793650793
6,2,3,as&mrg&tzi|cnf&gap&ovl,1,1,50.4,3.68,50.07124912124912,44.666666666666664,3.72,159,3.6259499759499763,-0.28873797498797504,7.130698051948051,1.1533333333333333,-0.6909812409812408,-3.8233315295815293,2.3758080808080804,-0.8703463203463203,-4.146675685425686,2.455674603174603
2,1,2,cnf&ovl,0,0,52.0,2.96,50.06066711066711,43.0,3.2866666666666666,217,3.615367965367965,-0.10728354978354969,7.189352453102453,0.72,-0.7015632515632516,-3.6723292448292444,1.926785714285715,-0.8809283309283312,-3.815815897065898,2.415185185185184
5,2,3,as&cnf&ovl|mrg&tzi,1,1,52.0,2.88,50.05535205535205,43.666666666666664,3.2333333333333334,225,3.61005291005291,-0.04563492063492071,6.845079365079365,0.6666666666666666,-0.7068783068783071,-4.008194444444444,2.8988095238095233,-0.8862433862433863,-4.282136243386243,2.5304629629629614
5,2,3,as&cnf&mrg|ovl&tzi,1,1,52.0,3.04,50.054317904317905,43.666666666666664,3.07,251,3.609018759018759,-0.2758189033189035,7.087857142857143,0.5033333333333333,-0.7079124579124579,-3.9549200336700334,2.642857744107744,-0.8872775372775374,-4.334371091871092,2.6878379028379022
5,2,3,as&mrg|cnf&gap&tzi,1,1,50.4,3.0,49.99876234876235,43.0,2.95,267,3.553463203463204,-0.15851370851370858,6.939054834054832,0.38333333333333336,-0.7634680134680134,-4.07584595959596,2.537239057239056,-0.9428330928330927,-4.458385040885041,2.7509199134199127
6,2,4,as&mrg&ovl&tzi|cnf&gap,1,1,46.4,3.52,49.96013801013802,44.333333333333336,3.58,157,3.514838864838864,-0.34292388167388144,7.038962241462242,1.0133333333333334,-0.8020923520923521,-3.885670995670995,2.332368326118326,-0.9814574314574313,-4.328313492063491,2.1722619047619043
5,2,3,as&cnf&gap|mrg&tzi,1,1,48.0,3.44,49.87942612942612,44.0,3.6066666666666665,164,3.434126984126984,-0.4307275132275131,6.990820105820104,1.04,-0.8828042328042333,-4.6438624338624335,3.0085119047619044,-1.0621693121693123,-4.255343915343915,2.13818783068783
5,2,3,cnf&ovl&tzi|gap&mrg,1,0,56.00000000000001,3.56,49.84479409479409,43.666666666666664,3.5733333333333333,167,3.3994949494949496,-0.9028956228956232,7.2702910052910035,1.0066666666666666,-0.9174362674362675,-4.457889009139008,2.481786916786916,-1.0968013468013467,-4.859075877825878,2.4637938912938884
5,2,3,as&cnf|mrg&ovl&tzi,1,1,48.0,2.84,49.83418803418803,43.666666666666664,2.9766666666666666,259,3.3888888888888884,0.8333333333333334,5.8888888888888875,0.41,-0.9280423280423278,-4.823988095238095,2.596984126984126,-1.1074074074074074,-4.185185185185185,1.889166666666666
6,2,4,as&cnf|gap&mrg&ovl&tzi,1,1,46.4,2.96,49.83418803418803,43.666666666666664,2.99,258,3.3888888888888884,0.8333333333333334,5.8888888888888875,0.42333333333333334,-0.9280423280423278,-4.823988095238095,2.596984126984126,-1.1074074074074074,-4.185185185185185,1.889166666666666
5,2,3,as&gap|mrg&ovl&tzi,1,1,46.4,3.44,49.78842083842084,44.333333333333336,3.546666666666667,174,3.343121693121693,0.15999999999999992,6.242619047619049,0.98,-0.9738095238095235,-4.715932539682539,2.653988095238095,-1.153174603174603,-3.7190277777777774,1.3454563492063494
6,2,3,as&cnf&mrg|gap&ovl&tzi,1,1,50.4,3.16,49.72098457098457,43.333333333333336,3.11,250,3.2756854256854253,-0.5672546897546896,6.7254004329004315,0.5433333333333333,-1.0412457912457913,-4.3202861952861955,2.1983080808080806,-1.2206108706108705,-4.686299302549303,2.2011946849446846
5,2,3,as&gap|cnf&mrg&tzi,1,1,46.4,3.44,49.677309727309726,44.0,3.5,178,3.232010582010582,0.11289682539682533,6.133869047619047,0.9333333333333333,-1.0849206349206346,-4.73063492063492,2.382083333333333,-1.2642857142857142,-3.813075396825396,1.3056150793650787
5,2,3,as&cnf|gap&mrg&ovl,1,1,46.4,2.96,49.66752136752137,43.333333333333336,2.9433333333333334,263,3.2222222222222223,0.722222222222222,5.722222222222221,0.37666666666666665,-1.0947089947089943,-5.053749999999999,2.490674603174603,-1.274074074074074,-4.255972222222222,1.6835185185185182
2,1,2,as&ovl,0,1,50.4,3.24,49.63101343101343,44.0,3.3666666666666667,219,3.1857142857142855,0.5713095238095238,5.9765476190476186,0.8,-1.1312169312169311,-4.090085978835979,1.7255357142857146,-1.3105820105820105,-4.20186507936508,1.7868253968253964
5,2,3,as&mrg&tzi|cnf&gap,1,1,46.4,3.52,49.62680467680468,44.0,3.51,167,3.181505531505531,-0.5727958152958155,6.780493626743627,0.9433333333333334,-1.1354256854256854,-4.237833694083694,2.21195165945166,-1.3147907647907646,-4.666314935064935,1.9090548340548334
5,2,3,cnf&gap|mrg&ovl&tzi,1,0,48.0,3.4,49.62680467680468,44.0,3.546666666666667,160,3.181505531505531,-0.7598178210678208,6.867319023569024,0.98,-1.1354256854256854,-4.256531385281384,2.023515512265512,-1.3147907647907646,-4.678881673881674,1.9051857864357857
4,2,2,cnf&tzi|gap&mrg,1,0,52.0,3.48,49.622571872571875,43.666666666666664,3.4833333333333334,169,3.1772727272727272,-1.175798460798461,7.170906084656083,0.9166666666666666,-1.1396584896584898,-4.847829485329485,2.4831000481000474,-1.3190235690235692,-4.990621091871093,2.3431120731120716
5,2,3,as&mrg|cnf&gap&ovl,1,1,50.4,2.96,49.605111555111556,43.0,2.993333333333333,268,3.15981240981241,-0.4514249639249639,6.450793650793648,0.4266666666666667,-1.157118807118807,-4.297184944684944,1.9143855218855206,-1.3364838864838866,-4.622736892736893,1.9837806637806623
4,2,2,as&mrg|ovl&tzi,1,1,52.0,2.96,49.5543179043179,43.0,2.933333333333333,267,3.1090187590187592,-0.6525974025974026,6.591657647907648,0.36666666666666664,-1.2079124579124578,-4.686784511784512,2.1211910774410767,-1.3872775372775372,-4.808761423761424,2.1783177008177
5,2,3,as&cnf&gap|ovl&tzi,0,1,44.0,3.44,49.51569356569356,44.333333333333336,3.533333333333333,164,3.0703944203944205,-0.8703829966329966,6.517322029822031,0.9666666666666667,-1.2465367965367962,-4.857961760461761,2.2770941558441553,-1.4259018759018758,-4.620099206349206,1.6750396825396825
4,2,3,as&cnf&tzi|mrg,1,1,52.0,2.84,49.48471713471713,42.333333333333336,2.8,274,3.039417989417989,-0.5559589947089952,6.3982142857142845,0.23333333333333334,-1.2775132275132273,-5.054160052910053,2.4287235449735443,-1.4568783068783069,-4.858743386243386,2.04778439153439
5,2,4,as&cnf&gap&tzi|mrg,1,1,52.0,2.84,49.48471713471713,42.333333333333336,2.8133333333333335,274,3.039417989417989,-0.5559589947089952,6.3982142857142845,0.24666666666666667,-1.2775132275132273,-5.054160052910053,2.4287235449735443,-1.4568783068783069,-4.858743386243386,2.04778439153439
5,2,4,as&cnf&ovl&tzi|mrg,1,1,56.00000000000001,2.92,49.48471713471713,42.333333333333336,2.8533333333333335,271,3.039417989417989,-0.7761574074074081,6.405462962962962,0.2866666666666667,-1.2775132275132273,-4.739411375661376,2.301269841269841,-1.4568783068783069,-4.8967394179894175,1.9071097883597878
6,2,5,as&cnf&gap&ovl&tzi|mrg,1,1,56.00000000000001,2.92,49.48471713471713,42.333333333333336,2.8633333333333333,271,3.039417989417989,-0.7761574074074081,6.405462962962962,0.2966666666666667,-1.2775132275132273,-4.739411375661376,2.301269841269841,-1.4568783068783069,-4.8967394179894175,1.9071097883597878
1,1,1,mrg,1,0,56.00000000000001,3.0,49.48471713471713,42.333333333333336,2.9633333333333334,266,3.039417989417989,-0.7761574074074076,6.61683201058201,0.39666666666666667,-1.2775132275132277,-4.61686507936508,2.126580687830687,-1.4568783068783069,-4.947149470899471,1.93984126984127
4,2,2,cnf&tzi|mrg&ovl,1,0,52.0,2.92,49.37654012654013,42.66666666666667,3.0533333333333332,245,2.931240981240981,-1.0432756132756131,6.548677849927849,0.4866666666666667,-1.3856902356902356,-4.84125,1.7396759259259251,-1.565055315055315,-5.414605579605579,2.0476821789321784
4,2,2,as&cnf|mrg&ovl,1,1,48.0,2.76,49.33418803418803,43.0,2.783333333333333,275,2.888888888888889,0.4972222222222224,5.388888888888888,0.21666666666666667,-1.4280423280423278,-5.250013227513227,2.054993386243386,-1.6074074074074074,-4.518518518518517,1.3926388888888885
4,2,3,as&cnf&ovl|mrg,1,1,52.0,2.72,49.32995522995523,42.333333333333336,2.716666666666667,277,2.8846560846560845,-0.3943121693121694,5.951031746031745,0.15,-1.432275132275132,-4.8832208994709,2.0179894179894178,-1.611640211640212,-4.978458994708995,1.5867261904761885
5,2,3,cnf&gap&tzi|mrg&ovl,1,0,52.0,2.92,49.265429015429014,42.333333333333336,3.12,241,2.82012987012987,-1.0402940115440118,6.434206349206349,0.5533333333333333,-1.4968013468013468,-4.875303030303031,1.6814814814814814,-1.6761664261664262,-5.414605579605579,1.8526689514189505
5,2,3,as&mrg|gap&ovl&tzi,1,1,50.4,3.08,49.22098457098457,42.66666666666667,2.96,267,2.7756854256854258,-0.8969985569985569,6.18744769119769,0.3933333333333333,-1.5412457912457913,-4.955349326599326,1.7039814814814813,-1.7206108706108705,-5.141838023088023,1.7057840307840306
5,2,3,as&ovl|cnf&gap&mrg,1,1,50.4,2.96,49.18656898656898,43.333333333333336,2.9833333333333334,251,2.7412698412698417,0.4380555555555557,5.286785714285713,0.4166666666666667,-1.5756613756613758,-4.5673015873015865,1.3711706349206347,-1.7550264550264552,-4.507043650793651,1.1228108465608457
5,2,3,as&ovl|cnf&mrg&tzi,1,1,52.0,2.84,49.18656898656898,43.333333333333336,3.0233333333333334,248,2.7412698412698417,0.1662698412698413,5.495357142857143,0.45666666666666667,-1.5756613756613758,-4.523293650793651,1.3777910052910047,-1.755026455026455,-4.778538359788359,1.3725727513227512
6,2,4,as&ovl|cnf&gap&mrg&tzi,1,1,50.4,2.96,49.18656898656898,43.333333333333336,3.046666666666667,245,2.7412698412698417,0.1662698412698413,5.495357142857143,0.48,-1.5756613756613758,-4.523293650793651,1.3777910052910047,-1.755026455026455,-4.778538359788359,1.3725727513227512
5,2,3,as&tzi|cnf&gap&ovl,0,1,44.8,3.52,49.182360232360224,44.0,3.5733333333333333,166,2.737061087061087,-0.8746969696969695,6.081618566618566,1.0066666666666666,-1.5798701298701299,-5.110140692640694,1.7614123376623376,-1.759235209235209,-4.890476190476191,1.2869083694083694
5,2,3,as&gap&mrg|cnf&ovl,1,1,52.0,2.84,49.116222666222676,42.333333333333336,2.9233333333333333,255,2.6709235209235205,-0.6795562770562772,5.971572871572868,0.3566666666666667,-1.646007696007696,-4.639539442039442,1.3331818181818178,-1.8253727753727755,-4.987208393458394,1.2976557239057236
4,2,2,cnf&gap|ovl&tzi,0,0,44.0,3.36,49.071249121249124,43.666666666666664,3.3966666666666665,169,2.625949975949976,-1.2198412698412697,6.335798460798461,0.83,-1.6909812409812406,-5.254799783549783,1.7617893217893217,-1.8703463203463202,-5.208841991341992,1.276617965367965
5,2,3,as&ovl&tzi|cnf&gap,0,1,46.4,3.52,49.071249121249124,43.666666666666664,3.4833333333333334,164,2.625949975949976,-1.1281174843674844,6.233145141895142,0.9166666666666666,-1.6909812409812406,-5.023731962481962,1.5956222943722942,-1.8703463203463202,-5.064159451659451,1.1690476190476184
5,2,3,as&mrg&ovl|cnf&gap,1,1,46.4,2.84,49.052730602730605,42.66666666666667,3.1266666666666665,232,2.607431457431457,-1.2784992784992786,5.977804834054833,0.56,-1.7094997594997594,-4.922958152958153,1.4734728234728232,-1.8888648388648388,-5.337304593554594,1.398012866762866
4,2,2,as&mrg|cnf&ovl,1,1,52.0,2.72,49.04955599955599,42.333333333333336,2.69,280,2.604256854256854,-0.5607593795093796,5.765873015873016,0.12333333333333334,-1.7126743626743626,-4.621486291486292,1.266515151515151,-1.8920394420394424,-5.073790885040886,1.3545610870610867
4,2,2,as&ovl|cnf&mrg,1,1,52.0,2.8,48.96117216117216,42.66666666666667,2.71,278,2.5158730158730154,0.2932539682539682,4.9603174603174605,0.14333333333333334,-1.8010582010582012,-4.837705026455026,1.1631944444444446,-1.9804232804232806,-4.866560846560845,1.0217063492063487
4,2,2,gap&mrg|ovl&tzi,1,0,52.0,3.52,48.9559052059052,43.0,3.48,169,2.5106060606060603,-1.640376382876383,6.319896584896584,0.9133333333333333,-1.8063251563251566,-5.376350408850408,1.704253246753246,-1.9856902356902355,-5.721430976430976,1.5478835978835976
6,2,4,as&gap&mrg&tzi|cnf&ovl,1,1,52.0,2.84,48.949555999556004,42.333333333333336,3.0,248,2.5042568542568535,-1.0398827561327562,5.877559523809523,0.43333333333333335,-1.8126743626743627,-4.6663588263588265,1.0379779942279943,-1.992039442039442,-5.24807178932179,1.3224645262145251
3,2,2,as&tzi|mrg,1,1,50.4,2.72,48.92916157916158,42.0,2.71,279,2.4838624338624338,-0.9887500000000002,5.8494378306878305,0.14333333333333334,-1.8330687830687833,-5.993597883597883,2.0282208994708983,-2.0124338624338622,-5.230337301587302,1.144212962962963
4,2,3,as&gap&tzi|mrg,1,1,50.4,2.72,48.92916157916158,42.0,2.723333333333333,279,2.4838624338624338,-0.9887500000000002,5.8494378306878305,0.15666666666666668,-1.8330687830687833,-5.993597883597883,2.0282208994708983,-2.0124338624338622,-5.230337301587302,1.144212962962963
4,2,3,as&ovl&tzi|mrg,1,1,56.00000000000001,2.92,48.92916157916158,42.0,2.796666666666667,273,2.4838624338624338,-1.0457076719576721,5.869345238095238,0.23,-1.8330687830687833,-5.660502645502645,1.9404960317460302,-2.0124338624338622,-5.266190476190476,1.1443253968253961
5,2,4,as&gap&ovl&tzi|mrg,1,1,56.00000000000001,2.92,48.92916157916158,42.0,2.8066666666666666,273,2.4838624338624338,-1.0457076719576721,5.869345238095238,0.24,-1.8330687830687833,-5.660502645502645,1.9404960317460302,-2.0124338624338622,-5.266190476190476,1.1443253968253961
5,2,3,as&gap|cnf&mrg&ovl,1,1,46.4,2.84,48.88894993894994,42.333333333333336,3.09,250,2.443650793650794,-0.30027777777777775,5.071706349206349,0.5233333333333333,-1.8732804232804232,-5.464034391534391,1.5749206349206326,-2.0526455026455026,-4.533835978835978,0.49318121693121486
5,2,3,as&gap&ovl|cnf&mrg,1,1,52.0,3.04,48.87783882783883,42.333333333333336,2.9633333333333334,260,2.4325396825396823,-0.6086309523809523,5.349603174603175,0.39666666666666667,-1.8843915343915343,-5.1709523809523805,1.3613425925925924,-2.0637566137566137,-4.918611111111111,0.7156547619047612
4,2,2,cnf&mrg|ovl&tzi,1,0,52.0,3.0,48.8432067932068,42.333333333333336,2.87,261,2.397907647907648,-1.4514700577200579,5.936886724386724,0.30333333333333334,-1.9190235690235689,-5.218598484848485,1.1738636363636348,-2.0983886483886485,-5.642237854737855,1.3424140211640199
4,2,2,as&mrg|cnf&gap,1,1,46.4,2.8,48.827333777333784,42.0,2.8266666666666667,272,2.382034632034632,-1.1572601010101011,5.699657287157286,0.26,-1.934896584896585,-5.100954184704185,1.4362085137085137,-2.1142616642616643,-5.54314454064454,1.342876984126984
5,2,4,as&cnf&gap&ovl|mrg,1,1,52.0,2.8,48.7466218966219,41.66666666666667,2.83,272,2.301322751322751,-1.3943121693121694,5.640846560846558,0.2633333333333333,-2.0156084656084654,-5.593882275132275,1.5454166666666662,-2.194973544973545,-5.427394179894179,1.0780291005290998
4,2,2,as&tzi|cnf&gap,0,1,44.8,3.4,48.73791578791579,43.333333333333336,3.4033333333333333,172,2.2926166426166428,-1.2224537037037033,5.987253487253487,0.8366666666666667,-2.024314574314574,-5.46609126984127,1.2789321789321777,-2.2036796536796537,-5.360068542568541,0.908419913419913
5,2,3,as&mrg&tzi|cnf&ovl,1,1,52.0,2.84,48.616222666222676,42.0,2.98,250,2.170923520923521,-1.327299783549784,5.448721139971139,0.41333333333333333,-2.146007696007696,-5.168890692640693,0.7782443482443481,-2.3253727753727755,-5.7199170274170275,0.9805958393458386
2,1,2,gap&ovl,0,0,46.4,3.72,48.571249121249124,43.333333333333336,3.783333333333333,143,2.1259499759499763,-1.6557269119769114,5.750616281866281,1.2166666666666666,-2.190981240981241,-5.414374098124098,0.9874206349206353,-2.37034632034632,-5.444687950937951,0.673336940836941
4,2,2,as&gap|mrg&ovl,1,1,46.4,2.76,48.555616605616606,42.0,2.986666666666667,261,2.1103174603174604,-0.7947420634920633,4.8334126984126975,0.42,-2.2066137566137565,-5.970449735449736,1.2004365079365076,-2.385978835978836,-4.995740740740741,0.15061507936507793
5,2,3,as&gap|cnf&ovl&tzi,0,1,46.4,3.36,48.51569356569356,43.0,3.44,176,2.0703944203944205,-1.4327831890331892,5.350595238095239,0.8733333333333333,-2.2465367965367964,-5.891774891774892,1.193181818181818,-2.425901875901876,-5.51441378066378,0.5377886002885995
5,2,3,cnf&mrg|gap&ovl&tzi,1,0,52.0,3.0,48.50987345987346,42.0,2.9066666666666667,260,2.0645743145743145,-1.657178932178932,5.6483044733044725,0.34,-2.252356902356903,-5.666910774410774,0.8336742424242417,-2.4317219817219815,-5.9675751563251564,0.8231415343915335
5,2,3,as&gap&ovl|mrg&tzi,1,1,52.0,3.56,48.490537240537236,42.66666666666667,3.6,163,2.045238095238095,-1.4517261904761902,5.353604497354498,1.0333333333333334,-2.2716931216931213,-6.049292328042327,1.5585251322751312,-2.4510582010582014,-5.537678571428573,0.6861309523809515
4,2,3,as&cnf&gap|mrg,1,1,48.0,2.68,48.41328856328857,41.333333333333336,2.756666666666667,276,1.967989417989418,-1.6649470899470897,5.305410052910052,0.19,-2.348941798941799,-6.1736375661375655,1.3124537037037025,-2.5283068783068785,-5.884887566137566,0.7746759259259247
4,2,2,as&gap|cnf&mrg,1,1,46.4,2.8,48.37783882783883,41.66666666666667,2.8,274,1.9325396825396821,-0.9725198412698413,4.627480158730158,0.23333333333333334,-2.3843915343915345,-5.890595238095239,0.9786309523809519,-2.563756613756614,-5.491666666666666,0.08367063492063447
5,2,3,as&cnf|gap&mrg&tzi,1,1,46.4,2.84,48.36963776963778,41.66666666666667,2.87,265,1.9243386243386242,-0.9555952380952382,4.7031746031746025,0.30333333333333334,-2.3925925925925924,-6.173333333333333,1.337175925925926,-2.571957671957672,-5.7100661375661375,0.6988822751322746
5,2,3,as&gap&ovl|cnf&tzi,0,1,48.0,3.44,48.349026899026896,43.0,3.51,163,1.9037277537277537,-1.9295021645021646,5.469487734487733,0.9433333333333334,-2.413203463203463,-5.763216089466089,0.7923250360750355,-2.5925685425685425,-6.108015873015873,0.6747528860028843
4,2,2,cnf&gap|mrg&tzi,1,0,48.0,3.32,48.27336552336552,42.333333333333336,3.433333333333333,170,1.828066378066378,-2.145167748917748,5.561613756613756,0.8666666666666667,-2.488864838864839,-6.13641774891775,1.02443783068783,-2.668229918229918,-6.25147126022126,0.8039682539682529
5,2,3,cnf&gap&ovl|mrg&tzi,1,0,52.0,3.44,48.27336552336552,42.333333333333336,3.6,164,1.828066378066378,-2.2554888167388163,5.642910654160653,1.0333333333333334,-2.488864838864839,-5.828594276094275,0.827890812890813,-2.668229918229918,-6.277055675805676,0.7539886964886962
4,2,2,cnf&gap|mrg&ovl,1,0,48.0,2.72,48.22733377733378,41.333333333333336,2.966666666666667,250,1.7820346320346316,-1.9467676767676765,5.294029581529581,0.4,-2.534896584896585,-5.8073953823953826,0.5992460317460315,-2.7142616642616644,-6.053655603655604,0.57184644059644
4,2,3,cnf&ovl&tzi|mrg,1,0,56.00000000000001,2.8,48.211989861989856,41.0,2.75,276,1.7666907166907164,-2.257770562770563,5.530476190476189,0.18333333333333332,-2.5502405002405,-5.893709716209717,0.7924206349206337,-2.7296055796055794,-6.406592111592111,0.9164057239057225
4,2,2,as&cnf|gap&mrg,1,1,46.4,2.84,48.202971102971105,41.333333333333336,2.8133333333333335,270,1.7576719576719575,-1.0858333333333337,4.609563492063491,0.24666666666666667,-2.559259259259259,-6.392070105820105,1.2465277777777763,-2.738624338624339,-5.817261904761905,0.5136970899470894
4,2,2,as&gap|ovl&tzi,0,1,42.4,3.32,48.182360232360224,42.66666666666667,3.39,177,1.737061087061087,-1.7962012987012987,5.087421837421838,0.8233333333333334,-2.57987012987013,-6.192160894660894,0.9226785714285711,-2.759235209235209,-5.842141053391052,0.36718975468975423
5,2,3,as&gap&tzi|cnf&ovl,0,1,46.4,2.68,48.06066711066711,41.66666666666667,2.87,255,1.6153679653679653,-1.70876443001443,4.726650432900433,0.30333333333333334,-2.7015632515632517,-5.826827801827801,0.49455808080808084,-2.880928330928331,-6.0224663299663295,0.24276936026935936
4,2,2,as&cnf|mrg&tzi,1,1,48.0,2.72,48.03630443630444,41.333333333333336,2.8433333333333333,266,1.591005291005291,-1.2192063492063492,4.331746031746031,0.27666666666666667,-2.725925925925926,-6.733386243386243,1.190119047619047,-2.9052910052910055,-6.360701058201059,0.4987830687830683
5,2,3,as&cnf&tzi|gap&ovl,0,1,42.4,3.6,48.01569356569356,42.66666666666667,3.506666666666667,168,1.5703944203944202,-2.0996338383838387,5.003186026936026,0.94,-2.7465367965367964,-6.241648629148629,0.45036255411255394,-2.925901875901876,-6.230133477633477,0.34063852813852735
6,2,4,as&cnf&mrg&tzi|gap&ovl,1,1,46.4,3.64,48.01569356569356,42.66666666666667,3.56,167,1.5703944203944202,-2.233488455988456,5.052394179894179,0.9933333333333333,-2.7465367965367964,-6.050633116883116,0.4451569264069264,-2.925901875901876,-6.17972582972583,0.2884559884559884
4,2,2,as&gap|mrg&tzi,1,1,46.4,3.32,47.990537240537236,42.0,3.4066666666666667,179,1.545238095238095,-1.933670634920635,4.695753968253967,0.84,-2.771693121693121,-6.716944444444445,1.137810846560846,-2.9510582010582014,-5.871428571428571,-0.07511904761904804
3,2,2,cnf&tzi|mrg,1,0,52.0,2.72,47.98976763976764,41.0,2.67,277,1.544468494468494,-2.5696849446849455,5.360847162097162,0.10333333333333333,-2.772462722462722,-6.348183621933623,0.8448520923520916,-2.9518278018278017,-6.744140211640212,0.8468554593554566
6,3,2,as&mrg|cnf&gap|ovl&tzi,1,1,44.0,2.64,47.938444888444884,41.333333333333336,2.6966666666666668,275,1.493145743145743,-2.0347763347763346,4.8769841269841265,0.13,-2.823785473785474,-6.482717051467052,0.676931818181816,-3.0031505531505536,-6.281546416546416,0.5336808561808556
4,2,3,cnf&gap&tzi|mrg,1,0,52.0,2.72,47.87865652865653,40.666666666666664,2.7,277,1.4333573833573832,-2.466295093795094,5.091931818181818,0.13333333333333333,-2.8835738335738337,-6.429956709956711,0.6448713323713314,-3.0629389129389133,-6.86248556998557,0.6822985810485801
5,2,4,cnf&gap&ovl&tzi|mrg,1,0,56.00000000000001,2.8,47.87865652865653,40.666666666666664,2.7733333333333334,276,1.4333573833573832,-2.4156673881673885,5.064847883597884,0.20666666666666667,-2.8835738335738337,-6.31053751803752,0.31129329004328926,-3.0629389129389133,-6.791707551707551,0.5740025252525238
4,2,2,as&gap|cnf&tzi,0,1,46.4,3.28,47.84902689902689,42.333333333333336,3.3466666666666667,178,1.403727753727754,-2.276559042809043,4.836049182299182,0.78,-2.913203463203463,-6.413376623376623,0.4319444444444445,-3.092568542568542,-6.312436868686867,-0.0011002886002889152
4,2,2,as&ovl|gap&mrg,1,1,50.4,2.84,47.83312983312983,41.66666666666667,2.8866666666666667,255,1.3878306878306879,-1.267632275132275,4.12989417989418,0.32,-2.9291005291005296,-6.2108796296296305,0.3222817460317455,-3.108465608465609,-6.208703703703703,0.18820105820105779
5,2,3,as&ovl|gap&mrg&tzi,1,1,50.4,2.84,47.83312983312983,41.66666666666667,2.9566666666666666,249,1.3878306878306879,-1.4390343915343913,4.381283068783068,0.39,-2.9291005291005296,-6.126818783068783,0.3699801587301575,-3.108465608465609,-6.2980357142857155,0.4292063492063486
4,2,2,as&tzi|cnf&ovl,0,1,46.4,2.68,47.72733377733378,41.333333333333336,2.85,257,1.282034632034632,-1.96857683982684,4.405566378066377,0.2833333333333333,-3.0348965848965848,-6.360805675805676,0.10062590187589926,-3.214261664261664,-6.422023208273209,-0.08334175084175127
5,2,3,as&cnf&mrg|gap&ovl,1,1,46.4,3.0,47.716222666222656,41.333333333333336,2.9633333333333334,260,1.2709235209235208,-2.208134920634921,4.55674603174603,0.39666666666666667,-3.0460076960076963,-6.309496753246753,0.060731120731120705,-3.225372775372775,-6.418829365079365,0.02146524771524716
4,2,2,cnf&tzi|gap&ovl,0,0,44.0,3.4,47.682360232360224,42.333333333333336,3.4066666666666667,170,1.237061087061087,-2.7544823232323234,4.856313131313131,0.84,-3.07987012987013,-6.488843795093796,0.10876984126984156,-3.259235209235209,-6.659695165945168,0.03349567099567036
4,2,2,as&tzi|gap&ovl,0,1,40.8,3.48,47.682360232360224,42.333333333333336,3.4566666666666666,172,1.237061087061087,-2.356942640692641,4.718891293891294,0.89,-3.07987012987013,-6.51517316017316,0.1367099567099549,-3.259235209235209,-6.540703463203464,-0.0435281385281398
5,2,3,as&mrg&tzi|gap&ovl,1,1,46.4,3.64,47.682360232360224,42.333333333333336,3.5366666666666666,168,1.237061087061087,-2.432744107744108,4.667460918710918,0.97,-3.07987012987013,-6.357020202020201,0.08943903318903279,-3.259235209235209,-6.495824314574312,-0.023683261183261358
4,2,2,as&cnf|ovl&tzi,0,1,44.0,2.72,47.67257187257187,41.66666666666667,2.776666666666667,267,1.2272727272727273,-1.5,4.0606060606060606,0.21,-3.0896584896584898,-6.895703463203462,0.5703216690716688,-3.2690235690235694,-6.535088383838383,-0.23541666666666972
5,2,3,cnf&mrg&tzi|gap&ovl,1,0,48.0,3.52,47.57124912124912,42.0,3.513333333333333,169,1.1259499759499758,-2.6738425925925924,4.72390873015873,0.9466666666666667,-3.190981240981241,-6.356872294372294,-0.1189213564213564,-3.37034632034632,-6.724199134199134,-0.2232106782106788
4,2,2,as&ovl|mrg&tzi,1,1,52.0,2.72,47.4997964997965,41.333333333333336,2.9233333333333333,252,1.0544973544973546,-1.7207275132275133,3.9202645502645495,0.3566666666666667,-3.2624338624338627,-6.59880291005291,0.191369047619047,-3.441798941798942,-6.731117724867724,-0.002328042328043859
4,2,2,as&mrg|gap&ovl,1,1,46.4,2.92,47.382889332889334,41.0,2.8433333333333333,273,0.9375901875901876,-2.38495670995671,4.244011544011543,0.27666666666666667,-3.3793410293410293,-6.679494949494949,-0.24430555555555555,-3.558706108706109,-6.7459253246753255,-0.24585257335257463
4,2,2,as&ovl|cnf&tzi,0,1,48.0,2.6,47.358286158286155,41.66666666666667,2.8333333333333335,253,0.912987012987013,-2.273560606060606,3.871522366522367,0.26666666666666666,-3.4039442039442043,-6.604945887445887,-0.36821428571428577,-3.5833092833092834,-7.121351010101011,-0.11775793650793742
5,2,3,as&cnf|gap&ovl&tzi,0,1,42.4,2.84,47.33923853923854,41.333333333333336,2.8,266,0.8939393939393939,-1.6666666666666667,3.6666666666666665,0.23333333333333334,-3.422991822991823,-7.258392255892256,0.16183261183261122,-3.602356902356903,-6.800395622895622,-0.5740277777777776
3,2,2,mrg|ovl&tzi,1,0,52.0,2.76,47.32310097310097,40.33333333333333,2.6666666666666665,277,0.8778018278018277,-3.0185305435305434,4.460110028860028,0.1,-3.4391293891293895,-7.161982924482925,0.013624338624338239,-3.618494468494468,-7.3548274410774415,0.014351851851851456
4,2,2,cnf&ovl|gap&mrg,1,0,52.0,2.72,47.31833906833907,40.0,2.81,260,0.873039923039923,-2.893027898027898,4.503816137566137,0.24333333333333335,-3.4438912938912942,-6.62020622895623,-0.17112674362674501,-3.6232563732563734,-7.157611832611832,-0.30070707070707176
3,2,2,as&ovl|mrg,1,1,52.0,2.64,47.27439967439968,40.666666666666664,2.5566666666666666,284,0.8291005291005288,-1.7561772486772487,3.548174603174602,-0.01,-3.4878306878306877,-7.0226719576719585,-0.04499338624338656,-3.6671957671957673,-6.937334656084655,-0.3248412698412704
4,2,2,as&ovl|cnf&gap,0,1,46.4,2.68,47.24717504717504,41.333333333333336,2.756666666666667,257,0.8018759018759017,-1.8859126984126982,3.50540404040404,0.19,-3.5150553150553145,-6.511381673881673,-0.6110113035113038,-3.6944203944203946,-7.077869769119769,-0.4879196729196759
5,2,3,as&ovl|cnf&gap&tzi,0,1,46.4,2.72,47.24717504717504,41.333333333333336,2.8766666666666665,250,0.8018759018759017,-2.1455808080808088,3.6422330447330427,0.31,-3.5150553150553145,-6.60477392977393,-0.4445003607503609,-3.6944203944203946,-7.171075036075036,-0.25814754689754726
3,2,2,as&cnf|mrg,1,1,48.0,2.6,47.202971102971105,40.33333333333333,2.57,284,0.7576719576719576,-1.9557804232804232,3.535873015873016,0.0033333333333333335,-3.5592592592592593,-7.468320105820106,0.18831349206349107,-3.738624338624339,-6.969722222222222,-0.2881150793650798
4,2,3,as&gap&ovl|mrg,1,1,52.0,2.8,47.191066341066346,40.33333333333333,2.736666666666667,276,0.7457671957671956,-2.5444708994708995,3.743525132275132,0.17,-3.5711640211640217,-7.2191997354497355,-0.08093915343915489,-3.750529100529101,-6.948088624338625,-0.7078835978835981
5,2,3,cnf&ovl|gap&mrg&tzi,1,0,52.0,2.72,47.15167240167241,40.0,2.8933333333333335,253,0.7063732563732563,-3.0947871572871577,4.348614718614717,0.32666666666666666,-3.6105579605579607,-6.557210197210198,-0.44877645502645525,-3.7899230399230404,-7.384136002886003,-0.3698641173641183
4,2,3,cnf&gap&ovl|mrg,1,0,52.0,2.68,47.14056129056129,40.0,2.723333333333333,278,0.695262145262145,-3.1525288600288603,4.287897426647424,0.15666666666666668,-3.621669071669072,-7.1204785954785965,-0.37716871091871246,-3.8010341510341514,-7.434757696007696,-0.3402711640211645
2,1,2,gap&tzi,0,0,44.8,3.08,47.059608909608905,42.333333333333336,3.3333333333333335,125,0.6143097643097639,-4.410696849446849,5.222493386243385,0.7666666666666667,-3.7026214526214525,-8.417784391534392,1.0920147907647904,-3.8819865319865317,-8.001943843193844,0.2361507936507916
6,3,2,as&mrg|cnf&tzi|gap&ovl,1,1,44.0,2.68,47.04955599955599,40.666666666666664,2.6933333333333334,276,0.604256854256854,-2.8909632034632033,4.015999278499279,0.12666666666666668,-3.712674362674363,-7.19456228956229,-0.320342712842713,-3.8920394420394424,-7.3645286195286195,-0.35416967291967444
6,3,2,as&tzi|cnf&gap|mrg&ovl,1,1,46.4,2.6,47.00511155511156,40.33333333333333,2.8066666666666666,262,0.5598124098124097,-2.7127723665223664,3.9437698412698405,0.24,-3.7571188071188066,-7.277020202020203,-0.608078403078404,-3.9364838864838867,-7.1067550505050505,-0.8652807840307841
4,2,3,gap&ovl&tzi|mrg,1,0,52.0,2.76,46.989767639767635,40.0,2.69,277,0.5444684944684943,-3.2832864357864358,4.199742664742664,0.12333333333333334,-3.772462722462723,-7.327181938431939,-0.36201058201058267,-3.9518278018278017,-7.636263227513227,-0.43900072150072234
3,2,2,cnf&ovl|mrg,1,0,52.0,2.56,46.91833906833908,39.666666666666664,2.5166666666666666,285,0.47303992303992287,-3.1065987253487255,4.103035714285714,-0.05,-3.8438912938912937,-7.044479316979317,-0.4666732804232813,-4.023256373256373,-7.47520141895142,-0.5449007936507947
1,1,1,cnf,0,0,48.0,2.64,46.882889332889334,40.0,2.6633333333333336,255,0.4375901875901874,-2.749972943722944,4.049792568542567,0.09666666666666666,-3.8793410293410298,-7.373477032227031,-0.5620562770562779,-4.058706108706109,-7.701556036556037,-0.5204924242424248
4,2,2,cnf&ovl|mrg&tzi,1,0,52.0,2.72,46.81833906833907,39.666666666666664,2.8633333333333333,255,0.37303992303992295,-3.3571422558922563,4.034435425685425,0.2966666666666667,-3.9438912938912942,-6.980448532948532,-0.6178336940836945,-4.123256373256374,-7.7098767436267455,-0.6899140211640219
3,2,2,cnf&gap|mrg,1,0,48.0,2.56,46.80722795722795,39.666666666666664,2.6033333333333335,280,0.36192881192881166,-3.5398340548340546,3.9466540404040393,0.03666666666666667,-3.955002405002405,-7.413440957190959,-0.45878968253968283,-4.134367484367485,-7.752953944203944,-0.6095304232804238
4,2,2,as&gap|cnf&ovl,0,1,46.4,2.64,46.72733377733378,40.0,2.7,267,0.28203463203463175,-2.7520851370851376,3.2264790764790767,0.13333333333333333,-4.034896584896585,-7.392376142376143,-0.9098039923039931,-4.214261664261665,-7.192456108706109,-1.3620899470899488
3,2,2,as&gap|mrg,1,1,46.4,2.56,46.691066341066346,39.666666666666664,2.6,286,0.2457671957671955,-2.8570701058201062,3.24672619047619,0.03333333333333333,-4.071164021164021,-7.96596560846561,-0.47594576719576853,-4.250529100529101,-7.218525132275132,-1.3459986772486772
4,2,2,cnf&mrg|gap&ovl,1,0,48.0,2.88,46.605111555111556,40.0,2.7866666666666666,268,0.1598124098124097,-3.2530303030303043,3.5173881673881664,0.22,-4.157118807118807,-7.3595382395382405,-1.2726022126022127,-4.336483886483887,-7.647310004810006,-1.1098803511303512
4,2,3,as|cnf&mrg&ovl,1,1,46.4,2.4,46.445299145299145,40.33333333333333,2.473333333333333,298,0.0,0.0,0.0,-0.09333333333333334,-4.316931216931216,-8.096660052910053,-0.7940873015873019,-4.496296296296296,-7.3206944444444435,-1.7737500000000006
5,2,4,as|cnf&gap&mrg&ovl,1,1,44.8,2.52,46.445299145299145,40.33333333333333,2.5166666666666666,297,0.0,0.0,0.0,-0.05,-4.316931216931216,-8.096660052910053,-0.7940873015873019,-4.496296296296296,-7.3206944444444435,-1.7737500000000006
5,2,4,as|cnf&mrg&ovl&tzi,1,1,46.4,2.4,46.445299145299145,40.33333333333333,2.526666666666667,297,0.0,0.0,0.0,-0.04,-4.316931216931216,-8.096660052910053,-0.7940873015873019,-4.496296296296296,-7.3206944444444435,-1.7737500000000006
6,2,5,as|cnf&gap&mrg&ovl&tzi,1,1,44.8,2.52,46.445299145299145,40.33333333333333,2.526666666666667,297,0.0,0.0,0.0,-0.04,-4.316931216931216,-8.096660052910053,-0.7940873015873019,-4.496296296296296,-7.3206944444444435,-1.7737500000000006
1,1,1,as,0,1,44.8,2.56,46.445299145299145,40.33333333333333,2.566666666666667,297,0.0,0.0,0.0,0.0,-4.316931216931216,-8.096660052910053,-0.7940873015873019,-4.496296296296296,-7.3206944444444435,-1.7737500000000006
6,3,2,as&gap|cnf&mrg|ovl&tzi,1,1,42.4,2.68,46.438444888444884,39.666666666666664,2.6433333333333335,275,-0.006854256854256964,-3.368091630591631,3.1881583694083693,0.07666666666666666,-4.323785473785474,-7.7516354016354025,-1.169757696007697,-4.503150553150554,-7.776143578643578,-1.359933261183264
1,1,1,tzi,0,0,42.4,2.92,46.39294224294224,41.66666666666667,3.1733333333333333,137,-0.05235690235690271,-5.220892255892256,4.666700336700335,0.6066666666666667,-4.369288119288119,-9.168267195767195,0.325070346320345,-4.548653198653199,-9.100660774410773,-0.3952008177008178
5,2,4,as&gap&mrg&tzi|cnf,1,1,48.0,2.6,46.327333777333784,40.0,2.5366666666666666,271,-0.11796536796536826,-3.273024891774893,3.2760191197691197,-0.03,-4.434896584896585,-7.7871452621452635,-1.1366756854256863,-4.614261664261664,-8.265144901394901,-1.0858892496392503
5,2,4,as&mrg&ovl&tzi|cnf,1,1,48.0,2.6,46.327333777333784,40.0,2.5566666666666666,267,-0.11796536796536826,-3.273024891774893,3.2760191197691197,-0.01,-4.434896584896585,-7.7871452621452635,-1.1366756854256863,-4.614261664261664,-8.265144901394901,-1.0858892496392503
6,2,5,as&gap&mrg&ovl&tzi|cnf,1,1,48.0,2.6,46.327333777333784,40.0,2.566666666666667,266,-0.11796536796536826,-3.273024891774893,3.2760191197691197,0.0,-4.434896584896585,-7.7871452621452635,-1.1366756854256863,-4.614261664261664,-8.265144901394901,-1.0858892496392503
6,3,2,as&gap|cnf&tzi|mrg&ovl,1,1,46.4,2.6,46.28288933288934,39.666666666666664,2.76,266,-0.1624098124098127,-3.596127344877345,3.114305555555555,0.19333333333333333,-4.479341029341029,-8.007716450216451,-1.3008688071188095,-4.658706108706108,-7.8592748917748905,-1.5227176527176538
6,3,2,as&tzi|cnf&mrg|gap&ovl,1,1,42.4,2.72,46.27177822177822,39.666666666666664,2.69,272,-0.17352092352092363,-3.388933982683983,3.0732413419913405,0.12333333333333334,-4.490452140452141,-7.93732323232323,-1.303266594516595,-4.66981721981722,-8.102575757575758,-1.2626581289081302
5,3,2,cnf&gap|mrg|ovl&tzi,1,0,44.0,2.52,46.2516724016724,39.33333333333333,2.4966666666666666,281,-0.1936267436267438,-3.930793049543049,3.210158730158729,-0.07,-4.510557960557961,-8.447740500240501,-1.0596488696488702,-4.68992303992304,-8.180197811447812,-1.2027338864838886
6,3,3,as&cnf&gap|mrg|ovl&tzi,1,1,44.0,2.56,46.2516724016724,39.33333333333333,2.5766666666666667,279,-0.1936267436267438,-3.8436171236171233,3.202047258297258,0.01,-4.510557960557961,-8.499555675805674,-0.9753270803270816,-4.68992303992304,-8.282152477152477,-1.2467917267917281
6,3,3,as&tzi|cnf&gap&ovl|mrg,1,1,46.4,2.52,46.2516724016724,39.33333333333333,2.59,281,-0.1936267436267438,-3.8174098124098133,3.257876984126984,0.023333333333333334,-4.510557960557961,-8.3247107984608,-0.9681072631072634,-4.68992303992304,-8.308088023088024,-1.3253890091390115
4,2,2,gap&ovl|mrg&tzi,1,0,48.0,3.4,46.21780996780996,40.33333333333333,3.44,171,-0.22748917748917769,-4.127368326118327,3.3251118326118307,0.8733333333333333,-4.544420394420395,-7.901403318903319,-1.0674200336700352,-4.723785473785473,-8.175937950937952,-1.167397186147187
4,2,2,as&cnf|gap&ovl,0,1,42.4,2.84,46.17257187257188,40.0,2.7,273,-0.2727272727272728,-2.7136363636363634,2.3333333333333335,0.13333333333333333,-4.58965848965849,-8.201697330447331,-0.9690800865800868,-4.769023569023569,-7.827988215488216,-1.6506144781144791
4,2,3,as&mrg&ovl|cnf,1,1,48.0,2.52,46.16066711066711,39.666666666666664,2.4766666666666666,278,-0.28463203463203496,-3.3888888888888884,3.112499999999998,-0.09,-4.601563251563252,-7.899909812409812,-1.269808201058201,-4.780928330928331,-8.404696969696971,-1.2293386243386244
4,2,3,as&gap&mrg|cnf,1,1,48.0,2.6,46.16066711066711,39.666666666666664,2.5033333333333334,274,-0.28463203463203496,-3.3888888888888884,3.112499999999998,-0.06333333333333334,-4.601563251563252,-7.899909812409812,-1.269808201058201,-4.780928330928331,-8.404696969696971,-1.2293386243386244
5,2,4,as&gap&mrg&ovl|cnf,1,1,48.0,2.6,46.16066711066711,39.666666666666664,2.5433333333333334,268,-0.28463203463203496,-3.3888888888888884,3.112499999999998,-0.023333333333333334,-4.601563251563252,-7.899909812409812,-1.269808201058201,-4.780928330928331,-8.404696969696971,-1.2293386243386244
3,2,2,as|mrg&ovl,1,1,46.4,2.4,46.11196581196581,40.0,2.4433333333333334,298,-0.33333333333333337,-1.0,0.0,-0.12333333333333334,-4.650264550264549,-8.570641534391534,-0.9797486772486788,-4.82962962962963,-7.659444444444444,-2.105833333333335
4,2,3,as|gap&mrg&ovl,1,1,44.8,2.52,46.11196581196581,40.0,2.4966666666666666,297,-0.33333333333333337,-1.0,0.0,-0.07,-4.650264550264549,-8.570641534391534,-0.9797486772486788,-4.82962962962963,-7.659444444444444,-2.105833333333335
4,2,3,as|mrg&ovl&tzi,1,1,46.4,2.4,46.11196581196581,40.0,2.506666666666667,297,-0.33333333333333337,-1.0,0.0,-0.06,-4.650264550264549,-8.570641534391534,-0.9797486772486788,-4.82962962962963,-7.659444444444444,-2.105833333333335
5,2,4,as|gap&mrg&ovl&tzi,1,1,44.8,2.52,46.11196581196581,40.0,2.506666666666667,297,-0.33333333333333337,-1.0,0.0,-0.06,-4.650264550264549,-8.570641534391534,-0.9797486772486788,-4.82962962962963,-7.659444444444444,-2.105833333333335
6,3,2,as&tzi|cnf&ovl|gap&mrg,1,1,46.4,2.56,46.09611684611684,39.0,2.67,265,-0.3491822991822993,-3.7554581529581537,2.8890680615680613,0.10333333333333333,-4.666113516113516,-8.425078162578162,-1.1395929533429539,-4.845478595478596,-8.21614417989418,-1.5608856421356443
4,2,3,as&cnf&mrg|ovl,1,1,48.0,2.48,46.04955599955599,39.33333333333333,2.3966666666666665,289,-0.39574314574314584,-3.308685064935065,2.520436507936507,-0.17,-4.712674362674363,-7.722074915824916,-1.6641468253968263,-4.892039442039443,-8.265594636844638,-1.568623737373738
6,3,2,as&cnf|gap&mrg|ovl&tzi,1,1,44.0,2.6,46.04135494135494,39.33333333333333,2.6333333333333333,274,-0.403944203944204,-3.3269264069264075,2.6833453583453535,0.06666666666666667,-4.720875420875421,-8.724529220779221,-0.8044606782106787,-4.9002405002405,-8.060284992784993,-1.5320135882635895
5,3,2,as&tzi|cnf&ovl|mrg,1,1,46.4,2.4,46.02945017945018,39.0,2.3966666666666665,288,-0.4158489658489661,-3.7101118326118323,3.0007641895141877,-0.17,-4.732780182780183,-8.497891414141415,-1.1282196969696983,-4.912145262145263,-8.309819023569023,-1.440197811447812
6,3,3,as&gap&tzi|cnf&ovl|mrg,1,1,46.4,2.4,46.02945017945018,39.0,2.3966666666666665,288,-0.4158489658489661,-3.7101118326118323,3.0007641895141877,-0.17,-4.732780182780183,-8.497891414141415,-1.1282196969696983,-4.912145262145263,-8.309819023569023,-1.440197811447812
1,1,1,ovl,0,0,48.0,2.6,46.00511155511155,39.33333333333333,2.7133333333333334,260,-0.44018759018759024,-3.7241323953823957,2.577222222222222,0.14666666666666667,-4.757118807118807,-7.674600769600769,-1.8395304232804235,-4.936483886483887,-8.164393338143338,-1.607142255892257
6,3,2,as&ovl|cnf&tzi|gap&mrg,1,1,48.0,2.52,46.00484700484701,40.0,2.683333333333333,263,-0.44045214045214043,-3.5037878787878793,2.576723184223184,0.11666666666666667,-4.7573833573833575,-8.19885521885522,-1.6014484126984134,-4.936748436748436,-8.578739778739777,-1.241607142857143
4,2,3,as|cnf&gap&mrg,1,1,44.8,2.52,46.000854700854696,39.666666666666664,2.47,298,-0.44444444444444453,-1.3333333333333335,0.0,-0.09666666666666666,-4.761375661375661,-8.5407208994709,-1.0376653439153447,-4.940740740740741,-7.798472222222222,-2.12212962962963
4,2,3,as|cnf&mrg&tzi,1,1,46.4,2.4,46.000854700854696,39.666666666666664,2.48,298,-0.44444444444444453,-1.3333333333333335,0.0,-0.08666666666666667,-4.761375661375661,-8.5407208994709,-1.0376653439153447,-4.940740740740741,-7.798472222222222,-2.12212962962963
5,2,4,as|cnf&gap&mrg&tzi,1,1,44.8,2.52,46.000854700854696,39.666666666666664,2.4833333333333334,298,-0.44444444444444453,-1.3333333333333335,0.0,-0.08333333333333333,-4.761375661375661,-8.5407208994709,-1.0376653439153447,-4.940740740740741,-7.798472222222222,-2.12212962962963
4,2,3,as&mrg&tzi|cnf,1,1,48.0,2.6,45.99400044400045,39.666666666666664,2.5233333333333334,272,-0.45129870129870164,-3.6566919191919194,2.9091540404040392,-0.043333333333333335,-4.768229918229918,-8.132714646464647,-1.4371657046657054,-4.947594997594998,-8.757157888407889,-1.4195069745069748
4,2,3,cnf|mrg&ovl&tzi,1,0,48.0,2.6,45.99400044400045,39.666666666666664,2.53,269,-0.45129870129870164,-3.6061056998557004,2.943903318903318,-0.03666666666666667,-4.768229918229918,-8.216949254449254,-1.3774801587301588,-4.947594997594998,-8.587246873496873,-1.3756006493506499
5,2,4,cnf|gap&mrg&ovl&tzi,1,0,48.0,2.6,45.99400044400045,39.666666666666664,2.54,268,-0.45129870129870164,-3.6061056998557004,2.943903318903318,-0.02666666666666667,-4.768229918229918,-8.216949254449254,-1.3774801587301588,-4.947594997594998,-8.587246873496873,-1.3756006493506499
5,3,2,as&tzi|cnf&gap|mrg,1,1,46.4,2.44,45.918339068339066,39.0,2.5033333333333334,282,-0.5269600769600771,-4.165445526695527,2.9245436507936504,-0.06333333333333334,-4.843891293891294,-8.657561327561329,-1.3928433140933145,-5.023256373256373,-8.45208633958634,-1.5891263828763829
6,3,3,as&ovl&tzi|cnf&gap|mrg,1,1,48.0,2.56,45.918339068339066,39.0,2.54,281,-0.5269600769600771,-4.165445526695527,2.9245436507936504,-0.02666666666666667,-4.843891293891294,-8.657561327561329,-1.3928433140933145,-5.023256373256373,-8.45208633958634,-1.5891263828763829
3,2,2,as&mrg|cnf,1,1,48.0,2.52,45.827333777333784,39.33333333333333,2.41,286,-0.6179653679653683,-3.6709505772005766,2.672510822510822,-0.15666666666666668,-4.934896584896585,-8.287046055796056,-1.6042352092352095,-5.114261664261665,-8.771351010101009,-1.5719606782106785
3,2,2,cnf|mrg&ovl,1,0,48.0,2.52,45.827333777333784,39.33333333333333,2.4366666666666665,281,-0.6179653679653683,-3.748755411255411,2.7792929292929274,-0.13,-4.934896584896585,-8.380813492063492,-1.6736574074074078,-5.114261664261665,-8.735244107744107,-1.5637037037037032
4,2,3,cnf|gap&mrg&ovl,1,0,48.0,2.6,45.827333777333784,39.33333333333333,2.51,271,-0.6179653679653683,-3.748755411255411,2.7792929292929274,-0.056666666666666664,-4.934896584896585,-8.380813492063492,-1.6736574074074078,-5.114261664261665,-8.735244107744107,-1.5637037037037032
4,2,3,as&gap&mrg|ovl,1,1,48.0,2.52,45.78288933288933,39.0,2.506666666666667,276,-0.6624098124098126,-3.6524152236652236,2.1779437229437226,-0.06,-4.979341029341029,-8.04612433862434,-1.871348003848004,-5.1587061087061095,-8.35238997113997,-1.8609217171717183
5,2,4,as&cnf&gap&mrg|ovl,1,1,48.0,2.52,45.78288933288933,39.0,2.52,276,-0.6624098124098126,-3.6524152236652236,2.1779437229437226,-0.04666666666666667,-4.979341029341029,-8.04612433862434,-1.871348003848004,-5.1587061087061095,-8.35238997113997,-1.8609217171717183
5,2,3,as&cnf&mrg|gap&tzi,1,1,44.8,2.4,45.76013801013801,40.0,2.52,255,-0.6851611351611353,-5.646283068783068,3.5548148148148133,-0.04666666666666667,-5.002092352092352,-9.643491462241462,-0.5256601731601744,-5.181457431457431,-9.235924723424725,-0.96775432900433
5,2,4,as&cnf&gap&mrg|tzi,1,1,42.4,2.88,45.72627557627557,41.0,2.986666666666667,166,-0.7190235690235693,-5.524985569985569,3.926263227513228,0.42,-5.035954785954786,-10.03790945165945,-0.16015512265512302,-5.215319865319866,-9.582416426166427,-1.3238449975949982
5,2,4,cnf&gap&mrg&ovl|tzi,1,0,42.4,2.88,45.72627557627557,41.0,3.026666666666667,160,-0.7190235690235693,-5.649994588744589,3.757613636363635,0.46,-5.035954785954786,-10.037069504569503,-0.2716402116402142,-5.215319865319866,-9.749840668590668,-1.1874386724386727
6,2,5,as&cnf&gap&mrg&ovl|tzi,1,1,42.4,2.92,45.72627557627557,41.0,3.05,154,-0.7190235690235693,-5.649994588744589,3.757613636363635,0.48333333333333334,-5.035954785954786,-10.037069504569503,-0.2716402116402142,-5.215319865319866,-9.749840668590668,-1.1874386724386727
3,2,2,as&mrg|ovl,1,1,48.0,2.48,45.71622266622267,39.0,2.36,290,-0.7290764790764791,-3.5052038239538246,2.1598124098124094,-0.20666666666666667,-5.046007696007697,-8.170833333333334,-1.91104797979798,-5.225372775372776,-8.551931216931216,-1.8848292448292454
3,2,2,as|cnf&mrg,1,1,46.4,2.4,45.66752136752136,39.33333333333333,2.4,299,-0.7777777777777778,-2.0,0.0,-0.16666666666666666,-5.094708994708994,-9.001792328042328,-1.2881349206349206,-5.274074074074074,-8.209351851851853,-2.3850462962962964
6,2,4,as&cnf&mrg&ovl|gap&tzi,1,1,44.8,2.48,45.65220150220151,40.33333333333333,2.8133333333333335,211,-0.7930976430976434,-5.762038840788841,3.57531746031746,0.24666666666666667,-5.11002886002886,-9.828220899470898,-0.5549290524290534,-5.289393939393939,-9.561259018759017,-1.061448412698414
4,2,3,cnf&gap&mrg|tzi,1,0,42.4,2.84,45.626275576275575,41.0,2.9566666666666666,168,-0.8190235690235694,-5.608990500240499,3.731527777777776,0.39,-5.1359547859547865,-10.088282227032227,-0.2993614718614725,-5.315319865319865,-9.710494227994229,-1.44333994708995
6,3,2,as&ovl|cnf&gap|mrg&tzi,1,1,48.0,2.48,45.560402560402565,39.33333333333333,2.6433333333333335,264,-0.8848965848965851,-3.7599482924482923,1.9200396825396822,0.07666666666666666,-5.201827801827801,-8.456225348725347,-1.85619227994228,-5.381192881192881,-8.978897907647907,-1.8430916305916318
4,2,3,as&gap&mrg|tzi,1,1,42.4,2.88,45.559608909608905,40.666666666666664,2.95,170,-0.885690235690236,-5.773878066378066,3.6494745069745065,0.38333333333333336,-5.202621452621452,-10.196209114959116,-0.2357732082732092,-5.381986531986532,-9.759193121693121,-1.533065175565176
5,2,4,as&gap&mrg&ovl|tzi,1,1,42.4,2.92,45.559608909608905,40.666666666666664,3.0166666666666666,159,-0.885690235690236,-5.9073653198653195,3.58595238095238,0.45,-5.202621452621452,-10.236005892255891,-0.34145081770081914,-5.381986531986532,-9.994813612313614,-1.3541053391053393
5,2,3,as&mrg&ovl|gap&tzi,1,1,44.8,2.4,45.48553483553484,40.0,2.703333333333333,227,-0.9597643097643099,-5.964763708513708,3.496474867724867,0.13666666666666666,-5.276695526695526,-9.99456168831169,-0.7150192400192411,-5.456060606060606,-9.801203102453103,-1.3661237373737387
3,2,2,gap&mrg|tzi,1,0,42.4,2.84,45.45960890960891,40.666666666666664,2.92,172,-0.985690235690236,-5.776973304473305,3.440165343915343,0.35333333333333333,-5.302621452621453,-10.25405723905724,-0.46198051948052055,-5.481986531986532,-9.874857503607505,-1.585958393458394
4,2,3,as&cnf&gap|ovl,0,1,44.0,2.44,45.449555999556,38.666666666666664,2.4633333333333334,277,-0.9957431457431458,-3.9458189033189033,1.5453373015873002,-0.10333333333333333,-5.312674362674363,-8.414834054834056,-1.9091684704184708,-5.4920394420394425,-8.539800384800383,-2.264291125541127
4,2,3,as&gap&tzi|ovl,0,1,42.4,2.36,45.449555999556,38.666666666666664,2.486666666666667,277,-0.9957431457431458,-3.984657287157287,1.810443722943722,-0.08,-5.312674362674363,-8.309401154401153,-2.124546657046657,-5.4920394420394425,-8.698844997594996,-2.2323635161135167
4,2,3,as&cnf&tzi|ovl,0,1,44.0,2.48,45.449555999556,38.666666666666664,2.513333333333333,275,-0.9957431457431458,-3.984657287157287,1.810443722943722,-0.05333333333333334,-5.312674362674363,-8.309401154401153,-2.124546657046657,-5.4920394420394425,-8.698844997594996,-2.2323635161135167
5,2,4,as&cnf&gap&tzi|ovl,0,1,44.0,2.48,45.449555999556,38.666666666666664,2.52,274,-0.9957431457431458,-3.984657287157287,1.810443722943722,-0.04666666666666667,-5.312674362674363,-8.309401154401153,-2.124546657046657,-5.4920394420394425,-8.698844997594996,-2.2323635161135167
5,2,4,as&cnf&mrg&tzi|ovl,1,1,48.0,2.52,45.449555999556,38.666666666666664,2.55,274,-0.9957431457431458,-4.225097402597402,1.945218253968253,-0.016666666666666666,-5.312674362674363,-8.217233645983647,-2.3087103174603185,-5.4920394420394425,-8.830289802789801,-2.1618446368446387
5,2,4,as&gap&mrg&tzi|ovl,1,1,48.0,2.52,45.449555999556,38.666666666666664,2.55,273,-0.9957431457431458,-4.225097402597402,1.945218253968253,-0.016666666666666666,-5.312674362674363,-8.217233645983647,-2.3087103174603185,-5.4920394420394425,-8.830289802789801,-2.1618446368446387
6,2,5,as&cnf&gap&mrg&tzi|ovl,1,1,48.0,2.52,45.449555999556,38.666666666666664,2.5566666666666666,273,-0.9957431457431458,-4.225097402597402,1.945218253968253,-0.01,-5.312674362674363,-8.217233645983647,-2.3087103174603185,-5.4920394420394425,-8.830289802789801,-2.1618446368446387
5,3,2,as&ovl|cnf&tzi|mrg,1,1,48.0,2.44,45.446116846116844,39.0,2.3766666666666665,289,-0.9991822991822993,-4.02922077922078,1.974058441558441,-0.19,-5.316113516113516,-8.73911556036556,-1.9688155363155369,-5.495478595478596,-9.080595238095238,-1.907936507936509
4,2,3,as&gap&tzi|cnf,0,1,46.4,2.48,45.438444888444884,39.33333333333333,2.4466666666666668,276,-1.0068542568542571,-3.9529852092352087,2.222222222222222,-0.12,-5.323785473785474,-8.749556277056278,-1.9153138528138534,-5.503150553150554,-8.789396945646946,-2.1721554834054833
4,2,3,as&ovl&tzi|cnf,0,1,48.0,2.6,45.438444888444884,39.33333333333333,2.49,272,-1.0068542568542571,-3.9529852092352087,2.222222222222222,-0.07666666666666666,-5.323785473785474,-8.749556277056278,-1.9153138528138534,-5.503150553150554,-8.789396945646946,-2.1721554834054833
5,2,4,as&gap&ovl&tzi|cnf,0,1,48.0,2.6,45.438444888444884,39.33333333333333,2.5,271,-1.0068542568542571,-3.9529852092352087,2.222222222222222,-0.06666666666666667,-5.323785473785474,-8.749556277056278,-1.9153138528138534,-5.503150553150554,-8.789396945646946,-2.1721554834054833
4,2,3,gap&mrg&ovl|tzi,1,0,42.4,2.88,45.42627557627558,40.666666666666664,2.9833333333333334,166,-1.019023569023569,-6.053126503126503,3.442094155844154,0.4166666666666667,-5.335954785954786,-10.342187950937952,-0.42605759980759983,-5.5153198653198645,-9.999027176527177,-1.5633128908128913
5,2,3,as&cnf&ovl|gap&tzi,0,1,40.8,2.2,45.3974395974396,40.33333333333333,2.6033333333333335,229,-1.0478595478595478,-5.608673641173642,3.037174122174121,0.03666666666666667,-5.364790764790764,-9.781841029341031,-0.7800583213083215,-5.544155844155843,-9.664794973544973,-1.432172318422319
5,3,2,cnf&tzi|gap&ovl|mrg,1,0,44.0,2.56,45.36278351278351,38.666666666666664,2.4966666666666666,282,-1.0825156325156329,-4.739708393458394,2.429582130832129,-0.07,-5.399446849446849,-9.055303030303032,-1.9207299182299198,-5.578811928811929,-9.075429894179894,-1.9801881914381918
6,3,3,as&gap&ovl|cnf&tzi|mrg,1,1,48.0,2.6,45.36278351278351,38.666666666666664,2.546666666666667,281,-1.0825156325156329,-4.739708393458394,2.429582130832129,-0.02,-5.399446849446849,-9.055303030303032,-1.9207299182299198,-5.578811928811929,-9.075429894179894,-1.9801881914381918
3,2,2,cnf&gap|ovl,0,0,44.0,2.36,45.33844488844489,38.333333333333336,2.3666666666666667,279,-1.106854256854257,-4.112584776334776,1.7921807359307356,-0.2,-5.4237854737854745,-8.450842352092351,-2.2119041606541607,-5.603150553150553,-9.03739297739298,-2.392148268398268
4,2,3,cnf&gap&mrg|ovl,1,0,48.0,2.52,45.33844488844489,38.333333333333336,2.4766666666666666,278,-1.106854256854257,-4.2230609668109675,1.9764159451659442,-0.09,-5.4237854737854745,-8.338529942279942,-2.4436928811928817,-5.603150553150553,-8.932690596440597,-2.3084740259740273
5,3,2,as&ovl|cnf&gap|mrg,1,1,48.0,2.4,45.33500573500574,38.666666666666664,2.34,290,-1.1102934102934103,-3.9185064935064933,1.6313492063492054,-0.22666666666666666,-5.427224627224627,-8.91365860990861,-2.0857208994709,-5.606589706589707,-9.082403198653198,-2.082406204906205
6,3,3,as&ovl|cnf&gap&tzi|mrg,1,1,48.0,2.44,45.33500573500574,38.666666666666664,2.3966666666666665,289,-1.1102934102934103,-3.9185064935064933,1.6313492063492054,-0.17,-5.427224627224627,-8.91365860990861,-2.0857208994709,-5.606589706589707,-9.082403198653198,-2.082406204906205
3,2,2,as&gap|ovl,0,1,42.4,2.32,45.28288933288933,38.333333333333336,2.39,283,-1.1624098124098126,-4.092207792207793,1.4207611832611833,-0.17666666666666667,-5.479341029341029,-8.637012385762384,-2.1332930495430498,-5.6587061087061095,-8.758038720538721,-2.5301352813852835
5,3,2,as&mrg|cnf&gap|ovl,1,1,44.0,2.32,45.27177822177822,38.333333333333336,2.2066666666666666,293,-1.1735209235209236,-4.040656565656566,1.661075036075035,-0.36,-5.490452140452142,-8.67964947089947,-2.1515867003367006,-5.66981721981722,-9.008975468975471,-2.245984848484849
6,3,3,as&mrg|cnf&gap&tzi|ovl,1,1,44.0,2.36,45.27177822177822,38.333333333333336,2.2466666666666666,293,-1.1735209235209236,-4.040656565656566,1.661075036075035,-0.32,-5.490452140452142,-8.67964947089947,-2.1515867003367006,-5.66981721981722,-9.008975468975471,-2.245984848484849
6,3,3,as&gap&tzi|cnf&mrg|ovl,1,1,42.4,2.32,45.27177822177822,38.333333333333336,2.263333333333333,294,-1.1735209235209236,-4.181421356421357,1.7272727272727273,-0.30333333333333334,-5.490452140452142,-8.659280303030304,-2.3434854497354505,-5.669817219817219,-9.119723424723427,-2.2747216209716212
3,2,2,cnf&mrg|ovl,1,0,48.0,2.48,45.27177822177822,38.333333333333336,2.33,291,-1.1735209235209236,-4.224864718614718,2.0064393939393925,-0.23666666666666666,-5.490452140452142,-8.496239177489178,-2.486957070707071,-5.66981721981722,-9.127057479557479,-2.2453589466089467
4,2,2,as&mrg|gap&tzi,1,1,44.8,2.32,45.26013801013801,39.33333333333333,2.3766666666666665,272,-1.1851611351611353,-6.047531265031266,3.1198346560846537,-0.19,-5.502092352092352,-10.265786435786435,-0.8680447330447337,-5.681457431457431,-10.01493205868206,-1.606871693121693
5,3,2,as&tzi|gap&ovl|mrg,1,1,42.4,2.48,45.2516724016724,38.333333333333336,2.526666666666667,283,-1.1936267436267438,-4.777628667628667,2.17390873015873,-0.04,-5.510557960557961,-9.114546055796055,-2.177492784992786,-5.68992303992304,-9.09396164021164,-2.1631709956709964
6,3,3,as&cnf&tzi|gap&ovl|mrg,1,1,44.0,2.6,45.2516724016724,38.333333333333336,2.5533333333333332,281,-1.1936267436267438,-4.777628667628667,2.17390873015873,-0.013333333333333334,-5.510557960557961,-9.114546055796055,-2.177492784992786,-5.68992303992304,-9.09396164021164,-2.1631709956709964
3,2,2,gap&ovl|mrg,1,0,48.0,2.64,45.2516724016724,38.333333333333336,2.6,281,-1.1936267436267438,-4.828782467532468,2.1537139249639243,0.03333333333333333,-5.510557960557961,-8.98628848003848,-2.436223544973546,-5.68992303992304,-9.114836459836459,-2.273901515151518
5,2,3,cnf&mrg&ovl|gap&tzi,1,0,46.4,2.32,45.16013801013801,39.33333333333333,2.67,232,-1.2851611351611354,-6.256838624338624,3.1311056998557,0.10333333333333333,-5.6020923520923525,-10.24536075036075,-1.0628397065897068,-5.78145743145743,-10.026560245310245,-1.6578427128427151
6,3,3,as&gap&mrg|cnf&tzi|ovl,1,1,44.0,2.4,45.11622266622267,38.333333333333336,2.3766666666666665,280,-1.3290764790764795,-4.353300865800866,1.6233134920634908,-0.19,-5.646007696007695,-8.67878908128908,-2.53265752765753,-5.8253727753727755,-9.093217291967292,-2.5016594516594526
3,2,2,as&tzi|ovl,0,1,42.4,2.36,45.11622266622267,38.333333333333336,2.4766666666666666,278,-1.3290764790764793,-4.100120851370851,1.4663437950937945,-0.09,-5.646007696007695,-8.783968253968254,-2.429608585858585,-5.8253727753727755,-9.037822270322271,-2.5461105098605104
4,2,3,as&mrg&tzi|ovl,1,1,48.0,2.52,45.11622266622267,38.333333333333336,2.54,274,-1.3290764790764793,-4.3342784992785,1.5872492784992778,-0.02666666666666667,-5.646007696007695,-8.63123556998557,-2.5332010582010582,-5.8253727753727755,-9.192198773448773,-2.4193608706108716
3,2,2,cnf|ovl&tzi,0,0,44.0,2.56,45.105111555111556,39.0,2.43,275,-1.3401875901875904,-4.384731240981242,1.723809523809522,-0.13666666666666666,-5.657118807118807,-9.201099086099086,-2.1472865560365557,-5.836483886483887,-9.248195646945646,-2.5273641173641184
3,2,2,as&tzi|cnf,0,1,46.4,2.48,45.105111555111556,39.0,2.433333333333333,277,-1.3401875901875904,-4.353652597402597,1.7231421356421344,-0.13333333333333333,-5.657118807118806,-9.199736652236652,-2.10116281866282,-5.836483886483887,-9.324936267436266,-2.486487493987495
4,2,3,cnf|gap&ovl&tzi,0,0,44.0,2.56,45.105111555111556,39.0,2.44,274,-1.3401875901875904,-4.384731240981242,1.723809523809522,-0.12666666666666668,-5.657118807118807,-9.201099086099086,-2.1472865560365557,-5.836483886483887,-9.248195646945646,-2.5273641173641184
4,2,3,as&cnf&mrg|tzi,1,1,42.4,2.24,45.09347134347134,39.33333333333333,2.4266666666666667,256,-1.351827801827802,-6.217379749879749,3.1361904761904755,-0.14,-5.668759018759019,-10.515363155363156,-0.9086369648869651,-5.848124098124097,-10.146851851851853,-1.7009060846560853
5,3,2,as&gap|mrg|ovl&tzi,1,1,42.4,2.44,45.08500573500574,38.0,2.4833333333333334,286,-1.3602934102934103,-4.964495550745552,1.844517195767195,-0.08333333333333333,-5.677224627224628,-9.533309283309283,-2.189916426166427,-5.856589706589706,-9.23234066859067,-2.4620460557960566
6,3,3,as&gap|cnf&ovl&tzi|mrg,1,1,46.4,2.48,45.08500573500574,38.0,2.506666666666667,286,-1.3602934102934103,-4.964495550745552,1.844517195767195,-0.06,-5.677224627224628,-9.533309283309283,-2.189916426166427,-5.856589706589706,-9.23234066859067,-2.4620460557960566
5,3,2,as&mrg|cnf&tzi|ovl,1,1,44.0,2.36,45.049555999556,38.333333333333336,2.236666666666667,293,-1.3957431457431462,-4.278373015873016,1.4934433621933618,-0.33,-5.712674362674363,-8.903294853294854,-2.3733134920634926,-5.892039442039443,-9.32311988936989,-2.4191931216931217
5,3,2,as&cnf|mrg|ovl&tzi,1,1,44.0,2.48,45.04135494135494,38.333333333333336,2.4033333333333333,287,-1.403944203944204,-4.394862914862915,1.67810606060606,-0.16333333333333333,-5.72087542087542,-9.793878066378067,-1.905912097162098,-5.900240500240501,-9.254668710918711,-2.549659090909091
5,3,2,as&tzi|cnf&gap|ovl,0,1,42.4,2.24,45.00511155511156,38.0,2.3233333333333333,282,-1.4401875901875902,-4.3172366522366525,1.43281746031746,-0.24333333333333335,-5.7571188071188075,-8.784602573352574,-2.480402236652237,-5.936483886483887,-9.191850048100049,-2.600574795574797
6,3,3,as&mrg&tzi|cnf&gap|ovl,1,1,44.0,2.36,45.00511155511156,38.0,2.35,280,-1.4401875901875902,-4.3172366522366525,1.43281746031746,-0.21666666666666667,-5.7571188071188075,-8.784602573352574,-2.480402236652237,-5.936483886483887,-9.191850048100049,-2.600574795574797
6,3,3,as&tzi|cnf&gap&mrg|ovl,1,1,42.4,2.36,45.00511155511156,38.0,2.4,282,-1.4401875901875902,-4.3172366522366525,1.43281746031746,-0.16666666666666666,-5.7571188071188075,-8.784602573352574,-2.480402236652237,-5.936483886483887,-9.191850048100049,-2.600574795574797
4,2,3,cnf&gap&tzi|ovl,0,0,44.0,2.4,45.00511155511156,38.0,2.4433333333333334,276,-1.4401875901875902,-4.655580808080808,1.44653499278499,-0.12333333333333334,-5.7571188071188075,-8.703087421837422,-2.6508976671476674,-5.936483886483887,-9.379794372294374,-2.684396945646947
4,2,3,cnf&mrg&tzi|ovl,1,0,48.0,2.52,45.00511155511156,38.0,2.506666666666667,276,-1.4401875901875902,-4.576450216450216,1.643208874458873,-0.06,-5.7571188071188075,-8.58825937950938,-2.7534722222222223,-5.936483886483887,-9.281500120250119,-2.5592887205387207
5,2,4,cnf&gap&mrg&tzi|ovl,1,0,48.0,2.52,45.00511155511156,38.0,2.5166666666666666,275,-1.4401875901875902,-4.576450216450216,1.643208874458873,-0.05,-5.7571188071188075,-8.58825937950938,-2.7534722222222223,-5.936483886483887,-9.281500120250119,-2.5592887205387207
4,2,2,cnf&mrg|gap&tzi,1,0,46.4,2.24,44.99347134347135,39.33333333333333,2.3566666666666665,263,-1.4518278018278021,-6.330873015873016,2.870023448773448,-0.21,-5.768759018759019,-10.286142376142376,-1.196106902356903,-5.948124098124097,-10.175674603174603,-1.6073376623376632
5,2,4,as&cnf&mrg&ovl|tzi,1,1,42.4,2.32,44.98553483553484,39.666666666666664,2.6866666666666665,217,-1.45976430976431,-6.343726551226552,3.177521645021644,0.12,-5.776695526695526,-10.81002825877826,-1.2645135882635907,-5.956060606060606,-10.338157166907164,-1.8763612313612317
4,2,3,cnf|gap&mrg&tzi,1,0,48.0,2.52,44.973894623894616,38.333333333333336,2.473333333333333,274,-1.4714045214045215,-4.750114838864839,1.9718091630591628,-0.09333333333333334,-5.7883357383357374,-9.422126022126022,-2.3938930976430988,-5.967700817700818,-9.697291366041366,-2.3499007936507934
5,3,2,as&tzi|cnf&mrg|ovl,1,1,42.4,2.32,44.93844488844489,38.0,2.26,294,-1.506854256854257,-4.383964646464647,1.3147456709956706,-0.30666666666666664,-5.823785473785475,-8.919624819624818,-2.445197811447812,-6.003150553150552,-9.511474867724868,-2.602317821067821
6,3,3,as&gap&tzi|cnf|mrg&ovl,1,1,46.4,2.4,44.93844488844489,38.666666666666664,2.3266666666666667,289,-1.506854256854257,-4.545707070707071,1.5761183261183254,-0.24,-5.823785473785474,-9.430040885040887,-2.3312818662818664,-6.003150553150554,-9.515773208273208,-2.717839706589707
6,3,3,as&gap&mrg|cnf|ovl&tzi,1,1,44.0,2.56,44.93844488844489,38.666666666666664,2.39,278,-1.506854256854257,-4.545707070707071,1.5761183261183254,-0.17666666666666667,-5.823785473785474,-9.430040885040887,-2.3312818662818664,-6.003150553150554,-9.515773208273208,-2.717839706589707
3,2,2,as&mrg|tzi,1,1,42.4,2.16,44.92680467680467,39.0,2.3,272,-1.5184944684944686,-6.310738936988939,2.9711586099086085,-0.26666666666666666,-5.835425685425685,-10.72256794131794,-1.0748196248196253,-6.014790764790764,-10.298391654641653,-1.901490500240501
5,2,4,as&cnf&gap&ovl|tzi,0,1,38.4,2.72,44.88818033818034,40.33333333333333,2.9966666666666666,160,-1.5571188071188073,-6.4962818662818655,2.8139754689754675,0.43,-5.874050024050023,-10.650669191919192,-1.2741798941798947,-6.053415103415103,-10.475330086580087,-2.1758393458393464
5,3,2,as&gap|cnf&tzi|mrg,1,1,46.4,2.44,44.86278351278351,38.0,2.46,286,-1.5825156325156329,-5.151891534391534,1.7873544973544968,-0.10666666666666667,-5.899446849446849,-9.752171717171716,-2.416500120250121,-6.0788119288119296,-9.490886844636846,-2.6374825637325654
4,2,2,gap&tzi|mrg&ovl,1,0,46.4,2.24,44.86013801013801,39.0,2.5433333333333334,249,-1.5851611351611352,-6.481724987974989,2.876613756613757,-0.023333333333333334,-5.902092352092352,-10.467664742664743,-1.4079413179413187,-6.08145743145743,-10.359549663299664,-1.9678571428571434
4,2,3,as|cnf&ovl&tzi,0,1,46.4,2.32,44.83923853923854,38.666666666666664,2.43,297,-1.606060606060606,-3.5454545454545454,0.0,-0.13666666666666666,-5.922991822991823,-9.75611050986051,-2.2771819384319394,-6.102356902356902,-9.377895622895622,-2.8279924242424244
6,3,3,as&gap|cnf&mrg&tzi|ovl,1,1,42.4,2.32,44.8384448884449,37.666666666666664,2.3433333333333333,285,-1.606854256854257,-4.598315295815296,0.9882215007215004,-0.22333333333333333,-5.9237854737854745,-8.963662217412217,-2.7112427849927854,-6.103150553150553,-9.331821188071189,-2.873981481481482
4,2,3,as&mrg&ovl|tzi,1,1,42.4,2.24,44.81886816886818,39.33333333333333,2.5866666666666664,232,-1.6264309764309766,-6.4943139730639725,2.8686014911014888,0.02,-5.9433621933621925,-10.899550264550264,-1.3119504569504605,-6.122727272727273,-10.467869769119769,-2.09725468975469
3,2,2,cnf|gap&mrg,1,0,48.0,2.52,44.80722795722795,38.0,2.4366666666666665,277,-1.6380711880711885,-5.016656445406445,1.7978048340548336,-0.13,-5.955002405002404,-9.521448412698414,-2.5621380471380477,-6.134367484367485,-9.85136063011063,-2.4826984126984133
3,2,2,cnf&tzi|ovl,0,0,44.0,2.4,44.78288933288933,38.0,2.4266666666666667,277,-1.6624098124098128,-4.769673520923521,1.3387012987012974,-0.14,-5.979341029341029,-8.92174543049543,-2.75886544011544,-6.158706108706109,-9.67088864838865,-2.8348611111111115
5,3,2,as&gap|cnf&mrg|ovl,1,1,42.4,2.28,44.77177822177822,37.666666666666664,2.203333333333333,297,-1.6735209235209234,-4.613167388167389,1.0606060606060603,-0.36333333333333334,-5.990452140452142,-9.122215608465607,-2.799693362193363,-6.169817219817219,-9.43696548821549,-2.9352807840307844
4,2,3,as&cnf&ovl|tzi,0,1,38.4,2.04,44.73077293077293,39.666666666666664,2.506666666666667,233,-1.7145262145262148,-6.358158970658971,2.2901960076960077,-0.06,-6.03145743145743,-10.69349927849928,-1.5866829004329008,-6.21082251082251,-10.464114959114958,-1.9775030062530068
6,3,3,as&cnf|gap&ovl&tzi|mrg,1,1,44.0,2.48,44.7080216080216,38.0,2.4133333333333336,287,-1.7372775372775373,-4.611848244348244,1.1783369408369402,-0.15333333333333332,-6.054208754208753,-10.031781505531505,-2.1764309764309773,-6.233573833573834,-9.631030543530544,-2.9054058441558444
3,2,2,as|gap&mrg,1,1,44.8,2.4,44.64741554741554,38.0,2.4,298,-1.7978835978835979,-3.316534391534392,-0.5014550264550267,-0.16666666666666666,-6.114814814814814,-10.175701058201057,-2.149761904761905,-6.294179894179893,-9.300112433862436,-3.2288293650793665
3,2,2,as|mrg&tzi,1,1,46.4,2.28,44.64741554741554,38.0,2.4033333333333333,298,-1.7978835978835979,-3.316534391534392,-0.5014550264550267,-0.16333333333333333,-6.114814814814814,-10.175701058201057,-2.149761904761905,-6.294179894179893,-9.300112433862436,-3.2288293650793665
4,2,3,as|gap&mrg&tzi,1,1,44.8,2.4,44.64741554741554,38.0,2.4133333333333336,298,-1.7978835978835979,-3.316534391534392,-0.5014550264550267,-0.15333333333333332,-6.114814814814814,-10.175701058201057,-2.149761904761905,-6.294179894179893,-9.300112433862436,-3.2288293650793665
3,2,2,cnf|mrg&tzi,1,0,48.0,2.52,44.64056129056129,38.0,2.453333333333333,275,-1.8047378547378548,-5.134370490620491,1.624547258297257,-0.11333333333333333,-6.121669071669071,-9.732849927849928,-2.5516125541125545,-6.301034151034152,-10.012545695045695,-2.539579725829727
5,3,2,as&gap|cnf&tzi|ovl,0,1,42.4,2.24,44.61622266622267,37.666666666666664,2.296666666666667,285,-1.8290764790764795,-4.764233405483406,0.8924585137085131,-0.27,-6.146007696007696,-9.21434704184704,-2.9010239297739306,-6.325372775372775,-9.555734126984127,-2.9666101491101506
5,3,2,as&mrg|cnf|ovl&tzi,1,1,44.0,2.48,44.605111555111556,38.333333333333336,2.3066666666666666,289,-1.8401875901875901,-4.93459595959596,1.2426587301587295,-0.26,-6.157118807118808,-9.760751563251564,-2.700649951899953,-6.336483886483886,-9.840898268398268,-3.0273641173641184
6,3,3,as&mrg|cnf|gap&ovl&tzi,1,1,44.0,2.48,44.605111555111556,38.333333333333336,2.3066666666666666,289,-1.8401875901875901,-4.93459595959596,1.2426587301587295,-0.26,-6.157118807118808,-9.760751563251564,-2.700649951899953,-6.336483886483886,-9.840898268398268,-3.0273641173641184
5,3,2,as&tzi|cnf|mrg&ovl,1,1,46.4,2.4,44.605111555111556,38.333333333333336,2.3233333333333333,289,-1.8401875901875901,-4.93459595959596,1.2426587301587295,-0.24333333333333335,-6.157118807118808,-9.760751563251564,-2.700649951899953,-6.336483886483886,-9.840898268398268,-3.0273641173641184
6,3,3,as&tzi|cnf|gap&mrg&ovl,1,1,46.4,2.48,44.605111555111556,38.333333333333336,2.3866666666666667,280,-1.8401875901875901,-4.93459595959596,1.2426587301587295,-0.18,-6.157118807118808,-9.760751563251564,-2.700649951899953,-6.336483886483886,-9.840898268398268,-3.0273641173641184
4,2,3,as&gap&ovl|cnf,0,1,48.0,2.6,44.605111555111556,38.333333333333336,2.44,275,-1.8401875901875901,-4.7869859307359315,1.1987103174603169,-0.12666666666666668,-6.157118807118806,-9.462653318903318,-2.8880008417508436,-6.336483886483886,-9.721022727272729,-2.9860509860509863
6,3,2,as&gap|cnf&ovl|mrg&tzi,1,1,46.4,2.52,44.59611684611684,37.333333333333336,2.5733333333333333,270,-1.8491822991822993,-5.2397107984607985,1.1765674603174592,0.006666666666666667,-6.1661135161135165,-9.723659812409812,-2.660988455988457,-6.345478595478594,-9.561932419432418,-3.1755753968253977
6,3,3,as&cnf&ovl|gap&mrg|tzi,1,1,38.4,2.04,44.564106264106265,39.33333333333333,2.3966666666666665,246,-1.8811928811928815,-6.336901154401155,2.1755110630110632,-0.17,-6.198124098124097,-10.84234668109668,-1.7232936507936514,-6.377489177489176,-10.687118807118805,-2.2391354016354037
3,2,2,cnf&gap|tzi,0,0,38.4,2.68,44.554847004847005,40.0,2.86,172,-1.8904521404521404,-6.575069143819142,2.560939153439153,0.29333333333333333,-6.207383357383357,-10.906698532948532,-1.4388654401154404,-6.386748436748436,-10.618994708994709,-2.504658489658491
4,2,3,as&cnf&gap|tzi,0,1,38.4,2.68,44.554847004847005,40.0,2.92,169,-1.8904521404521406,-6.4962818662818655,2.3512638287638286,0.35333333333333333,-6.207383357383357,-10.97144781144781,-1.4788882876382883,-6.386748436748436,-10.574353655603657,-2.5404491341991338
4,2,3,cnf&gap&ovl|tzi,0,0,38.4,2.72,44.554847004847005,40.0,2.953333333333333,167,-1.8904521404521406,-6.649298941798941,2.4917334054834055,0.38666666666666666,-6.207383357383357,-10.931946849446849,-1.4389249639249642,-6.386748436748436,-10.750944564694565,-2.542161495911497
5,3,2,as&gap|cnf&ovl|mrg,1,1,46.4,2.36,44.52945017945018,37.333333333333336,2.3066666666666666,293,-1.915848965848966,-5.250273569023569,1.1486147186147182,-0.26,-6.232780182780182,-9.841824795574796,-2.6711507936507948,-6.412145262145262,-9.64847643097643,-3.1817857142857147
3,2,2,as|ovl&tzi,0,1,42.4,2.28,44.50590520590521,38.333333333333336,2.39,297,-1.9393939393939394,-3.8803030303030304,-0.27272727272727276,-0.17666666666666667,-6.256325156325157,-10.176342592592592,-2.6091594516594525,-6.435690235690236,-9.661813973063973,-3.213085016835017
4,2,3,as|cnf&gap&ovl,0,1,44.8,2.44,44.50590520590521,38.333333333333336,2.4133333333333336,297,-1.9393939393939394,-3.668939393939394,-0.33333333333333337,-0.15333333333333332,-6.256325156325157,-10.018415103415105,-2.673213684463685,-6.435690235690236,-9.707171717171718,-3.322558922558923
5,2,4,as|cnf&gap&ovl&tzi,0,1,44.8,2.44,44.50590520590521,38.333333333333336,2.44,297,-1.9393939393939394,-3.668939393939394,-0.33333333333333337,-0.12666666666666668,-6.256325156325157,-10.018415103415105,-2.673213684463685,-6.435690235690236,-9.707171717171718,-3.322558922558923
3,2,2,as&cnf|ovl,0,1,44.0,2.4,44.49400044400045,38.0,2.28,292,-1.9512987012987013,-4.4644660894660895,0.42598304473304444,-0.2866666666666667,-6.268229918229919,-9.832503006253006,-2.793392255892258,-6.447594997594998,-9.706345598845598,-3.116295093795094
3,2,2,gap&tzi|mrg,1,0,46.4,2.12,44.49347134347135,38.666666666666664,2.19,279,-1.9518278018278015,-6.642465127465128,2.271481481481481,-0.37666666666666665,-6.268759018759019,-10.944628427128428,-1.7299795574795602,-6.448124098124097,-11.03684523809524,-2.265825517075518
4,2,3,cnf&mrg&ovl|tzi,1,0,42.4,2.28,44.49347134347135,38.666666666666664,2.55,237,-1.9518278018278017,-6.815726310726311,2.550555555555555,-0.016666666666666666,-6.268759018759019,-11.131182058682057,-1.6667550505050508,-6.448124098124097,-10.828657407407407,-2.402734487734488
2,2,1,cnf|mrg,1,0,48.0,2.4,44.473894623894616,37.666666666666664,2.32,289,-1.9714045214045215,-5.271437590187591,1.4399152236652228,-0.24666666666666667,-6.2883357383357374,-9.834638648388648,-2.8227904040404064,-6.467700817700818,-10.07877886002886,-2.768632154882155
3,2,2,as&ovl|cnf,0,1,48.0,2.44,44.43844488844489,38.333333333333336,2.31,288,-2.0068542568542567,-4.8840097402597396,0.7107413419913414,-0.25666666666666665,-6.323785473785473,-9.702343073593072,-2.867559523809524,-6.503150553150553,-10.188947811447811,-2.958511904761909
3,2,2,as&gap|cnf,0,1,46.4,2.48,44.43844488844489,38.0,2.3466666666666667,283,-2.0068542568542567,-4.902056277056277,0.8898088023088014,-0.22,-6.323785473785473,-9.701436387686387,-3.0591462241462244,-6.503150553150554,-9.884371693121693,-3.062691197691198
5,3,2,as|cnf&gap|ovl&tzi,0,1,42.4,2.2,44.394794094794094,38.0,2.263333333333333,298,-2.0505050505050506,-4.2123737373737375,-0.05050505050505057,-0.30333333333333334,-6.3674362674362674,-10.02244227994228,-2.7611111111111124,-6.546801346801348,-9.980151515151515,-3.1771127946127957
3,2,2,as|cnf&gap,0,1,44.8,2.36,44.394794094794094,38.0,2.3133333333333335,298,-2.0505050505050506,-4.001010101010101,-0.33333333333333337,-0.25333333333333335,-6.3674362674362674,-9.825405242905243,-2.935127465127465,-6.546801346801348,-9.960332491582493,-3.1769065656565667
6,3,2,as&cnf|gap&ovl|mrg&tzi,1,1,44.0,2.6,44.374688274688275,37.666666666666664,2.5866666666666664,276,-2.070610870610871,-4.66716810966811,0.6155098605098598,0.02,-6.387542087542088,-10.188830567580567,-2.6092285954785956,-6.566907166907169,-9.767997234247233,-3.2415608465608474
6,3,3,as&cnf&ovl|gap&tzi|mrg,1,1,42.4,1.92,44.33870943870944,38.666666666666664,2.0433333333333334,285,-2.1065897065897063,-6.468564213564214,1.9779040404040402,-0.5233333333333333,-6.423520923520923,-10.838590668590669,-1.8525685425685439,-6.602886002886002,-10.7378373015873,-2.4835173160173167
3,2,2,cnf&mrg|tzi,1,0,42.4,2.2,44.326804676804684,38.666666666666664,2.27,264,-2.1184944684944687,-6.892710437710436,2.371342592592591,-0.2966666666666667,-6.4354256854256855,-11.302270322270322,-1.869128787878789,-6.614790764790763,-11.208325517075515,-2.5001845839345855
6,3,3,as&cnf&tzi|gap&mrg|ovl,1,1,44.0,2.36,44.31833906833907,37.0,2.38,280,-2.126960076960077,-5.3955765993266,1.0256914381914373,-0.18666666666666668,-6.443891293891295,-9.68928811928812,-2.9990199615199624,-6.623256373256374,-10.177221019721019,-3.282883597883599
3,2,2,gap&mrg|ovl,1,0,48.0,2.4,44.31833906833907,37.0,2.42,279,-2.126960076960077,-5.548279220779221,1.2404828042328038,-0.14666666666666667,-6.443891293891295,-9.6759613997114,-3.3052405002405005,-6.623256373256374,-10.281120129870128,-3.1666913179413196
2,2,1,as|mrg,1,1,46.4,2.24,44.31408221408221,37.666666666666664,2.3033333333333332,299,-2.1312169312169313,-3.8003174603174608,-0.6719576719576721,-0.2633333333333333,-6.448148148148148,-10.582539682539682,-2.4335251322751326,-6.6275132275132265,-9.748399470899471,-3.489246031746033
3,2,2,as|cnf&ovl,0,1,46.4,2.28,44.27177822177822,38.0,2.2866666666666666,299,-2.1735209235209236,-4.309361471861473,-0.33333333333333337,-0.28,-6.490452140452139,-10.21748015873016,-2.8388720538720547,-6.6698172198172205,-10.011911375661377,-3.362334656084657
3,2,2,cnf|gap&ovl,0,0,44.0,2.56,44.27177822177822,38.0,2.38,278,-2.1735209235209236,-5.212121212121213,0.88938492063492,-0.18666666666666668,-6.490452140452141,-10.001502525252524,-3.088452380952381,-6.6698172198172205,-10.13093734968735,-3.2951839826839837
3,2,2,gap|ovl&tzi,0,0,42.4,2.64,44.20960890960891,39.33333333333333,2.6733333333333333,178,-2.235690235690236,-7.02010582010582,2.2775763588263582,0.10666666666666667,-6.552621452621453,-11.595971620971621,-2.0609319384319402,-6.73198653198653,-11.298870851370852,-2.7453294853294863
4,2,3,cnf&ovl&tzi|gap,0,0,42.4,2.64,44.20960890960891,39.33333333333333,2.683333333333333,177,-2.235690235690236,-7.02010582010582,2.2775763588263582,0.11666666666666667,-6.552621452621453,-11.595971620971621,-2.0609319384319402,-6.73198653198653,-11.298870851370852,-2.7453294853294863
3,2,2,mrg&ovl|tzi,1,0,42.4,2.2,44.193471343471344,38.333333333333336,2.433333333333333,253,-2.251827801827802,-6.888040524290526,2.1945701058201053,-0.13333333333333333,-6.568759018759018,-11.479535834535834,-1.9557768157768156,-6.748124098124096,-11.048201058201057,-2.8057539682539696
3,2,2,as|cnf&tzi,0,1,46.4,2.24,44.17257187257187,38.0,2.3433333333333333,298,-2.272727272727273,-4.323484848484849,-0.44444444444444453,-0.22333333333333333,-6.58965848965849,-10.273997715247715,-2.844374699374699,-6.7690235690235685,-10.257988215488215,-3.3086111111111114
3,2,2,as|gap&ovl,0,1,40.8,2.4,44.17257187257187,38.0,2.37,297,-2.272727272727273,-4.151515151515152,-0.6666666666666667,-0.19666666666666666,-6.58965848965849,-10.376446608946608,-3.1046127946127973,-6.7690235690235685,-10.023169191919193,-3.631111111111112
4,2,3,as|gap&ovl&tzi,0,1,40.8,2.4,44.17257187257187,38.0,2.4,297,-2.272727272727273,-4.151515151515152,-0.6666666666666667,-0.16666666666666666,-6.58965848965849,-10.376446608946608,-3.1046127946127973,-6.7690235690235685,-10.023169191919193,-3.631111111111112
2,2,1,mrg|tzi,1,0,42.4,2.08,44.16013801013801,38.333333333333336,2.1266666666666665,279,-2.2851611351611347,-7.056877705627705,2.203075396825396,-0.44,-6.6020923520923525,-11.476417147667146,-1.982622053872055,-6.78145743145743,-11.303594276094273,-2.750259740259741
5,3,2,as&gap|cnf|mrg&ovl,1,1,46.4,2.4,44.105111555111556,37.666666666666664,2.256666666666667,293,-2.34018759018759,-5.385768398268398,0.5995039682539679,-0.31,-6.657118807118807,-10.063457792207792,-3.367800625300626,-6.836483886483887,-10.272098965848967,-3.6241131553631565
5,3,2,as&gap|cnf|ovl&tzi,0,1,42.4,2.44,44.105111555111556,37.666666666666664,2.296666666666667,284,-2.34018759018759,-5.385768398268398,0.5995039682539679,-0.27,-6.657118807118807,-10.063457792207792,-3.367800625300626,-6.836483886483887,-10.272098965848967,-3.6241131553631565
6,3,3,as&gap|cnf|mrg&ovl&tzi,1,1,46.4,2.48,44.105111555111556,37.666666666666664,2.32,284,-2.34018759018759,-5.385768398268398,0.5995039682539679,-0.24666666666666667,-6.657118807118807,-10.063457792207792,-3.367800625300626,-6.836483886483887,-10.272098965848967,-3.6241131553631565
5,3,2,cnf&tzi|gap&mrg|ovl,1,0,44.0,2.32,44.09611684611684,37.0,2.33,281,-2.3491822991822993,-5.560092592592592,0.7812632275132259,-0.23666666666666666,-6.666113516113517,-9.885900673400675,-3.2855387205387205,-6.845478595478596,-10.59554834054834,-3.431084656084656
6,3,3,as&mrg|cnf&gap&ovl|tzi,1,1,38.4,2.0,44.08870943870944,38.333333333333336,2.2266666666666666,276,-2.356589706589707,-6.984231000480999,1.8938894901394894,-0.34,-6.673520923520923,-11.358245550745549,-2.1045983645983655,-6.852886002886002,-10.916917989417989,-2.86406685906686
5,3,2,as|cnf&gap|mrg&ovl,1,1,46.4,2.24,44.06146076146076,37.666666666666664,2.243333333333333,299,-2.383838383838384,-4.444444444444445,-0.6060606060606062,-0.3233333333333333,-6.7007696007696005,-10.28967833092833,-3.188762626262627,-6.880134680134681,-10.344734848484848,-3.4558922558922567
6,3,3,as|cnf&gap|mrg&ovl&tzi,1,1,46.4,2.24,44.06146076146076,37.666666666666664,2.296666666666667,298,-2.383838383838384,-4.444444444444445,-0.6060606060606062,-0.27,-6.7007696007696005,-10.28967833092833,-3.188762626262627,-6.880134680134681,-10.344734848484848,-3.4558922558922567
6,3,3,as|cnf&gap&mrg|ovl&tzi,1,1,42.4,2.28,44.06146076146076,37.666666666666664,2.34,298,-2.383838383838384,-4.445454545454545,-0.5527777777777804,-0.22666666666666666,-6.7007696007696005,-10.564304954304953,-3.187433261183263,-6.880134680134679,-10.258901515151514,-3.477129629629631
4,2,3,as|cnf&gap&tzi,0,1,44.8,2.36,44.06146076146076,37.666666666666664,2.3633333333333333,298,-2.383838383838384,-4.31338383838384,-0.6666666666666667,-0.20333333333333334,-6.7007696007696005,-10.305801467051467,-3.230650553150552,-6.880134680134679,-10.313034511784512,-3.656182659932661
5,3,3,as&cnf&ovl|mrg|tzi,1,1,38.4,1.88,44.0053761053761,38.333333333333336,1.99,285,-2.43992303992304,-6.916653439153439,1.7906986531986513,-0.5766666666666667,-6.756854256854257,-11.358748797498796,-2.174036796536797,-6.936219336219336,-11.204556878306878,-2.844304353054353
3,2,2,cnf&tzi|gap,0,0,42.4,2.64,43.98738668738668,39.33333333333333,2.6666666666666665,178,-2.457912457912458,-7.34642316017316,2.1035491822991803,0.1,-6.774843674843675,-11.718661014911016,-2.173713323713325,-6.954208754208753,-11.522903439153437,-2.937242063492063
5,3,2,cnf&gap|mrg&tzi|ovl,1,0,44.0,2.28,43.985005735005736,36.666666666666664,2.296666666666667,281,-2.4602934102934104,-5.632294372294373,0.4122985810485802,-0.27,-6.777224627224629,-10.116506132756134,-3.320277176527177,-6.956589706589707,-10.559132395382397,-3.6070755170755184
5,3,2,as&tzi|gap&mrg|ovl,1,1,42.4,2.24,43.985005735005736,36.666666666666664,2.35,282,-2.4602934102934104,-5.632294372294373,0.4122985810485802,-0.21666666666666667,-6.777224627224629,-10.116506132756134,-3.320277176527177,-6.956589706589707,-10.559132395382397,-3.6070755170755184
4,2,3,gap&mrg&tzi|ovl,1,0,48.0,2.4,43.985005735005736,36.666666666666664,2.466666666666667,276,-2.4602934102934104,-5.839671115921115,0.8914153439153429,-0.1,-6.777224627224629,-9.86409632034632,-3.6789844877344886,-6.956589706589707,-10.59179834054834,-3.444279100529102
5,3,2,as&mrg|cnf|gap&ovl,1,1,44.0,2.48,43.93844488844489,37.666666666666664,2.2733333333333334,290,-2.506854256854257,-5.448854617604618,0.5367965367965368,-0.29333333333333333,-6.823785473785474,-10.40679353054353,-3.360488816738817,-7.003150553150553,-10.535719696969696,-3.6577861952861954
5,3,2,as&tzi|cnf|gap&ovl,0,1,42.4,2.44,43.93844488844489,37.666666666666664,2.3333333333333335,281,-2.506854256854257,-5.448854617604618,0.5367965367965368,-0.23333333333333334,-6.823785473785474,-10.40679353054353,-3.360488816738817,-7.003150553150553,-10.535719696969696,-3.6577861952861954
6,3,3,as&mrg&tzi|cnf|gap&ovl,1,1,44.0,2.56,43.93844488844489,37.666666666666664,2.36,279,-2.506854256854257,-5.448854617604618,0.5367965367965368,-0.20666666666666667,-6.823785473785474,-10.40679353054353,-3.360488816738817,-7.003150553150553,-10.535719696969696,-3.6577861952861954
6,4,2,as&tzi|cnf&gap|mrg|ovl,1,1,42.4,2.08,43.91833906833907,36.666666666666664,2.0966666666666667,295,-2.5269600769600773,-5.581540404040405,0.31541005291005075,-0.47,-6.843891293891294,-10.135988455988455,-3.3274621212121223,-7.023256373256373,-10.753924963924964,-3.658517917267918
4,3,2,cnf&gap|mrg|ovl,1,0,44.0,2.2,43.91833906833907,36.666666666666664,2.1233333333333335,294,-2.5269600769600773,-5.581540404040405,0.31541005291005075,-0.44333333333333336,-6.843891293891294,-10.135988455988455,-3.3274621212121223,-7.023256373256373,-10.753924963924964,-3.658517917267918
5,3,3,cnf&gap&tzi|mrg|ovl,1,0,44.0,2.24,43.91833906833907,36.666666666666664,2.16,294,-2.5269600769600773,-5.581540404040405,0.31541005291005075,-0.4066666666666667,-6.843891293891294,-10.135988455988455,-3.3274621212121223,-7.023256373256373,-10.753924963924964,-3.658517917267918
4,3,2,as&tzi|mrg|ovl,1,1,42.4,2.16,43.91833906833907,36.666666666666664,2.1733333333333333,295,-2.5269600769600773,-5.581540404040405,0.31541005291005075,-0.3933333333333333,-6.843891293891294,-10.135988455988455,-3.3274621212121223,-7.023256373256373,-10.753924963924964,-3.658517917267918
5,3,3,as&gap&tzi|mrg|ovl,1,1,42.4,2.16,43.91833906833907,36.666666666666664,2.1733333333333333,295,-2.5269600769600773,-5.581540404040405,0.31541005291005075,-0.3933333333333333,-6.843891293891294,-10.135988455988455,-3.3274621212121223,-7.023256373256373,-10.753924963924964,-3.658517917267918
5,3,3,as&cnf&tzi|mrg|ovl,1,1,44.0,2.28,43.91833906833907,36.666666666666664,2.2,293,-2.5269600769600773,-5.581540404040405,0.31541005291005075,-0.36666666666666664,-6.843891293891294,-10.135988455988455,-3.3274621212121223,-7.023256373256373,-10.753924963924964,-3.658517917267918
6,3,4,as&cnf&gap&tzi|mrg|ovl,1,1,44.0,2.28,43.91833906833907,36.666666666666664,2.2,293,-2.5269600769600773,-5.581540404040405,0.31541005291005075,-0.36666666666666664,-6.843891293891294,-10.135988455988455,-3.3274621212121223,-7.023256373256373,-10.753924963924964,-3.658517917267918
2,2,1,mrg|ovl,1,0,48.0,2.32,43.91833906833907,36.666666666666664,2.2333333333333334,293,-2.5269600769600773,-5.765560365560366,0.704325396825396,-0.3333333333333333,-6.843891293891294,-10.141179653679654,-3.6007239057239055,-7.023256373256373,-10.708805315055315,-3.5296019721019722
5,3,2,cnf|gap&mrg|ovl&tzi,1,0,44.0,2.48,43.918339068339066,37.333333333333336,2.3433333333333333,279,-2.5269600769600773,-5.868386844636845,0.7824320586820581,-0.22333333333333333,-6.843891293891294,-10.363943602693602,-3.3049603174603184,-7.023256373256373,-10.476800745550745,-3.6496747234247238
6,3,3,as&ovl&tzi|cnf|gap&mrg,1,1,48.0,2.52,43.918339068339066,37.333333333333336,2.3733333333333335,279,-2.5269600769600773,-5.868386844636845,0.7824320586820581,-0.19333333333333333,-6.843891293891294,-10.363943602693602,-3.3049603174603184,-7.023256373256373,-10.476800745550745,-3.6496747234247238
4,2,3,as&cnf&tzi|gap,0,1,40.8,2.76,43.87627557627558,39.0,2.69,178,-2.569023569023569,-7.353439153439154,1.9302910052910045,0.12333333333333334,-6.885954785954786,-11.927889009139008,-2.3443115680615723,-7.065319865319865,-11.624433020683021,-3.0045286195286196
4,2,3,cnf&mrg&tzi|gap,1,0,42.4,2.64,43.87627557627558,39.0,2.7,178,-2.569023569023569,-7.353439153439154,1.9302910052910045,0.13333333333333333,-6.885954785954786,-11.927889009139008,-2.3443115680615723,-7.065319865319865,-11.624433020683021,-3.0045286195286196
4,2,3,as&ovl&tzi|gap,0,1,40.8,2.76,43.87627557627558,39.0,2.7,176,-2.569023569023569,-7.353439153439154,1.9302910052910045,0.13333333333333333,-6.885954785954786,-11.927889009139008,-2.3443115680615723,-7.065319865319865,-11.624433020683021,-3.0045286195286196
5,2,4,as&cnf&mrg&tzi|gap,1,1,40.8,2.76,43.87627557627558,39.0,2.7066666666666666,178,-2.569023569023569,-7.353439153439154,1.9302910052910045,0.14,-6.885954785954786,-11.927889009139008,-2.3443115680615723,-7.065319865319865,-11.624433020683021,-3.0045286195286196
5,2,4,as&cnf&ovl&tzi|gap,0,1,40.8,2.76,43.87627557627558,39.0,2.71,175,-2.569023569023569,-7.353439153439154,1.9302910052910045,0.14333333333333334,-6.885954785954786,-11.927889009139008,-2.3443115680615723,-7.065319865319865,-11.624433020683021,-3.0045286195286196
4,2,3,gap|mrg&ovl&tzi,1,0,42.4,2.64,43.87627557627558,39.0,2.723333333333333,175,-2.569023569023569,-7.353439153439154,1.9302910052910045,0.15666666666666668,-6.885954785954786,-11.927889009139008,-2.3443115680615723,-7.065319865319865,-11.624433020683021,-3.0045286195286196
5,2,4,as&mrg&ovl&tzi|gap,1,1,40.8,2.76,43.87627557627558,39.0,2.73,174,-2.569023569023569,-7.353439153439154,1.9302910052910045,0.16333333333333333,-6.885954785954786,-11.927889009139008,-2.3443115680615723,-7.065319865319865,-11.624433020683021,-3.0045286195286196
5,2,4,cnf&mrg&ovl&tzi|gap,1,0,42.4,2.64,43.87627557627558,39.0,2.7333333333333334,174,-2.569023569023569,-7.353439153439154,1.9302910052910045,0.16666666666666666,-6.885954785954786,-11.927889009139008,-2.3443115680615723,-7.065319865319865,-11.624433020683021,-3.0045286195286196
6,2,5,as&cnf&mrg&ovl&tzi|gap,1,1,40.8,2.76,43.87627557627558,39.0,2.74,173,-2.569023569023569,-7.353439153439154,1.9302910052910045,0.17333333333333334,-6.885954785954786,-11.927889009139008,-2.3443115680615723,-7.065319865319865,-11.624433020683021,-3.0045286195286196
1,1,1,gap,0,0,40.8,2.76,43.87627557627558,39.0,2.7733333333333334,167,-2.569023569023569,-7.353439153439154,1.9302910052910045,0.20666666666666667,-6.885954785954786,-11.927889009139008,-2.3443115680615723,-7.065319865319865,-11.624433020683021,-3.0045286195286196
6,3,2,as&mrg|cnf&ovl|gap&tzi,1,1,42.4,1.92,43.86648721648722,38.0,2.0,288,-2.578811928811929,-6.992822871572872,1.6450402837902813,-0.5666666666666667,-6.895743145743145,-11.233507094757094,-2.0847186147186147,-7.075108225108223,-11.05224506974507,-2.9574302549302556
5,3,2,as|cnf&tzi|mrg&ovl,1,1,46.4,2.24,43.839238539238536,37.666666666666664,2.263333333333333,299,-2.6060606060606064,-4.667676767676768,-0.6666666666666667,-0.30333333333333334,-6.922991822991823,-10.717012987012986,-3.3352050264550286,-7.102356902356903,-10.510012626262625,-3.6710774410774425
5,3,2,as|cnf&tzi|gap&ovl,0,1,42.4,2.2,43.839238539238536,37.666666666666664,2.2733333333333334,298,-2.6060606060606064,-4.667676767676768,-0.6666666666666667,-0.29333333333333333,-6.922991822991823,-10.717012987012986,-3.3352050264550286,-7.102356902356903,-10.510012626262625,-3.6710774410774425
6,3,3,as|cnf&tzi|gap&mrg&ovl,1,1,46.4,2.24,43.839238539238536,37.666666666666664,2.316666666666667,298,-2.6060606060606064,-4.667676767676768,-0.6666666666666667,-0.25,-6.922991822991823,-10.717012987012986,-3.3352050264550286,-7.102356902356903,-10.510012626262625,-3.6710774410774425
4,2,2,cnf&ovl|gap&tzi,0,0,42.4,2.04,43.766487216487214,38.0,2.31,256,-2.6788119288119288,-7.110770202020202,1.550185786435786,-0.25666666666666665,-6.995743145743146,-11.12893759018759,-2.415584415584416,-7.175108225108224,-11.096810365560367,-3.1297817460317465
5,3,2,as&mrg|cnf&gap|tzi,1,1,38.4,1.96,43.7553761053761,38.0,2.1766666666666667,277,-2.68992303992304,-7.212723665223665,1.4764634439634425,-0.39,-7.006854256854256,-11.753411495911497,-2.297515031265032,-7.186219336219336,-11.244375901875902,-3.0668506493506507
5,3,2,as|cnf&mrg|ovl&tzi,1,1,42.4,2.28,43.72812742812743,37.333333333333336,2.27,299,-2.717171717171717,-4.9393939393939394,-0.7171717171717172,-0.2966666666666667,-7.034102934102934,-10.896719576719576,-3.3155808080808082,-7.213468013468013,-10.650677609427609,-3.9467087542087547
6,3,3,as|cnf&gap&tzi|mrg&ovl,1,1,46.4,2.24,43.72812742812743,37.333333333333336,2.283333333333333,299,-2.717171717171717,-4.718686868686869,-1.0,-0.2833333333333333,-7.034102934102934,-10.684810004810005,-3.52209595959596,-7.213468013468013,-10.677941919191921,-4.0336237373737385
6,3,3,as|cnf&mrg&tzi|gap&ovl,1,1,42.4,2.28,43.72812742812743,37.333333333333336,2.33,298,-2.717171717171717,-4.718686868686869,-1.0,-0.23666666666666666,-7.034102934102934,-10.684810004810005,-3.52209595959596,-7.213468013468013,-10.677941919191921,-4.0336237373737385
4,2,3,as&gap&ovl|tzi,0,1,38.4,2.72,43.72151367151368,39.0,2.92,169,-2.723785473785474,-7.496592111592111,1.6703691678691668,0.35333333333333333,-7.040716690716691,-11.750164742664742,-2.3625018037518064,-7.220081770081769,-11.58728715728716,-3.126383477633478
4,2,3,as&cnf&ovl|gap,0,1,40.8,2.08,43.71886816886817,38.333333333333336,2.22,248,-2.7264309764309766,-7.255645141895142,1.3323809523809522,-0.3466666666666667,-7.043362193362193,-11.945586219336219,-2.5720989658489666,-7.222727272727271,-11.458300264550266,-3.089545454545455
5,3,2,as&cnf|gap&ovl|mrg,1,1,44.0,2.48,43.70802160802161,37.0,2.36,289,-2.7372775372775373,-5.470636123136123,-0.268597883597885,-0.20666666666666667,-7.054208754208754,-10.871814574314573,-3.2754924242424246,-7.233573833573835,-10.437935906685906,-3.9082275132275135
4,3,2,cnf&tzi|mrg|ovl,1,0,44.0,2.24,43.696116846116844,36.666666666666664,2.1533333333333333,294,-2.7491822991822996,-5.8248472823472826,0.20878487253487218,-0.41333333333333333,-7.066113516113516,-10.374166666666666,-3.603186628186629,-7.245478595478596,-11.00912938912939,-3.780342712842713
2,2,1,as|ovl,0,1,42.4,2.2,43.66066711066712,37.0,2.1633333333333336,299,-2.784632034632035,-5.006854256854256,-0.827317821067822,-0.4033333333333333,-7.101563251563252,-10.668771043771045,-3.48950937950938,-7.280928330928331,-10.4234126984127,-3.825760582010582
6,3,3,as&cnf&gap|mrg&tzi|ovl,1,1,44.0,2.32,43.6516724016724,36.333333333333336,2.3566666666666665,280,-2.7936267436267435,-5.966360630110631,-0.023921356421358123,-0.21,-7.110557960557962,-10.470577801827801,-3.5931144781144795,-7.289923039923041,-10.84456289081289,-3.9313810726310736
3,2,2,mrg&tzi|ovl,1,0,48.0,2.4,43.6516724016724,36.333333333333336,2.4466666666666668,277,-2.7936267436267435,-6.143347763347763,0.4460191197691193,-0.12,-7.110557960557962,-10.298983285233286,-3.8234650072150074,-7.289923039923041,-10.871783910533912,-3.9382671957671977
6,3,3,as&mrg&ovl|cnf&gap|tzi,1,1,38.4,2.0,43.6474395974396,38.333333333333336,2.4066666666666667,247,-2.7978595478595483,-7.243894901394901,1.5371410533910521,-0.16,-7.114790764790765,-11.843405483405482,-2.3518380230880247,-7.294155844155843,-11.327736892736892,-3.4292658730158743
5,3,3,as&cnf&gap|mrg|ovl,1,1,44.0,2.24,43.585005735005744,36.333333333333336,2.18,293,-2.8602934102934103,-5.836929413179413,-0.02524110149110173,-0.38666666666666666,-7.177224627224628,-10.581824795574795,-3.603186628186629,-7.356589706589707,-10.930009018759021,-3.992109187109187
4,3,2,as&tzi|cnf|mrg,1,1,46.4,2.28,43.58500573500573,37.0,2.2333333333333334,291,-2.8602934102934108,-6.177547498797499,0.2685984848484834,-0.3333333333333333,-7.177224627224628,-10.876206108706107,-3.6259974747474755,-7.356589706589707,-10.93538961038961,-3.965759980759983
5,3,3,as&gap&tzi|cnf|mrg,1,1,46.4,2.28,43.58500573500573,37.0,2.2333333333333334,291,-2.8602934102934108,-6.177547498797499,0.2685984848484834,-0.3333333333333333,-7.177224627224628,-10.876206108706107,-3.6259974747474755,-7.356589706589707,-10.93538961038961,-3.965759980759983
4,3,2,cnf|mrg|ovl&tzi,1,0,44.0,2.36,43.58500573500573,37.0,2.236666666666667,290,-2.8602934102934108,-6.177547498797499,0.2685984848484834,-0.33,-7.177224627224628,-10.876206108706107,-3.6259974747474755,-7.356589706589707,-10.93538961038961,-3.965759980759983
5,3,3,cnf|gap&ovl&tzi|mrg,1,0,44.0,2.36,43.58500573500573,37.0,2.236666666666667,290,-2.8602934102934108,-6.177547498797499,0.2685984848484834,-0.33,-7.177224627224628,-10.876206108706107,-3.6259974747474755,-7.356589706589707,-10.93538961038961,-3.965759980759983
5,3,3,as&ovl&tzi|cnf|mrg,1,1,48.0,2.4,43.58500573500573,37.0,2.2666666666666666,290,-2.8602934102934108,-6.177547498797499,0.2685984848484834,-0.3,-7.177224627224628,-10.876206108706107,-3.6259974747474755,-7.356589706589707,-10.93538961038961,-3.965759980759983
6,3,4,as&gap&ovl&tzi|cnf|mrg,1,1,48.0,2.4,43.58500573500573,37.0,2.2666666666666666,290,-2.8602934102934108,-6.177547498797499,0.2685984848484834,-0.3,-7.177224627224628,-10.876206108706107,-3.6259974747474755,-7.356589706589707,-10.93538961038961,-3.965759980759983
5,3,2,as&tzi|cnf|gap&mrg,1,1,46.4,2.4,43.58500573500573,37.0,2.3366666666666664,280,-2.8602934102934108,-6.177547498797499,0.2685984848484834,-0.23,-7.177224627224628,-10.876206108706107,-3.6259974747474755,-7.356589706589707,-10.93538961038961,-3.965759980759983
6,3,3,as&cnf&mrg|gap|ovl&tzi,1,1,42.4,2.0,43.576804676804684,37.666666666666664,2.1066666666666665,269,-2.868494468494468,-7.621275252525253,1.3006752044252037,-0.46,-7.1854256854256855,-12.18751503126503,-2.559086700336702,-7.364790764790764,-11.804062650312652,-3.045383597883598
4,3,2,as|cnf&gap|ovl,0,1,42.4,2.12,43.549555999556,36.666666666666664,2.066666666666667,300,-2.8957431457431455,-5.323484848484848,-0.6661706349206354,-0.5,-7.212674362674363,-10.70075998075998,-3.6666594516594535,-7.392039442039443,-10.762481962481962,-3.89203703703704
3,2,2,as&tzi|gap,0,1,40.8,2.76,43.542942242942246,38.666666666666664,2.6733333333333333,179,-2.9023569023569022,-7.739059644059642,1.4681980519480518,0.10666666666666667,-7.2192881192881195,-12.394099927849926,-2.5273869648869645,-7.398653198653197,-12.079952501202502,-3.3487265512265516
3,2,2,gap|mrg&tzi,1,0,42.4,2.64,43.542942242942246,38.666666666666664,2.6766666666666667,179,-2.9023569023569022,-7.739059644059642,1.4681980519480518,0.11,-7.2192881192881195,-12.394099927849926,-2.5273869648869645,-7.398653198653197,-12.079952501202502,-3.3487265512265516
4,2,3,as&mrg&tzi|gap,1,1,40.8,2.76,43.542942242942246,38.666666666666664,2.69,179,-2.9023569023569022,-7.739059644059642,1.4681980519480518,0.12333333333333334,-7.2192881192881195,-12.394099927849926,-2.5273869648869645,-7.398653198653197,-12.079952501202502,-3.3487265512265516
5,3,2,cnf&ovl|gap&tzi|mrg,1,0,42.4,1.88,43.53315388315389,37.666666666666664,1.9333333333333333,288,-2.9121452621452626,-7.386156806156806,1.2174681337181326,-0.6333333333333333,-7.229076479076479,-11.484315175565175,-2.443611111111112,-7.408441558441557,-11.58039442039442,-3.3090656565656564
5,3,3,as&gap&tzi|cnf|ovl,0,1,42.4,2.16,43.49400044400045,37.0,2.1133333333333333,296,-2.9512987012987013,-5.857855339105338,-0.17814754689754725,-0.4533333333333333,-7.268229918229919,-10.87162457912458,-3.702816859066859,-7.447594997594997,-10.85279761904762,-3.8312481962481963
5,3,3,as&gap&mrg|cnf|ovl,1,1,44.0,2.28,43.49400044400045,37.0,2.1333333333333333,294,-2.9512987012987013,-5.857855339105338,-0.17814754689754725,-0.43333333333333335,-7.268229918229919,-10.87162457912458,-3.702816859066859,-7.447594997594997,-10.85279761904762,-3.8312481962481963
6,3,4,as&gap&mrg&tzi|cnf|ovl,1,1,44.0,2.28,43.49400044400045,37.0,2.14,294,-2.9512987012987013,-5.857855339105338,-0.17814754689754725,-0.4266666666666667,-7.268229918229919,-10.87162457912458,-3.702816859066859,-7.447594997594997,-10.85279761904762,-3.8312481962481963
2,2,1,cnf|ovl,0,0,44.0,2.28,43.49400044400045,37.0,2.1466666666666665,294,-2.9512987012987013,-5.857855339105338,-0.17814754689754725,-0.42,-7.268229918229919,-10.87162457912458,-3.702816859066859,-7.447594997594997,-10.85279761904762,-3.8312481962481963
5,3,2,as&gap|mrg&tzi|ovl,1,1,42.4,2.2,43.485005735005736,36.0,2.29,285,-2.96029341029341,-6.050623496873497,-0.23506854256854334,-0.27666666666666667,-7.277224627224629,-10.72148629148629,-3.665693843193844,-7.456589706589707,-10.964397546897546,-4.1752164502164515
5,3,3,cnf&gap&ovl|mrg|tzi,1,0,38.4,1.96,43.42204277204277,37.666666666666664,2.0766666666666667,281,-3.0232563732563733,-7.707141654641654,1.3770670995670986,-0.49,-7.34018759018759,-12.103579846079846,-2.7342712842712844,-7.519552669552669,-11.874451058201057,-3.344239417989418
6,3,4,as&cnf&gap&ovl|mrg|tzi,1,1,38.4,1.96,43.42204277204277,37.666666666666664,2.0933333333333333,280,-3.0232563732563733,-7.707141654641654,1.3770670995670986,-0.47333333333333333,-7.34018759018759,-12.103579846079846,-2.7342712842712844,-7.519552669552669,-11.874451058201057,-3.344239417989418
4,3,2,as&gap|mrg|ovl,1,1,42.4,2.12,43.41833906833907,36.0,2.12,298,-3.026960076960077,-5.947941919191919,-0.28419913419913484,-0.44666666666666666,-7.343891293891295,-10.853150553150554,-3.7861862674362685,-7.523256373256373,-11.009267075517075,-4.212006974506976
4,2,2,as&ovl|gap&tzi,0,1,40.8,2.04,43.39743959743961,38.333333333333336,2.34,255,-3.047859547859548,-7.284926647426647,0.802133237133237,-0.22666666666666666,-7.364790764790764,-11.6631246993747,-3.2769865319865326,-7.544155844155844,-11.839879749879751,-3.2625294612794655
5,3,2,as|cnf&mrg|gap&ovl,1,1,42.4,2.28,43.394794094794094,37.0,2.26,299,-3.0505050505050506,-5.212121212121213,-1.3219696969696983,-0.30666666666666664,-7.367436267436267,-11.200906084656086,-3.7433134920634927,-7.546801346801346,-11.025042087542088,-4.347222222222223
6,3,3,as|cnf&mrg|gap&ovl&tzi,1,1,42.4,2.28,43.394794094794094,37.0,2.28,299,-3.0505050505050506,-5.212121212121213,-1.3219696969696983,-0.2866666666666667,-7.367436267436267,-11.200906084656086,-3.7433134920634927,-7.546801346801346,-11.025042087542088,-4.347222222222223
3,2,2,gap&ovl|tzi,0,0,38.4,2.72,43.38818033818034,38.666666666666664,2.8766666666666665,173,-3.0571188071188073,-7.795410052910053,1.228163179413177,0.31,-7.374050024050023,-12.181913780663777,-2.6132954545454563,-7.5534151034151025,-11.95222522847523,-3.5057671957671968
6,3,3,as&cnf&ovl|gap|mrg&tzi,1,1,42.4,1.96,43.38553483553484,38.0,2.1766666666666667,252,-3.0597643097643097,-7.531407527657528,1.0571434583934585,-0.39,-7.376695526695527,-12.348279822029824,-2.7938654401154404,-7.556060606060605,-11.848888287638287,-3.3526052188552202
4,2,2,as&cnf|gap&tzi,0,1,40.8,2.12,43.37839197839198,38.0,2.2466666666666666,270,-3.0669071669071672,-7.11108225108225,0.8613095238095225,-0.32,-7.383838383838384,-12.079335618085619,-2.4968765031265034,-7.563203463203462,-11.5148082010582,-3.5212157287157293
4,3,2,as&gap|cnf|ovl,0,1,42.4,2.16,43.327333777333784,36.666666666666664,2.0733333333333333,299,-3.1179653679653683,-6.024224386724386,-0.3876713564213575,-0.49333333333333335,-7.434896584896585,-11.038985690235691,-3.8676352813852817,-7.614261664261663,-11.067486171236173,-4.0339514189514185
2,2,1,as|cnf,0,1,46.4,2.16,43.27177822177822,37.0,2.1466666666666665,300,-3.1735209235209236,-5.780546536796536,-0.9121031746031751,-0.42,-7.490452140452139,-11.123195646945646,-3.829449254449255,-7.669817219817218,-11.32089526214526,-4.067936507936508
6,3,3,as&mrg&ovl|cnf&tzi|gap,1,1,42.4,1.96,43.24664594664594,38.0,2.2266666666666666,252,-3.1986531986531985,-7.890512265512266,1.2054238816738807,-0.34,-7.515584415584415,-12.49235088985089,-2.9473508898508904,-7.694949494949493,-12.180127465127466,-3.519080086580088
5,3,2,as&mrg|gap|ovl&tzi,1,1,42.4,1.92,43.24347134347135,37.333333333333336,2.013333333333333,281,-3.2018278018278017,-7.826784511784511,1.0290247715247711,-0.5533333333333333,-7.518759018759019,-12.61521043771044,-2.891797739297742,-7.698124098124097,-12.165906084656086,-3.411469456469457
6,3,3,as&mrg|cnf&ovl&tzi|gap,1,1,42.4,1.92,43.24347134347135,37.333333333333336,2.013333333333333,281,-3.2018278018278017,-7.826784511784511,1.0290247715247711,-0.5533333333333333,-7.518759018759019,-12.61521043771044,-2.891797739297742,-7.698124098124097,-12.165906084656086,-3.411469456469457
4,2,3,as&cnf&mrg|gap,1,1,40.8,2.12,43.24347134347135,37.333333333333336,2.1466666666666665,268,-3.2018278018278017,-7.832472943722943,1.125605459355458,-0.42,-7.518759018759019,-12.460631313131312,-2.8288612313612327,-7.698124098124097,-12.14496632996633,-3.394453463203464
3,2,2,as&gap|tzi,0,1,38.4,2.68,43.22151367151367,38.333333333333336,2.81,179,-3.223785473785474,-7.811156806156807,1.0246566859066857,0.24333333333333335,-7.54071669071669,-12.312777176527176,-2.7054509379509377,-7.72008177008177,-12.103371813371814,-3.752500000000001
5,3,3,as|cnf&gap&tzi|ovl,0,1,42.4,2.12,43.21622266622267,36.333333333333336,2.0866666666666664,300,-3.2290764790764785,-5.692902236652237,-1.0573142135642135,-0.48,-7.546007696007696,-11.076377465127466,-3.957089947089947,-7.725372775372776,-11.034266474266474,-4.236050986050987
5,3,3,as|cnf&mrg&tzi|ovl,1,1,42.4,2.2,43.21622266622267,36.333333333333336,2.1233333333333335,300,-3.2290764790764785,-5.692902236652237,-1.0573142135642135,-0.44333333333333336,-7.546007696007696,-11.076377465127466,-3.957089947089947,-7.725372775372776,-11.034266474266474,-4.236050986050987
5,3,3,as|cnf&gap&mrg|ovl,1,1,42.4,2.2,43.21622266622267,36.333333333333336,2.1233333333333335,300,-3.2290764790764785,-5.692902236652237,-1.0573142135642135,-0.44333333333333336,-7.546007696007696,-11.076377465127466,-3.957089947089947,-7.725372775372776,-11.034266474266474,-4.236050986050987
6,3,4,as|cnf&gap&mrg&tzi|ovl,1,1,42.4,2.2,43.21622266622267,36.333333333333336,2.1266666666666665,300,-3.2290764790764785,-5.692902236652237,-1.0573142135642135,-0.44,-7.546007696007696,-11.076377465127466,-3.957089947089947,-7.725372775372776,-11.034266474266474,-4.236050986050987
2,2,1,gap|tzi,0,0,38.4,2.6,43.20960890960892,38.333333333333336,2.6133333333333333,179,-3.235690235690236,-8.248543169793171,1.3163973063973051,0.04666666666666667,-7.552621452621453,-12.827294973544973,-2.841951058201059,-7.731986531986531,-12.48794252044252,-3.601762265512267
5,3,2,as&mrg|cnf&ovl|tzi,1,1,38.4,1.88,43.19982054982056,37.333333333333336,1.95,288,-3.2454785954785956,-7.6789538239538215,1.0270304232804222,-0.6166666666666667,-7.562409812409812,-11.817825276575277,-2.736314935064935,-7.74177489177489,-11.752886604136604,-3.5342454304954307
6,4,2,as&gap|cnf&tzi|mrg|ovl,1,1,42.4,2.08,43.196116846116844,36.0,2.0733333333333333,298,-3.2491822991822996,-6.151753848003847,-0.5056000481000495,-0.49333333333333335,-7.566113516113517,-11.10126503126503,-4.118501082251083,-7.745478595478595,-11.408121091871092,-4.3794510582010595
6,3,2,as&ovl|cnf&mrg|gap&tzi,1,1,42.4,1.88,43.17204277204277,37.666666666666664,2.0033333333333334,288,-3.2732563732563733,-7.219088504088504,0.4764490139490135,-0.5633333333333334,-7.59018759018759,-11.886901154401155,-3.3457984607984623,-7.769552669552669,-12.016395502645503,-3.4700721500721503
4,3,2,as&mrg|cnf|ovl,1,1,44.0,2.28,43.16066711066712,36.666666666666664,2.11,295,-3.2846320346320352,-6.0456259018759,-0.6733495670995672,-0.45666666666666667,-7.601563251563251,-11.165300024050024,-3.999324795574797,-7.78092833092833,-11.314034391534394,-4.162822871572872
4,3,2,as&tzi|cnf|ovl,0,1,42.4,2.16,43.16066711066712,36.666666666666664,2.11,296,-3.2846320346320352,-6.0456259018759,-0.6733495670995672,-0.45666666666666667,-7.601563251563251,-11.165300024050024,-3.999324795574797,-7.78092833092833,-11.314034391534394,-4.162822871572872
5,3,3,as&mrg&tzi|cnf|ovl,1,1,44.0,2.28,43.16066711066712,36.666666666666664,2.1366666666666667,294,-3.2846320346320352,-6.0456259018759,-0.6733495670995672,-0.43,-7.601563251563251,-11.165300024050024,-3.999324795574797,-7.78092833092833,-11.314034391534394,-4.162822871572872
5,3,2,cnf&gap|mrg&ovl|tzi,1,0,38.4,2.0,43.15537610537611,37.333333333333336,2.28,262,-3.28992303992304,-7.882016594516594,0.9467135642135619,-0.2866666666666667,-7.606854256854256,-12.22464886964887,-2.967224627224628,-7.786219336219336,-11.752878186628188,-3.842718253968256
6,3,3,as&cnf&gap|mrg&ovl|tzi,1,1,38.4,2.0,43.15537610537611,37.333333333333336,2.3233333333333333,261,-3.28992303992304,-7.758766233766233,0.9328084415584404,-0.24333333333333335,-7.606854256854256,-12.369317580567579,-2.8957070707070707,-7.786219336219336,-11.673590067340065,-3.997089345839347
4,2,3,as&mrg&ovl|gap,1,1,40.8,2.08,43.13553483553484,37.666666666666664,2.3,247,-3.3097643097643097,-8.045099807599808,0.9937319624819618,-0.26666666666666666,-7.626695526695526,-12.633250360750361,-2.9856475468975474,-7.806060606060605,-12.182766354016355,-3.663184223184223
5,2,4,as&cnf&mrg&ovl|gap,1,1,40.8,2.16,43.13553483553484,37.666666666666664,2.3766666666666665,236,-3.3097643097643097,-8.045099807599808,0.9937319624819618,-0.19,-7.626695526695526,-12.633250360750361,-2.9856475468975474,-7.806060606060605,-12.182766354016355,-3.663184223184223
4,3,2,cnf&gap|mrg|tzi,1,0,38.4,1.92,43.08870943870944,37.333333333333336,2.03,282,-3.356589706589707,-8.06447991822992,0.9076178451178439,-0.5366666666666666,-7.673520923520923,-12.440341510341511,-2.874074074074076,-7.8528860028860015,-11.956283068783069,-3.677383357383357
5,3,3,as&cnf&gap|mrg|tzi,1,1,38.4,1.92,43.08870943870944,37.333333333333336,2.07,281,-3.356589706589707,-7.91304232804233,0.9543067580567579,-0.49666666666666665,-7.673520923520923,-12.537214405964406,-3.071840428090428,-7.8528860028860015,-12.198658609908609,-3.8641660654160663
5,3,2,as&mrg|gap&ovl|tzi,1,1,38.4,2.0,43.08870943870944,37.333333333333336,2.183333333333333,278,-3.356589706589707,-7.816565656565658,0.7983002645502643,-0.38333333333333336,-7.673520923520923,-12.328819143819143,-3.103308682058682,-7.8528860028860015,-12.150970418470418,-3.682823472823473
6,3,3,as&cnf&mrg|gap&ovl|tzi,1,1,38.4,2.08,43.08870943870944,37.333333333333336,2.28,266,-3.356589706589707,-7.816565656565658,0.7983002645502643,-0.2866666666666667,-7.673520923520923,-12.328819143819143,-3.103308682058682,-7.8528860028860015,-12.150970418470418,-3.682823472823473
5,3,2,as&ovl|cnf|gap&mrg,1,1,48.0,2.36,43.08500573500573,36.666666666666664,2.223333333333333,292,-3.3602934102934108,-6.31325998075998,-0.38654040404040435,-0.3433333333333333,-7.677224627224627,-11.252820466570467,-3.949274891774892,-7.856589706589706,-11.573411495911493,-4.269589947089948
6,3,3,as&ovl|cnf|gap&mrg&tzi,1,1,48.0,2.36,43.08500573500573,36.666666666666664,2.23,292,-3.3602934102934108,-6.31325998075998,-0.38654040404040435,-0.33666666666666667,-7.677224627224627,-11.252820466570467,-3.949274891774892,-7.856589706589706,-11.573411495911493,-4.269589947089948
5,3,3,as&cnf&ovl|gap|tzi,0,1,38.4,1.92,43.052201502201505,37.666666666666664,2.1233333333333335,252,-3.393097643097643,-7.86947570947571,0.7142899230399227,-0.44333333333333336,-7.71002886002886,-12.71397667147667,-3.2257876382876387,-7.889393939393938,-12.375725709475708,-3.581718374218375
6,4,2,as|cnf&gap|mrg|ovl&tzi,1,1,42.4,2.08,43.04135494135494,36.333333333333336,2.1233333333333335,299,-3.4039442039442043,-5.8183814333814325,-1.1384680134680143,-0.44333333333333336,-7.72087542087542,-11.627753126503128,-3.946890933140933,-7.900240500240501,-11.469806998557,-4.386369047619048
5,3,2,as|cnf&gap|mrg&tzi,1,1,46.4,2.16,43.04135494135494,36.333333333333336,2.243333333333333,298,-3.4039442039442043,-5.626469456469456,-1.3679822029822035,-0.3233333333333333,-7.72087542087542,-11.463851611351611,-3.972362313612314,-7.900240500240501,-11.441612554112556,-4.378968253968255
5,3,2,as|gap&mrg|ovl&tzi,1,1,42.4,2.16,43.04135494135494,36.333333333333336,2.296666666666667,298,-3.4039442039442043,-5.6675517075517075,-1.3010317460317466,-0.27,-7.72087542087542,-11.659097522847523,-3.9146584896584917,-7.900240500240501,-11.4502867965368,-4.384305555555555
6,3,3,as|cnf&ovl&tzi|gap&mrg,1,1,46.4,2.2,43.04135494135494,36.333333333333336,2.32,298,-3.4039442039442043,-5.6675517075517075,-1.3010317460317466,-0.24666666666666667,-7.72087542087542,-11.659097522847523,-3.9146584896584917,-7.900240500240501,-11.4502867965368,-4.384305555555555
5,3,2,as&cnf|gap&mrg|ovl,1,1,44.0,2.28,43.02945017945018,36.0,2.183333333333333,294,-3.4158489658489657,-6.155779220779221,-0.8055585618085621,-0.38333333333333336,-7.732780182780181,-11.259366883116884,-4.185476190476192,-7.912145262145262,-11.255150913900914,-4.345264550264551
6,3,3,as&cnf|gap&mrg&tzi|ovl,1,1,44.0,2.28,43.02945017945018,36.0,2.1933333333333334,294,-3.4158489658489657,-6.155779220779221,-0.8055585618085621,-0.37333333333333335,-7.732780182780181,-11.259366883116884,-4.185476190476192,-7.912145262145262,-11.255150913900914,-4.345264550264551
5,3,2,as&mrg|cnf&tzi|gap,1,1,42.4,1.92,43.02124912124911,37.333333333333336,2.0033333333333334,281,-3.4240500240500245,-8.048026094276093,0.814272486772486,-0.5633333333333334,-7.740981240981242,-12.727910052910055,-3.0011988936988945,-7.92034632034632,-12.449833453583453,-3.6246404521404525
5,3,2,as&ovl|cnf&tzi|gap,0,1,42.4,1.8,42.99664594664595,38.0,1.99,268,-3.4486531986531976,-7.7527994227994235,0.5319919432419427,-0.5766666666666667,-7.765584415584416,-12.621235569985567,-3.5603896103896115,-7.944949494949495,-12.208433742183743,-3.655120851370852
4,3,2,as|cnf&tzi|ovl,0,1,42.4,2.12,42.99400044400045,36.333333333333336,2.0766666666666667,300,-3.4512987012987018,-5.835389610389611,-1.2794101731601735,-0.49,-7.768229918229919,-11.20045153920154,-4.090856180856183,-7.947594997594997,-11.23162999037999,-4.371094276094277
4,3,2,as|cnf|ovl&tzi,0,1,42.4,2.12,42.938444888444884,36.666666666666664,2.1066666666666665,300,-3.5068542568542567,-6.06300505050505,-1.1616161616161618,-0.46,-7.823785473785475,-11.534696969696968,-3.9756709956709977,-8.003150553150553,-11.655073953823957,-4.464675925925926
4,3,2,as|cnf|gap&ovl,0,1,42.4,2.12,42.938444888444884,36.666666666666664,2.1066666666666665,300,-3.5068542568542567,-6.06300505050505,-1.1616161616161618,-0.46,-7.823785473785475,-11.534696969696968,-3.9756709956709977,-8.003150553150553,-11.655073953823957,-4.464675925925926
5,3,3,as|cnf|gap&ovl&tzi,0,1,42.4,2.12,42.938444888444884,36.666666666666664,2.1066666666666665,300,-3.5068542568542567,-6.06300505050505,-1.1616161616161618,-0.46,-7.823785473785475,-11.534696969696968,-3.9756709956709977,-8.003150553150553,-11.655073953823957,-4.464675925925926
4,3,2,as|cnf|mrg&ovl,1,1,46.4,2.16,42.938444888444884,36.666666666666664,2.1233333333333335,300,-3.5068542568542567,-6.06300505050505,-1.1616161616161618,-0.44333333333333336,-7.823785473785475,-11.534696969696968,-3.9756709956709977,-8.003150553150553,-11.655073953823957,-4.464675925925926
5,3,3,as|cnf|mrg&ovl&tzi,1,1,46.4,2.16,42.938444888444884,36.666666666666664,2.13,300,-3.5068542568542567,-6.06300505050505,-1.1616161616161618,-0.43666666666666665,-7.823785473785475,-11.534696969696968,-3.9756709956709977,-8.003150553150553,-11.655073953823957,-4.464675925925926
5,3,3,as|cnf|gap&mrg&ovl,1,1,46.4,2.16,42.938444888444884,36.666666666666664,2.13,300,-3.5068542568542567,-6.06300505050505,-1.1616161616161618,-0.43666666666666665,-7.823785473785475,-11.534696969696968,-3.9756709956709977,-8.003150553150553,-11.655073953823957,-4.464675925925926
6,3,4,as|cnf|gap&mrg&ovl&tzi,1,1,46.4,2.16,42.938444888444884,36.666666666666664,2.13,300,-3.5068542568542567,-6.06300505050505,-1.1616161616161618,-0.43666666666666665,-7.823785473785475,-11.534696969696968,-3.9756709956709977,-8.003150553150553,-11.655073953823957,-4.464675925925926
5,3,2,cnf&ovl|gap&mrg|tzi,1,0,38.4,2.0,42.933153883153885,37.0,2.1566666666666667,265,-3.512145262145263,-7.953005050505052,0.7936574074074072,-0.41,-7.829076479076479,-12.100173761423761,-3.036044372294374,-8.00844155844156,-12.018976070226069,-3.978457792207793
6,3,3,as&gap&mrg|cnf&ovl|tzi,1,1,38.4,2.0,42.933153883153885,37.0,2.1633333333333336,265,-3.512145262145263,-7.953005050505052,0.7936574074074072,-0.4033333333333333,-7.829076479076479,-12.100173761423761,-3.036044372294374,-8.00844155844156,-12.018976070226069,-3.978457792207793
6,4,2,as&tzi|cnf|gap&ovl|mrg,1,1,42.4,2.24,42.918339068339066,36.333333333333336,2.18,292,-3.5269600769600777,-6.785203222703225,-0.5265073352573355,-0.38666666666666666,-7.843891293891294,-11.433825156325158,-4.158300264550265,-8.023256373256373,-11.61424903799904,-4.491732202982203
4,3,2,cnf|gap&ovl|mrg,1,0,44.0,2.36,42.918339068339066,36.333333333333336,2.2066666666666666,291,-3.5269600769600777,-6.785203222703225,-0.5265073352573355,-0.36,-7.843891293891294,-11.433825156325158,-4.158300264550265,-8.023256373256373,-11.61424903799904,-4.491732202982203
5,3,3,as&gap&ovl|cnf|mrg,1,1,48.0,2.4,42.918339068339066,36.333333333333336,2.236666666666667,291,-3.5269600769600777,-6.785203222703225,-0.5265073352573355,-0.33,-7.843891293891294,-11.433825156325158,-4.158300264550265,-8.023256373256373,-11.61424903799904,-4.491732202982203
5,3,2,cnf|gap&ovl|mrg&tzi,1,0,44.0,2.48,42.918339068339066,36.333333333333336,2.31,280,-3.5269600769600777,-6.785203222703225,-0.5265073352573355,-0.25666666666666665,-7.843891293891294,-11.433825156325158,-4.158300264550265,-8.023256373256373,-11.61424903799904,-4.491732202982203
6,3,3,as&gap&ovl|cnf|mrg&tzi,1,1,48.0,2.52,42.918339068339066,36.333333333333336,2.34,280,-3.5269600769600777,-6.785203222703225,-0.5265073352573355,-0.22666666666666666,-7.843891293891294,-11.433825156325158,-4.158300264550265,-8.023256373256373,-11.61424903799904,-4.491732202982203
5,3,2,cnf&mrg|gap|ovl&tzi,1,0,42.4,2.0,42.91013801013801,37.0,1.9766666666666666,275,-3.5351611351611347,-8.301823593073593,0.8693915343915343,-0.59,-7.852092352092352,-12.780809884559885,-3.2677898027898036,-8.031457431457431,-12.563980278980278,-3.696155603655605
3,2,2,as&mrg|gap,1,1,40.8,2.04,42.91013801013801,37.0,2.04,281,-3.5351611351611347,-8.302876382876383,0.7922721260221248,-0.5266666666666666,-7.852092352092352,-12.824417989417988,-3.2404485329485317,-8.031457431457431,-12.594225589225589,-3.89392195767196
6,3,3,as&ovl|cnf&mrg&tzi|gap,1,1,42.4,1.8,42.88553483553484,37.666666666666664,2.01,268,-3.5597643097643092,-7.7342484367484365,0.44756433381433114,-0.5566666666666666,-7.876695526695526,-12.65197751322751,-3.5614153439153444,-8.056060606060607,-12.570416065416065,-3.8262025012025025
3,2,2,as&ovl|gap,0,1,40.8,1.92,42.88553483553484,37.666666666666664,2.033333333333333,265,-3.5597643097643092,-7.7342484367484365,0.44756433381433114,-0.5333333333333333,-7.876695526695526,-12.65197751322751,-3.5614153439153444,-8.056060606060607,-12.570416065416065,-3.8262025012025025
4,3,2,as|cnf&mrg|ovl,1,1,42.4,2.2,42.882889332889334,36.0,2.1066666666666665,300,-3.562409812409812,-6.052389971139973,-1.4000000000000008,-0.46,-7.87934102934103,-11.398686868686868,-4.200854978354979,-8.05870610870611,-11.475465969215968,-4.568041726791727
6,3,2,as&cnf|gap&tzi|mrg&ovl,1,1,42.4,1.92,42.878391978391974,37.333333333333336,2.04,287,-3.566907166907167,-7.465627705627706,0.2677224627224615,-0.5266666666666666,-7.883838383838385,-12.529692159692162,-2.9793831168831173,-8.063203463203463,-12.043015873015872,-4.004802789802791
4,3,2,cnf&ovl|mrg|tzi,1,0,38.4,1.84,42.86648721648722,37.0,1.8933333333333333,288,-3.578811928811929,-7.99282287157287,0.7308970658970652,-0.6733333333333333,-7.895743145743146,-12.309316979316979,-3.0363293650793657,-8.075108225108224,-12.287655122655124,-3.9040133477633474
5,3,2,as&ovl|gap&tzi|mrg,1,1,42.4,1.84,42.83870943870944,37.333333333333336,1.94,290,-3.6065897065897063,-7.42376863876864,0.13267917267917131,-0.6266666666666667,-7.923520923520923,-12.238472823472824,-3.6578174603174607,-8.102886002886002,-12.255936147186146,-4.000069143819145
5,3,3,as&cnf&ovl|gap|mrg,1,1,42.4,1.8,42.82680467680468,37.0,1.77,291,-3.618494468494468,-7.997426046176047,0.3924410774410764,-0.7966666666666666,-7.9354256854256855,-12.812643097643098,-3.5030080567580577,-8.114790764790763,-12.539273689273688,-3.754665704665706
5,3,2,as|cnf&tzi|gap&mrg,1,1,46.4,2.16,42.81913271913271,36.333333333333336,2.27,298,-3.6261664261664257,-5.910091390091391,-1.4379292929292933,-0.2966666666666667,-7.9430976430976425,-11.908897907647907,-4.132545093795096,-8.122462722462723,-11.611050384800386,-4.552982202982203
3,2,2,cnf&ovl|tzi,0,0,38.4,2.0,42.766487216487214,37.0,2.24,258,-3.678811928811929,-8.157666546416547,0.42806577681577607,-0.32666666666666666,-7.9957431457431465,-12.26744107744108,-3.11064393939394,-8.175108225108225,-12.059611592111592,-4.095291005291006
5,3,2,cnf&tzi|gap|mrg&ovl,1,0,42.4,1.96,42.754582454582454,37.0,2.1066666666666665,266,-3.690716690716691,-8.321861471861473,0.5731950456950414,-0.46,-8.007647907647907,-12.797267917267918,-3.493538359788361,-8.187012987012988,-12.60970719095719,-4.010714285714286
6,4,2,as&gap|cnf|mrg|ovl&tzi,1,1,42.4,2.24,42.751672401672394,36.0,2.1466666666666665,295,-3.6936267436267443,-6.827749518999518,-0.7409283309283313,-0.42,-8.01055796055796,-11.508861231361232,-4.408915343915345,-8.18992303992304,-11.614665704665706,-4.704378306878308
4,3,2,as&gap|cnf|mrg,1,1,46.4,2.28,42.751672401672394,36.0,2.17,295,-3.6936267436267443,-6.827749518999518,-0.7409283309283313,-0.39666666666666667,-8.01055796055796,-11.508861231361232,-4.408915343915345,-8.18992303992304,-11.614665704665706,-4.704378306878308
4,3,2,as&ovl|cnf|mrg,1,1,48.0,2.32,42.751672401672394,36.333333333333336,2.1733333333333333,294,-3.6936267436267443,-6.6599831649831644,-0.8875090187590193,-0.3933333333333333,-8.01055796055796,-11.688136123136122,-4.16464886964887,-8.18992303992304,-11.936897546897548,-4.4584710197210216
5,3,2,as&ovl|cnf|mrg&tzi,1,1,48.0,2.36,42.751672401672394,36.333333333333336,2.22,292,-3.6936267436267443,-6.6599831649831644,-0.8875090187590193,-0.3466666666666667,-8.01055796055796,-11.688136123136122,-4.16464886964887,-8.18992303992304,-11.936897546897548,-4.4584710197210216
5,3,2,as&gap|cnf|mrg&tzi,1,1,46.4,2.4,42.751672401672394,36.0,2.2666666666666666,284,-3.6936267436267443,-6.827749518999518,-0.7409283309283313,-0.3,-8.01055796055796,-11.508861231361232,-4.408915343915345,-8.18992303992304,-11.614665704665706,-4.704378306878308
5,3,2,as&ovl|cnf&gap|tzi,0,1,38.4,1.84,42.73077293077293,37.666666666666664,2.1333333333333333,265,-3.714526214526215,-7.687532467532468,-0.06477152477152465,-0.43333333333333335,-8.031457431457433,-12.236149591149593,-3.713265392015393,-8.21082251082251,-12.630812890812889,-3.9948929773929795
5,3,2,as&ovl|gap&mrg|tzi,1,1,38.4,1.88,42.73077293077293,37.666666666666664,2.183333333333333,264,-3.714526214526215,-7.687532467532468,-0.06477152477152465,-0.38333333333333336,-8.031457431457433,-12.236149591149593,-3.713265392015393,-8.21082251082251,-12.630812890812889,-3.9948929773929795
6,3,3,as&ovl|cnf&gap&mrg|tzi,1,1,38.4,1.88,42.73077293077293,37.666666666666664,2.19,264,-3.714526214526215,-7.687532467532468,-0.06477152477152465,-0.37666666666666665,-8.031457431457433,-12.236149591149593,-3.713265392015393,-8.21082251082251,-12.630812890812889,-3.9948929773929795
3,2,2,as&ovl|tzi,0,1,38.4,1.88,42.73077293077293,37.666666666666664,2.2533333333333334,258,-3.714526214526215,-7.9358285233285235,0.1964718614718612,-0.31333333333333335,-8.031457431457433,-12.285217051467052,-3.7287289562289563,-8.21082251082251,-12.689535834535837,-4.032895622895624
3,2,2,as&cnf|tzi,0,1,38.4,1.96,42.71172531172531,37.333333333333336,2.17,271,-3.733573833573834,-7.750518278018277,0.05990860990860914,-0.39666666666666667,-8.05050505050505,-12.982181938431939,-2.9943211880711877,-8.229870129870129,-12.264050625300623,-4.243716931216931
4,3,2,as|cnf&gap|mrg,1,1,46.4,2.12,42.70802160802161,36.0,2.1566666666666667,299,-3.7372775372775378,-6.032974987974989,-1.6436507936507945,-0.41,-8.054208754208753,-11.917475949975952,-4.321037758537759,-8.233573833573834,-11.730570586820589,-4.753068783068786
4,3,2,as|mrg|ovl&tzi,1,1,42.4,2.12,42.70802160802161,36.0,2.2,299,-3.7372775372775378,-6.039752284752286,-1.4885666185666189,-0.36666666666666664,-8.054208754208753,-12.076037758537757,-4.275273569023569,-8.233573833573834,-11.783620129870132,-4.747182539682541
5,3,3,as|cnf&ovl&tzi|mrg,1,1,46.4,2.16,42.70802160802161,36.0,2.223333333333333,299,-3.7372775372775378,-6.039752284752286,-1.4885666185666189,-0.3433333333333333,-8.054208754208753,-12.076037758537757,-4.275273569023569,-8.233573833573834,-11.783620129870132,-4.747182539682541
5,3,2,as|gap&ovl|mrg&tzi,1,1,42.4,2.16,42.70802160802161,36.0,2.28,298,-3.7372775372775378,-5.857332852332853,-1.790690235690236,-0.2866666666666667,-8.054208754208753,-12.034102934102933,-4.2626851851851875,-8.233573833573834,-11.730570586820589,-4.931957671957673
6,3,3,as|cnf&gap&ovl|mrg&tzi,1,1,46.4,2.2,42.70802160802161,36.0,2.3066666666666666,298,-3.7372775372775378,-5.857332852332853,-1.790690235690236,-0.26,-8.054208754208753,-12.034102934102933,-4.2626851851851875,-8.233573833573834,-11.730570586820589,-4.931957671957673
5,3,2,as&cnf|mrg&tzi|ovl,1,1,44.0,2.28,42.696116846116844,35.66666666666667,2.18,294,-3.749182299182299,-6.467138047138047,-1.3589015151515151,-0.38666666666666666,-8.066113516113516,-11.820575396825395,-4.372420033670035,-8.245478595478597,-11.754175685425688,-4.788080808080809
3,3,1,as|cnf|ovl,0,1,42.4,2.08,42.66066711066711,36.0,2.033333333333333,300,-3.7846320346320352,-6.386020923520924,-1.3330086580086584,-0.5333333333333333,-8.10156325156325,-11.733894300144302,-4.379166666666667,-8.280928330928331,-11.805333694083696,-4.596785714285715
5,3,2,as&ovl|cnf&mrg|gap,1,1,42.4,1.76,42.66013801013801,37.0,1.76,292,-3.785161135161135,-7.944223785473785,0.10583393458393209,-0.8066666666666666,-8.102092352092352,-12.829993386243386,-3.8219769119769125,-8.281457431457431,-12.923232924482923,-3.9403330928330935
6,3,3,as&cnf&tzi|gap|mrg&ovl,1,1,42.4,1.96,42.64347134347135,36.666666666666664,2.1266666666666665,266,-3.8018278018278022,-8.56399951899952,0.46779521404521135,-0.44,-8.11875901875902,-12.920915103415103,-3.5602362914862926,-8.298124098124097,-12.872432058682056,-4.237195767195767
3,2,2,gap|mrg&ovl,1,0,42.4,1.96,42.64347134347135,36.666666666666664,2.1733333333333333,262,-3.8018278018278022,-8.56399951899952,0.46779521404521135,-0.3933333333333333,-8.11875901875902,-12.920915103415103,-3.5602362914862926,-8.298124098124097,-12.872432058682056,-4.237195767195767
4,2,3,cnf&mrg&ovl|gap,1,0,42.4,2.04,42.64347134347135,36.666666666666664,2.256666666666667,251,-3.8018278018278022,-8.56399951899952,0.46779521404521135,-0.31,-8.11875901875902,-12.920915103415103,-3.5602362914862926,-8.298124098124097,-12.872432058682056,-4.237195767195767
4,3,2,gap|mrg|ovl&tzi,1,0,42.4,1.88,42.57680467680468,36.666666666666664,1.86,286,-3.868494468494468,-8.592059884559886,0.43177729677729637,-0.7066666666666667,-8.185425685425686,-13.282982202982202,-3.5601436988936994,-8.364790764790763,-13.094833453583455,-4.085019240019241
5,3,3,cnf&ovl&tzi|gap|mrg,1,0,42.4,1.88,42.57680467680468,36.666666666666664,1.86,286,-3.868494468494468,-8.592059884559886,0.43177729677729637,-0.7066666666666667,-8.185425685425686,-13.282982202982202,-3.5601436988936994,-8.364790764790763,-13.094833453583455,-4.085019240019241
4,3,2,as&mrg|gap|tzi,1,1,38.4,1.88,42.57680467680468,36.666666666666664,1.9633333333333334,281,-3.868494468494468,-8.67968734968735,0.560370971620971,-0.6033333333333334,-8.185425685425686,-13.384619408369405,-3.5607726070226073,-8.364790764790763,-13.006328763828762,-4.088825757575758
6,3,3,as&ovl&tzi|cnf&mrg|gap,1,1,42.4,2.0,42.57680467680468,36.666666666666664,1.99,275,-3.868494468494468,-8.43656265031265,0.5839189514189506,-0.5766666666666667,-8.185425685425686,-13.007638888888886,-3.775888648388652,-8.364790764790763,-13.136898148148148,-4.089310365560366
3,2,2,cnf&mrg|gap,1,0,42.4,2.0,42.57680467680468,36.666666666666664,2.013333333333333,274,-3.868494468494468,-8.43656265031265,0.5839189514189506,-0.5533333333333333,-8.185425685425686,-13.007638888888886,-3.775888648388652,-8.364790764790763,-13.136898148148148,-4.089310365560366
5,3,3,as&cnf&mrg|gap|tzi,1,1,38.4,1.96,42.57680467680468,36.666666666666664,2.0533333333333332,269,-3.868494468494468,-8.67968734968735,0.560370971620971,-0.5133333333333333,-8.185425685425686,-13.384619408369405,-3.5607726070226073,-8.364790764790763,-13.006328763828762,-4.088825757575758
5,3,2,as&ovl|gap|mrg&tzi,1,1,42.4,1.8,42.552201502201505,37.333333333333336,2.0,268,-3.8930976430976427,-7.973300264550264,-0.09948893698893883,-0.5666666666666667,-8.21002886002886,-12.983108465608465,-3.815680014430016,-8.389393939393939,-12.940475589225588,-4.072856541606542
5,3,2,as&cnf|gap&mrg|tzi,1,1,38.4,1.96,42.545058645058646,37.0,2.1133333333333333,276,-3.9002405002405003,-7.916860269360268,-0.03726791726791748,-0.4533333333333333,-8.217171717171718,-13.055005411255413,-3.1395610870610873,-8.396536796536795,-12.38000601250601,-4.477506012506014
6,3,3,as&cnf|gap&mrg&ovl|tzi,1,1,38.4,1.96,42.545058645058646,37.0,2.1233333333333335,276,-3.9002405002405003,-7.916860269360268,-0.03726791726791748,-0.44333333333333336,-8.217171717171718,-13.055005411255413,-3.1395610870610873,-8.396536796536795,-12.38000601250601,-4.477506012506014
6,4,2,as|cnf&gap|mrg&tzi|ovl,1,1,42.4,2.04,42.52945017945018,35.333333333333336,2.013333333333333,300,-3.9158489658489657,-6.5848629148629145,-1.382242063492064,-0.5533333333333333,-8.232780182780182,-11.918242544492543,-4.461435185185185,-8.412145262145263,-11.99917267917268,-4.788524531024532
6,4,2,as&ovl|cnf&gap|mrg|tzi,1,1,38.4,1.76,42.50537610537611,37.0,1.83,291,-3.93992303992304,-7.836747234247234,-0.2618073593073617,-0.7366666666666667,-8.256854256854258,-12.670296416546417,-3.7543740981240985,-8.436219336219336,-12.832142255892254,-4.434771524771527
4,3,2,as&ovl|mrg|tzi,1,1,38.4,1.8,42.50537610537611,37.0,1.8866666666666667,290,-3.93992303992304,-7.836747234247234,-0.2618073593073617,-0.68,-8.256854256854258,-12.670296416546417,-3.7543740981240985,-8.436219336219336,-12.832142255892254,-4.434771524771527
5,3,2,as&ovl|cnf&mrg|tzi,1,1,38.4,1.84,42.50537610537611,37.0,1.94,288,-3.93992303992304,-7.836747234247234,-0.2618073593073617,-0.6266666666666667,-8.256854256854258,-12.670296416546417,-3.7543740981240985,-8.436219336219336,-12.832142255892254,-4.434771524771527
6,4,3,as&cnf&ovl|gap|mrg|tzi,1,1,38.4,1.76,42.49347134347134,36.666666666666664,1.7166666666666666,291,-3.9518278018278017,-8.43578403078403,0.2172029822029812,-0.85,-8.268759018759019,-13.218878667628667,-3.7309854497354493,-8.448124098124097,-12.966156806156807,-3.989747474747475
6,4,2,as|cnf&tzi|gap&ovl|mrg,1,1,42.4,2.08,42.48579938579938,36.0,2.1333333333333333,299,-3.9594997594997587,-6.409268879268878,-1.6023809523809531,-0.43333333333333335,-8.276430976430975,-12.352545695045695,-4.394404160654162,-8.455796055796055,-12.14815416065416,-4.964246031746032
4,3,2,as|cnf&tzi|mrg,1,1,46.4,2.12,42.48579938579938,36.0,2.1766666666666667,299,-3.9594997594997587,-6.409268879268878,-1.6023809523809531,-0.39,-8.276430976430975,-12.352545695045695,-4.394404160654162,-8.455796055796055,-12.14815416065416,-4.964246031746032
4,3,2,cnf|gap&mrg|ovl,1,0,44.0,2.2,42.47389462389462,35.66666666666667,2.09,295,-3.9714045214045215,-6.937634078884079,-1.0566492303992312,-0.4766666666666667,-8.288335738335737,-11.897879990379991,-4.689172077922079,-8.467700817700816,-12.200699855699858,-4.817720658970659
5,3,3,cnf|gap&mrg&tzi|ovl,1,0,44.0,2.2,42.47389462389462,35.66666666666667,2.0966666666666667,295,-3.9714045214045215,-6.937634078884079,-1.0566492303992312,-0.47,-8.288335738335737,-11.897879990379991,-4.689172077922079,-8.467700817700816,-12.200699855699858,-4.817720658970659
5,3,2,as|cnf&ovl|mrg&tzi,1,1,46.4,2.16,42.47389462389462,35.66666666666667,2.18,300,-3.9714045214045215,-6.495101010101011,-1.7576587301587312,-0.38666666666666666,-8.28833573833574,-12.073844396344397,-4.4530753968253975,-8.467700817700816,-11.957806036556038,-5.021818783068784
5,3,2,as|cnf&ovl|gap&mrg,1,1,46.4,2.16,42.47389462389462,35.66666666666667,2.1866666666666665,300,-3.9714045214045215,-6.495101010101011,-1.7576587301587312,-0.38,-8.28833573833574,-12.073844396344397,-4.4530753968253975,-8.467700817700816,-11.957806036556038,-5.021818783068784
6,3,3,as|cnf&ovl|gap&mrg&tzi,1,1,46.4,2.16,42.47389462389462,35.66666666666667,2.19,300,-3.9714045214045215,-6.495101010101011,-1.7576587301587312,-0.37666666666666665,-8.28833573833574,-12.073844396344397,-4.4530753968253975,-8.467700817700816,-11.957806036556038,-5.021818783068784
5,3,3,as&mrg&ovl|gap|tzi,1,1,38.4,1.92,42.46886816886817,37.0,2.183333333333333,252,-3.9764309764309766,-9.044895983645985,0.47615079365079277,-0.38333333333333336,-8.293362193362194,-13.466927008177004,-3.732604617604618,-8.472727272727273,-13.042498797498798,-4.340965608465608
6,3,4,as&cnf&mrg&ovl|gap|tzi,1,1,38.4,2.0,42.46886816886817,37.0,2.25,242,-3.9764309764309766,-9.044895983645985,0.47615079365079277,-0.31666666666666665,-8.293362193362194,-13.466927008177004,-3.732604617604618,-8.472727272727273,-13.042498797498798,-4.340965608465608
6,4,2,as&ovl|cnf&tzi|gap|mrg,1,1,42.4,1.72,42.437915787915784,37.0,1.6833333333333333,294,-4.007383357383357,-8.220177970177971,-0.2321548821548826,-0.8833333333333333,-8.324314574314574,-13.2515873015873,-3.7910329485329486,-8.503679653679654,-12.922347883597881,-3.9143151755651764
4,3,2,gap&ovl|mrg|tzi,1,0,38.4,1.96,42.42204277204277,36.666666666666664,2.0366666666666666,283,-4.023256373256373,-8.396966690716692,0.2056325156325151,-0.53,-8.34018759018759,-13.10388468013468,-3.907916065416065,-8.519552669552668,-12.885983645983645,-4.243868446368447
5,3,3,as&gap&ovl|mrg|tzi,1,1,38.4,1.96,42.42204277204277,36.666666666666664,2.0566666666666666,282,-4.023256373256373,-8.396966690716692,0.2056325156325151,-0.51,-8.34018759018759,-13.10388468013468,-3.907916065416065,-8.519552669552668,-12.885983645983645,-4.243868446368447
5,3,2,cnf&mrg|gap&ovl|tzi,1,0,38.4,2.08,42.42204277204277,36.666666666666664,2.15,272,-4.023256373256373,-8.396966690716692,0.2056325156325151,-0.4166666666666667,-8.34018759018759,-13.10388468013468,-3.907916065416065,-8.519552669552668,-12.885983645983645,-4.243868446368447
6,3,3,as&gap&ovl|cnf&mrg|tzi,1,1,38.4,2.08,42.42204277204277,36.666666666666664,2.17,271,-4.023256373256373,-8.396966690716692,0.2056325156325151,-0.39666666666666667,-8.34018759018759,-13.10388468013468,-3.907916065416065,-8.519552669552668,-12.885983645983645,-4.243868446368447
3,2,2,cnf&ovl|gap,0,0,42.4,1.92,42.42124912124912,36.333333333333336,1.97,268,-4.024050024050023,-8.563748797498798,0.2500895863395856,-0.5966666666666667,-8.340981240981241,-12.994261063011061,-3.5877952140452156,-8.52034632034632,-12.6757202982203,-4.366097282347283
4,3,2,as|gap&ovl|mrg,1,1,42.4,2.12,42.374688274688275,35.66666666666667,2.19,299,-4.070610870610871,-6.305108225108224,-1.980079365079366,-0.37666666666666665,-8.387542087542087,-12.409562289562286,-4.498570827320828,-8.566907166907166,-12.116953463203465,-5.220052910052911
5,3,3,as|cnf&gap&tzi|mrg,1,1,46.4,2.12,42.374688274688275,35.66666666666667,2.1933333333333334,299,-4.070610870610871,-6.305108225108224,-1.980079365079366,-0.37333333333333335,-8.387542087542087,-12.409562289562286,-4.498570827320828,-8.566907166907166,-12.116953463203465,-5.220052910052911
5,3,3,as|gap&ovl&tzi|mrg,1,1,42.4,2.12,42.374688274688275,35.66666666666667,2.21,299,-4.070610870610871,-6.305108225108224,-1.980079365079366,-0.3566666666666667,-8.387542087542087,-12.409562289562286,-4.498570827320828,-8.566907166907166,-12.116953463203465,-5.220052910052911
5,3,3,as|cnf&gap&ovl|mrg,1,1,46.4,2.16,42.374688274688275,35.66666666666667,2.216666666666667,299,-4.070610870610871,-6.305108225108224,-1.980079365079366,-0.35,-8.387542087542087,-12.409562289562286,-4.498570827320828,-8.566907166907166,-12.116953463203465,-5.220052910052911
6,3,4,as|cnf&gap&ovl&tzi|mrg,1,1,46.4,2.16,42.374688274688275,35.66666666666667,2.2333333333333334,299,-4.070610870610871,-6.305108225108224,-1.980079365079366,-0.3333333333333333,-8.387542087542087,-12.409562289562286,-4.498570827320828,-8.566907166907166,-12.116953463203465,-5.220052910052911
5,3,2,as&cnf|gap|ovl&tzi,0,1,42.4,1.92,42.36648721648722,36.666666666666664,1.9166666666666667,281,-4.078811928811929,-8.24974446849447,-0.061943843193845174,-0.65,-8.395743145743145,-13.440408249158251,-3.3962686387686403,-8.575108225108224,-12.938238936988936,-4.219886964886966
4,3,2,as&cnf|mrg|ovl,1,1,44.0,2.24,42.362783512783516,35.333333333333336,2.1233333333333335,295,-4.082515632515633,-6.791931818181819,-1.445673400673401,-0.44333333333333336,-8.399446849446848,-12.129979557479558,-4.608742784992786,-8.578811928811927,-12.092925685425687,-4.998584656084656
5,3,2,as&mrg|cnf&ovl|gap,1,1,42.4,1.8,42.354582454582456,36.333333333333336,1.7366666666666666,293,-4.0907166907166905,-8.526457431457432,0.14364417989417935,-0.83,-8.407647907647908,-13.113234126984127,-3.5432076719576724,-8.587012987012987,-12.960768999519,-4.189986171236172
4,3,2,cnf&tzi|gap|mrg,1,0,42.4,1.88,42.354582454582456,36.666666666666664,1.8533333333333333,286,-4.0907166907166905,-8.886896945646946,0.32681457431457367,-0.7133333333333334,-8.407647907647908,-13.336378066378066,-3.669016955266955,-8.587012987012987,-13.29282287157287,-4.300537518037519
4,3,2,as&ovl|gap|mrg,1,1,42.4,1.72,42.32680467680468,36.666666666666664,1.7033333333333334,294,-4.118494468494468,-8.163385642135642,-0.3550607263107267,-0.8633333333333333,-8.435425685425686,-13.371770081770082,-4.005527898027898,-8.614790764790765,-13.3302904040404,-4.271067219817223
5,3,2,as&tzi|gap|mrg&ovl,1,1,42.4,1.96,42.31013801013801,36.333333333333336,2.1233333333333335,266,-4.135161135161136,-8.903352573352574,0.12428330928330909,-0.44333333333333336,-8.452092352092352,-13.423908730158729,-3.942833092833094,-8.63145743145743,-13.229218374218371,-4.5558531746031745
6,3,3,as&tzi|cnf&mrg&ovl|gap,1,1,42.4,2.04,42.31013801013801,36.333333333333336,2.1966666666666668,256,-4.135161135161136,-8.903352573352574,0.12428330928330909,-0.37,-8.452092352092352,-13.423908730158729,-3.942833092833094,-8.63145743145743,-13.229218374218371,-4.5558531746031745
4,3,2,as&tzi|gap|mrg,1,1,42.4,1.88,42.24347134347134,36.333333333333336,1.87,286,-4.201827801827802,-8.829324795574795,0.10137926887926578,-0.6966666666666667,-8.518759018759019,-13.666501322751321,-3.952746512746513,-8.698124098124097,-13.374014550264551,-4.363032106782107
5,3,3,as&cnf&tzi|gap|mrg,1,1,42.4,1.88,42.24347134347134,36.333333333333336,1.87,286,-4.201827801827802,-8.829324795574795,0.10137926887926578,-0.6966666666666667,-8.518759018759019,-13.666501322751321,-3.952746512746513,-8.698124098124097,-13.374014550264551,-4.363032106782107
5,3,3,as&ovl&tzi|gap|mrg,1,1,42.4,1.88,42.24347134347134,36.333333333333336,1.8733333333333333,286,-4.201827801827802,-8.829324795574795,0.10137926887926578,-0.6933333333333334,-8.518759018759019,-13.666501322751321,-3.952746512746513,-8.698124098124097,-13.374014550264551,-4.363032106782107
6,3,4,as&cnf&ovl&tzi|gap|mrg,1,1,42.4,1.88,42.24347134347134,36.333333333333336,1.8733333333333333,286,-4.201827801827802,-8.829324795574795,0.10137926887926578,-0.6933333333333334,-8.518759018759019,-13.666501322751321,-3.952746512746513,-8.698124098124097,-13.374014550264551,-4.363032106782107
2,2,1,gap|mrg,1,0,42.4,1.88,42.24347134347134,36.333333333333336,1.8833333333333333,286,-4.201827801827802,-8.829324795574795,0.10137926887926578,-0.6833333333333333,-8.518759018759019,-13.666501322751321,-3.952746512746513,-8.698124098124097,-13.374014550264551,-4.363032106782107
5,3,2,as&tzi|cnf&mrg|gap,1,1,42.4,2.0,42.24347134347134,36.333333333333336,1.9833333333333334,275,-4.201827801827802,-8.829324795574795,0.10137926887926578,-0.5833333333333334,-8.518759018759019,-13.666501322751321,-3.952746512746513,-8.698124098124097,-13.374014550264551,-4.363032106782107
4,3,2,as&ovl|gap|tzi,0,1,38.4,1.76,42.21886816886817,37.0,1.9466666666666668,268,-4.226430976430976,-8.455705868205866,-0.45250300625300915,-0.62,-8.543362193362194,-13.567059283309282,-4.213590668590669,-8.722727272727274,-13.334547859547857,-4.2635173160173165
5,3,2,as&cnf|gap&tzi|mrg,1,1,42.4,1.88,42.21172531172531,36.666666666666664,1.9466666666666668,289,-4.233573833573834,-8.189965127465127,-0.40747835497835583,-0.62,-8.550505050505052,-13.275889850889852,-3.642258297258299,-8.729870129870129,-12.730465969215969,-4.732700216450217
5,3,2,as&cnf|mrg&ovl|tzi,1,1,38.4,1.88,42.21172531172531,36.666666666666664,1.9766666666666666,287,-4.233573833573834,-8.050812890812892,-0.6181072631072646,-0.59,-8.550505050505052,-13.335660774410773,-3.5216155603655626,-8.729870129870129,-12.643792688792688,-4.760476190476191
5,4,2,as|cnf&gap|mrg|ovl,1,1,42.4,2.0,42.19611684611685,35.0,1.99,300,-4.249182299182299,-6.984810606060606,-1.5992225829725835,-0.5766666666666667,-8.566113516113516,-12.137665343915344,-4.663888287638288,-8.745478595478595,-12.371011904761904,-5.12291305916306
4,3,2,as|mrg&tzi|ovl,1,1,42.4,2.08,42.19611684611685,35.0,2.0733333333333333,300,-4.249182299182299,-6.83022126022126,-1.9310906685906695,-0.49333333333333335,-8.566113516113516,-12.280268157768157,-4.798260582010585,-8.745478595478597,-12.238936988936992,-5.1512313612313605
4,3,2,as|gap&mrg|ovl,1,1,42.4,2.08,42.19611684611685,35.0,2.08,300,-4.249182299182299,-6.83022126022126,-1.9310906685906695,-0.4866666666666667,-8.566113516113516,-12.280268157768157,-4.798260582010585,-8.745478595478597,-12.238936988936992,-5.1512313612313605
5,3,3,as|gap&mrg&tzi|ovl,1,1,42.4,2.08,42.19611684611685,35.0,2.0833333333333335,300,-4.249182299182299,-6.83022126022126,-1.9310906685906695,-0.48333333333333334,-8.566113516113516,-12.280268157768157,-4.798260582010585,-8.745478595478597,-12.238936988936992,-5.1512313612313605
5,4,2,as&tzi|cnf|mrg|ovl,1,1,42.4,2.04,42.14056129056129,35.333333333333336,2.0233333333333334,297,-4.304737854737855,-7.201626382876385,-1.444637445887446,-0.5433333333333333,-8.621669071669071,-12.252123015873018,-4.844238816738818,-8.801034151034152,-12.586453222703224,-5.122503006253007
6,4,3,as&gap&tzi|cnf|mrg|ovl,1,1,42.4,2.04,42.14056129056129,35.333333333333336,2.0233333333333334,297,-4.304737854737855,-7.201626382876385,-1.444637445887446,-0.5433333333333333,-8.621669071669071,-12.252123015873018,-4.844238816738818,-8.801034151034152,-12.586453222703224,-5.122503006253007
3,3,1,cnf|mrg|ovl,1,0,44.0,2.16,42.14056129056129,35.333333333333336,2.05,296,-4.304737854737855,-7.201626382876385,-1.444637445887446,-0.5166666666666667,-8.621669071669071,-12.252123015873018,-4.844238816738818,-8.801034151034152,-12.586453222703224,-5.122503006253007
6,4,2,as&tzi|cnf|gap&mrg|ovl,1,1,42.4,2.08,42.14056129056129,35.333333333333336,2.06,296,-4.304737854737855,-7.201626382876385,-1.444637445887446,-0.5066666666666667,-8.621669071669071,-12.252123015873018,-4.844238816738818,-8.801034151034152,-12.586453222703224,-5.122503006253007
4,3,2,cnf|mrg&tzi|ovl,1,0,44.0,2.2,42.14056129056129,35.333333333333336,2.0866666666666664,295,-4.304737854737855,-7.201626382876385,-1.444637445887446,-0.48,-8.621669071669071,-12.252123015873018,-4.844238816738818,-8.801034151034152,-12.586453222703224,-5.122503006253007
4,3,2,as|cnf&ovl|mrg,1,1,46.4,2.12,42.14056129056129,35.333333333333336,2.14,300,-4.304737854737855,-6.771078042328043,-1.9126352813852832,-0.4266666666666667,-8.621669071669071,-12.497806036556039,-4.726071428571429,-8.80103415103415,-12.27036976911977,-5.316721981721983
6,3,3,as&cnf&mrg|gap&tzi|ovl,1,1,42.4,1.72,42.08870943870944,36.0,1.8066666666666666,294,-4.356589706589706,-8.437663540163541,-0.4645370370370369,-0.76,-8.673520923520924,-12.80238035113035,-4.395951178451179,-8.852886002886002,-12.866521164021163,-4.8461333573833585
5,3,2,cnf&ovl|gap|mrg&tzi,1,0,42.4,1.92,42.08791578791579,36.0,1.94,270,-4.357383357383357,-8.807987614237614,-0.09751924001924042,-0.6266666666666667,-8.674314574314575,-13.40313973063973,-3.8422186147186155,-8.853679653679656,-13.337029822029823,-4.597496392496393
5,3,2,as&tzi|cnf&ovl|gap,0,1,42.4,1.92,42.08791578791579,36.0,1.95,270,-4.357383357383357,-8.807987614237614,-0.09751924001924042,-0.6166666666666667,-8.674314574314575,-13.40313973063973,-3.8422186147186155,-8.853679653679656,-13.337029822029823,-4.597496392496393
6,3,3,as&mrg&tzi|cnf&ovl|gap,1,1,42.4,1.92,42.08791578791579,36.0,1.95,270,-4.357383357383357,-8.807987614237614,-0.09751924001924042,-0.6166666666666667,-8.674314574314575,-13.40313973063973,-3.8422186147186155,-8.853679653679656,-13.337029822029823,-4.597496392496393
6,3,3,as&cnf|gap|mrg&ovl&tzi,1,1,42.4,1.92,42.03315388315389,36.333333333333336,1.9266666666666667,281,-4.412145262145263,-8.497770562770562,-0.4868638768638783,-0.64,-8.729076479076479,-13.715879028379026,-3.7022607022607033,-8.908441558441558,-13.220449735449735,-4.662258297258298
3,2,2,as&cnf|gap,0,1,40.8,2.04,42.03315388315389,36.333333333333336,1.94,280,-4.412145262145263,-8.497770562770562,-0.4868638768638783,-0.6266666666666667,-8.729076479076479,-13.715879028379026,-3.7022607022607033,-8.908441558441558,-13.220449735449735,-4.662258297258298
4,3,2,cnf&ovl|gap|mrg,1,0,42.4,1.76,42.02124912124912,36.0,1.6766666666666667,293,-4.424050024050024,-8.930854978354978,-0.22305796055796076,-0.89,-8.740981240981242,-13.430809884559885,-3.987631072631074,-8.920346320346322,-13.548576238576238,-4.483045334295334
6,4,2,as&tzi|cnf&ovl|gap|mrg,1,1,42.4,1.76,42.02124912124912,36.0,1.6766666666666667,293,-4.424050024050024,-8.930854978354978,-0.22305796055796076,-0.89,-8.740981240981242,-13.430809884559885,-3.987631072631074,-8.920346320346322,-13.548576238576238,-4.483045334295334
5,4,2,as&ovl|gap|mrg|tzi,1,1,38.4,1.68,41.99347134347134,36.333333333333336,1.65,294,-4.451827801827801,-8.622046657046658,-0.5688852813852814,-0.9166666666666666,-8.768759018759019,-13.704276695526696,-4.302694805194807,-8.948124098124097,-13.660661375661377,-4.455607864357867
6,4,2,as&ovl|cnf&mrg|gap|tzi,1,1,38.4,1.72,41.99347134347134,36.333333333333336,1.6966666666666668,292,-4.451827801827801,-8.622046657046658,-0.5688852813852814,-0.87,-8.768759018759019,-13.704276695526696,-4.302694805194807,-8.948124098124097,-13.660661375661377,-4.455607864357867
5,3,2,as&gap|mrg&ovl|tzi,1,1,38.4,2.0,41.988709438709435,36.0,2.25,266,-4.456589706589707,-8.913775853775853,-0.33054773929773973,-0.31666666666666665,-8.773520923520923,-13.31486592111592,-4.302515632515633,-8.952886002886002,-13.042712842712845,-5.117680976430976
6,3,3,as&gap|cnf&mrg&ovl|tzi,1,1,38.4,2.08,41.988709438709435,36.0,2.3233333333333333,256,-4.456589706589707,-8.913775853775853,-0.33054773929773973,-0.24333333333333335,-8.773520923520923,-13.31486592111592,-4.302515632515633,-8.952886002886002,-13.042712842712845,-5.117680976430976
4,3,2,gap|mrg&ovl|tzi,1,0,38.4,1.92,41.976804676804676,36.0,2.0633333333333335,266,-4.468494468494468,-9.44040885040885,-0.2304822029822037,-0.5033333333333333,-8.785425685425686,-13.761156806156805,-4.3008591871091895,-8.964790764790765,-13.43240740740741,-4.762255291005292
5,3,3,cnf&mrg&ovl|gap|tzi,1,0,38.4,2.0,41.976804676804676,36.0,2.1366666666666667,256,-4.468494468494468,-9.44040885040885,-0.2304822029822037,-0.43,-8.785425685425686,-13.761156806156805,-4.3008591871091895,-8.964790764790765,-13.43240740740741,-4.762255291005292
5,4,2,as&gap|cnf|mrg|ovl,1,1,42.4,2.04,41.97389462389462,35.0,1.99,300,-4.471404521404521,-7.344076479076479,-1.7779593554593558,-0.5766666666666667,-8.788335738335737,-12.461329966329966,-5.042073112073112,-8.967700817700818,-12.681685305435304,-5.3573304473304475
6,4,2,as&gap|cnf|mrg&tzi|ovl,1,1,42.4,2.08,41.97389462389462,35.0,2.02,299,-4.471404521404521,-7.344076479076479,-1.7779593554593558,-0.5466666666666666,-8.788335738335737,-12.461329966329966,-5.042073112073112,-8.967700817700818,-12.681685305435304,-5.3573304473304475
6,4,2,as|cnf&tzi|gap&mrg|ovl,1,1,42.4,2.04,41.97389462389462,35.0,2.03,300,-4.471404521404521,-7.072005170755171,-2.089642857142858,-0.5366666666666666,-8.788335738335737,-12.477025012025011,-4.99691738816739,-8.96770081770082,-12.454529822029823,-5.203914742664742
4,3,2,as&gap|mrg|tzi,1,1,38.4,1.92,41.92204277204277,36.0,2.0033333333333334,286,-4.523256373256373,-9.092433862433863,-0.45112073112073175,-0.5633333333333334,-8.84018759018759,-13.467502405002406,-4.171586700336702,-9.019552669552668,-13.385237493987495,-4.910039682539684
5,3,2,as&gap|cnf&mrg|tzi,1,1,38.4,2.04,41.92204277204277,36.0,2.11,275,-4.523256373256373,-9.092433862433863,-0.45112073112073175,-0.45666666666666667,-8.84018759018759,-13.467502405002406,-4.171586700336702,-9.019552669552668,-13.385237493987495,-4.910039682539684
5,4,2,as|cnf|mrg|ovl&tzi,1,1,42.4,2.0,41.918339068339066,35.333333333333336,2.04,300,-4.526960076960078,-7.258907527657528,-1.9553174603174603,-0.5266666666666666,-8.843891293891295,-12.652843314093312,-4.91281746031746,-9.023256373256372,-12.729221380471381,-5.328716931216931
5,4,2,as|cnf|gap&ovl|mrg,1,1,42.4,2.0,41.918339068339066,35.333333333333336,2.04,300,-4.526960076960078,-7.258907527657528,-1.9553174603174603,-0.5266666666666666,-8.843891293891295,-12.652843314093312,-4.91281746031746,-9.023256373256372,-12.729221380471381,-5.328716931216931
6,4,3,as|cnf|gap&ovl&tzi|mrg,1,1,42.4,2.0,41.918339068339066,35.333333333333336,2.04,300,-4.526960076960078,-7.258907527657528,-1.9553174603174603,-0.5266666666666666,-8.843891293891295,-12.652843314093312,-4.91281746031746,-9.023256373256372,-12.729221380471381,-5.328716931216931
6,4,2,as|cnf|gap&ovl|mrg&tzi,1,1,42.4,2.04,41.918339068339066,35.333333333333336,2.0566666666666666,300,-4.526960076960078,-7.258907527657528,-1.9553174603174603,-0.51,-8.843891293891295,-12.652843314093312,-4.91281746031746,-9.023256373256372,-12.729221380471381,-5.328716931216931
3,3,1,as|cnf|mrg,1,1,46.4,2.04,41.918339068339066,35.333333333333336,2.0633333333333335,300,-4.526960076960078,-7.258907527657528,-1.9553174603174603,-0.5033333333333333,-8.843891293891295,-12.652843314093312,-4.91281746031746,-9.023256373256372,-12.729221380471381,-5.328716931216931
6,4,2,as|cnf|gap&mrg|ovl&tzi,1,1,42.4,2.04,41.918339068339066,35.333333333333336,2.0633333333333335,300,-4.526960076960078,-7.258907527657528,-1.9553174603174603,-0.5033333333333333,-8.843891293891295,-12.652843314093312,-4.91281746031746,-9.023256373256372,-12.729221380471381,-5.328716931216931
4,3,2,as|cnf|mrg&tzi,1,1,46.4,2.08,41.918339068339066,35.333333333333336,2.08,300,-4.526960076960078,-7.258907527657528,-1.9553174603174603,-0.4866666666666667,-8.843891293891295,-12.652843314093312,-4.91281746031746,-9.023256373256372,-12.729221380471381,-5.328716931216931
4,3,2,as|cnf|gap&mrg,1,1,46.4,2.08,41.918339068339066,35.333333333333336,2.0866666666666664,300,-4.526960076960078,-7.258907527657528,-1.9553174603174603,-0.48,-8.843891293891295,-12.652843314093312,-4.91281746031746,-9.023256373256372,-12.729221380471381,-5.328716931216931
5,3,3,as|cnf|gap&mrg&tzi,1,1,46.4,2.08,41.918339068339066,35.333333333333336,2.0866666666666664,300,-4.526960076960078,-7.258907527657528,-1.9553174603174603,-0.48,-8.843891293891295,-12.652843314093312,-4.91281746031746,-9.023256373256372,-12.729221380471381,-5.328716931216931
3,3,1,gap|mrg|tzi,1,0,38.4,1.84,41.91013801013801,36.0,1.82,286,-4.535161135161135,-9.43581228956229,-0.050277176527177156,-0.7466666666666667,-8.852092352092352,-13.94964886964887,-4.304196729196729,-9.031457431457431,-13.731626984126983,-4.689021164021165
4,3,2,cnf&mrg|gap|tzi,1,0,38.4,1.96,41.91013801013801,36.0,1.9266666666666667,275,-4.535161135161135,-9.43581228956229,-0.050277176527177156,-0.64,-8.852092352092352,-13.94964886964887,-4.304196729196729,-9.031457431457431,-13.731626984126983,-4.689021164021165
4,3,2,as&cnf|mrg|tzi,1,1,38.4,1.84,41.878391978391974,36.333333333333336,1.8966666666666667,289,-4.566907166907167,-8.717439874939876,-0.8393783068783076,-0.67,-8.883838383838384,-13.718276815776816,-4.088771645021649,-9.063203463203461,-13.159563492063493,-5.064710798460799
6,4,3,as|cnf&gap&tzi|mrg|ovl,1,1,42.4,2.0,41.862783512783516,34.66666666666667,2.006666666666667,300,-4.582515632515633,-7.162241462241463,-2.129169071669072,-0.56,-8.899446849446848,-12.585435906685907,-4.849292328042329,-9.078811928811929,-12.572356902356907,-5.4272246272246285
3,3,1,as|mrg|ovl,1,1,42.4,2.04,41.862783512783516,34.66666666666667,2.046666666666667,300,-4.582515632515633,-7.162241462241463,-2.129169071669072,-0.52,-8.899446849446848,-12.585435906685907,-4.849292328042329,-9.078811928811929,-12.572356902356907,-5.4272246272246285
5,3,2,as&mrg|gap&tzi|ovl,1,1,42.4,1.72,41.75537610537611,35.66666666666667,1.7766666666666666,295,-4.68992303992304,-8.687910052910054,-0.8751785714285722,-0.79,-9.006854256854256,-13.099136604136605,-4.600481601731603,-9.186219336219335,-13.182076118326119,-4.935436507936509
5,3,2,cnf&mrg|gap&tzi|ovl,1,0,42.4,1.72,41.75537610537611,35.66666666666667,1.78,294,-4.68992303992304,-8.771016714766715,-0.8580188792688798,-0.7866666666666666,-9.006854256854256,-13.042148869648868,-4.707178932178933,-9.186219336219335,-13.232354497354498,-5.065040885040884
5,3,2,as&cnf|gap|mrg&ovl,1,1,42.4,1.84,41.69982054982056,36.0,1.78,292,-4.745478595478596,-8.830669793169795,-0.9720833333333335,-0.7866666666666666,-9.062409812409813,-13.948279822029821,-4.196612554112556,-9.24177489177489,-13.487862554112553,-4.976761063011065
5,3,2,as&cnf|gap|mrg&tzi,1,1,42.4,1.92,41.69982054982056,36.0,1.9133333333333333,281,-4.745478595478596,-8.845954184704183,-0.9724801587301589,-0.6533333333333333,-9.062409812409813,-14.085174963924963,-4.035594035594037,-9.241774891774892,-13.858650793650792,-4.8277988215488215
6,4,2,as&mrg|cnf&ovl|gap|tzi,1,1,38.4,1.76,41.68791578791579,35.66666666666667,1.6866666666666668,293,-4.7573833573833575,-9.068195646945648,-0.5451581289081301,-0.88,-9.074314574314576,-13.8117297979798,-4.3319167869167865,-9.253679653679654,-13.80612433862434,-4.808574434824438
4,4,1,as|cnf|mrg|ovl,1,1,42.4,1.96,41.64056129056129,34.66666666666667,1.9733333333333334,300,-4.804737854737855,-7.605759980759981,-2.1557996632996637,-0.5933333333333334,-9.121669071669071,-12.798469817219814,-5.315313852813854,-9.30103415103415,-12.999472101972101,-5.517373737373738
5,4,2,as|cnf|mrg&tzi|ovl,1,1,42.4,2.0,41.64056129056129,34.66666666666667,1.9833333333333334,300,-4.804737854737855,-7.605759980759981,-2.1557996632996637,-0.5833333333333334,-9.121669071669071,-12.798469817219814,-5.315313852813854,-9.30103415103415,-12.999472101972101,-5.517373737373738
5,4,2,as|cnf|gap&mrg|ovl,1,1,42.4,2.0,41.64056129056129,34.66666666666667,1.99,300,-4.804737854737855,-7.605759980759981,-2.1557996632996637,-0.5766666666666667,-9.121669071669071,-12.798469817219814,-5.315313852813854,-9.30103415103415,-12.999472101972101,-5.517373737373738
6,4,3,as|cnf|gap&mrg&tzi|ovl,1,1,42.4,2.0,41.64056129056129,34.66666666666667,1.99,300,-4.804737854737855,-7.605759980759981,-2.1557996632996637,-0.5766666666666667,-9.121669071669071,-12.798469817219814,-5.315313852813854,-9.30103415103415,-12.999472101972101,-5.517373737373738
5,4,2,as|cnf&tzi|mrg|ovl,1,1,42.4,2.0,41.64056129056129,34.66666666666667,2.0,300,-4.804737854737855,-7.431595719095718,-2.2654064454064464,-0.5666666666666667,-9.121669071669071,-12.81119708994709,-4.998662818662819,-9.30103415103415,-12.789725228475229,-5.7303439153439175
3,2,2,cnf|gap&tzi,0,0,42.4,1.92,41.58870943870943,36.333333333333336,1.9633333333333334,276,-4.856589706589707,-9.044559283309283,-0.7962253487253492,-0.6033333333333334,-9.173520923520924,-13.878084415584416,-4.230859187109187,-9.352886002886002,-13.56357744107744,-5.087405603655605
5,3,3,as&cnf&mrg|gap|ovl,1,1,42.4,1.6,41.57680467680468,35.333333333333336,1.58,297,-4.868494468494468,-9.068664622414623,-0.9960834535834547,-0.9866666666666667,-9.185425685425685,-13.662446488696489,-4.691853655603656,-9.364790764790765,-13.743285233285233,-4.927872775372776
5,3,2,as&cnf|gap&ovl|tzi,0,1,38.4,1.96,41.545058645058646,36.0,2.07,278,-4.900240500240501,-8.80220177970178,-1.1486868686868703,-0.49666666666666665,-9.217171717171716,-14.003379629629626,-4.210338504088504,-9.396536796536797,-13.332380351130348,-5.397833694083694
3,2,2,gap&tzi|ovl,0,0,42.4,1.76,41.48870943870944,35.333333333333336,1.9666666666666666,278,-4.956589706589706,-9.007363516113518,-1.0645370370370368,-0.6,-9.273520923520923,-13.336279461279462,-4.949907407407409,-9.452886002886004,-13.437154882154884,-5.432737493987494
5,3,2,as&gap|cnf&ovl|tzi,0,1,38.4,1.96,41.433153883153885,35.333333333333336,2.07,270,-5.012145262145261,-9.276185666185667,-1.082837301587302,-0.49666666666666665,-9.32907647907648,-13.618806517556518,-4.705499037999038,-9.50844155844156,-13.51398088023088,-5.671031746031745
4,3,2,gap&tzi|mrg|ovl,1,0,42.4,1.68,41.42204277204277,35.333333333333336,1.7333333333333334,295,-5.023256373256373,-9.032373136123137,-1.3374567099567107,-0.8333333333333334,-9.34018759018759,-13.607899230399228,-4.738689874939876,-9.51955266955267,-13.468108465608466,-5.409929653679655
5,3,2,cnf|gap&tzi|mrg&ovl,1,0,42.4,1.84,41.422042772042765,36.0,1.86,289,-5.023256373256373,-9.238742784992784,-0.9627435064935073,-0.7066666666666667,-9.34018759018759,-13.987277537277537,-4.405269961519963,-9.51955266955267,-13.76369708994709,-5.213107263107263
6,3,3,as&mrg&ovl|cnf|gap&tzi,1,1,42.4,1.84,41.422042772042765,36.0,1.8733333333333333,288,-5.023256373256373,-9.238742784992784,-0.9627435064935073,-0.6933333333333334,-9.34018759018759,-13.987277537277537,-4.405269961519963,-9.51955266955267,-13.76369708994709,-5.213107263107263
4,3,2,cnf&ovl|gap|tzi,0,0,38.4,1.88,41.42124912124912,35.333333333333336,1.9,270,-5.024050024050024,-9.47555315055315,-0.8126515151515157,-0.6666666666666666,-9.34098124098124,-14.103314694564695,-4.547908850408852,-9.52034632034632,-13.95054112554113,-5.204232202982204
6,4,2,as&cnf|gap|mrg|ovl&tzi,1,1,42.4,1.8,41.36648721648722,35.66666666666667,1.6866666666666668,294,-5.0788119288119296,-9.232195165945164,-1.303848605098607,-0.88,-9.395743145743147,-14.715936748436748,-4.360845358345358,-9.575108225108224,-14.176309523809524,-5.17289802789803
6,4,2,as&gap|cnf&ovl|mrg|tzi,1,1,38.4,1.8,41.36648721648722,35.333333333333336,1.8033333333333332,293,-5.078811928811929,-9.319121572871573,-1.1669047619047626,-0.7633333333333333,-9.395743145743147,-13.775762385762386,-4.543472222222223,-9.575108225108226,-13.609973544973544,-5.811295695045696
4,3,2,as&cnf|gap|tzi,0,1,38.4,1.88,41.36648721648722,35.66666666666667,1.8633333333333333,281,-5.0788119288119296,-9.166774290524291,-1.2419510582010602,-0.7033333333333334,-9.395743145743147,-14.589507575757574,-4.396957671957673,-9.575108225108226,-14.032074314574313,-5.099226190476191
5,4,2,cnf&ovl|gap|mrg|tzi,1,0,38.4,1.72,41.354582454582456,35.333333333333336,1.6366666666666667,293,-5.0907166907166905,-9.588973063973064,-0.8734060846560858,-0.93,-9.407647907647908,-14.33822631072631,-4.693948412698413,-9.587012987012988,-14.172744708994708,-5.070343314093314
5,3,3,cnf&mrg&tzi|gap|ovl,1,0,42.4,1.64,41.31013801013801,35.0,1.6933333333333334,285,-5.135161135161135,-9.358398268398268,-1.181080447330448,-0.8733333333333333,-9.452092352092354,-13.94583213083213,-5.203689273689278,-9.631457431457433,-13.977261303511302,-5.484688552188552
5,3,3,as&cnf&tzi|gap|ovl,0,1,42.4,1.64,41.31013801013801,35.0,1.6966666666666668,285,-5.135161135161135,-9.358398268398268,-1.181080447330448,-0.87,-9.452092352092354,-13.94583213083213,-5.203689273689278,-9.631457431457433,-13.977261303511302,-5.484688552188552
6,3,4,as&cnf&mrg&tzi|gap|ovl,1,1,42.4,1.64,41.31013801013801,35.0,1.6966666666666668,285,-5.135161135161135,-9.358398268398268,-1.181080447330448,-0.87,-9.452092352092354,-13.94583213083213,-5.203689273689278,-9.631457431457433,-13.977261303511302,-5.484688552188552
2,2,1,gap|ovl,0,0,42.4,1.64,41.31013801013801,35.0,1.7033333333333334,284,-5.135161135161135,-9.358398268398268,-1.181080447330448,-0.8633333333333333,-9.452092352092354,-13.94583213083213,-5.203689273689278,-9.631457431457433,-13.977261303511302,-5.484688552188552
4,3,2,as&mrg|gap|ovl,1,1,42.4,1.6,41.24347134347134,35.0,1.5566666666666666,298,-5.201827801827801,-9.293960437710439,-1.278900913900915,-1.01,-9.51875901875902,-14.115415464165462,-5.009487133237133,-9.698124098124099,-14.159867724867722,-5.276097282347284
4,3,2,cnf&mrg|gap|ovl,1,0,42.4,1.6,41.24347134347134,35.0,1.5566666666666666,297,-5.201827801827801,-9.344267075517076,-1.3297883597883606,-1.01,-9.51875901875902,-14.00905363155363,-5.04577861952862,-9.698124098124099,-14.107968975468976,-5.261034752284752
6,4,2,as&mrg|cnf&gap|ovl|tzi,1,1,38.4,1.64,41.08870943870944,35.0,1.6866666666666668,295,-5.356589706589706,-9.275679413179413,-1.5225877825877852,-0.88,-9.673520923520924,-13.833438552188554,-5.251145983645985,-9.852886002886002,-14.117585377585378,-5.790051707551708
4,3,2,as&mrg|ovl|tzi,1,1,38.4,1.68,41.08870943870944,35.0,1.7266666666666666,295,-5.356589706589706,-9.275679413179413,-1.5225877825877852,-0.84,-9.673520923520924,-13.833438552188554,-5.251145983645985,-9.852886002886002,-14.117585377585378,-5.790051707551708
5,3,3,as&cnf&mrg|ovl|tzi,1,1,38.4,1.68,41.08870943870944,35.0,1.7533333333333334,294,-5.356589706589706,-9.275679413179413,-1.5225877825877852,-0.8133333333333334,-9.673520923520924,-13.833438552188554,-5.251145983645985,-9.852886002886002,-14.117585377585378,-5.790051707551708
4,3,2,cnf|gap&tzi|mrg,1,0,42.4,1.8,41.08870943870944,35.66666666666667,1.81,291,-5.356589706589706,-9.646906565656565,-1.3497907647907652,-0.7566666666666667,-9.673520923520924,-14.216054593554592,-4.659651274651274,-9.852886002886002,-14.03761483886484,-5.625241101491102
5,3,2,as&mrg|cnf|gap&tzi,1,1,42.4,1.84,41.08870943870944,35.66666666666667,1.8366666666666667,291,-5.356589706589706,-9.646906565656565,-1.3497907647907652,-0.73,-9.673520923520924,-14.216054593554592,-4.659651274651274,-9.852886002886002,-14.03761483886484,-5.625241101491102
4,3,2,cnf&tzi|gap|ovl,0,0,42.4,1.64,41.08791578791579,35.0,1.6866666666666668,285,-5.357383357383356,-9.651770683020683,-1.4249693362193372,-0.88,-9.674314574314574,-14.178275012025013,-5.423537758537758,-9.853679653679654,-14.263603896103897,-5.641973905723907
4,3,2,as&cnf|gap|mrg,1,1,42.4,1.8,41.03315388315389,35.333333333333336,1.6966666666666668,294,-5.412145262145263,-9.683095238095236,-1.6332738095238097,-0.87,-9.72907647907648,-14.955987253487251,-4.765167147667148,-9.908441558441558,-14.524907407407406,-5.5273460798460805
6,4,2,as&cnf|gap|mrg&ovl|tzi,1,1,38.4,1.8,41.03315388315389,35.333333333333336,1.7166666666666666,292,-5.412145262145263,-9.683095238095236,-1.6430579605579636,-0.85,-9.72907647907648,-14.780891053391052,-4.7354262866762875,-9.908441558441558,-14.457889009139011,-5.579037397787403
6,4,2,as&mrg|cnf&tzi|gap|ovl,1,1,42.4,1.6,41.02124912124912,35.0,1.5466666666666666,298,-5.4240500240500245,-9.557828282828282,-1.549751683501684,-1.02,-9.740981240981242,-14.32637085137085,-5.250820105820106,-9.92034632034632,-14.601709355459358,-5.498246151996153
4,3,2,gap|mrg&tzi|ovl,1,0,42.4,1.64,40.976804676804676,34.66666666666667,1.6833333333333333,285,-5.468494468494469,-9.649185906685906,-1.5826250601250627,-0.8833333333333333,-9.785425685425686,-14.426400312650314,-5.329126984126984,-9.964790764790765,-14.380254329004327,-5.727450096200096
4,3,2,as&tzi|gap|ovl,0,1,42.4,1.64,40.976804676804676,34.66666666666667,1.6933333333333334,285,-5.468494468494469,-9.649185906685906,-1.5826250601250627,-0.8733333333333333,-9.785425685425686,-14.426400312650314,-5.329126984126984,-9.964790764790765,-14.380254329004327,-5.727450096200096
5,3,3,as&mrg&tzi|gap|ovl,1,1,42.4,1.64,40.976804676804676,34.66666666666667,1.6933333333333334,285,-5.468494468494469,-9.649185906685906,-1.5826250601250627,-0.8733333333333333,-9.785425685425686,-14.426400312650314,-5.329126984126984,-9.964790764790765,-14.380254329004327,-5.727450096200096
3,3,1,gap|mrg|ovl,1,0,42.4,1.56,40.910138010138006,34.66666666666667,1.5166666666666666,298,-5.535161135161134,-9.770289201539201,-1.6276707551707557,-1.05,-9.852092352092352,-14.582016594516595,-5.198718734968736,-10.031457431457431,-14.443825757575757,-5.648471620971623
5,4,2,as&tzi|gap|mrg|ovl,1,1,42.4,1.56,40.910138010138006,34.66666666666667,1.5166666666666666,298,-5.535161135161134,-9.770289201539201,-1.6276707551707557,-1.05,-9.852092352092352,-14.582016594516595,-5.198718734968736,-10.031457431457431,-14.443825757575757,-5.648471620971623
6,4,3,as&cnf&tzi|gap|mrg|ovl,1,1,42.4,1.56,40.910138010138006,34.66666666666667,1.5166666666666666,298,-5.535161135161134,-9.770289201539201,-1.6276707551707557,-1.05,-9.852092352092352,-14.582016594516595,-5.198718734968736,-10.031457431457431,-14.443825757575757,-5.648471620971623
6,4,2,as&tzi|cnf&mrg|gap|ovl,1,1,42.4,1.6,40.910138010138006,34.66666666666667,1.5533333333333332,297,-5.535161135161134,-9.770289201539201,-1.6276707551707557,-1.0133333333333334,-9.852092352092352,-14.582016594516595,-5.198718734968736,-10.031457431457431,-14.443825757575757,-5.648471620971623
6,4,2,as&cnf|gap&ovl|mrg|tzi,1,1,38.4,1.84,40.87839197839198,35.333333333333336,1.8433333333333333,291,-5.566907166907167,-9.602717652717654,-1.7973472823472822,-0.7233333333333334,-9.883838383838382,-14.609324194324195,-4.857488576238577,-10.063203463203463,-14.23288900913901,-6.026857864357864
4,3,2,cnf&gap|ovl|tzi,0,0,38.4,1.68,40.822042772042764,34.66666666666667,1.83,282,-5.623256373256374,-9.647284151034153,-1.851276455026456,-0.7366666666666667,-9.940187590187591,-14.103009259259258,-5.4829503367003385,-10.119552669552668,-14.18596500721501,-6.192935906685908
4,3,2,gap&mrg|ovl|tzi,1,0,38.4,1.72,40.822042772042764,34.66666666666667,1.86,282,-5.623256373256374,-9.647284151034153,-1.851276455026456,-0.7066666666666667,-9.940187590187591,-14.103009259259258,-5.4829503367003385,-10.119552669552668,-14.18596500721501,-6.192935906685908
5,3,3,as&gap&mrg|ovl|tzi,1,1,38.4,1.72,40.822042772042764,34.66666666666667,1.8633333333333333,282,-5.623256373256374,-9.647284151034153,-1.851276455026456,-0.7033333333333334,-9.940187590187591,-14.103009259259258,-5.4829503367003385,-10.119552669552668,-14.18596500721501,-6.192935906685908
5,3,3,cnf&gap&mrg|ovl|tzi,1,0,38.4,1.72,40.822042772042764,34.66666666666667,1.8666666666666667,282,-5.623256373256374,-9.647284151034153,-1.851276455026456,-0.7,-9.940187590187591,-14.103009259259258,-5.4829503367003385,-10.119552669552668,-14.18596500721501,-6.192935906685908
6,3,4,as&cnf&gap&mrg|ovl|tzi,1,1,38.4,1.72,40.822042772042764,34.66666666666667,1.87,282,-5.623256373256374,-9.647284151034153,-1.851276455026456,-0.6966666666666667,-9.940187590187591,-14.103009259259258,-5.4829503367003385,-10.119552669552668,-14.18596500721501,-6.192935906685908
2,2,1,cnf|tzi,0,0,38.4,1.88,40.810931660931665,35.333333333333336,1.91,277,-5.634367484367484,-9.95652898027898,-1.5710738335738352,-0.6566666666666666,-9.9512987012987,-14.659122775372776,-4.9204118566618575,-10.130663780663781,-14.385875420875424,-5.8651911976912
5,4,2,cnf&gap|mrg|ovl|tzi,1,0,38.4,1.6,40.75537610537611,34.66666666666667,1.6566666666666667,295,-5.68992303992304,-9.580657166907166,-1.8497540885040902,-0.91,-10.006854256854258,-14.103775853775854,-5.363478835978835,-10.186219336219336,-14.250965007215008,-6.123385040885041
3,3,1,mrg|ovl|tzi,1,0,38.4,1.64,40.75537610537611,34.66666666666667,1.6933333333333334,295,-5.68992303992304,-9.580657166907166,-1.8497540885040902,-0.8733333333333333,-10.006854256854258,-14.103775853775854,-5.363478835978835,-10.186219336219336,-14.250965007215008,-6.123385040885041
4,3,2,cnf&mrg|ovl|tzi,1,0,38.4,1.68,40.75537610537611,34.66666666666667,1.73,294,-5.68992303992304,-9.580657166907166,-1.8497540885040902,-0.8366666666666667,-10.006854256854258,-14.103775853775854,-5.363478835978835,-10.186219336219336,-14.250965007215008,-6.123385040885041
5,4,2,as&cnf|gap|mrg|tzi,1,1,38.4,1.76,40.69982054982055,35.0,1.6466666666666667,294,-5.745478595478596,-9.93412337662338,-1.7915957190957201,-0.92,-10.062409812409813,-15.154583333333333,-5.027512025012025,-10.241774891774892,-14.858855218855215,-5.885402837902838
5,4,2,cnf&tzi|gap|mrg|ovl,1,0,42.4,1.56,40.68791578791579,34.66666666666667,1.51,298,-5.7573833573833575,-10.009956108706108,-1.8830850168350173,-1.0566666666666666,-10.074314574314574,-14.802142857142858,-5.49449555074555,-10.253679653679654,-14.702035834535835,-5.871858465608466
3,3,1,cnf|mrg|tzi,1,0,38.4,1.76,40.644264994264994,35.0,1.7766666666666666,291,-5.80103415103415,-10.02191378066378,-1.7058387445887464,-0.79,-10.117965367965368,-14.862718855218857,-5.101417147667149,-10.297330447330447,-14.56490079365079,-6.080564574314574
4,3,2,as&mrg|cnf|tzi,1,1,38.4,1.8,40.644264994264994,35.0,1.7966666666666666,291,-5.80103415103415,-10.02191378066378,-1.7058387445887464,-0.77,-10.117965367965368,-14.862718855218857,-5.101417147667149,-10.297330447330447,-14.56490079365079,-6.080564574314574
4,3,2,cnf|mrg&ovl|tzi,1,0,38.4,1.8,40.644264994264994,35.0,1.8166666666666667,289,-5.80103415103415,-10.02191378066378,-1.7058387445887464,-0.75,-10.117965367965368,-14.862718855218857,-5.101417147667149,-10.297330447330447,-14.56490079365079,-6.080564574314574
5,3,3,as&mrg&ovl|cnf|tzi,1,1,38.4,1.8,40.644264994264994,35.0,1.83,288,-5.80103415103415,-10.02191378066378,-1.7058387445887464,-0.7366666666666667,-10.117965367965368,-14.862718855218857,-5.101417147667149,-10.297330447330447,-14.56490079365079,-6.080564574314574
4,3,2,cnf|gap&mrg|tzi,1,0,38.4,1.88,40.644264994264994,35.0,1.8733333333333333,280,-5.80103415103415,-10.02191378066378,-1.7058387445887464,-0.6933333333333334,-10.117965367965368,-14.862718855218857,-5.101417147667149,-10.297330447330447,-14.56490079365079,-6.080564574314574
5,3,3,as&gap&mrg|cnf|tzi,1,1,38.4,1.88,40.644264994264994,35.0,1.8766666666666667,280,-5.80103415103415,-10.02191378066378,-1.7058387445887464,-0.69,-10.117965367965368,-14.862718855218857,-5.101417147667149,-10.297330447330447,-14.56490079365079,-6.080564574314574
5,3,3,cnf|gap&mrg&ovl|tzi,1,0,38.4,1.88,40.644264994264994,35.0,1.88,280,-5.80103415103415,-10.02191378066378,-1.7058387445887464,-0.6866666666666666,-10.117965367965368,-14.862718855218857,-5.101417147667149,-10.297330447330447,-14.56490079365079,-6.080564574314574
6,3,4,as&gap&mrg&ovl|cnf|tzi,1,1,38.4,1.88,40.644264994264994,35.0,1.8866666666666667,279,-5.80103415103415,-10.02191378066378,-1.7058387445887464,-0.68,-10.117965367965368,-14.862718855218857,-5.101417147667149,-10.297330447330447,-14.56490079365079,-6.080564574314574
5,3,2,as&ovl|cnf|gap&tzi,0,1,42.4,1.76,40.58870943870944,35.333333333333336,1.7733333333333334,293,-5.856589706589706,-9.700955387205386,-1.990413059163059,-0.7933333333333333,-10.173520923520925,-14.554614598364598,-5.386497113997116,-10.352886002886002,-15.00165343915344,-5.884642255892256
5,4,2,as&mrg|gap|ovl|tzi,1,1,38.4,1.56,40.57680467680467,34.333333333333336,1.5066666666666666,298,-5.868494468494468,-9.920487614237615,-1.8630453342953348,-1.06,-10.185425685425686,-14.788070586820586,-5.644575517075518,-10.364790764790765,-14.930107623857625,-5.976004088504088
6,4,3,as&cnf&mrg|gap|ovl|tzi,1,1,38.4,1.56,40.57680467680467,34.333333333333336,1.5266666666666666,297,-5.868494468494468,-9.920487614237615,-1.8630453342953348,-1.04,-10.185425685425686,-14.788070586820586,-5.644575517075518,-10.364790764790765,-14.930107623857625,-5.976004088504088
4,3,2,as|gap|ovl&tzi,0,1,42.4,1.6,40.53315388315389,35.0,1.6733333333333333,298,-5.912145262145262,-9.691256012506013,-2.582487974987975,-0.8933333333333333,-10.22907647907648,-15.139873737373739,-5.4646909571909585,-10.408441558441558,-14.7381246993747,-6.025196007696008
5,3,3,as|cnf&ovl&tzi|gap,0,1,42.4,1.6,40.53315388315389,35.0,1.6733333333333333,298,-5.912145262145262,-9.691256012506013,-2.582487974987975,-0.8933333333333333,-10.22907647907648,-15.139873737373739,-5.4646909571909585,-10.408441558441558,-14.7381246993747,-6.025196007696008
5,3,2,as&cnf|gap&tzi|ovl,0,1,42.4,1.68,40.53315388315389,34.66666666666667,1.7266666666666666,296,-5.912145262145262,-9.543810726310726,-2.5191468253968266,-0.84,-10.229076479076479,-14.580805675805678,-5.592588383838385,-10.408441558441558,-14.561997354497356,-6.190941558441561
5,3,3,as&cnf&gap|ovl|tzi,0,1,38.4,1.68,40.48870943870944,34.333333333333336,1.85,282,-5.956589706589707,-9.92571669071669,-2.3322679172679184,-0.7166666666666667,-10.273520923520925,-14.27463083213083,-5.697955146705147,-10.452886002886002,-14.499059042809042,-6.597040043290043
2,2,1,ovl|tzi,0,0,38.4,1.72,40.48870943870944,34.333333333333336,1.9066666666666667,279,-5.956589706589707,-9.900123857623857,-2.2826809764309774,-0.66,-10.273520923520925,-14.424916426166426,-5.81477813852814,-10.452886002886002,-14.543599086099087,-6.4028793891293905
6,4,3,as&cnf&gap|mrg|ovl|tzi,1,1,38.4,1.6,40.42204277204277,34.333333333333336,1.6733333333333333,295,-6.023256373256373,-9.973481240981242,-2.3494071669071683,-0.8933333333333333,-10.34018759018759,-14.35509139009139,-5.728908730158731,-10.519552669552668,-14.390303631553634,-6.456718374218375
4,3,2,as&cnf|gap|ovl,0,1,42.4,1.6,40.35458245458245,34.333333333333336,1.52,299,-6.090716690716691,-10.004463684463683,-2.403170394420395,-1.0466666666666666,-10.407647907647908,-15.155469576719577,-5.746570466570468,-10.587012987012988,-15.167912457912458,-5.982307599807601
4,3,2,as&gap|ovl|tzi,0,1,38.4,1.68,40.32204277204277,34.0,1.81,285,-6.123256373256374,-9.996652837902838,-2.4831373256373275,-0.7566666666666667,-10.440187590187591,-14.435757575757574,-5.879817821067822,-10.61955266955267,-14.667658730158733,-6.7829617604617605
6,4,2,as|cnf&tzi|gap|mrg&ovl,1,1,42.4,1.6,40.31093166093166,35.0,1.61,299,-6.134367484367484,-10.027075517075518,-2.803626743626745,-0.9566666666666667,-10.451298701298702,-15.381242183742183,-5.783903920153923,-10.630663780663781,-15.026970899470898,-6.247268518518518
4,3,2,as|cnf&tzi|gap,0,1,42.4,1.6,40.31093166093166,35.0,1.6633333333333333,298,-6.134367484367484,-10.027075517075518,-2.803626743626745,-0.9033333333333333,-10.451298701298702,-15.381242183742183,-5.783903920153923,-10.630663780663781,-15.026970899470898,-6.247268518518518
3,3,1,gap|ovl|tzi,0,0,38.4,1.6,40.310138010138004,34.0,1.6433333333333333,285,-6.135161135161135,-10.20477392977393,-2.2963708513708525,-0.9233333333333333,-10.452092352092352,-15.159999999999998,-5.899899591149591,-10.631457431457433,-15.221628186628186,-6.454943482443482
5,4,2,as&gap|mrg|ovl|tzi,1,1,38.4,1.6,40.25537610537611,34.0,1.64,298,-6.189923039923039,-10.031599326599325,-2.51594155844156,-0.9266666666666666,-10.506854256854256,-14.59835557960558,-6.008886483886483,-10.686219336219335,-14.556970298220302,-6.7846254208754235
6,4,2,as&gap|cnf&mrg|ovl|tzi,1,1,38.4,1.64,40.25537610537611,34.0,1.67,297,-6.189923039923039,-10.031599326599325,-2.51594155844156,-0.8966666666666666,-10.506854256854256,-14.59835557960558,-6.008886483886483,-10.686219336219335,-14.556970298220302,-6.7846254208754235
6,4,2,as&ovl|cnf|gap&tzi|mrg,1,1,42.4,1.72,40.2553761053761,35.0,1.7166666666666666,295,-6.189923039923039,-10.114843674843673,-2.530366762866763,-0.85,-10.506854256854258,-15.140928932178932,-5.615173761423763,-10.686219336219335,-15.181170634920635,-6.302068302068302
4,3,2,cnf|gap|mrg&ovl,1,0,42.4,1.76,40.24347134347135,34.66666666666667,1.6433333333333333,293,-6.201827801827801,-10.508698893698892,-2.1860173160173173,-0.9233333333333333,-10.518759018759019,-15.438636964886964,-5.577290163540163,-10.698124098124097,-15.26280242905243,-6.129695767195767
5,3,3,as&mrg&ovl|cnf|gap,1,1,42.4,1.76,40.24347134347135,34.66666666666667,1.65,293,-6.201827801827801,-10.508698893698892,-2.1860173160173173,-0.9166666666666666,-10.518759018759019,-15.438636964886964,-5.577290163540163,-10.698124098124097,-15.26280242905243,-6.129695767195767
4,3,2,cnf|gap|ovl&tzi,0,0,42.4,1.84,40.24347134347135,34.66666666666667,1.7066666666666668,284,-6.201827801827801,-10.508698893698892,-2.1860173160173173,-0.86,-10.518759018759019,-15.438636964886964,-5.577290163540163,-10.698124098124097,-15.26280242905243,-6.129695767195767
5,3,3,cnf|gap|mrg&ovl&tzi,1,0,42.4,1.84,40.24347134347135,34.66666666666667,1.7066666666666668,284,-6.201827801827801,-10.508698893698892,-2.1860173160173173,-0.86,-10.518759018759019,-15.438636964886964,-5.577290163540163,-10.698124098124097,-15.26280242905243,-6.129695767195767
5,3,3,as&ovl&tzi|cnf|gap,0,1,42.4,1.84,40.24347134347135,34.66666666666667,1.7066666666666668,284,-6.201827801827801,-10.508698893698892,-2.1860173160173173,-0.86,-10.518759018759019,-15.438636964886964,-5.577290163540163,-10.698124098124097,-15.26280242905243,-6.129695767195767
6,3,4,as&mrg&ovl&tzi|cnf|gap,1,1,42.4,1.84,40.24347134347135,34.66666666666667,1.7066666666666668,284,-6.201827801827801,-10.508698893698892,-2.1860173160173173,-0.86,-10.518759018759019,-15.438636964886964,-5.577290163540163,-10.698124098124097,-15.26280242905243,-6.129695767195767
2,2,1,cnf|gap,0,0,42.4,1.84,40.24347134347135,34.66666666666667,1.7166666666666666,283,-6.201827801827801,-10.508698893698892,-2.1860173160173173,-0.85,-10.518759018759019,-15.438636964886964,-5.577290163540163,-10.698124098124097,-15.26280242905243,-6.129695767195767
4,4,1,gap|mrg|ovl|tzi,1,0,38.4,1.52,40.24347134347134,34.0,1.4766666666666666,298,-6.201827801827801,-10.291966089466092,-2.1907275132275132,-1.09,-10.518759018759019,-15.105139490139488,-5.977908850408851,-10.698124098124097,-15.377664742664743,-6.390857984607985
5,4,2,cnf&mrg|gap|ovl|tzi,1,0,38.4,1.56,40.24347134347134,34.0,1.5066666666666666,297,-6.201827801827801,-10.291966089466092,-2.1907275132275132,-1.06,-10.518759018759019,-15.105139490139488,-5.977908850408851,-10.698124098124097,-15.377664742664743,-6.390857984607985
6,4,2,as|cnf&gap|mrg&ovl|tzi,1,1,38.4,1.64,40.21172531172531,34.66666666666667,1.7166666666666666,299,-6.233573833573834,-9.747270322270323,-3.159278499278501,-0.85,-10.550505050505048,-15.09724446849447,-5.937081529581529,-10.729870129870129,-14.828716931216931,-6.852287157287157
4,3,2,as|cnf&gap|tzi,0,1,38.4,1.64,40.21172531172531,34.66666666666667,1.77,298,-6.233573833573834,-9.747270322270323,-3.159278499278501,-0.7966666666666666,-10.550505050505048,-15.09724446849447,-5.937081529581529,-10.729870129870129,-14.828716931216931,-6.852287157287157
5,3,2,as|gap&tzi|mrg&ovl,1,1,42.4,1.68,40.21172531172531,34.66666666666667,1.8166666666666667,299,-6.233573833573834,-9.647621452621454,-3.225848965848966,-0.75,-10.550505050505048,-15.042087542087543,-5.807056878306879,-10.729870129870129,-14.772689393939393,-6.806421957671958
6,3,3,as|cnf&mrg&ovl|gap&tzi,1,1,42.4,1.68,40.21172531172531,34.66666666666667,1.8266666666666667,299,-6.233573833573834,-9.647621452621454,-3.225848965848966,-0.74,-10.550505050505048,-15.042087542087543,-5.807056878306879,-10.729870129870129,-14.772689393939393,-6.806421957671958
3,2,2,as|gap&tzi,0,1,40.8,1.8,40.21172531172531,34.66666666666667,1.88,298,-6.233573833573834,-9.647621452621454,-3.225848965848966,-0.6866666666666666,-10.550505050505048,-15.042087542087543,-5.807056878306879,-10.729870129870129,-14.772689393939393,-6.806421957671958
5,4,2,as|gap|mrg|ovl&tzi,1,1,42.4,1.56,40.19982054982055,34.66666666666667,1.5766666666666667,299,-6.245478595478595,-10.12398088023088,-2.882501803751805,-0.99,-10.562409812409813,-15.736849446849446,-5.720150913900914,-10.741774891774893,-15.283917748917746,-6.339992183742184
6,4,3,as|cnf&ovl&tzi|gap|mrg,1,1,42.4,1.56,40.19982054982055,34.66666666666667,1.5766666666666667,299,-6.245478595478595,-10.12398088023088,-2.882501803751805,-0.99,-10.562409812409813,-15.736849446849446,-5.720150913900914,-10.741774891774893,-15.283917748917746,-6.339992183742184
6,4,2,as|cnf&mrg|gap|ovl&tzi,1,1,42.4,1.6,40.19982054982055,34.66666666666667,1.6033333333333333,299,-6.245478595478595,-10.12398088023088,-2.882501803751805,-0.9633333333333334,-10.562409812409813,-15.736849446849446,-5.720150913900914,-10.741774891774893,-15.283917748917746,-6.339992183742184
4,3,2,as|gap|mrg&ovl,1,1,42.4,1.6,40.19982054982055,34.66666666666667,1.63,299,-6.245478595478595,-10.025156325156326,-3.01268759018759,-0.9366666666666666,-10.562409812409813,-15.474132996632997,-5.8726671476671495,-10.74177489177489,-15.187982202982203,-6.341742424242423
5,3,3,as|cnf&mrg&ovl|gap,1,1,42.4,1.6,40.19982054982055,34.66666666666667,1.64,299,-6.245478595478595,-10.025156325156326,-3.01268759018759,-0.9266666666666666,-10.562409812409813,-15.474132996632997,-5.8726671476671495,-10.74177489177489,-15.187982202982203,-6.341742424242423
4,3,2,as|gap|mrg&tzi,1,1,42.4,1.6,40.19982054982055,34.66666666666667,1.6733333333333333,298,-6.245478595478595,-10.025156325156326,-3.01268759018759,-0.8933333333333333,-10.562409812409813,-15.474132996632997,-5.8726671476671495,-10.74177489177489,-15.187982202982203,-6.341742424242423
5,3,3,as|cnf&mrg&tzi|gap,1,1,42.4,1.6,40.19982054982055,34.66666666666667,1.68,298,-6.245478595478595,-10.025156325156326,-3.01268759018759,-0.8866666666666667,-10.562409812409813,-15.474132996632997,-5.8726671476671495,-10.74177489177489,-15.187982202982203,-6.341742424242423
2,2,1,as|gap,0,1,40.8,1.72,40.19982054982055,34.66666666666667,1.6833333333333333,298,-6.245478595478595,-10.025156325156326,-3.01268759018759,-0.8833333333333333,-10.562409812409813,-15.474132996632997,-5.8726671476671495,-10.74177489177489,-15.187982202982203,-6.341742424242423
5,3,3,as|gap|mrg&ovl&tzi,1,1,42.4,1.6,40.19982054982055,34.66666666666667,1.6833333333333333,298,-6.245478595478595,-10.025156325156326,-3.01268759018759,-0.8833333333333333,-10.562409812409813,-15.474132996632997,-5.8726671476671495,-10.74177489177489,-15.187982202982203,-6.341742424242423
6,3,4,as|cnf&mrg&ovl&tzi|gap,1,1,42.4,1.6,40.19982054982055,34.66666666666667,1.6833333333333333,298,-6.245478595478595,-10.025156325156326,-3.01268759018759,-0.8833333333333333,-10.562409812409813,-15.474132996632997,-5.8726671476671495,-10.74177489177489,-15.187982202982203,-6.341742424242423
4,3,2,as&ovl|cnf|gap,0,1,42.4,1.68,40.07680467680468,34.66666666666667,1.5866666666666667,296,-6.368494468494468,-10.555597643097645,-2.5438161375661372,-0.98,-10.685425685425685,-15.591407527657525,-5.799268278018279,-10.864790764790765,-15.487487974987973,-6.191282467532469
6,4,2,as&cnf|gap|mrg&tzi|ovl,1,1,42.4,1.6,40.02124912124912,34.0,1.5066666666666666,299,-6.424050024050024,-10.375703463203465,-2.885997474747475,-1.06,-10.740981240981242,-15.628576238576239,-5.975180976430979,-10.92034632034632,-15.54338383838384,-6.305210437710438
5,3,2,as|cnf&ovl|gap&tzi,0,1,42.4,1.64,39.97759832759833,34.333333333333336,1.7266666666666666,300,-6.467700817700818,-9.972509018759016,-3.249176286676287,-0.84,-10.784632034632034,-15.461281866281867,-5.920934944684945,-10.963997113997115,-15.19144660894661,-6.7761970899470905
5,4,2,as|cnf&tzi|gap|mrg,1,1,42.4,1.56,39.97759832759832,34.66666666666667,1.57,299,-6.467700817700818,-10.346203102453105,-3.145416065416066,-0.9966666666666667,-10.784632034632034,-15.940528499278498,-5.911139971139971,-10.963997113997115,-15.402068302068301,-6.585032467532467
4,3,2,cnf|gap&tzi|ovl,0,0,42.4,1.64,39.97759832759832,34.333333333333336,1.67,296,-6.467700817700818,-10.476871091871091,-2.7465295815295825,-0.8966666666666666,-10.784632034632034,-15.261752044252045,-6.025064935064936,-10.963997113997115,-15.294660894660893,-6.622931697931699
5,4,2,cnf|gap&ovl|mrg|tzi,1,0,38.4,1.76,39.97759832759832,34.333333333333336,1.7466666666666666,292,-6.467700817700818,-10.544607984607984,-2.5743338143338144,-0.82,-10.784632034632034,-15.483951418951419,-5.842155483405484,-10.963997113997115,-15.139085497835497,-6.901854256854258
6,4,3,as&gap&ovl|cnf|mrg|tzi,1,1,38.4,1.76,39.97759832759832,34.333333333333336,1.7466666666666666,292,-6.467700817700818,-10.544607984607984,-2.5743338143338144,-0.82,-10.784632034632034,-15.483951418951419,-5.842155483405484,-10.963997113997115,-15.139085497835497,-6.901854256854258
6,4,2,as&mrg|cnf|gap&ovl|tzi,1,1,38.4,1.8,39.97759832759832,34.333333333333336,1.7633333333333334,292,-6.467700817700818,-10.544607984607984,-2.5743338143338144,-0.8033333333333333,-10.784632034632034,-15.483951418951419,-5.842155483405484,-10.963997113997115,-15.139085497835497,-6.901854256854258
4,3,2,cnf|gap&ovl|tzi,0,0,38.4,1.88,39.97759832759832,34.333333333333336,1.85,281,-6.467700817700818,-10.544607984607984,-2.5743338143338144,-0.7166666666666667,-10.784632034632034,-15.483951418951419,-5.842155483405484,-10.963997113997115,-15.139085497835497,-6.901854256854258
5,3,3,as&gap&ovl|cnf|tzi,0,1,38.4,1.88,39.97759832759832,34.333333333333336,1.85,281,-6.467700817700818,-10.544607984607984,-2.5743338143338144,-0.7166666666666667,-10.784632034632034,-15.483951418951419,-5.842155483405484,-10.963997113997115,-15.139085497835497,-6.901854256854258
6,4,2,as|cnf&ovl|gap|mrg&tzi,1,1,42.4,1.56,39.96569356569356,34.333333333333336,1.5466666666666666,300,-6.47960557960558,-10.41806697931698,-3.1053204665704675,-1.02,-10.796536796536795,-15.841924001924001,-5.909909211159212,-10.975901875901876,-15.542061087061088,-6.451940836940838
4,3,2,as|cnf&ovl|gap,0,1,42.4,1.56,39.96569356569356,34.333333333333336,1.5566666666666666,300,-6.47960557960558,-10.41806697931698,-3.1053204665704675,-1.01,-10.796536796536795,-15.841924001924001,-5.909909211159212,-10.975901875901876,-15.542061087061088,-6.451940836940838
3,3,1,cnf|gap|mrg,1,0,42.4,1.72,39.91013801013801,34.333333333333336,1.6,295,-6.535161135161135,-10.751262025012025,-2.5561760461760477,-0.9666666666666667,-10.852092352092352,-15.922840909090908,-5.858762025012027,-11.031457431457431,-15.620454545454546,-6.554439033189033
5,4,2,as&tzi|cnf|gap|mrg,1,1,42.4,1.72,39.91013801013801,34.333333333333336,1.6,295,-6.535161135161135,-10.751262025012025,-2.5561760461760477,-0.9666666666666667,-10.852092352092352,-15.922840909090908,-5.858762025012027,-11.031457431457431,-15.620454545454546,-6.554439033189033
5,4,2,cnf|gap|mrg|ovl&tzi,1,0,42.4,1.72,39.91013801013801,34.333333333333336,1.6,295,-6.535161135161135,-10.751262025012025,-2.5561760461760477,-0.9666666666666667,-10.852092352092352,-15.922840909090908,-5.858762025012027,-11.031457431457431,-15.620454545454546,-6.554439033189033
6,4,3,as&ovl&tzi|cnf|gap|mrg,1,1,42.4,1.72,39.91013801013801,34.333333333333336,1.6,295,-6.535161135161135,-10.751262025012025,-2.5561760461760477,-0.9666666666666667,-10.852092352092352,-15.922840909090908,-5.858762025012027,-11.031457431457431,-15.620454545454546,-6.554439033189033
4,3,2,as&mrg|cnf|gap,1,1,42.4,1.76,39.91013801013801,34.333333333333336,1.6233333333333333,295,-6.535161135161135,-10.751262025012025,-2.5561760461760477,-0.9433333333333334,-10.852092352092352,-15.922840909090908,-5.858762025012027,-11.031457431457431,-15.620454545454546,-6.554439033189033
6,4,2,as&mrg|cnf|gap|ovl&tzi,1,1,42.4,1.76,39.91013801013801,34.333333333333336,1.6233333333333333,295,-6.535161135161135,-10.751262025012025,-2.5561760461760477,-0.9433333333333334,-10.852092352092352,-15.922840909090908,-5.858762025012027,-11.031457431457431,-15.620454545454546,-6.554439033189033
6,4,2,as&tzi|cnf|gap|mrg&ovl,1,1,42.4,1.76,39.91013801013801,34.333333333333336,1.64,293,-6.535161135161135,-10.751262025012025,-2.5561760461760477,-0.9266666666666666,-10.852092352092352,-15.922840909090908,-5.858762025012027,-11.031457431457431,-15.620454545454546,-6.554439033189033
4,3,2,cnf|gap|mrg&tzi,1,0,42.4,1.84,39.91013801013801,34.333333333333336,1.6966666666666668,284,-6.535161135161135,-10.751262025012025,-2.5561760461760477,-0.87,-10.852092352092352,-15.922840909090908,-5.858762025012027,-11.031457431457431,-15.620454545454546,-6.554439033189033
4,3,2,as&tzi|cnf|gap,0,1,42.4,1.84,39.91013801013801,34.333333333333336,1.7033333333333334,284,-6.535161135161135,-10.751262025012025,-2.5561760461760477,-0.8633333333333333,-10.852092352092352,-15.922840909090908,-5.858762025012027,-11.031457431457431,-15.620454545454546,-6.554439033189033
5,3,3,as&mrg&tzi|cnf|gap,1,1,42.4,1.84,39.91013801013801,34.333333333333336,1.7033333333333334,284,-6.535161135161135,-10.751262025012025,-2.5561760461760477,-0.8633333333333333,-10.852092352092352,-15.922840909090908,-5.858762025012027,-11.031457431457431,-15.620454545454546,-6.554439033189033
5,4,2,as|cnf&gap|mrg|tzi,1,1,38.4,1.6,39.87839197839198,34.333333333333336,1.6833333333333333,299,-6.566907166907167,-10.207970177970179,-3.2811760461760464,-0.8833333333333333,-10.883838383838382,-15.453071188071188,-6.002492784992785,-11.063203463203463,-15.214714405964406,-7.139225589225591
4,3,2,as|mrg&ovl|tzi,1,1,38.4,1.64,39.87839197839198,34.333333333333336,1.7566666666666666,299,-6.566907166907167,-10.066936026936029,-3.572631072631073,-0.81,-10.883838383838382,-15.370033068783068,-6.128345358345361,-11.063203463203463,-15.124481721981725,-7.058207671957673
5,3,3,as|cnf&mrg&ovl|tzi,1,1,38.4,1.64,39.87839197839198,34.333333333333336,1.7666666666666666,299,-6.566907166907167,-10.066936026936029,-3.572631072631073,-0.8,-10.883838383838382,-15.370033068783068,-6.128345358345361,-11.063203463203463,-15.124481721981725,-7.058207671957673
4,3,2,as|gap&tzi|mrg,1,1,42.4,1.64,39.87839197839198,34.333333333333336,1.77,299,-6.566907166907167,-9.949870129870131,-3.412664742664742,-0.7966666666666666,-10.883838383838382,-15.445187590187592,-6.130634920634921,-11.063203463203463,-14.911930615680616,-7.110888648388649
4,3,2,as|gap&ovl|tzi,0,1,38.4,1.64,39.87839197839198,34.333333333333336,1.79,298,-6.566907166907167,-10.066936026936029,-3.572631072631073,-0.7766666666666666,-10.883838383838382,-15.370033068783068,-6.128345358345361,-11.063203463203463,-15.124481721981725,-7.058207671957673
5,3,3,as|cnf&gap&ovl|tzi,0,1,38.4,1.64,39.87839197839198,34.333333333333336,1.7933333333333332,298,-6.566907166907167,-10.066936026936029,-3.572631072631073,-0.7733333333333333,-10.883838383838382,-15.370033068783068,-6.128345358345361,-11.063203463203463,-15.124481721981725,-7.058207671957673
5,3,2,as|cnf&mrg|gap&tzi,1,1,42.4,1.68,39.87839197839198,34.333333333333336,1.7966666666666666,299,-6.566907166907167,-9.949870129870131,-3.412664742664742,-0.77,-10.883838383838382,-15.445187590187592,-6.130634920634921,-11.063203463203463,-14.911930615680616,-7.110888648388649
4,3,2,as|gap&mrg|tzi,1,1,38.4,1.64,39.87839197839198,34.333333333333336,1.8066666666666666,298,-6.566907166907167,-10.066936026936029,-3.572631072631073,-0.76,-10.883838383838382,-15.370033068783068,-6.128345358345361,-11.063203463203463,-15.124481721981725,-7.058207671957673
5,3,3,as|cnf&gap&mrg|tzi,1,1,38.4,1.64,39.87839197839198,34.333333333333336,1.8066666666666666,298,-6.566907166907167,-10.066936026936029,-3.572631072631073,-0.76,-10.883838383838382,-15.370033068783068,-6.128345358345361,-11.063203463203463,-15.124481721981725,-7.058207671957673
5,3,3,as|gap&mrg&ovl|tzi,1,1,38.4,1.64,39.87839197839198,34.333333333333336,1.81,298,-6.566907166907167,-10.066936026936029,-3.572631072631073,-0.7566666666666667,-10.883838383838382,-15.370033068783068,-6.128345358345361,-11.063203463203463,-15.124481721981725,-7.058207671957673
6,3,4,as|cnf&gap&mrg&ovl|tzi,1,1,38.4,1.64,39.87839197839198,34.333333333333336,1.81,298,-6.566907166907167,-10.066936026936029,-3.572631072631073,-0.7566666666666667,-10.883838383838382,-15.370033068783068,-6.128345358345361,-11.063203463203463,-15.124481721981725,-7.058207671957673
2,2,1,as|tzi,0,1,38.4,1.64,39.87839197839198,34.333333333333336,1.82,298,-6.566907166907167,-10.066936026936029,-3.572631072631073,-0.7466666666666667,-10.883838383838382,-15.370033068783068,-6.128345358345361,-11.063203463203463,-15.124481721981725,-7.058207671957673
5,4,2,as|gap|mrg&ovl|tzi,1,1,38.4,1.56,39.866487216487215,34.333333333333336,1.57,299,-6.578811928811929,-10.314361471861472,-3.2692971380471385,-0.9966666666666667,-10.895743145743147,-15.894249037999037,-6.165300024050025,-11.075108225108224,-15.532049062049062,-6.7475559163059184
6,4,3,as|cnf&mrg&ovl|gap|tzi,1,1,38.4,1.56,39.866487216487215,34.333333333333336,1.58,299,-6.578811928811929,-10.314361471861472,-3.2692971380471385,-0.9866666666666667,-10.895743145743147,-15.894249037999037,-6.165300024050025,-11.075108225108224,-15.532049062049062,-6.7475559163059184
3,3,1,as|gap|mrg,1,1,42.4,1.56,39.866487216487215,34.333333333333336,1.5866666666666667,299,-6.578811928811929,-10.380156325156326,-3.2752459114959116,-0.98,-10.895743145743147,-15.9533164983165,-6.207794011544012,-11.075108225108227,-15.465501443001441,-6.7856373256373255
4,3,2,as|cnf&mrg|gap,1,1,42.4,1.6,39.866487216487215,34.333333333333336,1.6133333333333333,299,-6.578811928811929,-10.380156325156326,-3.2752459114959116,-0.9533333333333334,-10.895743145743147,-15.9533164983165,-6.207794011544012,-11.075108225108227,-15.465501443001441,-6.7856373256373255
3,3,1,as|gap|tzi,0,1,38.4,1.56,39.866487216487215,34.333333333333336,1.6233333333333333,298,-6.578811928811929,-10.314361471861472,-3.2692971380471385,-0.9433333333333334,-10.895743145743147,-15.894249037999037,-6.165300024050025,-11.075108225108224,-15.532049062049062,-6.7475559163059184
6,4,2,as&cnf|gap&tzi|mrg|ovl,1,1,42.4,1.64,39.866487216487215,34.0,1.6566666666666667,297,-6.578811928811929,-10.431222943722943,-3.261722582972584,-0.91,-10.895743145743145,-15.299337421837421,-6.197098364598364,-11.075108225108224,-15.345511664261663,-6.841576479076481
5,4,2,as&gap|cnf|mrg|tzi,1,1,38.4,1.76,39.810931660931665,34.0,1.7133333333333334,295,-6.634367484367484,-10.730131673881674,-2.8367183742183766,-0.8533333333333334,-10.951298701298702,-15.670962000962001,-6.057726671476671,-11.130663780663781,-15.30241402116402,-7.140666786916787
6,4,2,as&gap|cnf|mrg&ovl|tzi,1,1,38.4,1.8,39.810931660931665,34.0,1.7466666666666666,293,-6.634367484367484,-10.730131673881674,-2.8367183742183766,-0.82,-10.951298701298702,-15.670962000962001,-6.057726671476671,-11.130663780663781,-15.30241402116402,-7.140666786916787
4,3,2,as&gap|cnf|tzi,0,1,38.4,1.88,39.810931660931665,34.0,1.81,284,-6.634367484367484,-10.730131673881674,-2.8367183742183766,-0.7566666666666667,-10.951298701298702,-15.670962000962001,-6.057726671476671,-11.130663780663781,-15.30241402116402,-7.140666786916787
5,4,2,as&ovl|cnf|mrg|tzi,1,1,38.4,1.68,39.81093166093166,34.333333333333336,1.6833333333333333,295,-6.634367484367484,-10.630183381433381,-2.9153367003367006,-0.8833333333333333,-10.951298701298702,-15.523133116883114,-5.936338383838384,-11.130663780663781,-15.516281265031266,-6.9395171957671975
6,4,2,as&ovl|cnf|gap&mrg|tzi,1,1,38.4,1.72,39.81093166093166,34.333333333333336,1.7233333333333334,293,-6.634367484367484,-10.630183381433381,-2.9153367003367006,-0.8433333333333334,-10.951298701298702,-15.523133116883114,-5.936338383838384,-11.130663780663781,-15.516281265031266,-6.9395171957671975
4,3,2,as&ovl|cnf|tzi,0,1,38.4,1.72,39.81093166093166,34.333333333333336,1.73,293,-6.634367484367484,-10.630183381433381,-2.9153367003367006,-0.8366666666666667,-10.951298701298702,-15.523133116883114,-5.936338383838384,-11.130663780663781,-15.516281265031266,-6.9395171957671975
5,4,2,as&ovl|cnf|gap|mrg,1,1,42.4,1.64,39.74347134347135,34.333333333333336,1.5366666666666666,298,-6.701827801827802,-10.846859066859066,-2.8397709235209243,-1.03,-11.018759018759019,-15.986899951899952,-6.082988816738817,-11.198124098124097,-15.98797619047619,-6.5252976190476195
6,4,2,as&ovl|cnf|gap|mrg&tzi,1,1,42.4,1.68,39.74347134347135,34.333333333333336,1.5766666666666667,296,-6.701827801827802,-10.846859066859066,-2.8397709235209243,-0.99,-11.018759018759019,-15.986899951899952,-6.082988816738817,-11.198124098124097,-15.98797619047619,-6.5252976190476195
4,3,2,as|gap&tzi|ovl,0,1,42.4,1.6,39.69982054982055,33.666666666666664,1.6433333333333333,300,-6.745478595478595,-10.376860870610871,-3.6059914622414633,-0.9233333333333333,-11.062409812409811,-15.47862373737374,-6.366547619047619,-11.24177489177489,-15.403261784511784,-6.885515873015874
5,4,2,as&cnf|gap|mrg|ovl,1,1,42.4,1.56,39.687915787915784,33.666666666666664,1.46,300,-6.7573833573833575,-10.861011303511305,-3.1857491582491586,-1.1066666666666667,-11.074314574314576,-16.043326118326117,-6.338988095238099,-11.253679653679654,-16.027928691678692,-6.662061688311691
5,4,2,as|gap|mrg&tzi|ovl,1,1,42.4,1.52,39.687915787915784,33.666666666666664,1.4666666666666666,300,-6.7573833573833575,-10.647793410293412,-3.1859770322270324,-1.1,-11.074314574314576,-15.94622234247234,-6.292043650793652,-11.253679653679654,-15.970527296777295,-6.616496512746514
6,4,3,as|cnf&mrg&tzi|gap|ovl,1,1,42.4,1.52,39.687915787915784,33.666666666666664,1.4733333333333334,300,-6.7573833573833575,-10.647793410293412,-3.1859770322270324,-1.0933333333333333,-11.074314574314576,-15.94622234247234,-6.292043650793652,-11.253679653679654,-15.970527296777295,-6.616496512746514
3,3,1,as|gap|ovl,0,1,42.4,1.52,39.687915787915784,33.666666666666664,1.4766666666666666,300,-6.7573833573833575,-10.647793410293412,-3.1859770322270324,-1.09,-11.074314574314576,-15.94622234247234,-6.292043650793652,-11.253679653679654,-15.970527296777295,-6.616496512746514
5,4,2,cnf|gap&tzi|mrg|ovl,1,0,42.4,1.6,39.644264994264994,34.0,1.6233333333333333,297,-6.801034151034152,-10.748199855699855,-3.2977374939874946,-0.9433333333333334,-11.117965367965368,-15.599008537758536,-6.335942159692161,-11.297330447330447,-15.789518999519,-6.862142857142858
6,4,2,as&mrg|cnf|gap&tzi|ovl,1,1,42.4,1.64,39.644264994264994,34.0,1.64,297,-6.801034151034152,-10.748199855699855,-3.2977374939874946,-0.9266666666666666,-11.117965367965368,-15.599008537758536,-6.335942159692161,-11.297330447330447,-15.789518999519,-6.862142857142858
6,4,2,as|cnf&ovl|gap&tzi|mrg,1,1,42.4,1.6,39.644264994264994,34.0,1.6766666666666667,300,-6.801034151034151,-10.486559644059644,-3.4630880230880243,-0.89,-11.117965367965368,-15.687988215488213,-6.2253433140933145,-11.297330447330447,-15.524369889369888,-6.975005411255412
5,4,2,as|cnf&ovl|gap|mrg,1,1,42.4,1.52,39.63236023236023,34.0,1.51,300,-6.812938912938914,-10.94111592111592,-3.4030513468013472,-1.0566666666666666,-11.12987012987013,-16.368872655122654,-6.219605579605581,-11.30923520923521,-15.887333453583452,-6.736210317460318
5,4,2,as|gap&ovl|mrg|tzi,1,1,38.4,1.6,39.545058645058646,34.0,1.7,299,-6.9002405002405,-10.616404521404522,-3.737294372294373,-0.8666666666666667,-11.217171717171716,-15.782905844155842,-6.228746392496394,-11.396536796536795,-15.494834656084656,-7.391541005291005
6,4,3,as|cnf&gap&ovl|mrg|tzi,1,1,38.4,1.6,39.545058645058646,34.0,1.7033333333333334,299,-6.9002405002405,-10.616404521404522,-3.737294372294373,-0.8633333333333333,-11.217171717171716,-15.782905844155842,-6.228746392496394,-11.396536796536795,-15.494834656084656,-7.391541005291005
3,3,1,as|mrg|tzi,1,1,38.4,1.6,39.545058645058646,34.0,1.72,299,-6.9002405002405,-10.616404521404522,-3.737294372294373,-0.8466666666666667,-11.217171717171716,-15.782905844155842,-6.228746392496394,-11.396536796536795,-15.494834656084656,-7.391541005291005
6,4,2,as|cnf&mrg|gap&ovl|tzi,1,1,38.4,1.64,39.545058645058646,34.0,1.72,299,-6.9002405002405,-10.616404521404522,-3.737294372294373,-0.8466666666666667,-11.217171717171716,-15.782905844155842,-6.228746392496394,-11.396536796536795,-15.494834656084656,-7.391541005291005
4,3,2,as|cnf&mrg|tzi,1,1,38.4,1.64,39.545058645058646,34.0,1.74,299,-6.9002405002405,-10.616404521404522,-3.737294372294373,-0.8266666666666667,-11.217171717171716,-15.782905844155842,-6.228746392496394,-11.396536796536795,-15.494834656084656,-7.391541005291005
4,4,1,as|gap|mrg|tzi,1,1,38.4,1.52,39.53315388315389,34.0,1.5366666666666666,299,-6.912145262145261,-10.734125781625782,-3.5904100529100536,-1.03,-11.22907647907648,-16.287952741702743,-6.498408489658491,-11.40844155844156,-15.989734848484849,-7.139413780663782
5,4,2,as|cnf&mrg|gap|tzi,1,1,38.4,1.56,39.53315388315389,34.0,1.5566666666666666,299,-6.912145262145261,-10.734125781625782,-3.5904100529100536,-1.01,-11.22907647907648,-16.287952741702743,-6.498408489658491,-11.40844155844156,-15.989734848484849,-7.139413780663782
6,4,2,as&cnf|gap&mrg|ovl|tzi,1,1,38.4,1.64,39.53315388315389,33.666666666666664,1.6633333333333333,296,-6.912145262145261,-10.572204785954787,-3.57413900913901,-0.9033333333333333,-11.229076479076477,-15.582353294853297,-6.324237614237614,-11.408441558441556,-15.589285113035112,-7.299967532467533
4,3,2,as&cnf|ovl|tzi,0,1,38.4,1.64,39.53315388315389,33.666666666666664,1.6733333333333333,296,-6.912145262145261,-10.572204785954787,-3.57413900913901,-0.8933333333333333,-11.229076479076477,-15.582353294853297,-6.324237614237614,-11.408441558441556,-15.589285113035112,-7.299967532467533
5,4,2,as|cnf&tzi|gap|ovl,0,1,42.4,1.52,39.46569356569356,33.666666666666664,1.4666666666666666,300,-6.97960557960558,-10.965181577681578,-3.451746031746033,-1.1,-11.296536796536797,-16.22724987974988,-6.3943229918229925,-11.475901875901876,-16.204099927849924,-6.832617845117844
3,3,1,cnf|gap|ovl,0,0,42.4,1.56,39.46569356569356,33.666666666666664,1.4833333333333334,299,-6.97960557960558,-11.114633838383838,-3.2824488936988936,-1.0833333333333333,-11.296536796536799,-16.14524891774892,-6.412315416065417,-11.475901875901876,-16.0894234006734,-6.81617243867244
4,4,1,cnf|gap|mrg|tzi,1,0,38.4,1.68,39.46569356569356,33.666666666666664,1.5666666666666667,295,-6.97960557960558,-11.321486892736894,-3.0023460798460797,-1.0,-11.296536796536797,-16.236003487253484,-6.400351130351132,-11.475901875901876,-16.026718374218373,-6.984414381914384
5,4,2,as&mrg|cnf|gap|tzi,1,1,38.4,1.72,39.46569356569356,33.666666666666664,1.5833333333333333,295,-6.97960557960558,-11.321486892736894,-3.0023460798460797,-0.9833333333333333,-11.296536796536797,-16.236003487253484,-6.400351130351132,-11.475901875901876,-16.026718374218373,-6.984414381914384
5,4,2,cnf|gap|mrg&ovl|tzi,1,0,38.4,1.72,39.46569356569356,33.666666666666664,1.6,293,-6.97960557960558,-11.321486892736894,-3.0023460798460797,-0.9666666666666667,-11.296536796536797,-16.236003487253484,-6.400351130351132,-11.475901875901876,-16.026718374218373,-6.984414381914384
6,4,3,as&mrg&ovl|cnf|gap|tzi,1,1,38.4,1.72,39.46569356569356,33.666666666666664,1.6066666666666667,293,-6.97960557960558,-11.321486892736894,-3.0023460798460797,-0.96,-11.296536796536797,-16.236003487253484,-6.400351130351132,-11.475901875901876,-16.026718374218373,-6.984414381914384
3,3,1,cnf|gap|tzi,0,0,38.4,1.8,39.46569356569356,33.666666666666664,1.6633333333333333,284,-6.97960557960558,-11.321486892736894,-3.0023460798460797,-0.9033333333333333,-11.296536796536797,-16.236003487253484,-6.400351130351132,-11.475901875901876,-16.026718374218373,-6.984414381914384
5,4,2,as|cnf|gap&tzi|mrg,1,1,42.4,1.56,39.42204277204277,34.0,1.64,300,-7.023256373256373,-10.71152356902357,-3.5771891534391544,-0.9266666666666666,-11.340187590187591,-15.996960076960075,-6.457911856661857,-11.519552669552668,-15.806278860028858,-7.1965464165464175
6,4,2,as|cnf|gap&tzi|mrg&ovl,1,1,42.4,1.6,39.42204277204277,34.0,1.6566666666666667,300,-7.023256373256373,-10.71152356902357,-3.5771891534391544,-0.91,-11.340187590187591,-15.996960076960075,-6.457911856661857,-11.519552669552668,-15.806278860028858,-7.1965464165464175
4,3,2,as|cnf|gap&tzi,0,1,42.4,1.6,39.42204277204277,34.0,1.6633333333333333,300,-7.023256373256373,-10.71152356902357,-3.5771891534391544,-0.9033333333333333,-11.340187590187591,-15.996960076960075,-6.457911856661857,-11.519552669552668,-15.806278860028858,-7.1965464165464175
5,4,2,as|cnf&gap|ovl|tzi,0,1,38.4,1.56,39.366487216487215,33.33333333333333,1.5733333333333333,300,-7.078811928811928,-10.67164923039923,-3.89344215969216,-0.9933333333333333,-11.395743145743143,-15.787364117364117,-6.5862361712361706,-11.575108225108224,-15.917736892736892,-7.3442670755170765
5,4,2,as|gap&tzi|mrg|ovl,1,1,42.4,1.56,39.366487216487215,33.33333333333333,1.6066666666666667,300,-7.078811928811928,-10.647892616642617,-3.8421158008658023,-0.96,-11.395743145743143,-15.801174843674842,-6.669318783068783,-11.575108225108224,-15.648110870610871,-7.3569528619528635
6,4,2,as|cnf&mrg|gap&tzi|ovl,1,1,42.4,1.6,39.366487216487215,33.33333333333333,1.6233333333333333,300,-7.078811928811928,-10.647892616642617,-3.8421158008658023,-0.9433333333333334,-11.395743145743143,-15.801174843674842,-6.669318783068783,-11.575108225108224,-15.648110870610871,-7.3569528619528635
4,4,1,as|gap|mrg|ovl,1,1,42.4,1.48,39.35458245458245,33.33333333333333,1.4433333333333334,300,-7.0907166907166905,-11.088540764790764,-3.5190824915824916,-1.1233333333333333,-11.407647907647908,-16.361681697931697,-6.540262746512749,-11.587012987012987,-16.28195646945647,-7.020906084656087
5,4,2,as|cnf&mrg|gap|ovl,1,1,42.4,1.52,39.35458245458245,33.33333333333333,1.46,300,-7.0907166907166905,-11.088540764790764,-3.5190824915824916,-1.1066666666666667,-11.407647907647908,-16.361681697931697,-6.540262746512749,-11.587012987012987,-16.28195646945647,-7.020906084656087
5,4,2,as&cnf|gap|ovl|tzi,0,1,38.4,1.56,39.35458245458245,33.33333333333333,1.4666666666666666,299,-7.0907166907166905,-10.82603054353054,-3.4699951899951906,-1.1,-11.407647907647908,-16.271824194324193,-6.568606301106302,-11.587012987012987,-16.169403559403555,-7.100271164021166
6,4,2,as|cnf&ovl|gap&mrg|tzi,1,1,38.4,1.6,39.310931660931665,33.666666666666664,1.6733333333333333,300,-7.134367484367483,-10.725367364117364,-3.9953427128427146,-0.8933333333333333,-11.4512987012987,-16.144965127465127,-6.379155844155846,-11.630663780663781,-15.813042328042329,-7.642426046176046
4,3,2,as|cnf&ovl|tzi,0,1,38.4,1.6,39.310931660931665,33.666666666666664,1.6766666666666667,300,-7.134367484367483,-10.725367364117364,-3.9953427128427146,-0.89,-11.4512987012987,-16.144965127465127,-6.379155844155846,-11.630663780663781,-15.813042328042329,-7.642426046176046
6,5,2,as&ovl|cnf|gap|mrg|tzi,1,1,38.4,1.6,39.2990268990269,33.666666666666664,1.5033333333333334,298,-7.146272246272247,-11.261686507936508,-3.2419179894179897,-1.0633333333333332,-11.463203463203463,-16.36157647907648,-6.544255651755653,-11.642568542568542,-16.506090067340065,-7.015270562770564
5,4,2,as|cnf&ovl|gap|tzi,0,1,38.4,1.52,39.2990268990269,33.666666666666664,1.5066666666666666,300,-7.146272246272247,-10.968470418470416,-3.757693001443003,-1.06,-11.463203463203463,-16.426128547378546,-6.548296055796056,-11.642568542568542,-16.193157768157768,-7.18433201058201
5,4,2,as&ovl|cnf|gap|tzi,0,1,38.4,1.64,39.2990268990269,33.666666666666664,1.5433333333333332,296,-7.146272246272247,-11.261686507936508,-3.2419179894179897,-1.0233333333333334,-11.463203463203463,-16.36157647907648,-6.544255651755653,-11.642568542568542,-16.506090067340065,-7.015270562770564
5,4,2,as&cnf|mrg|ovl|tzi,1,1,38.4,1.6,39.19982054982055,33.33333333333333,1.6166666666666667,297,-7.245478595478596,-11.134946488696489,-3.779374098124099,-0.95,-11.562409812409811,-16.0172107984608,-6.7035070947570965,-11.74177489177489,-15.918397667147666,-7.611054593554592
4,4,1,cnf|mrg|ovl|tzi,1,0,38.4,1.56,39.199820549820544,33.33333333333333,1.59,297,-7.245478595478596,-11.345687830687831,-3.7487764550264555,-0.9766666666666667,-11.562409812409811,-16.093590668590668,-6.677006373256375,-11.74177489177489,-15.971679292929291,-7.39851791726792
5,4,2,as&mrg|cnf|ovl|tzi,1,1,38.4,1.6,39.199820549820544,33.33333333333333,1.6,297,-7.245478595478596,-11.345687830687831,-3.7487764550264555,-0.9666666666666667,-11.562409812409811,-16.093590668590668,-6.677006373256375,-11.74177489177489,-15.971679292929291,-7.39851791726792
5,4,2,cnf|gap&mrg|ovl|tzi,1,0,38.4,1.6,39.199820549820544,33.33333333333333,1.62,296,-7.245478595478596,-11.345687830687831,-3.7487764550264555,-0.9466666666666667,-11.562409812409811,-16.093590668590668,-6.677006373256375,-11.74177489177489,-15.971679292929291,-7.39851791726792
6,4,3,as&gap&mrg|cnf|ovl|tzi,1,1,38.4,1.6,39.199820549820544,33.33333333333333,1.62,296,-7.245478595478596,-11.345687830687831,-3.7487764550264555,-0.9466666666666667,-11.562409812409811,-16.093590668590668,-6.677006373256375,-11.74177489177489,-15.971679292929291,-7.39851791726792
3,3,1,cnf|ovl|tzi,0,0,38.4,1.6,39.199820549820544,33.33333333333333,1.6266666666666667,296,-7.245478595478596,-11.345687830687831,-3.7487764550264555,-0.94,-11.562409812409811,-16.093590668590668,-6.677006373256375,-11.74177489177489,-15.971679292929291,-7.39851791726792
6,5,2,as|cnf|gap&tzi|mrg|ovl,1,1,42.4,1.52,39.144264994264994,33.33333333333333,1.5733333333333333,300,-7.301034151034153,-11.119889369889368,-3.8247089947089954,-0.9933333333333333,-11.617965367965368,-16.094674723424724,-6.957677970177971,-11.797330447330449,-16.09708213083213,-7.276401515151515
5,4,2,as|cnf|gap&tzi|ovl,0,1,42.4,1.56,39.144264994264994,33.33333333333333,1.59,300,-7.301034151034153,-11.119889369889368,-3.8247089947089954,-0.9766666666666667,-11.617965367965368,-16.094674723424724,-6.957677970177971,-11.797330447330449,-16.09708213083213,-7.276401515151515
6,5,2,as|cnf&tzi|gap|mrg|ovl,1,1,42.4,1.48,39.13236023236023,33.33333333333333,1.4366666666666668,300,-7.312938912938914,-11.376620971620973,-3.754898388648389,-1.13,-11.629870129870131,-16.537437469937473,-6.713222703222704,-11.80923520923521,-16.416975108225106,-7.149592352092352
4,4,1,cnf|gap|mrg|ovl,1,0,42.4,1.52,39.13236023236023,33.33333333333333,1.4433333333333334,300,-7.312938912938914,-11.595028258778258,-3.6797775372775376,-1.1233333333333333,-11.629870129870131,-16.518371813371814,-6.563980278980279,-11.80923520923521,-16.61748556998557,-7.053564814814814
6,5,2,as&tzi|cnf|gap|mrg|ovl,1,1,42.4,1.52,39.13236023236023,33.33333333333333,1.4433333333333334,300,-7.312938912938914,-11.595028258778258,-3.6797775372775376,-1.1233333333333333,-11.629870129870131,-16.518371813371814,-6.563980278980279,-11.80923520923521,-16.61748556998557,-7.053564814814814
5,4,2,as&mrg|cnf|gap|ovl,1,1,42.4,1.56,39.13236023236023,33.33333333333333,1.46,300,-7.312938912938914,-11.595028258778258,-3.6797775372775376,-1.1066666666666667,-11.629870129870131,-16.518371813371814,-6.563980278980279,-11.80923520923521,-16.61748556998557,-7.053564814814814
5,4,2,cnf|gap|mrg&tzi|ovl,1,0,42.4,1.56,39.13236023236023,33.33333333333333,1.4733333333333334,299,-7.312938912938914,-11.595028258778258,-3.6797775372775376,-1.0933333333333333,-11.629870129870131,-16.518371813371814,-6.563980278980279,-11.80923520923521,-16.61748556998557,-7.053564814814814
5,4,2,as&tzi|cnf|gap|ovl,0,1,42.4,1.56,39.13236023236023,33.33333333333333,1.48,299,-7.312938912938914,-11.595028258778258,-3.6797775372775376,-1.0866666666666667,-11.629870129870131,-16.518371813371814,-6.563980278980279,-11.80923520923521,-16.61748556998557,-7.053564814814814
6,4,3,as&mrg&tzi|cnf|gap|ovl,1,1,42.4,1.56,39.13236023236023,33.33333333333333,1.48,299,-7.312938912938914,-11.595028258778258,-3.6797775372775376,-1.0866666666666667,-11.629870129870131,-16.518371813371814,-6.563980278980279,-11.80923520923521,-16.61748556998557,-7.053564814814814
4,4,1,as|cnf|gap|mrg,1,1,42.4,1.48,39.07680467680468,33.666666666666664,1.4933333333333334,300,-7.368494468494468,-11.551723785473786,-3.8254166666666674,-1.0733333333333333,-11.685425685425685,-16.719681938431936,-6.678379028379032,-11.864790764790763,-16.428775853775853,-7.203905122655124
6,5,2,as|cnf|gap|mrg|ovl&tzi,1,1,42.4,1.48,39.07680467680468,33.666666666666664,1.4933333333333334,300,-7.368494468494468,-11.551723785473786,-3.8254166666666674,-1.0733333333333333,-11.685425685425685,-16.719681938431936,-6.678379028379032,-11.864790764790763,-16.428775853775853,-7.203905122655124
5,4,2,as|cnf|gap|mrg&ovl,1,1,42.4,1.52,39.07680467680468,33.666666666666664,1.51,300,-7.368494468494468,-11.551723785473786,-3.8254166666666674,-1.0566666666666666,-11.685425685425685,-16.719681938431936,-6.678379028379032,-11.864790764790763,-16.428775853775853,-7.203905122655124
5,4,2,as|cnf|gap|mrg&tzi,1,1,42.4,1.52,39.07680467680468,33.666666666666664,1.51,300,-7.368494468494468,-11.551723785473786,-3.8254166666666674,-1.0566666666666666,-11.685425685425685,-16.719681938431936,-6.678379028379032,-11.864790764790763,-16.428775853775853,-7.203905122655124
3,3,1,as|cnf|gap,0,1,42.4,1.52,39.07680467680468,33.666666666666664,1.5166666666666666,300,-7.368494468494468,-11.551723785473786,-3.8254166666666674,-1.05,-11.685425685425685,-16.719681938431936,-6.678379028379032,-11.864790764790763,-16.428775853775853,-7.203905122655124
5,4,2,as|cnf|gap|ovl&tzi,0,1,42.4,1.52,39.07680467680468,33.666666666666664,1.5166666666666666,300,-7.368494468494468,-11.551723785473786,-3.8254166666666674,-1.05,-11.685425685425685,-16.719681938431936,-6.678379028379032,-11.864790764790763,-16.428775853775853,-7.203905122655124
6,4,3,as|cnf|gap|mrg&ovl&tzi,1,1,42.4,1.52,39.07680467680468,33.666666666666664,1.5166666666666666,300,-7.368494468494468,-11.551723785473786,-3.8254166666666674,-1.05,-11.685425685425685,-16.719681938431936,-6.678379028379032,-11.864790764790763,-16.428775853775853,-7.203905122655124
6,5,2,as|cnf&gap|mrg|ovl|tzi,1,1,38.4,1.52,39.03315388315389,33.0,1.55,300,-7.412145262145262,-11.242506012506013,-4.084636243386243,-1.0166666666666666,-11.729076479076477,-16.108316498316498,-6.9476376863876865,-11.908441558441558,-16.15095298220298,-7.743306277056278
6,5,2,as&gap|cnf|mrg|ovl|tzi,1,1,38.4,1.56,39.03315388315389,33.0,1.5566666666666666,300,-7.412145262145262,-11.50452801827802,-3.9175913900913915,-1.01,-11.729076479076477,-16.287991221741223,-6.8701737614237635,-11.908441558441558,-16.124857503607505,-7.692284151034151
5,4,2,as&gap|cnf|ovl|tzi,0,1,38.4,1.6,39.03315388315389,33.0,1.5866666666666667,299,-7.412145262145262,-11.50452801827802,-3.9175913900913915,-0.98,-11.729076479076477,-16.287991221741223,-6.8701737614237635,-11.908441558441558,-16.124857503607505,-7.692284151034151
5,4,2,as|gap&mrg|ovl|tzi,1,1,38.4,1.56,39.03315388315389,33.0,1.59,300,-7.412145262145262,-10.98217772967773,-4.308332130832132,-0.9766666666666667,-11.729076479076477,-16.172236652236652,-6.8441618566618585,-11.908441558441558,-16.143397667147664,-7.804989177489177
6,4,3,as|cnf&gap&mrg|ovl|tzi,1,1,38.4,1.56,39.03315388315389,33.0,1.59,300,-7.412145262145262,-10.98217772967773,-4.308332130832132,-0.9766666666666667,-11.729076479076477,-16.172236652236652,-6.8441618566618585,-11.908441558441558,-16.143397667147664,-7.804989177489177
3,3,1,as|ovl|tzi,0,1,38.4,1.56,39.03315388315389,33.0,1.5933333333333333,300,-7.412145262145262,-10.98217772967773,-4.308332130832132,-0.9733333333333334,-11.729076479076477,-16.172236652236652,-6.8441618566618585,-11.908441558441558,-16.143397667147664,-7.804989177489177
6,5,2,as&cnf|gap|mrg|ovl|tzi,1,1,38.4,1.52,39.02124912124912,33.0,1.42,300,-7.4240500240500245,-11.361196488696487,-3.723345358345359,-1.1466666666666667,-11.740981240981242,-16.714832852332854,-6.8912421837421824,-11.920346320346322,-16.68775072150072,-7.433727753727755
4,4,1,as|gap|ovl|tzi,0,1,38.4,1.48,39.02124912124912,33.0,1.4266666666666667,300,-7.4240500240500245,-11.202968374218376,-3.802343073593075,-1.14,-11.740981240981242,-16.603756012506015,-6.885401635401636,-11.920346320346322,-16.424742063492058,-7.255119047619049
4,4,1,as|cnf|mrg|tzi,1,1,38.4,1.52,38.97759832759833,33.33333333333333,1.6066666666666667,300,-7.467700817700818,-11.201483886483885,-3.9154160654160655,-0.96,-11.784632034632034,-16.43035954785955,-6.921805555555554,-11.963997113997115,-16.064623015873014,-7.73709595959596
6,5,2,as|cnf|gap&ovl|mrg|tzi,1,1,38.4,1.52,38.97759832759833,33.33333333333333,1.6066666666666667,300,-7.467700817700818,-11.201483886483885,-3.9154160654160655,-0.96,-11.784632034632034,-16.43035954785955,-6.921805555555554,-11.963997113997115,-16.064623015873014,-7.73709595959596
5,4,2,as|cnf|mrg&ovl|tzi,1,1,38.4,1.56,38.97759832759833,33.33333333333333,1.6166666666666667,300,-7.467700817700818,-11.201483886483885,-3.9154160654160655,-0.95,-11.784632034632034,-16.43035954785955,-6.921805555555554,-11.963997113997115,-16.064623015873014,-7.73709595959596
3,3,1,as|cnf|tzi,0,1,38.4,1.56,38.97759832759833,33.33333333333333,1.6233333333333333,300,-7.467700817700818,-11.201483886483885,-3.9154160654160655,-0.9433333333333334,-11.784632034632034,-16.43035954785955,-6.921805555555554,-11.963997113997115,-16.064623015873014,-7.73709595959596
5,4,2,as|cnf|gap&mrg|tzi,1,1,38.4,1.56,38.97759832759833,33.33333333333333,1.6233333333333333,300,-7.467700817700818,-11.201483886483885,-3.9154160654160655,-0.9433333333333334,-11.784632034632034,-16.43035954785955,-6.921805555555554,-11.963997113997115,-16.064623015873014,-7.73709595959596
5,4,2,as|cnf|gap&ovl|tzi,0,1,38.4,1.56,38.97759832759833,33.33333333333333,1.6233333333333333,300,-7.467700817700818,-11.201483886483885,-3.9154160654160655,-0.9433333333333334,-11.784632034632034,-16.43035954785955,-6.921805555555554,-11.963997113997115,-16.064623015873014,-7.73709595959596
6,4,3,as|cnf|gap&mrg&ovl|tzi,1,1,38.4,1.56,38.97759832759833,33.33333333333333,1.6233333333333333,300,-7.467700817700818,-11.201483886483885,-3.9154160654160655,-0.9433333333333334,-11.784632034632034,-16.43035954785955,-6.921805555555554,-11.963997113997115,-16.064623015873014,-7.73709595959596
5,4,2,as|cnf&ovl|mrg|tzi,1,1,38.4,1.56,38.97759832759833,33.33333333333333,1.6366666666666667,300,-7.467700817700818,-11.166155603655605,-4.228226911976914,-0.93,-11.784632034632034,-16.337628667628668,-6.726532587782589,-11.963997113997115,-16.034674723424725,-7.883920755170756
6,5,2,as|cnf&ovl|gap|mrg|tzi,1,1,38.4,1.48,38.96569356569356,33.33333333333333,1.47,300,-7.479605579605581,-11.47206228956229,-4.0186135161135175,-1.0966666666666667,-11.796536796536797,-16.843939995189995,-6.821524170274172,-11.975901875901876,-16.707440476190474,-7.452614838864839
5,5,1,as|cnf|gap|mrg|ovl,1,1,42.4,1.44,38.7990268990269,33.0,1.4266666666666667,300,-7.646272246272247,-11.830289802789803,-3.9881174843674856,-1.14,-11.963203463203467,-16.79255832130832,-7.058815536315538,-12.142568542568542,-16.790920514670514,-7.35421957671958
6,5,2,as|cnf|gap|mrg&tzi|ovl,1,1,42.4,1.48,38.7990268990269,33.0,1.4366666666666668,300,-7.646272246272247,-11.830289802789803,-3.9881174843674856,-1.13,-11.963203463203467,-16.79255832130832,-7.058815536315538,-12.142568542568542,-16.790920514670514,-7.35421957671958
4,4,1,as|cnf|gap|ovl,0,1,42.4,1.48,38.7990268990269,33.0,1.4433333333333334,300,-7.646272246272247,-11.830289802789803,-3.9881174843674856,-1.1233333333333333,-11.963203463203467,-16.79255832130832,-7.058815536315538,-12.142568542568542,-16.790920514670514,-7.35421957671958
5,5,1,as|cnf|mrg|ovl|tzi,1,1,38.4,1.48,38.69982054982055,32.666666666666664,1.54,300,-7.745478595478595,-11.6778367003367,-4.323769841269841,-1.0266666666666666,-12.062409812409811,-16.50971560846561,-7.264041005291004,-12.241774891774892,-16.36782347282347,-7.955611471861472
4,4,1,as|cnf|ovl|tzi,0,1,38.4,1.52,38.69982054982055,32.666666666666664,1.55,300,-7.745478595478595,-11.6778367003367,-4.323769841269841,-1.0166666666666666,-12.062409812409811,-16.50971560846561,-7.264041005291004,-12.241774891774892,-16.36782347282347,-7.955611471861472
6,5,2,as|cnf|gap&mrg|ovl|tzi,1,1,38.4,1.52,38.69982054982055,32.666666666666664,1.55,300,-7.745478595478595,-11.6778367003367,-4.323769841269841,-1.0166666666666666,-12.062409812409811,-16.50971560846561,-7.264041005291004,-12.241774891774892,-16.36782347282347,-7.955611471861472
4,4,1,as|mrg|ovl|tzi,1,1,38.4,1.52,38.69982054982055,32.666666666666664,1.5666666666666667,300,-7.745478595478595,-11.491556036556037,-4.37895141895142,-1.0,-12.062409812409811,-16.59159211159211,-7.153284030784033,-12.241774891774892,-16.36782347282347,-8.088882275132276
5,4,2,as|cnf&mrg|ovl|tzi,1,1,38.4,1.56,38.69982054982055,32.666666666666664,1.5766666666666667,300,-7.745478595478595,-11.491556036556037,-4.37895141895142,-0.99,-12.062409812409811,-16.59159211159211,-7.153284030784033,-12.241774891774892,-16.36782347282347,-8.088882275132276
5,5,1,as|gap|mrg|ovl|tzi,1,1,38.4,1.44,38.687915787915784,32.666666666666664,1.4033333333333333,300,-7.7573833573833575,-11.658088624338623,-4.033511303511304,-1.1633333333333333,-12.074314574314576,-16.796560846560844,-7.269714405964407,-12.253679653679654,-16.820568783068783,-7.588041125541128
5,5,1,cnf|gap|mrg|ovl|tzi,1,0,38.4,1.48,38.687915787915784,32.666666666666664,1.41,300,-7.7573833573833575,-11.841215127465128,-3.8526436988936985,-1.1566666666666667,-12.074314574314576,-17.051222943722944,-7.154583333333335,-12.253679653679654,-16.867419432419435,-7.530675805675806
6,5,2,as|cnf&mrg|gap|ovl|tzi,1,1,38.4,1.48,38.687915787915784,32.666666666666664,1.4133333333333333,300,-7.7573833573833575,-11.658088624338623,-4.033511303511304,-1.1533333333333333,-12.074314574314576,-16.796560846560844,-7.269714405964407,-12.253679653679654,-16.820568783068783,-7.588041125541128
6,5,2,as&mrg|cnf|gap|ovl|tzi,1,1,38.4,1.52,38.687915787915784,32.666666666666664,1.42,300,-7.7573833573833575,-11.841215127465128,-3.8526436988936985,-1.1466666666666667,-12.074314574314576,-17.051222943722944,-7.154583333333335,-12.253679653679654,-16.867419432419435,-7.530675805675806
4,4,1,cnf|gap|ovl|tzi,0,0,38.4,1.52,38.687915787915784,32.666666666666664,1.44,299,-7.7573833573833575,-11.841215127465128,-3.8526436988936985,-1.1266666666666667,-12.074314574314576,-17.051222943722944,-7.154583333333335,-12.253679653679654,-16.867419432419435,-7.530675805675806
5,5,1,as|cnf|gap|mrg|tzi,1,1,38.4,1.44,38.63236023236023,33.0,1.46,300,-7.812938912938913,-11.805753367003367,-4.3169835257335265,-1.1066666666666667,-12.12987012987013,-17.279502765752763,-7.243243145743147,-12.309235209235208,-16.987857142857145,-7.551228956228957
6,5,2,as|cnf|gap|mrg&ovl|tzi,1,1,38.4,1.48,38.63236023236023,33.0,1.47,300,-7.812938912938913,-11.805753367003367,-4.3169835257335265,-1.0966666666666667,-12.12987012987013,-17.279502765752763,-7.243243145743147,-12.309235209235208,-16.987857142857145,-7.551228956228957
4,4,1,as|cnf|gap|tzi,0,1,38.4,1.48,38.63236023236023,33.0,1.4766666666666666,300,-7.812938912938913,-11.805753367003367,-4.3169835257335265,-1.09,-12.12987012987013,-17.279502765752763,-7.243243145743147,-12.309235209235208,-16.987857142857145,-7.551228956228957
6,6,1,as|cnf|gap|mrg|ovl|tzi,1,1,38.4,1.4,38.354582454582456,32.33333333333333,1.3933333333333333,300,-8.090716690716691,-12.052195165945166,-4.382070105820108,-1.1733333333333333,-12.40764790764791,-17.333792688792688,-7.505349927849929,-12.587012987012988,-17.204562890812888,-7.789993987493989
5,5,1,as|cnf|gap|ovl|tzi,0,1,38.4,1.44,38.354582454582456,32.33333333333333,1.4033333333333333,300,-8.090716690716691,-12.052195165945166,-4.382070105820108,-1.1633333333333333,-12.40764790764791,-17.333792688792688,-7.505349927849929,-12.587012987012988,-17.204562890812888,-7.789993987493989
