size,n_groups,max_group_size,formula,has_margin,has_answer_stable,tune_f1,tune_calls,eval_f1,eval_em,eval_calls,eval_triggered,diff_f1_vs_as,ci_as_lo,ci_as_hi,diff_calls_vs_as,diff_f1_vs_famA,ci_famA_lo,ci_famA_hi,diff_f1_vs_k3,ci_k3_lo,ci_k3_hi
5,1,5,as&cnf&gap&mrg&ovl,1,1,75.9716959511077,4.43,69.35792448292449,58.333333333333336,4.273333333333333,118,1.3193528693528693,-0.33723443223443217,3.085873015873016,1.7366666666666666,2.549206349206349,1.0912698412698412,4.427817460317459,4.17014652014652,1.9921581196581197,6.490253357753358
5,1,5,as&cnf&mrg&ovl&tzi,1,1,75.9716959511077,4.46,69.35792448292449,58.333333333333336,4.323333333333333,107,1.3193528693528693,-0.33723443223443217,3.085873015873016,1.7866666666666666,2.549206349206349,1.0912698412698412,4.427817460317459,4.17014652014652,1.9921581196581197,6.490253357753358
6,1,6,as&cnf&gap&mrg&ovl&tzi,1,1,75.9716959511077,4.51,69.35792448292449,58.333333333333336,4.3566666666666665,103,1.3193528693528693,-0.33723443223443217,3.085873015873016,1.82,2.549206349206349,1.0912698412698412,4.427817460317459,4.17014652014652,1.9921581196581197,6.490253357753358
4,1,4,as&gap&mrg&ovl,1,1,75.9716959511077,4.43,69.30236892736893,58.333333333333336,4.266666666666667,119,1.2637973137973137,-0.35303571428571434,3.020102258852259,1.73,2.4936507936507932,1.0444444444444443,4.360595238095238,4.114590964590965,1.9156105006105004,6.401388888888889
4,1,4,as&mrg&ovl&tzi,1,1,75.9716959511077,4.46,69.30236892736893,58.333333333333336,4.316666666666666,108,1.2637973137973137,-0.35303571428571434,3.020102258852259,1.78,2.4936507936507932,1.0444444444444443,4.360595238095238,4.114590964590965,1.9156105006105004,6.401388888888889
5,1,5,as&gap&mrg&ovl&tzi,1,1,75.9716959511077,4.51,69.30236892736893,58.333333333333336,4.35,104,1.2637973137973137,-0.35303571428571434,3.020102258852259,1.8133333333333332,2.4936507936507932,1.0444444444444443,4.360595238095238,4.114590964590965,1.9156105006105004,6.401388888888889
4,1,4,as&cnf&gap&ovl,0,1,76.9716959511077,4.14,69.13570226070226,58.333333333333336,4.05,137,1.0971306471306472,-0.4287301587301587,2.758075396825397,1.5133333333333334,2.326984126984127,0.9044841269841271,4.021626984126983,3.9479242979242977,1.8720909645909647,6.184404761904761
4,1,4,as&cnf&ovl&tzi,0,1,75.9716959511077,4.19,69.13570226070226,58.333333333333336,4.126666666666667,123,1.0971306471306472,-0.4287301587301587,2.758075396825397,1.59,2.326984126984127,0.9044841269841271,4.021626984126983,3.9479242979242977,1.8720909645909647,6.184404761904761
5,1,5,as&cnf&gap&ovl&tzi,0,1,76.9716959511077,4.27,69.13570226070226,58.333333333333336,4.17,118,1.0971306471306472,-0.4287301587301587,2.758075396825397,1.6333333333333333,2.326984126984127,0.9044841269841271,4.021626984126983,3.9479242979242977,1.8720909645909647,6.184404761904761
4,1,4,as&cnf&mrg&ovl,1,1,75.9716959511077,3.91,69.11982924482925,57.99999999999999,3.8933333333333335,178,1.0812576312576312,-0.5333699633699635,2.765979853479853,1.3566666666666667,2.311111111111111,0.9333333333333332,4.155833333333333,3.932051282051282,1.7556501831501832,6.109749694749695
3,1,3,as&gap&mrg,1,1,74.9716959511077,3.93,69.08014670514669,57.99999999999999,3.7733333333333334,179,1.0415750915750914,-0.45435744810744805,2.5733531746031746,1.2366666666666666,2.271428571428571,0.615595238095238,4.360873015873016,3.892368742368742,1.8296901709401707,6.091607142857143
4,1,4,as&cnf&gap&mrg,1,1,74.9716959511077,3.93,69.08014670514669,57.99999999999999,3.776666666666667,178,1.0415750915750914,-0.45435744810744805,2.5733531746031746,1.24,2.271428571428571,0.615595238095238,4.360873015873016,3.892368742368742,1.8296901709401707,6.091607142857143
3,1,3,as&mrg&tzi,1,1,74.9716959511077,4.0,69.08014670514669,57.99999999999999,3.8433333333333333,163,1.0415750915750914,-0.45435744810744805,2.5733531746031746,1.3066666666666666,2.271428571428571,0.615595238095238,4.360873015873016,3.892368742368742,1.8296901709401707,6.091607142857143
4,1,4,as&cnf&mrg&tzi,1,1,74.9716959511077,4.0,69.08014670514669,57.99999999999999,3.8466666666666667,162,1.0415750915750914,-0.45435744810744805,2.5733531746031746,1.31,2.271428571428571,0.615595238095238,4.360873015873016,3.892368742368742,1.8296901709401707,6.091607142857143
4,1,4,as&gap&mrg&tzi,1,1,74.9716959511077,4.08,69.08014670514669,57.99999999999999,3.8866666666666667,157,1.0415750915750914,-0.45435744810744805,2.5733531746031746,1.35,2.271428571428571,0.615595238095238,4.360873015873016,3.892368742368742,1.8296901709401707,6.091607142857143
5,1,5,as&cnf&gap&mrg&tzi,1,1,74.9716959511077,4.08,69.08014670514669,57.99999999999999,3.89,156,1.0415750915750914,-0.45435744810744805,2.5733531746031746,1.3533333333333333,2.271428571428571,0.615595238095238,4.360873015873016,3.892368742368742,1.8296901709401707,6.091607142857143
3,1,3,as&gap&ovl,0,1,76.9716959511077,4.14,69.08014670514669,58.333333333333336,4.036666666666667,138,1.0415750915750916,-0.46373015873015855,2.702380952380952,1.5,2.271428571428571,0.8888888888888888,4.011349206349206,3.8923687423687423,1.8234798534798535,6.120702075702076
3,1,3,as&ovl&tzi,0,1,75.9716959511077,4.19,69.08014670514669,58.333333333333336,4.113333333333333,124,1.0415750915750916,-0.46373015873015855,2.702380952380952,1.5766666666666667,2.271428571428571,0.8888888888888888,4.011349206349206,3.8923687423687423,1.8234798534798535,6.120702075702076
4,1,4,as&gap&ovl&tzi,0,1,76.9716959511077,4.27,69.08014670514669,58.333333333333336,4.156666666666666,119,1.0415750915750916,-0.46373015873015855,2.702380952380952,1.62,2.271428571428571,0.8888888888888888,4.011349206349206,3.8923687423687423,1.8234798534798535,6.120702075702076
3,1,3,as&mrg&ovl,1,1,75.9716959511077,3.91,69.06427368927368,57.99999999999999,3.8833333333333333,179,1.0257020757020756,-0.575473137973138,2.7190476190476187,1.3466666666666667,2.2555555555555555,0.8222222222222224,4.089722222222222,3.876495726495727,1.6828601953601954,6.055650183150182
4,1,4,cnf&gap&mrg&ovl,1,0,75.9716959511077,4.3,68.91348003848003,57.666666666666664,4.136666666666667,125,0.8749084249084247,-0.8904014041514042,2.7426587301587295,1.6,2.104761904761905,0.711111111111111,3.8588888888888886,3.7257020757020762,1.7034325396825394,6.050563186813187
4,1,4,cnf&mrg&ovl&tzi,1,0,74.9716959511077,4.32,68.91348003848003,57.666666666666664,4.203333333333333,113,0.8749084249084247,-0.8904014041514042,2.7426587301587295,1.6666666666666667,2.104761904761905,0.711111111111111,3.8588888888888886,3.7257020757020762,1.7034325396825394,6.050563186813187
5,1,5,cnf&gap&mrg&ovl&tzi,1,0,75.9716959511077,4.4,68.91348003848003,57.666666666666664,4.236666666666666,109,0.8749084249084247,-0.8904014041514042,2.7426587301587295,1.7,2.104761904761905,0.711111111111111,3.8588888888888886,3.7257020757020762,1.7034325396825394,6.050563186813187
3,1,3,as&cnf&ovl,0,1,76.45979118920295,3.32,68.89760702260702,57.99999999999999,3.54,207,0.859035409035409,-0.6443574481074481,2.3692857142857138,1.0033333333333334,2.0888888888888886,0.8222222222222223,3.633611111111111,3.7098290598290595,1.716607142857143,5.946309523809524
3,1,3,gap&mrg&ovl,1,0,75.9716959511077,4.3,68.85792448292449,57.666666666666664,4.113333333333333,127,0.8193528693528693,-0.9402976190476191,2.6992460317460307,1.5766666666666667,2.049206349206349,0.6666666666666667,3.7985317460317463,3.67014652014652,1.647872405372405,5.995007631257631
3,1,3,mrg&ovl&tzi,1,0,74.9716959511077,4.32,68.85792448292449,57.666666666666664,4.18,115,0.8193528693528693,-0.9402976190476191,2.6992460317460307,1.6433333333333333,2.049206349206349,0.6666666666666667,3.7985317460317463,3.67014652014652,1.647872405372405,5.995007631257631
4,1,4,gap&mrg&ovl&tzi,1,0,75.9716959511077,4.4,68.85792448292449,57.666666666666664,4.213333333333333,111,0.8193528693528693,-0.9402976190476191,2.6992460317460307,1.6766666666666667,2.049206349206349,0.6666666666666667,3.7985317460317463,3.67014652014652,1.647872405372405,5.995007631257631
2,1,2,as&ovl,0,1,76.45979118920295,3.31,68.84205146705146,57.99999999999999,3.5166666666666666,208,0.8034798534798536,-0.6896550671550671,2.327480158730159,0.98,2.033333333333333,0.7547222222222222,3.5894444444444438,3.6542735042735046,1.652361111111111,5.848531746031744
2,1,2,as&gap,0,1,73.9716959511077,3.53,68.75316257816257,57.666666666666664,3.3466666666666667,199,0.7145909645909646,0.008333333333333371,1.7344474969474963,0.81,1.9444444444444444,-0.017658730158730086,3.933253968253967,3.5653846153846156,1.7554639804639807,5.649868742368742
3,1,3,as&cnf&gap,0,1,73.9716959511077,3.53,68.75316257816257,57.666666666666664,3.3733333333333335,199,0.7145909645909646,0.008333333333333371,1.7344474969474963,0.8366666666666667,1.9444444444444444,-0.017658730158730086,3.933253968253967,3.5653846153846156,1.7554639804639807,5.649868742368742
2,1,2,as&tzi,0,1,72.9716959511077,3.61,68.75316257816257,57.666666666666664,3.4766666666666666,180,0.7145909645909646,0.008333333333333371,1.7344474969474963,0.94,1.9444444444444444,-0.017658730158730086,3.933253968253967,3.5653846153846156,1.7554639804639807,5.649868742368742
3,1,3,as&cnf&tzi,0,1,72.9716959511077,3.61,68.75316257816257,57.666666666666664,3.5033333333333334,180,0.7145909645909646,0.008333333333333371,1.7344474969474963,0.9666666666666667,1.9444444444444444,-0.017658730158730086,3.933253968253967,3.5653846153846156,1.7554639804639807,5.649868742368742
3,1,3,as&gap&tzi,0,1,73.9716959511077,3.72,68.75316257816257,57.666666666666664,3.54,173,0.7145909645909646,0.008333333333333371,1.7344474969474963,1.0033333333333334,1.9444444444444444,-0.017658730158730086,3.933253968253967,3.5653846153846156,1.7554639804639807,5.649868742368742
4,1,4,as&cnf&gap&tzi,0,1,73.9716959511077,3.72,68.75316257816257,57.666666666666664,3.566666666666667,173,0.7145909645909646,0.008333333333333371,1.7344474969474963,1.03,1.9444444444444444,-0.017658730158730086,3.933253968253967,3.5653846153846156,1.7554639804639807,5.649868742368742
2,1,2,as&mrg,1,1,73.9716959511077,3.17,68.73094035594035,57.333333333333336,3.1866666666666665,263,0.6923687423687422,-0.6849572649572649,2.224146825396825,0.65,1.922222222222222,0.37749999999999995,3.8586111111111085,3.5431623931623926,1.511607142857143,5.6974801587301585
3,1,3,as&cnf&mrg,1,1,73.9716959511077,3.17,68.73094035594035,57.333333333333336,3.1966666666666668,261,0.6923687423687422,-0.6849572649572649,2.224146825396825,0.66,1.922222222222222,0.37749999999999995,3.8586111111111085,3.5431623931623926,1.511607142857143,5.6974801587301585
3,1,3,cnf&mrg&ovl,1,0,73.9716959511077,3.67,68.67538480038479,57.333333333333336,3.69,189,0.6368131868131868,-1.1095634920634918,2.4977854090354086,1.1533333333333333,1.8666666666666665,0.4769444444444444,3.4899999999999984,3.487606837606837,1.5367292429792427,5.706388888888887
2,1,2,mrg&ovl,1,0,73.9716959511077,3.67,68.61982924482925,57.333333333333336,3.6633333333333336,191,0.5812576312576312,-1.1325396825396825,2.4226190476190474,1.1266666666666667,1.8111111111111113,0.476388888888889,3.4222222222222216,3.4320512820512823,1.4748611111111112,5.645741758241757
3,1,3,cnf&gap&mrg,1,0,73.9716959511077,3.77,68.41348003848003,57.333333333333336,3.58,182,0.3749084249084249,-1.3836004273504277,2.1489758852258847,1.0433333333333332,1.6047619047619046,-0.15174603174603174,3.649484126984127,3.225702075702076,1.1633287545787545,5.5331822344322354
5,2,3,as&gap|mrg&ovl&tzi,1,1,72.9716959511077,3.39,68.30871813371814,56.99999999999999,3.22,204,0.2701465201465201,-0.8568376068376068,1.4771825396825393,0.6833333333333333,1.5,-0.3730952380952382,3.4276587301587296,3.120940170940171,1.355496031746032,5.150245726495727
6,2,4,as&gap|cnf&mrg&ovl&tzi,1,1,72.9716959511077,3.39,68.30871813371814,56.99999999999999,3.2333333333333334,204,0.2701465201465201,-0.8568376068376068,1.4771825396825393,0.6966666666666667,1.5,-0.3730952380952382,3.4276587301587296,3.120940170940171,1.355496031746032,5.150245726495727
6,2,3,as&cnf&gap|mrg&ovl&tzi,1,1,72.9716959511077,3.39,68.30871813371814,56.99999999999999,3.243333333333333,204,0.2701465201465201,-0.8568376068376068,1.4771825396825393,0.7066666666666667,1.5,-0.3730952380952382,3.4276587301587296,3.120940170940171,1.355496031746032,5.150245726495727
5,2,3,as&tzi|gap&mrg&ovl,1,1,72.9716959511077,3.45,68.30871813371814,56.99999999999999,3.283333333333333,197,0.2701465201465201,-0.8568376068376068,1.4771825396825393,0.7466666666666667,1.5,-0.3730952380952382,3.4276587301587296,3.120940170940171,1.355496031746032,5.150245726495727
6,2,4,as&tzi|cnf&gap&mrg&ovl,1,1,72.9716959511077,3.45,68.30871813371814,56.99999999999999,3.296666666666667,197,0.2701465201465201,-0.8568376068376068,1.4771825396825393,0.76,1.5,-0.3730952380952382,3.4276587301587296,3.120940170940171,1.355496031746032,5.150245726495727
6,2,3,as&cnf&tzi|gap&mrg&ovl,1,1,72.9716959511077,3.45,68.30871813371814,56.99999999999999,3.3066666666666666,197,0.2701465201465201,-0.8568376068376068,1.4771825396825393,0.77,1.5,-0.3730952380952382,3.4276587301587296,3.120940170940171,1.355496031746032,5.150245726495727
3,1,3,cnf&mrg&tzi,1,0,72.9716959511077,3.83,68.30236892736893,56.99999999999999,3.6866666666666665,166,0.26379731379731375,-1.5047710622710624,2.0111706349206346,1.15,1.4936507936507937,-0.2845238095238095,3.5100793650793647,3.1145909645909646,1.1069795482295486,5.423479853479853
4,1,4,cnf&gap&mrg&tzi,1,0,73.9716959511077,3.94,68.30236892736893,56.99999999999999,3.7333333333333334,160,0.26379731379731375,-1.5047710622710624,2.0111706349206346,1.1966666666666668,1.4936507936507937,-0.2845238095238095,3.5100793650793647,3.1145909645909646,1.1069795482295486,5.423479853479853
6,2,3,as&ovl&tzi|cnf&gap&mrg,1,1,73.9716959511077,3.47,68.19125781625782,57.333333333333336,3.3833333333333333,193,0.1526862026862026,-1.5591040903540905,1.755952380952381,0.8466666666666667,1.3825396825396825,-0.3174603174603174,3.1926587301587297,3.0034798534798535,1.1382295482295484,5.1212332112332115
5,2,3,as&tzi|cnf&gap&mrg,1,1,71.9716959511077,3.32,68.0864959114959,56.99999999999999,3.1966666666666668,204,0.04792429792429794,-1.2789529914529914,1.3376984126984124,0.66,1.277777777777778,-0.7428968253968253,3.4477777777777776,2.898717948717949,1.1102777777777781,5.049880952380952
6,2,3,as&gap&ovl|cnf&mrg&tzi,1,1,73.9716959511077,3.48,68.08014670514669,56.99999999999999,3.4133333333333336,191,0.041575091575091504,-1.6472817460317462,1.6353800366300364,0.8766666666666667,1.2714285714285714,-0.3952380952380952,3.087738095238095,2.8923687423687428,1.0768727106227107,5.0340873015873004
4,2,2,as&gap|mrg&ovl,1,1,71.9716959511077,2.84,68.07062289562289,56.666666666666664,2.7866666666666666,264,0.03205128205128205,-1.0194444444444444,1.0833333333333335,0.25,1.261904761904762,-0.5724206349206349,3.1112301587301583,2.882844932844933,1.115496031746032,4.912269536019536
5,2,3,as&gap|cnf&mrg&ovl,1,1,71.9716959511077,2.84,68.07062289562289,56.666666666666664,2.8033333333333332,264,0.03205128205128205,-1.0194444444444444,1.0833333333333335,0.26666666666666666,1.261904761904762,-0.5724206349206349,3.1112301587301583,2.882844932844933,1.115496031746032,4.912269536019536
5,2,3,as&cnf&gap|mrg&ovl,1,1,71.9716959511077,2.84,68.07062289562289,56.666666666666664,2.81,264,0.03205128205128205,-1.0194444444444444,1.0833333333333335,0.2733333333333333,1.261904761904762,-0.5724206349206349,3.1112301587301583,2.882844932844933,1.115496031746032,4.912269536019536
4,2,2,as&tzi|mrg&ovl,1,1,71.9716959511077,2.89,68.07062289562289,56.666666666666664,2.8666666666666667,257,0.03205128205128205,-1.0194444444444444,1.0833333333333335,0.33,1.261904761904762,-0.5724206349206349,3.1112301587301583,2.882844932844933,1.115496031746032,4.912269536019536
5,2,3,as&tzi|cnf&mrg&ovl,1,1,71.9716959511077,2.89,68.07062289562289,56.666666666666664,2.8833333333333333,257,0.03205128205128205,-1.0194444444444444,1.0833333333333335,0.3466666666666667,1.261904761904762,-0.5724206349206349,3.1112301587301583,2.882844932844933,1.115496031746032,4.912269536019536
5,2,3,as&cnf&tzi|mrg&ovl,1,1,71.9716959511077,2.89,68.07062289562289,56.666666666666664,2.89,257,0.03205128205128205,-1.0194444444444444,1.0833333333333335,0.35333333333333333,1.261904761904762,-0.5724206349206349,3.1112301587301583,2.882844932844933,1.115496031746032,4.912269536019536
5,2,3,as&gap&tzi|mrg&ovl,1,1,71.9716959511077,2.93,68.07062289562289,56.666666666666664,2.8966666666666665,254,0.03205128205128205,-1.0194444444444444,1.0833333333333335,0.36,1.261904761904762,-0.5724206349206349,3.1112301587301583,2.882844932844933,1.115496031746032,4.912269536019536
6,2,3,as&gap&tzi|cnf&mrg&ovl,1,1,71.9716959511077,2.93,68.07062289562289,56.666666666666664,2.9133333333333336,254,0.03205128205128205,-1.0194444444444444,1.0833333333333335,0.37666666666666665,1.261904761904762,-0.5724206349206349,3.1112301587301583,2.882844932844933,1.115496031746032,4.912269536019536
6,2,4,as&cnf&gap&tzi|mrg&ovl,1,1,71.9716959511077,2.93,68.07062289562289,56.666666666666664,2.92,254,0.03205128205128205,-1.0194444444444444,1.0833333333333335,0.38333333333333336,1.261904761904762,-0.5724206349206349,3.1112301587301583,2.882844932844933,1.115496031746032,4.912269536019536
1,1,1,as,0,1,72.45979118920295,2.42,68.0385716135716,56.666666666666664,2.5366666666666666,297,0.0,0.0,0.0,0.0,1.22985347985348,-0.8906822344322345,3.3238415750915755,2.8507936507936504,1.1234523809523809,4.855555555555554
2,1,2,as&cnf,0,1,72.45979118920295,2.44,67.98728956228956,56.666666666666664,2.5966666666666667,295,-0.05128205128205127,-0.15384615384615383,0.0,0.06,1.1785714285714286,-0.9399404761904764,3.2606547619047617,2.7995115995116,1.0578052503052504,4.776868131868132
5,2,3,as&gap|cnf&mrg&tzi,1,1,71.9716959511077,3.3,67.9753848003848,56.666666666666664,3.1733333333333333,207,-0.06318681318681318,-1.424893162393162,1.2143925518925518,0.6366666666666667,1.1666666666666667,-0.8540079365079365,3.3369444444444443,2.7876068376068375,1.0221626984126986,4.938209706959706
5,2,3,as&ovl|cnf&gap&mrg,1,1,74.45979118920295,2.69,67.95316257816259,56.99999999999999,2.87,260,-0.0854090354090354,-1.812889194139194,1.5273489010989012,0.3333333333333333,1.1444444444444444,-0.5555555555555555,2.945,2.7653846153846153,0.9759920634920634,4.839015567765567
5,2,3,as&ovl|cnf&mrg&tzi,1,1,74.45979118920295,2.72,67.84205146705146,56.666666666666664,2.9266666666666667,257,-0.1965201465201465,-1.8504212454212452,1.3881150793650794,0.39,1.0333333333333332,-0.6333333333333333,2.745555555555555,2.6542735042735037,0.8638568376068378,4.7523809523809515
6,2,4,as&ovl|cnf&gap&mrg&tzi,1,1,74.45979118920295,2.76,67.84205146705146,56.666666666666664,2.94,255,-0.1965201465201465,-1.8504212454212452,1.3881150793650794,0.4033333333333333,1.0333333333333332,-0.6333333333333333,2.745555555555555,2.6542735042735037,0.8638568376068378,4.7523809523809515
2,1,2,cnf&mrg,1,0,71.9716959511077,2.88,67.73094035594035,56.333333333333336,2.91,272,-0.30763125763125765,-2.177789987789988,1.4935393772893766,0.37333333333333335,0.9222222222222222,-0.9783333333333335,2.9555555555555557,2.543162393162393,0.5073092185592185,4.755622710622711
3,2,2,as|mrg&ovl,1,1,72.45979118920295,2.3,67.59412716912718,56.00000000000001,2.38,298,-0.44444444444444453,-1.3333333333333335,0.0,-0.15666666666666668,0.7854090354090354,-1.2513492063492064,2.7443574481074475,2.4063492063492067,0.7998809523809525,4.319126984126983
4,2,3,as|cnf&mrg&ovl,1,1,72.45979118920295,2.3,67.59412716912718,56.00000000000001,2.3933333333333335,298,-0.44444444444444453,-1.3333333333333335,0.0,-0.14333333333333334,0.7854090354090354,-1.2513492063492064,2.7443574481074475,2.4063492063492067,0.7998809523809525,4.319126984126983
4,2,3,as|gap&mrg&ovl,1,1,72.45979118920295,2.36,67.59412716912718,56.00000000000001,2.4266666666666667,298,-0.44444444444444453,-1.3333333333333335,0.0,-0.11,0.7854090354090354,-1.2513492063492064,2.7443574481074475,2.4063492063492067,0.7998809523809525,4.319126984126983
5,2,4,as|cnf&gap&mrg&ovl,1,1,72.45979118920295,2.36,67.59412716912718,56.00000000000001,2.44,298,-0.44444444444444453,-1.3333333333333335,0.0,-0.09666666666666666,0.7854090354090354,-1.2513492063492064,2.7443574481074475,2.4063492063492067,0.7998809523809525,4.319126984126983
4,2,3,as|mrg&ovl&tzi,1,1,72.45979118920295,2.35,67.59412716912718,56.00000000000001,2.4433333333333334,298,-0.44444444444444453,-1.3333333333333335,0.0,-0.09333333333333334,0.7854090354090354,-1.2513492063492064,2.7443574481074475,2.4063492063492067,0.7998809523809525,4.319126984126983
5,2,4,as|gap&mrg&ovl&tzi,1,1,72.45979118920295,2.36,67.59412716912718,56.00000000000001,2.4433333333333334,298,-0.44444444444444453,-1.3333333333333335,0.0,-0.09333333333333334,0.7854090354090354,-1.2513492063492064,2.7443574481074475,2.4063492063492067,0.7998809523809525,4.319126984126983
5,2,4,as|cnf&mrg&ovl&tzi,1,1,72.45979118920295,2.35,67.59412716912718,56.00000000000001,2.4566666666666666,298,-0.44444444444444453,-1.3333333333333335,0.0,-0.08,0.7854090354090354,-1.2513492063492064,2.7443574481074475,2.4063492063492067,0.7998809523809525,4.319126984126983
6,2,5,as|cnf&gap&mrg&ovl&tzi,1,1,72.45979118920295,2.36,67.59412716912718,56.00000000000001,2.4566666666666666,298,-0.44444444444444453,-1.3333333333333335,0.0,-0.08,0.7854090354090354,-1.2513492063492064,2.7443574481074475,2.4063492063492067,0.7998809523809525,4.319126984126983
4,2,2,as&cnf|mrg&ovl,1,1,72.45979118920295,2.32,67.54284511784512,56.00000000000001,2.433333333333333,296,-0.49572649572649574,-1.3344017094017093,0.0,-0.10333333333333333,0.7341269841269842,-1.3066071428571426,2.694900793650793,2.3550671550671547,0.7196031746031746,4.268971306471306
5,2,3,as&cnf|gap&mrg&ovl,1,1,72.45979118920295,2.38,67.54284511784512,56.00000000000001,2.4833333333333334,296,-0.49572649572649574,-1.3344017094017093,0.0,-0.05333333333333334,0.7341269841269842,-1.3066071428571426,2.694900793650793,2.3550671550671547,0.7196031746031746,4.268971306471306
5,2,3,as&cnf|mrg&ovl&tzi,1,1,72.45979118920295,2.37,67.54284511784512,56.00000000000001,2.5,296,-0.49572649572649574,-1.3344017094017093,0.0,-0.03666666666666667,0.7341269841269842,-1.3066071428571426,2.694900793650793,2.3550671550671547,0.7196031746031746,4.268971306471306
6,2,4,as&cnf|gap&mrg&ovl&tzi,1,1,72.45979118920295,2.38,67.54284511784512,56.00000000000001,2.5,296,-0.49572649572649574,-1.3344017094017093,0.0,-0.03666666666666667,0.7341269841269842,-1.3066071428571426,2.694900793650793,2.3550671550671547,0.7196031746031746,4.268971306471306
4,2,2,as&ovl|cnf&mrg,1,1,73.45979118920295,2.37,67.50871813371813,56.333333333333336,2.6066666666666665,285,-0.5298534798534799,-2.3803815628815626,1.219340659340659,0.07,0.6999999999999998,-1.145,2.5780555555555553,2.3209401709401707,0.27421398046398054,4.406654456654456
5,2,3,as&gap&ovl|cnf&mrg,1,1,72.9716959511077,2.63,67.50871813371813,56.333333333333336,2.72,280,-0.5298534798534799,-2.3803815628815626,1.219340659340659,0.18333333333333332,0.6999999999999998,-1.145,2.5780555555555553,2.3209401709401707,0.27421398046398054,4.406654456654456
5,2,3,as&ovl&tzi|cnf&mrg,1,1,72.9716959511077,2.65,67.50871813371813,56.333333333333336,2.7466666666666666,279,-0.5298534798534799,-2.3803815628815626,1.219340659340659,0.21,0.6999999999999998,-1.145,2.5780555555555553,2.3209401709401707,0.27421398046398054,4.406654456654456
6,2,4,as&gap&ovl&tzi|cnf&mrg,1,1,72.9716959511077,2.66,67.50871813371813,56.333333333333336,2.756666666666667,278,-0.5298534798534799,-2.3803815628815626,1.219340659340659,0.22,0.6999999999999998,-1.145,2.5780555555555553,2.3209401709401707,0.27421398046398054,4.406654456654456
4,2,2,as&gap|cnf&mrg,1,1,70.9716959511077,2.51,67.40395622895623,56.00000000000001,2.513333333333333,291,-0.6346153846153846,-2.154059829059829,0.6989316239316238,-0.023333333333333334,0.5952380952380953,-1.4817063492063491,2.7111507936507935,2.2161782661782663,0.1349007936507937,4.34952380952381
4,2,2,as&tzi|cnf&mrg,1,1,70.9716959511077,2.53,67.40395622895623,56.00000000000001,2.57,288,-0.6346153846153846,-2.154059829059829,0.6989316239316238,0.03333333333333333,0.5952380952380953,-1.4817063492063491,2.7111507936507935,2.2161782661782663,0.1349007936507937,4.34952380952381
5,2,3,as&gap&tzi|cnf&mrg,1,1,70.9716959511077,2.54,67.40395622895623,56.00000000000001,2.59,287,-0.6346153846153846,-2.154059829059829,0.6989316239316238,0.05333333333333334,0.5952380952380953,-1.4817063492063491,2.7111507936507935,2.2161782661782663,0.1349007936507937,4.34952380952381
4,2,3,as|cnf&gap&mrg,1,1,71.45979118920295,2.29,67.37190494690495,56.00000000000001,2.3733333333333335,299,-0.6666666666666667,-1.7777777777777781,0.11111111111111113,-0.16333333333333333,0.5631868131868132,-1.6684004884004886,2.6873855311355315,2.1841269841269844,0.4682539682539685,4.066666666666666
3,1,3,cnf&gap&ovl,0,0,75.9716959511077,3.97,67.29125781625781,57.333333333333336,3.7666666666666666,151,-0.7473137973137973,-2.951631562881562,1.3386385836385835,1.23,0.48253968253968255,-0.7672222222222224,1.8254365079365078,2.1034798534798536,-0.1184966422466422,4.409888583638583
3,1,3,cnf&ovl&tzi,0,0,74.9716959511077,4.01,67.29125781625781,57.333333333333336,3.8933333333333335,135,-0.7473137973137973,-2.951631562881562,1.3386385836385835,1.3566666666666667,0.48253968253968255,-0.7672222222222224,1.8254365079365078,2.1034798534798536,-0.1184966422466422,4.409888583638583
4,1,4,cnf&gap&ovl&tzi,0,0,75.9716959511077,4.1,67.29125781625781,57.333333333333336,3.9366666666666665,130,-0.7473137973137973,-2.951631562881562,1.3386385836385835,1.4,0.48253968253968255,-0.7672222222222224,1.8254365079365078,2.1034798534798536,-0.1184966422466422,4.409888583638583
4,2,3,as|cnf&mrg&tzi,1,1,71.45979118920295,2.29,67.26079383579383,55.666666666666664,2.4066666666666667,299,-0.7777777777777778,-1.8888888888888888,0.0,-0.13,0.45207570207570213,-1.683817155067155,2.5478769841269835,2.073015873015873,0.35714285714285726,3.9668650793650793
5,2,4,as|cnf&gap&mrg&tzi,1,1,71.45979118920295,2.3,67.26079383579383,55.666666666666664,2.41,299,-0.7777777777777778,-1.8888888888888888,0.0,-0.12666666666666668,0.45207570207570213,-1.683817155067155,2.5478769841269835,2.073015873015873,0.35714285714285726,3.9668650793650793
2,1,2,gap&ovl,0,0,75.9716959511077,3.97,67.23570226070227,57.333333333333336,3.75,153,-0.802869352869353,-2.9964606227106225,1.279035409035408,1.2133333333333334,0.42698412698412697,-0.822222222222222,1.7698412698412695,2.047924297924298,-0.17464743589743575,4.354107142857143
2,1,2,ovl&tzi,0,0,74.9716959511077,4.01,67.23570226070227,57.333333333333336,3.8766666666666665,137,-0.802869352869353,-2.9964606227106225,1.279035409035408,1.34,0.42698412698412697,-0.822222222222222,1.7698412698412695,2.047924297924298,-0.17464743589743575,4.354107142857143
3,1,3,gap&ovl&tzi,0,0,75.9716959511077,4.1,67.23570226070227,57.333333333333336,3.92,132,-0.802869352869353,-2.9964606227106225,1.279035409035408,1.3833333333333333,0.42698412698412697,-0.822222222222222,1.7698412698412695,2.047924297924298,-0.17464743589743575,4.354107142857143
3,2,2,as|cnf&mrg,1,1,71.45979118920295,2.19,67.03857161357162,55.666666666666664,2.2933333333333334,299,-1.0,-2.4444444444444446,0.0027777777777752877,-0.24333333333333335,0.22985347985347993,-2.0364484126984124,2.408695054945053,1.8507936507936509,-0.08269841269841269,3.8517460317460297
2,1,2,mrg&tzi,1,0,72.9716959511077,3.58,66.91348003848003,55.666666666666664,3.3133333333333335,167,-1.125091575091575,-3.4066987179487183,1.063507326007326,0.7766666666666666,0.10476190476190476,-2.217857142857143,2.2884523809523794,1.7257020757020756,-0.7491071428571427,4.216805555555555
3,1,3,gap&mrg&tzi,1,0,73.9716959511077,3.71,66.91348003848003,55.666666666666664,3.3666666666666667,161,-1.125091575091575,-3.4066987179487183,1.063507326007326,0.83,0.10476190476190476,-2.217857142857143,2.2884523809523794,1.7257020757020756,-0.7491071428571427,4.216805555555555
5,2,3,as&mrg&tzi|gap&ovl,1,1,74.9716959511077,3.52,66.90236892736893,56.99999999999999,3.3033333333333332,195,-1.1362026862026864,-3.1393849206349205,0.7935347985347982,0.7666666666666667,0.09365079365079361,-1.2223809523809521,1.570079365079365,1.7145909645909647,-0.38454822954822937,4.027150488400489
6,2,4,as&cnf&mrg&tzi|gap&ovl,1,1,74.9716959511077,3.52,66.90236892736893,56.99999999999999,3.3066666666666666,194,-1.1362026862026864,-3.1393849206349205,0.7935347985347982,0.77,0.09365079365079361,-1.2223809523809521,1.570079365079365,1.7145909645909647,-0.38454822954822937,4.027150488400489
6,2,3,as&mrg&tzi|cnf&gap&ovl,1,1,74.9716959511077,3.52,66.90236892736893,56.99999999999999,3.3133333333333335,195,-1.1362026862026864,-3.1393849206349205,0.7935347985347982,0.7766666666666666,0.09365079365079361,-1.2223809523809521,1.570079365079365,1.7145909645909647,-0.38454822954822937,4.027150488400489
5,2,3,as&gap&mrg|ovl&tzi,1,1,73.9716959511077,3.49,66.90236892736893,56.99999999999999,3.36,195,-1.1362026862026864,-3.1393849206349205,0.7935347985347982,0.8233333333333334,0.09365079365079361,-1.2223809523809521,1.570079365079365,1.7145909645909647,-0.38454822954822937,4.027150488400489
6,2,4,as&cnf&gap&mrg|ovl&tzi,1,1,73.9716959511077,3.49,66.90236892736893,56.99999999999999,3.3633333333333333,194,-1.1362026862026864,-3.1393849206349205,0.7935347985347982,0.8266666666666667,0.09365079365079361,-1.2223809523809521,1.570079365079365,1.7145909645909647,-0.38454822954822937,4.027150488400489
6,2,3,as&gap&mrg|cnf&ovl&tzi,1,1,73.9716959511077,3.49,66.90236892736893,56.99999999999999,3.37,195,-1.1362026862026864,-3.1393849206349205,0.7935347985347982,0.8333333333333334,0.09365079365079361,-1.2223809523809521,1.570079365079365,1.7145909645909647,-0.38454822954822937,4.027150488400489
4,2,2,as&gap|ovl&tzi,0,1,72.9716959511077,3.34,66.79760702260702,56.666666666666664,3.1233333333333335,206,-1.240964590964591,-2.912519841269841,0.4187103174603169,0.5866666666666667,-0.011111111111111072,-1.7528174603174604,1.8766269841269838,1.6098290598290599,-0.41525793650793624,3.781249999999999
4,2,2,as&tzi|gap&ovl,0,1,72.9716959511077,3.38,66.79760702260702,56.666666666666664,3.1266666666666665,203,-1.240964590964591,-2.912519841269841,0.4187103174603169,0.59,-0.011111111111111072,-1.7528174603174604,1.8766269841269838,1.6098290598290599,-0.41525793650793624,3.781249999999999
5,2,3,as&gap|cnf&ovl&tzi,0,1,72.9716959511077,3.34,66.79760702260702,56.666666666666664,3.1333333333333333,206,-1.240964590964591,-2.912519841269841,0.4187103174603169,0.5966666666666667,-0.011111111111111072,-1.7528174603174604,1.8766269841269838,1.6098290598290599,-0.41525793650793624,3.781249999999999
5,2,3,as&tzi|cnf&gap&ovl,0,1,72.9716959511077,3.38,66.79760702260702,56.666666666666664,3.1366666666666667,203,-1.240964590964591,-2.912519841269841,0.4187103174603169,0.6,-0.011111111111111072,-1.7528174603174604,1.8766269841269838,1.6098290598290599,-0.41525793650793624,3.781249999999999
5,2,3,as&cnf&gap|ovl&tzi,0,1,72.9716959511077,3.34,66.79760702260702,56.666666666666664,3.1433333333333335,206,-1.240964590964591,-2.912519841269841,0.4187103174603169,0.6066666666666667,-0.011111111111111072,-1.7528174603174604,1.8766269841269838,1.6098290598290599,-0.41525793650793624,3.781249999999999
5,2,3,as&cnf&tzi|gap&ovl,0,1,72.9716959511077,3.38,66.79760702260702,56.666666666666664,3.1466666666666665,203,-1.240964590964591,-2.912519841269841,0.4187103174603169,0.61,-0.011111111111111072,-1.7528174603174604,1.8766269841269838,1.6098290598290599,-0.41525793650793624,3.781249999999999
5,2,3,as&gap&ovl|mrg&tzi,1,1,73.9716959511077,3.23,66.6912578162578,55.666666666666664,3.0733333333333333,192,-1.3473137973137972,-3.5792261904761897,0.7046779609279604,0.5366666666666666,-0.11746031746031761,-2.289484126984127,1.9938095238095237,1.5034798534798535,-0.826504884004884,3.9543330280830276
6,2,4,as&cnf&gap&ovl|mrg&tzi,1,1,73.9716959511077,3.23,66.6912578162578,55.666666666666664,3.08,192,-1.3473137973137972,-3.5792261904761897,0.7046779609279604,0.5433333333333333,-0.11746031746031761,-2.289484126984127,1.9938095238095237,1.5034798534798535,-0.826504884004884,3.9543330280830276
5,2,3,cnf&gap&mrg|ovl&tzi,1,0,72.9716959511077,3.4,66.6801467051467,56.99999999999999,3.2733333333333334,195,-1.3584249084249087,-3.522599206349206,0.5786340048840048,0.7366666666666667,-0.12857142857142856,-1.6848015873015871,1.574642857142857,1.4923687423687426,-0.660753968253968,3.698328754578753
4,2,2,as&gap|mrg&tzi,1,1,72.9716959511077,3.08,66.5864959114959,55.333333333333336,2.8466666666666667,207,-1.452075702075702,-3.397321428571428,0.3095314407814407,0.31,-0.2222222222222221,-2.7143650793650793,2.229444444444442,1.3987179487179489,-0.9554960317460316,3.7520238095238088
5,2,3,as&cnf&gap|mrg&tzi,1,1,72.9716959511077,3.08,66.5864959114959,55.333333333333336,2.86,207,-1.452075702075702,-3.397321428571428,0.3095314407814407,0.3233333333333333,-0.2222222222222221,-2.7143650793650793,2.229444444444442,1.3987179487179489,-0.9554960317460316,3.7520238095238088
5,2,3,cnf&mrg&tzi|gap&ovl,1,0,72.9716959511077,3.42,66.5690355940356,56.666666666666664,3.2533333333333334,195,-1.4695360195360196,-3.6535042735042724,0.45982905982905975,0.7166666666666667,-0.23968253968253966,-1.8620238095238095,1.436547619047619,1.3812576312576315,-0.7099130036630036,3.6254563492063485
4,2,2,as&mrg|gap&ovl,1,1,73.9716959511077,2.78,66.55316257816257,56.333333333333336,2.73,276,-1.4854090354090355,-3.5017780830280834,0.41845238095237924,0.19333333333333333,-0.25555555555555554,-1.5897222222222223,1.0444444444444445,1.3653846153846154,-0.6354410866910865,3.5821703296703284
5,2,3,as&cnf&mrg|gap&ovl,1,1,73.9716959511077,2.78,66.55316257816257,56.333333333333336,2.74,274,-1.4854090354090355,-3.5017780830280834,0.41845238095237924,0.20333333333333334,-0.25555555555555554,-1.5897222222222223,1.0444444444444445,1.3653846153846154,-0.6354410866910865,3.5821703296703284
5,2,3,as&mrg|cnf&gap&ovl,1,1,73.9716959511077,2.78,66.55316257816257,56.333333333333336,2.74,276,-1.4854090354090355,-3.5017780830280834,0.41845238095237924,0.20333333333333334,-0.25555555555555554,-1.5897222222222223,1.0444444444444445,1.3653846153846154,-0.6354410866910865,3.5821703296703284
4,2,2,as&mrg|ovl&tzi,1,1,72.9716959511077,2.78,66.55316257816257,56.333333333333336,2.8066666666666666,275,-1.4854090354090355,-3.5017780830280834,0.41845238095237924,0.27,-0.25555555555555554,-1.5897222222222223,1.0444444444444445,1.3653846153846154,-0.6354410866910865,3.5821703296703284
5,2,3,as&cnf&mrg|ovl&tzi,1,1,72.9716959511077,2.78,66.55316257816257,56.333333333333336,2.816666666666667,273,-1.4854090354090355,-3.5017780830280834,0.41845238095237924,0.28,-0.25555555555555554,-1.5897222222222223,1.0444444444444445,1.3653846153846154,-0.6354410866910865,3.5821703296703284
5,2,3,as&mrg|cnf&ovl&tzi,1,1,72.9716959511077,2.78,66.55316257816257,56.333333333333336,2.816666666666667,275,-1.4854090354090355,-3.5017780830280834,0.41845238095237924,0.28,-0.25555555555555554,-1.5897222222222223,1.0444444444444445,1.3653846153846154,-0.6354410866910865,3.5821703296703284
5,2,3,as&mrg|gap&ovl&tzi,1,1,73.9716959511077,2.82,66.55316257816257,56.333333333333336,2.816666666666667,274,-1.4854090354090355,-3.5017780830280834,0.41845238095237924,0.28,-0.25555555555555554,-1.5897222222222223,1.0444444444444445,1.3653846153846154,-0.6354410866910865,3.5821703296703284
6,2,3,as&cnf&mrg|gap&ovl&tzi,1,1,73.9716959511077,2.82,66.55316257816257,56.333333333333336,2.8266666666666667,272,-1.4854090354090355,-3.5017780830280834,0.41845238095237924,0.29,-0.25555555555555554,-1.5897222222222223,1.0444444444444445,1.3653846153846154,-0.6354410866910865,3.5821703296703284
6,2,4,as&mrg|cnf&gap&ovl&tzi,1,1,73.9716959511077,2.82,66.55316257816257,56.333333333333336,2.8266666666666667,274,-1.4854090354090355,-3.5017780830280834,0.41845238095237924,0.29,-0.25555555555555554,-1.5897222222222223,1.0444444444444445,1.3653846153846154,-0.6354410866910865,3.5821703296703284
4,2,2,as&ovl|mrg&tzi,1,1,74.45979118920295,2.47,66.45316257816259,55.333333333333336,2.5866666666666664,258,-1.5854090354090355,-3.8173214285714283,0.3893727106227101,0.05,-0.3555555555555556,-2.4125,1.7113888888888886,1.2653846153846153,-1.0562423687423685,3.6310989010989
5,2,3,as&cnf&ovl|mrg&tzi,1,1,74.45979118920295,2.48,66.45316257816259,55.333333333333336,2.6033333333333335,258,-1.5854090354090355,-3.8173214285714283,0.3893727106227101,0.06666666666666667,-0.3555555555555556,-2.4125,1.7113888888888886,1.2653846153846153,-1.0562423687423685,3.6310989010989
5,2,3,as&ovl|gap&mrg&tzi,1,1,74.45979118920295,2.53,66.45316257816259,55.333333333333336,2.6066666666666665,256,-1.5854090354090355,-3.8173214285714283,0.3893727106227101,0.07,-0.3555555555555556,-2.4125,1.7113888888888886,1.2653846153846153,-1.0562423687423685,3.6310989010989
6,2,3,as&cnf&ovl|gap&mrg&tzi,1,1,74.45979118920295,2.54,66.45316257816259,55.333333333333336,2.6233333333333335,256,-1.5854090354090355,-3.8173214285714283,0.3893727106227101,0.08666666666666667,-0.3555555555555556,-2.4125,1.7113888888888886,1.2653846153846153,-1.0562423687423685,3.6310989010989
2,1,2,cnf&ovl,0,0,72.45979118920295,2.97,66.41982924482924,56.333333333333336,3.1333333333333333,227,-1.6187423687423688,-3.879996947496948,0.6403769841269837,0.5966666666666667,-0.38888888888888884,-1.7111111111111108,0.8002777777777778,1.2320512820512821,-0.9814209401709401,3.591249999999999
1,1,1,ovl,0,0,72.45979118920295,2.96,66.36427368927367,56.333333333333336,3.1066666666666665,229,-1.6742979242979243,-3.9398611111111106,0.6360866910866911,0.57,-0.4444444444444444,-1.7558333333333336,0.7666666666666666,1.1764957264957265,-1.0213934676434677,3.587130647130648
2,1,2,gap&mrg,1,0,73.9716959511077,3.5,66.15554353054353,55.333333333333336,3.16,183,-1.8830280830280832,-4.295,0.39277777777777784,0.6233333333333333,-0.6531746031746033,-3.075496031746032,1.7613888888888887,0.9677655677655677,-1.6552976190476194,3.5366742979242987
3,2,2,as|gap&ovl,0,1,72.45979118920295,2.32,66.08301605801606,55.666666666666664,2.3133333333333335,299,-1.955555555555556,-3.4563888888888887,-0.6775000000000002,-0.22333333333333333,-0.7257020757020757,-2.682130647130647,1.1403617216117217,0.8952380952380952,-0.9482142857142856,2.900714285714285
4,2,3,as|cnf&gap&ovl,0,1,72.45979118920295,2.32,66.08301605801606,55.666666666666664,2.3233333333333333,299,-1.955555555555556,-3.4563888888888887,-0.6775000000000002,-0.21333333333333335,-0.7257020757020757,-2.682130647130647,1.1403617216117217,0.8952380952380952,-0.9482142857142856,2.900714285714285
3,2,2,as|ovl&tzi,0,1,72.45979118920295,2.31,66.08301605801606,55.666666666666664,2.3566666666666665,299,-1.955555555555556,-3.4563888888888887,-0.6775000000000002,-0.18,-0.7257020757020757,-2.682130647130647,1.1403617216117217,0.8952380952380952,-0.9482142857142856,2.900714285714285
4,2,3,as|gap&ovl&tzi,0,1,72.45979118920295,2.32,66.08301605801606,55.666666666666664,2.3566666666666665,299,-1.955555555555556,-3.4563888888888887,-0.6775000000000002,-0.18,-0.7257020757020757,-2.682130647130647,1.1403617216117217,0.8952380952380952,-0.9482142857142856,2.900714285714285
4,2,3,as|cnf&ovl&tzi,0,1,72.45979118920295,2.31,66.08301605801606,55.666666666666664,2.3666666666666667,299,-1.955555555555556,-3.4563888888888887,-0.6775000000000002,-0.17,-0.7257020757020757,-2.682130647130647,1.1403617216117217,0.8952380952380952,-0.9482142857142856,2.900714285714285
5,2,4,as|cnf&gap&ovl&tzi,0,1,72.45979118920295,2.32,66.08301605801606,55.666666666666664,2.3666666666666667,299,-1.955555555555556,-3.4563888888888887,-0.6775000000000002,-0.17,-0.7257020757020757,-2.682130647130647,1.1403617216117217,0.8952380952380952,-0.9482142857142856,2.900714285714285
4,2,2,as&cnf|gap&ovl,0,1,72.45979118920295,2.34,66.031734006734,55.666666666666664,2.3666666666666667,297,-2.006837606837607,-3.521068376068376,-0.7357905982905985,-0.17,-0.7769841269841269,-2.7061111111111114,1.0830952380952374,0.8439560439560441,-1.037100122100122,2.8333760683760683
4,2,2,as&cnf|ovl&tzi,0,1,72.45979118920295,2.33,66.031734006734,55.666666666666664,2.41,297,-2.006837606837607,-3.521068376068376,-0.7357905982905985,-0.12666666666666668,-0.7769841269841269,-2.7061111111111114,1.0830952380952374,0.8439560439560441,-1.037100122100122,2.8333760683760683
5,2,3,as&cnf|gap&ovl&tzi,0,1,72.45979118920295,2.34,66.031734006734,55.666666666666664,2.41,297,-2.006837606837607,-3.521068376068376,-0.7357905982905985,-0.12666666666666668,-0.7769841269841269,-2.7061111111111114,1.0830952380952374,0.8439560439560441,-1.037100122100122,2.8333760683760683
4,2,3,as&gap&mrg|ovl,1,1,71.45979118920295,2.53,66.03094035594034,56.00000000000001,2.6733333333333333,268,-2.0076312576312576,-4.18845695970696,0.13505952380952385,0.13666666666666666,-0.7777777777777777,-2.2888888888888888,0.488888888888889,0.8431623931623934,-1.2633730158730159,3.02123778998779
5,2,4,as&cnf&gap&mrg|ovl,1,1,71.45979118920295,2.53,66.03094035594034,56.00000000000001,2.6766666666666667,267,-2.0076312576312576,-4.18845695970696,0.13505952380952385,0.14,-0.7777777777777777,-2.2888888888888888,0.488888888888889,0.8431623931623934,-1.2633730158730159,3.02123778998779
4,2,3,as&mrg&tzi|ovl,1,1,71.45979118920295,2.56,66.03094035594034,56.00000000000001,2.6933333333333334,267,-2.0076312576312576,-4.18845695970696,0.13505952380952385,0.15666666666666668,-0.7777777777777777,-2.2888888888888888,0.488888888888889,0.8431623931623934,-1.2633730158730159,3.02123778998779
5,2,3,as&gap&mrg|cnf&ovl,1,1,71.45979118920295,2.54,66.03094035594034,56.00000000000001,2.6933333333333334,268,-2.0076312576312576,-4.18845695970696,0.13505952380952385,0.15666666666666668,-0.7777777777777777,-2.2888888888888888,0.488888888888889,0.8431623931623934,-1.2633730158730159,3.02123778998779
5,2,4,as&cnf&mrg&tzi|ovl,1,1,71.45979118920295,2.56,66.03094035594034,56.00000000000001,2.6966666666666668,266,-2.0076312576312576,-4.18845695970696,0.13505952380952385,0.16,-0.7777777777777777,-2.2888888888888888,0.488888888888889,0.8431623931623934,-1.2633730158730159,3.02123778998779
5,2,4,as&gap&mrg&tzi|ovl,1,1,71.45979118920295,2.59,66.03094035594034,56.00000000000001,2.703333333333333,265,-2.0076312576312576,-4.18845695970696,0.13505952380952385,0.16666666666666666,-0.7777777777777777,-2.2888888888888888,0.488888888888889,0.8431623931623934,-1.2633730158730159,3.02123778998779
6,2,5,as&cnf&gap&mrg&tzi|ovl,1,1,71.45979118920295,2.59,66.03094035594034,56.00000000000001,2.7066666666666666,264,-2.0076312576312576,-4.18845695970696,0.13505952380952385,0.17,-0.7777777777777777,-2.2888888888888888,0.488888888888889,0.8431623931623934,-1.2633730158730159,3.02123778998779
5,2,3,as&mrg&tzi|cnf&ovl,1,1,71.45979118920295,2.57,66.03094035594034,56.00000000000001,2.7133333333333334,267,-2.0076312576312576,-4.18845695970696,0.13505952380952385,0.17666666666666667,-0.7777777777777777,-2.2888888888888888,0.488888888888889,0.8431623931623934,-1.2633730158730159,3.02123778998779
6,2,4,as&gap&mrg&tzi|cnf&ovl,1,1,71.45979118920295,2.6,66.03094035594034,56.00000000000001,2.723333333333333,265,-2.0076312576312576,-4.18845695970696,0.13505952380952385,0.18666666666666668,-0.7777777777777777,-2.2888888888888888,0.488888888888889,0.8431623931623934,-1.2633730158730159,3.02123778998779
4,2,2,cnf&mrg|ovl&tzi,1,0,71.9716959511077,2.59,65.99760702260701,56.00000000000001,2.6366666666666667,281,-2.0409645909645913,-4.233516483516484,0.10167429792429802,0.1,-0.8111111111111111,-2.5225,0.8116666666666663,0.8098290598290598,-1.382202380952381,3.076019536019535
5,2,3,cnf&mrg|gap&ovl&tzi,1,0,71.9716959511077,2.6,65.99760702260701,56.00000000000001,2.6466666666666665,280,-2.0409645909645913,-4.233516483516484,0.10167429792429802,0.11,-0.8111111111111111,-2.5225,0.8116666666666663,0.8098290598290598,-1.382202380952381,3.076019536019535
5,2,3,as&ovl&tzi|gap&mrg,1,1,73.9716959511077,3.2,65.9333213083213,55.333333333333336,2.9966666666666666,194,-2.105250305250305,-4.406480463980464,0.017249694749693643,0.46,-0.8753968253968254,-3.2087698412698415,1.461329365079365,0.7455433455433454,-1.7557738095238098,3.3018849206349206
6,2,4,as&cnf&ovl&tzi|gap&mrg,1,1,73.9716959511077,3.2,65.9333213083213,55.333333333333336,3.0033333333333334,194,-2.105250305250305,-4.406480463980464,0.017249694749693643,0.4666666666666667,-0.8753968253968254,-3.2087698412698415,1.461329365079365,0.7455433455433454,-1.7557738095238098,3.3018849206349206
3,2,2,as&gap|ovl,0,1,70.45979118920295,2.42,65.92617845117846,55.666666666666664,2.48,277,-2.1123931623931624,-4.101143162393162,-0.22822649572649614,-0.056666666666666664,-0.8825396825396823,-2.746547619047619,0.8287301587301584,0.7384004884004887,-1.2734920634920635,2.842361111111111
4,2,2,as&gap|cnf&ovl,0,1,70.45979118920295,2.43,65.92617845117846,55.666666666666664,2.5,277,-2.1123931623931624,-4.101143162393162,-0.22822649572649614,-0.03666666666666667,-0.8825396825396823,-2.746547619047619,0.8287301587301584,0.7384004884004887,-1.2734920634920635,2.842361111111111
4,2,3,as&cnf&gap|ovl,0,1,70.45979118920295,2.42,65.92617845117846,55.666666666666664,2.5,277,-2.1123931623931624,-4.101143162393162,-0.22822649572649614,-0.03666666666666667,-0.8825396825396823,-2.746547619047619,0.8287301587301584,0.7384004884004887,-1.2734920634920635,2.842361111111111
3,2,2,as&tzi|ovl,0,1,70.45979118920295,2.45,65.92617845117846,55.666666666666664,2.526666666666667,274,-2.1123931623931624,-4.101143162393162,-0.22822649572649614,-0.01,-0.8825396825396823,-2.746547619047619,0.8287301587301584,0.7384004884004887,-1.2734920634920635,2.842361111111111
4,2,2,as&tzi|cnf&ovl,0,1,70.45979118920295,2.46,65.92617845117846,55.666666666666664,2.546666666666667,274,-2.1123931623931624,-4.101143162393162,-0.22822649572649614,0.01,-0.8825396825396823,-2.746547619047619,0.8287301587301584,0.7384004884004887,-1.2734920634920635,2.842361111111111
4,2,3,as&cnf&tzi|ovl,0,1,70.45979118920295,2.45,65.92617845117846,55.666666666666664,2.546666666666667,274,-2.1123931623931624,-4.101143162393162,-0.22822649572649614,0.01,-0.8825396825396823,-2.746547619047619,0.8287301587301584,0.7384004884004887,-1.2734920634920635,2.842361111111111
4,2,3,as&gap&tzi|ovl,0,1,70.45979118920295,2.48,65.92617845117846,55.666666666666664,2.546666666666667,272,-2.1123931623931624,-4.101143162393162,-0.22822649572649614,0.01,-0.8825396825396823,-2.746547619047619,0.8287301587301584,0.7384004884004887,-1.2734920634920635,2.842361111111111
5,2,3,as&gap&tzi|cnf&ovl,0,1,70.45979118920295,2.49,65.92617845117846,55.666666666666664,2.566666666666667,272,-2.1123931623931624,-4.101143162393162,-0.22822649572649614,0.03,-0.8825396825396823,-2.746547619047619,0.8287301587301584,0.7384004884004887,-1.2734920634920635,2.842361111111111
5,2,4,as&cnf&gap&tzi|ovl,0,1,70.45979118920295,2.48,65.92617845117846,55.666666666666664,2.566666666666667,272,-2.1123931623931624,-4.101143162393162,-0.22822649572649614,0.03,-0.8825396825396823,-2.746547619047619,0.8287301587301584,0.7384004884004887,-1.2734920634920635,2.842361111111111
3,2,2,as&mrg|ovl,1,1,71.45979118920295,2.37,65.91982924482924,55.666666666666664,2.5,287,-2.1187423687423688,-4.386567460317459,0.027324481074481093,-0.03666666666666667,-0.8888888888888888,-2.3891666666666667,0.3558333333333333,0.7320512820512823,-1.3828373015873017,2.8936584249084243
4,2,3,as&cnf&mrg|ovl,1,1,71.45979118920295,2.37,65.91982924482924,55.666666666666664,2.506666666666667,285,-2.1187423687423688,-4.386567460317459,0.027324481074481093,-0.03,-0.8888888888888888,-2.3891666666666667,0.3558333333333333,0.7320512820512823,-1.3828373015873017,2.8936584249084243
4,2,2,as&mrg|cnf&ovl,1,1,71.45979118920295,2.38,65.91982924482924,55.666666666666664,2.5166666666666666,287,-2.1187423687423688,-4.386567460317459,0.027324481074481093,-0.02,-0.8888888888888888,-2.3891666666666667,0.3558333333333333,0.7320512820512823,-1.3828373015873017,2.8936584249084243
6,3,2,as&gap|cnf&mrg|ovl&tzi,1,1,70.9716959511077,2.46,65.89284511784513,55.666666666666664,2.41,292,-2.1457264957264957,-4.045929487179488,-0.3498183760683761,-0.12666666666666668,-0.9158730158730157,-3.0317857142857143,1.0419047619047614,0.7050671550671552,-1.451849816849817,2.9380631868131872
4,2,2,cnf&mrg|gap&ovl,1,0,71.9716959511077,2.57,65.88649591149591,55.666666666666664,2.5833333333333335,282,-2.1520757020757024,-4.312286324786324,-0.016964285714285897,0.04666666666666667,-0.9222222222222222,-2.645277777777778,0.7002777777777776,0.6987179487179489,-1.5060714285714283,2.972606837606837
3,2,2,as|mrg&tzi,1,1,72.45979118920295,2.07,65.87190494690493,54.333333333333336,2.08,299,-2.166666666666667,-4.0,-0.6666666666666667,-0.45666666666666667,-0.9368131868131867,-3.5967536630036636,1.5477976190476188,0.684126984126984,-1.603373015873016,2.8894444444444436
4,2,3,as|gap&mrg&tzi,1,1,72.45979118920295,2.1,65.87190494690493,54.333333333333336,2.09,299,-2.166666666666667,-4.0,-0.6666666666666667,-0.44666666666666666,-0.9368131868131867,-3.5967536630036636,1.5477976190476188,0.684126984126984,-1.603373015873016,2.8894444444444436
6,3,3,as|cnf&gap&mrg|ovl&tzi,1,1,71.45979118920295,2.24,65.86079383579384,55.666666666666664,2.28,299,-2.1777777777777776,-3.822222222222222,-0.7108333333333335,-0.25666666666666665,-0.9479242979242979,-3.0378449328449326,1.073385225885226,0.6730158730158731,-1.2455555555555555,2.8285714285714287
4,2,2,as&tzi|gap&mrg,1,1,72.9716959511077,3.08,65.82855940355941,55.00000000000001,2.8233333333333333,204,-2.2100122100122097,-4.3262820512820515,-0.2891788766788771,0.2866666666666667,-0.9801587301587302,-3.5493650793650797,1.547876984126984,0.6407814407814407,-1.9194490231990238,3.1271504884004884
5,2,3,as&cnf&tzi|gap&mrg,1,1,72.9716959511077,3.08,65.82855940355941,55.00000000000001,2.8366666666666664,204,-2.2100122100122097,-4.3262820512820515,-0.2891788766788771,0.3,-0.9801587301587302,-3.5493650793650797,1.547876984126984,0.6407814407814407,-1.9194490231990238,3.1271504884004884
4,2,2,as&cnf|mrg&tzi,1,1,72.45979118920295,2.09,65.82062289562289,54.333333333333336,2.1266666666666665,297,-2.2179487179487176,-4.001282051282051,-0.717948717948718,-0.41,-0.9880952380952379,-3.643333333333333,1.4961111111111114,0.6328449328449328,-1.6594841269841274,2.8462057387057387
5,2,3,as&cnf|gap&mrg&tzi,1,1,72.45979118920295,2.12,65.82062289562289,54.333333333333336,2.1366666666666667,297,-2.2179487179487176,-4.001282051282051,-0.717948717948718,-0.4,-0.9880952380952379,-3.643333333333333,1.4961111111111114,0.6328449328449328,-1.6594841269841274,2.8462057387057387
4,2,2,as&tzi|cnf&gap,0,1,71.03051948051947,3.18,65.79760702260702,55.666666666666664,2.94,208,-2.240964590964591,-4.440317460317461,-0.08962301587301628,0.4033333333333333,-1.011111111111111,-3.565238095238095,1.2574603174603172,0.60982905982906,-1.906758241758242,3.0836904761904744
6,3,2,as&tzi|cnf&mrg|gap&ovl,1,1,70.9716959511077,2.46,65.781734006734,55.333333333333336,2.4133333333333336,290,-2.256837606837607,-4.1779166666666665,-0.46092948717948734,-0.12333333333333334,-1.0269841269841269,-3.14452380952381,0.8668253968253966,0.5939560439560441,-1.562440476190476,2.874015567765568
6,3,3,as|cnf&mrg&tzi|gap&ovl,1,1,71.45979118920295,2.25,65.74968272468273,55.333333333333336,2.27,299,-2.2888888888888888,-3.9336111111111114,-0.8666666666666666,-0.26666666666666666,-1.059035409035409,-3.1395436507936503,0.9623931623931621,0.561904761904762,-1.3562301587301586,2.7226587301587295
4,2,3,cnf&gap&mrg|ovl,1,0,70.45979118920295,2.45,65.697607022607,55.666666666666664,2.61,268,-2.340964590964591,-4.826301892551893,-0.1245634920634921,0.07333333333333333,-1.111111111111111,-2.6894444444444443,0.3113888888888887,0.50982905982906,-1.603849206349206,2.7615750915750907
4,2,3,cnf&mrg&tzi|ovl,1,0,70.45979118920295,2.49,65.697607022607,55.666666666666664,2.6433333333333335,267,-2.340964590964591,-4.826301892551893,-0.1245634920634921,0.10666666666666667,-1.111111111111111,-2.6894444444444443,0.3113888888888887,0.50982905982906,-1.603849206349206,2.7615750915750907
5,2,4,cnf&gap&mrg&tzi|ovl,1,0,70.45979118920295,2.52,65.697607022607,55.666666666666664,2.6566666666666667,265,-2.340964590964591,-4.826301892551893,-0.1245634920634921,0.12,-1.111111111111111,-2.6894444444444443,0.3113888888888887,0.50982905982906,-1.603849206349206,2.7615750915750907
4,2,2,as&ovl|gap&mrg,1,1,74.45979118920295,2.42,65.69522607022607,55.00000000000001,2.486666666666667,261,-2.343345543345543,-4.5763415750915755,-0.17652472527472554,-0.05,-1.1134920634920635,-3.3954563492063485,1.128670634920635,0.5074481074481074,-1.9938690476190477,3.0085119047619036
5,2,3,as&cnf&ovl|gap&mrg,1,1,74.45979118920295,2.43,65.69522607022607,55.00000000000001,2.5033333333333334,261,-2.343345543345543,-4.5763415750915755,-0.17652472527472554,-0.03333333333333333,-1.1134920634920635,-3.3954563492063485,1.128670634920635,0.5074481074481074,-1.9938690476190477,3.0085119047619036
4,2,2,as&gap|cnf&tzi,0,1,71.03051948051947,3.19,65.68649591149591,55.333333333333336,3.0033333333333334,208,-2.3520757020757026,-4.495865384615386,-0.26476190476190525,0.4666666666666667,-1.122222222222222,-3.5948015873015873,1.1540873015873014,0.4987179487179489,-1.9842704517704521,2.9708134920634914
6,3,3,as&gap|cnf&mrg&tzi|ovl,1,1,69.45979118920295,2.33,65.59284511784512,55.333333333333336,2.4266666666666667,279,-2.445726495726496,-4.518055555555555,-0.4943376068376069,-0.11,-1.2158730158730158,-3.150912698412698,0.582738095238095,0.40506715506715524,-1.5885515873015872,2.6001068376068375
6,3,3,as&tzi|cnf&gap&mrg|ovl,1,1,69.45979118920295,2.32,65.59284511784512,55.333333333333336,2.44,277,-2.445726495726496,-4.518055555555555,-0.4943376068376069,-0.09666666666666666,-1.2158730158730158,-3.150912698412698,0.582738095238095,0.40506715506715524,-1.5885515873015872,2.6001068376068375
6,3,2,as&tzi|cnf&gap|mrg&ovl,1,1,70.03051948051947,2.62,65.55951178451178,55.333333333333336,2.52,268,-2.479059829059829,-4.696869658119658,-0.5053098290598291,-0.016666666666666666,-1.249206349206349,-3.594801587301587,0.9514682539682536,0.37173382173382186,-2.074365079365079,2.7001862026862016
5,3,2,as|cnf&mrg|ovl&tzi,1,1,71.45979118920295,2.15,65.5274605024605,55.333333333333336,2.2,299,-2.511111111111111,-4.245,-0.8886111111111114,-0.33666666666666667,-1.281257631257631,-3.4088644688644685,0.8791468253968251,0.3396825396825398,-1.6319047619047617,2.5239285714285713
6,3,3,as|cnf&mrg|gap&ovl&tzi,1,1,71.45979118920295,2.15,65.5274605024605,55.333333333333336,2.2,299,-2.511111111111111,-4.245,-0.8886111111111114,-0.33666666666666667,-1.281257631257631,-3.4088644688644685,0.8791468253968251,0.3396825396825398,-1.6319047619047617,2.5239285714285713
4,2,2,cnf&gap|ovl&tzi,0,0,71.03051948051947,3.2,65.46427368927368,55.333333333333336,2.97,206,-2.5742979242979245,-4.9615277777777775,-0.3618971306471313,0.43333333333333335,-1.3444444444444446,-3.9371428571428573,1.10484126984127,0.27649572649572673,-2.1558455433455435,2.7618650793650774
5,2,3,as&mrg&tzi|cnf&gap,1,1,72.03051948051947,3.21,65.46427368927368,55.333333333333336,2.973333333333333,207,-2.5742979242979245,-4.9615277777777775,-0.3618971306471313,0.43666666666666665,-1.3444444444444446,-3.9371428571428573,1.10484126984127,0.27649572649572673,-2.1558455433455435,2.7618650793650774
5,2,3,as&ovl&tzi|cnf&gap,0,1,71.03051948051947,3.21,65.46427368927368,55.333333333333336,2.973333333333333,206,-2.5742979242979245,-4.9615277777777775,-0.3618971306471313,0.43666666666666665,-1.3444444444444446,-3.9371428571428573,1.10484126984127,0.27649572649572673,-2.1558455433455435,2.7618650793650774
5,2,3,cnf&gap|mrg&ovl&tzi,1,0,71.03051948051947,3.21,65.46427368927368,55.333333333333336,2.98,205,-2.5742979242979245,-4.9615277777777775,-0.3618971306471313,0.44333333333333336,-1.3444444444444446,-3.9371428571428573,1.10484126984127,0.27649572649572673,-2.1558455433455435,2.7618650793650774
6,2,4,as&mrg&ovl&tzi|cnf&gap,1,1,72.03051948051947,3.24,65.46427368927368,55.333333333333336,2.9833333333333334,205,-2.5742979242979245,-4.9615277777777775,-0.3618971306471313,0.44666666666666666,-1.3444444444444446,-3.9371428571428573,1.10484126984127,0.27649572649572673,-2.1558455433455435,2.7618650793650774
2,1,2,cnf&gap,0,0,72.03051948051947,3.29,65.46427368927368,55.333333333333336,3.0166666666666666,201,-2.5742979242979245,-4.9615277777777775,-0.3618971306471313,0.48,-1.3444444444444446,-3.9371428571428573,1.10484126984127,0.27649572649572673,-2.1558455433455435,2.7618650793650774
2,2,1,as|ovl,0,1,70.45979118920295,2.19,65.44968272468272,55.00000000000001,2.22,300,-2.588888888888889,-4.4558333333333335,-1.1219444444444444,-0.31666666666666665,-1.3590354090354089,-3.3728769841269846,0.42574633699633685,0.26190476190476203,-1.6890079365079365,2.20015873015873
3,2,2,as|cnf&ovl,0,1,70.45979118920295,2.19,65.44968272468272,55.00000000000001,2.23,300,-2.588888888888889,-4.4558333333333335,-1.1219444444444444,-0.30666666666666664,-1.3590354090354089,-3.3728769841269846,0.42574633699633685,0.26190476190476203,-1.6890079365079365,2.20015873015873
6,3,2,as&gap|cnf&tzi|mrg&ovl,1,1,70.03051948051947,2.64,65.44840067340067,55.00000000000001,2.566666666666667,268,-2.59017094017094,-4.781143162393162,-0.6554487179487178,0.03,-1.3603174603174601,-3.6969047619047624,0.7688095238095233,0.2606227106227109,-2.147757936507936,2.539650488400487
5,3,2,as|cnf&mrg|gap&ovl,1,1,71.45979118920295,2.15,65.4163493913494,55.00000000000001,2.1766666666666667,299,-2.6222222222222222,-4.411666666666666,-0.9997222222222225,-0.36,-1.3923687423687425,-3.4882738095238097,0.766428571428571,0.22857142857142862,-1.7726984126984127,2.4620238095238096
3,2,2,as&cnf|ovl,0,1,70.45979118920295,2.2,65.39840067340069,55.00000000000001,2.256666666666667,299,-2.6401709401709406,-4.4897222222222215,-1.1613888888888897,-0.28,-1.4103174603174604,-3.398730158730159,0.38827380952380947,0.21062271062271073,-1.712460317460317,2.1488095238095237
4,2,2,cnf&tzi|gap&ovl,0,0,71.03051948051947,3.25,65.35316257816258,55.00000000000001,3.0366666666666666,203,-2.6854090354090356,-4.991547619047619,-0.49050824175824287,0.5,-1.4555555555555555,-4.038174603174603,0.9974999999999994,0.16538461538461557,-2.21752442002442,2.587344322344322
5,2,3,as&gap&ovl|cnf&tzi,0,1,71.03051948051947,3.25,65.35316257816258,55.00000000000001,3.09,201,-2.6854090354090356,-4.991547619047619,-0.49050824175824287,0.5533333333333333,-1.4555555555555555,-4.038174603174603,0.9974999999999994,0.16538461538461557,-2.21752442002442,2.587344322344322
5,2,3,as&gap&mrg|cnf&tzi,1,1,71.03051948051947,3.23,65.35316257816258,55.00000000000001,3.0966666666666667,204,-2.6854090354090356,-4.991547619047619,-0.49050824175824287,0.56,-1.4555555555555555,-4.038174603174603,0.9974999999999994,0.16538461538461557,-2.21752442002442,2.587344322344322
5,2,3,cnf&tzi|gap&mrg&ovl,1,0,71.03051948051947,3.28,65.35316257816258,55.00000000000001,3.1066666666666665,198,-2.6854090354090356,-4.991547619047619,-0.49050824175824287,0.57,-1.4555555555555555,-4.038174603174603,0.9974999999999994,0.16538461538461557,-2.21752442002442,2.587344322344322
6,2,4,as&gap&mrg&ovl|cnf&tzi,1,1,71.03051948051947,3.3,65.35316257816258,55.00000000000001,3.1266666666666665,197,-2.6854090354090356,-4.991547619047619,-0.49050824175824287,0.59,-1.4555555555555555,-4.038174603174603,0.9974999999999994,0.16538461538461557,-2.21752442002442,2.587344322344322
2,1,2,cnf&tzi,0,0,71.03051948051947,3.38,65.35316257816258,55.00000000000001,3.21,182,-2.6854090354090356,-4.991547619047619,-0.49050824175824287,0.6733333333333333,-1.4555555555555555,-4.038174603174603,0.9974999999999994,0.16538461538461557,-2.21752442002442,2.587344322344322
3,1,3,cnf&gap&tzi,0,0,72.03051948051947,3.5,65.35316257816258,55.00000000000001,3.276666666666667,175,-2.6854090354090356,-4.991547619047619,-0.49050824175824287,0.74,-1.4555555555555555,-4.038174603174603,0.9974999999999994,0.16538461538461557,-2.21752442002442,2.587344322344322
4,2,2,gap&ovl|mrg&tzi,1,0,73.9716959511077,3.2,65.29125781625783,55.00000000000001,2.9366666666666665,196,-2.7473137973137973,-5.21594474969475,-0.4788461538461544,0.4,-1.5174603174603174,-3.456150793650793,0.5428571428571427,0.10347985347985356,-2.3382936507936507,2.6475
5,2,3,cnf&gap&ovl|mrg&tzi,1,0,73.9716959511077,3.2,65.29125781625783,55.00000000000001,2.9366666666666665,196,-2.7473137973137973,-5.21594474969475,-0.4788461538461544,0.4,-1.5174603174603174,-3.456150793650793,0.5428571428571427,0.10347985347985356,-2.3382936507936507,2.6475
3,2,2,cnf&mrg|ovl,1,0,70.45979118920295,2.25,65.25316257816257,55.00000000000001,2.41,289,-2.7854090354090353,-5.27003663003663,-0.5331547619047621,-0.12666666666666668,-1.5555555555555554,-3.2447222222222223,-0.02166666666666724,0.06538461538461555,-2.1659050671550673,2.39329365079365
4,2,2,as&ovl|cnf&gap,0,1,71.51861471861471,2.46,65.22617845117846,55.00000000000001,2.4966666666666666,271,-2.8123931623931626,-5.119305555555555,-0.7731944444444449,-0.04,-1.5825396825396822,-4.14515873015873,0.638253968253968,0.0384004884004886,-2.4069246031746037,2.3163690476190477
4,2,2,cnf&gap|mrg&ovl,1,0,70.03051948051947,2.66,65.22617845117846,55.00000000000001,2.5633333333333335,265,-2.8123931623931626,-5.119305555555555,-0.7731944444444449,0.02666666666666667,-1.5825396825396822,-4.14515873015873,0.638253968253968,0.0384004884004886,-2.4069246031746037,2.3163690476190477
5,2,3,as&mrg&ovl|cnf&gap,1,1,72.03051948051947,2.77,65.22617845117846,55.00000000000001,2.6333333333333333,261,-2.8123931623931626,-5.119305555555555,-0.7731944444444449,0.09666666666666666,-1.5825396825396822,-4.14515873015873,0.638253968253968,0.0384004884004886,-2.4069246031746037,2.3163690476190477
5,3,2,as&gap|cnf&mrg|ovl,1,1,69.45979118920295,2.15,65.14840067340067,54.666666666666664,2.223333333333333,298,-2.89017094017094,-4.955619658119658,-0.8351709401709406,-0.31333333333333335,-1.6603174603174602,-3.6684523809523797,0.26134920634920544,-0.039377289377289196,-2.1783531746031746,2.1525671550671555
5,3,2,as&tzi|cnf&mrg|ovl,1,1,69.45979118920295,2.15,65.14840067340067,54.666666666666664,2.25,296,-2.89017094017094,-4.955619658119658,-0.8351709401709406,-0.2866666666666667,-1.6603174603174602,-3.6684523809523797,0.26134920634920544,-0.039377289377289196,-2.1783531746031746,2.1525671550671555
6,3,3,as&gap&tzi|cnf&mrg|ovl,1,1,69.45979118920295,2.15,65.14840067340067,54.666666666666664,2.26,296,-2.89017094017094,-4.955619658119658,-0.8351709401709406,-0.27666666666666667,-1.6603174603174602,-3.6684523809523797,0.26134920634920544,-0.039377289377289196,-2.1783531746031746,2.1525671550671555
5,3,3,as|cnf&gap&mrg|ovl,1,1,69.45979118920295,2.12,65.11634939134939,54.666666666666664,2.1633333333333336,300,-2.922222222222222,-4.877777777777777,-1.3,-0.37333333333333335,-1.6923687423687421,-3.771820818070818,0.31808760683760673,-0.07142857142857131,-2.043174603174603,1.9178571428571423
5,3,3,as|cnf&mrg&tzi|ovl,1,1,69.45979118920295,2.13,65.11634939134939,54.666666666666664,2.1766666666666667,300,-2.922222222222222,-4.877777777777777,-1.3,-0.36,-1.6923687423687421,-3.771820818070818,0.31808760683760673,-0.07142857142857131,-2.043174603174603,1.9178571428571423
6,3,4,as|cnf&gap&mrg&tzi|ovl,1,1,69.45979118920295,2.13,65.11634939134939,54.666666666666664,2.18,300,-2.922222222222222,-4.877777777777777,-1.3,-0.3566666666666667,-1.6923687423687421,-3.771820818070818,0.31808760683760673,-0.07142857142857131,-2.043174603174603,1.9178571428571423
6,3,2,as&mrg|cnf&gap|ovl&tzi,1,1,70.03051948051947,2.49,65.11506734006733,54.666666666666664,2.4166666666666665,286,-2.9235042735042733,-5.202916666666666,-0.827254273504274,-0.12,-1.6936507936507936,-4.255714285714285,0.5684920634920632,-0.07271062271062272,-2.4790918803418807,2.227579365079365
4,2,2,as&mrg|cnf&gap,1,1,71.03051948051947,2.53,65.11506734006733,54.666666666666664,2.43,285,-2.9235042735042733,-5.202916666666666,-0.827254273504274,-0.10666666666666667,-1.6936507936507936,-4.255714285714285,0.5684920634920632,-0.07271062271062272,-2.4790918803418807,2.227579365079365
4,2,2,as&ovl|cnf&tzi,0,1,71.51861471861471,2.5,65.11506734006733,54.666666666666664,2.6133333333333333,266,-2.9235042735042733,-5.206175213675214,-0.8665598290598292,0.07666666666666666,-1.6936507936507936,-4.175079365079365,0.5019047619047616,-0.07271062271062241,-2.4779884004884,2.16125
5,2,3,as&ovl|cnf&gap&tzi,0,1,71.51861471861471,2.54,65.11506734006733,54.666666666666664,2.6366666666666667,264,-2.9235042735042733,-5.206175213675214,-0.8665598290598292,0.1,-1.6936507936507936,-4.175079365079365,0.5019047619047616,-0.07271062271062241,-2.4779884004884,2.16125
4,2,2,cnf&tzi|mrg&ovl,1,0,70.03051948051947,2.73,65.11506734006733,54.666666666666664,2.69,258,-2.9235042735042733,-5.206175213675214,-0.8665598290598292,0.15333333333333332,-1.6936507936507936,-4.175079365079365,0.5019047619047616,-0.07271062271062241,-2.4779884004884,2.16125
5,2,3,cnf&gap&tzi|mrg&ovl,1,0,70.03051948051947,2.77,65.11506734006733,54.666666666666664,2.723333333333333,255,-2.9235042735042733,-5.206175213675214,-0.8665598290598292,0.18666666666666668,-1.6936507936507936,-4.175079365079365,0.5019047619047616,-0.07271062271062241,-2.4779884004884,2.16125
5,2,3,as&mrg&ovl|cnf&tzi,1,1,71.03051948051947,2.83,65.11506734006733,54.666666666666664,2.776666666666667,253,-2.9235042735042733,-5.206175213675214,-0.8665598290598292,0.24,-1.6936507936507936,-4.175079365079365,0.5019047619047616,-0.07271062271062241,-2.4779884004884,2.16125
6,2,3,as&mrg&ovl|cnf&gap&tzi,1,1,72.03051948051947,2.9,65.11506734006733,54.666666666666664,2.81,250,-2.9235042735042733,-5.206175213675214,-0.8665598290598292,0.2733333333333333,-1.6936507936507936,-4.175079365079365,0.5019047619047616,-0.07271062271062241,-2.4779884004884,2.16125
3,2,2,as|gap&mrg,1,1,72.45979118920295,2.05,65.11396843896844,54.0,2.01,299,-2.9246031746031744,-4.913095238095239,-1.2609126984126993,-0.5266666666666666,-1.694749694749695,-4.40701923076923,0.9811630036630035,-0.07380952380952377,-2.566289682539682,2.2287896825396825
5,3,2,as|cnf&gap|mrg&ovl,1,1,70.51861471861471,2.12,65.08301605801606,54.666666666666664,2.1433333333333335,299,-2.9555555555555557,-5.089166666666666,-1.1219444444444446,-0.3933333333333333,-1.7257020757020756,-4.227023809523811,0.6625320512820512,-0.10476190476190479,-2.532301587301587,2.189444444444444
5,3,2,as|cnf&gap|ovl&tzi,0,1,70.51861471861471,2.17,65.08301605801606,54.666666666666664,2.19,299,-2.9555555555555557,-5.089166666666666,-1.1219444444444446,-0.3466666666666667,-1.7257020757020756,-4.227023809523811,0.6625320512820512,-0.10476190476190479,-2.532301587301587,2.189444444444444
6,3,3,as|cnf&gap|mrg&ovl&tzi,1,1,70.51861471861471,2.17,65.08301605801606,54.666666666666664,2.19,299,-2.9555555555555557,-5.089166666666666,-1.1219444444444446,-0.3466666666666667,-1.7257020757020756,-4.227023809523811,0.6625320512820512,-0.10476190476190479,-2.532301587301587,2.189444444444444
3,2,2,as|cnf&gap,0,1,70.51861471861471,2.18,65.08301605801606,54.666666666666664,2.1933333333333334,299,-2.9555555555555557,-5.089166666666666,-1.1219444444444446,-0.3433333333333333,-1.7257020757020756,-4.227023809523811,0.6625320512820512,-0.10476190476190479,-2.532301587301587,2.189444444444444
4,2,2,as&cnf|gap&mrg,1,1,72.45979118920295,2.07,65.06268638768638,54.0,2.0566666666666666,297,-2.975885225885226,-4.936698717948718,-1.3201388888888892,-0.48,-1.746031746031746,-4.4720039682539685,0.9080158730158726,-0.125091575091575,-2.6171596459096453,2.2162652625152623
6,3,2,as&mrg|cnf&tzi|gap&ovl,1,1,70.03051948051947,2.51,65.00395622895623,54.333333333333336,2.4633333333333334,284,-3.034615384615384,-5.246420940170939,-0.9723611111111122,-0.07333333333333333,-1.8047619047619048,-4.257261904761904,0.36698412698412675,-0.18382173382173372,-2.5693177655677655,2.097539682539683
4,2,2,as&mrg|cnf&tzi,1,1,70.03051948051947,2.55,65.00395622895623,54.333333333333336,2.5533333333333332,282,-3.034615384615384,-5.246420940170939,-0.9723611111111122,0.016666666666666666,-1.8047619047619048,-4.257261904761904,0.36698412698412675,-0.18382173382173372,-2.5693177655677655,2.097539682539683
5,2,3,as&mrg|cnf&gap&tzi,1,1,71.03051948051947,2.59,65.00395622895623,54.333333333333336,2.5766666666666667,281,-3.034615384615384,-5.246420940170939,-0.9723611111111122,0.04,-1.8047619047619048,-4.257261904761904,0.36698412698412675,-0.18382173382173372,-2.5693177655677655,2.097539682539683
5,3,2,as|cnf&tzi|mrg&ovl,1,1,70.51861471861471,2.14,64.97190494690494,54.333333333333336,2.19,299,-3.0666666666666664,-5.134166666666666,-1.3100000000000012,-0.3466666666666667,-1.8368131868131867,-4.318095238095239,0.46974206349206343,-0.2158730158730158,-2.5825396825396822,2.0666666666666664
6,3,3,as|cnf&gap&tzi|mrg&ovl,1,1,70.51861471861471,2.14,64.97190494690494,54.333333333333336,2.1933333333333334,299,-3.0666666666666664,-5.134166666666666,-1.3100000000000012,-0.3433333333333333,-1.8368131868131867,-4.318095238095239,0.46974206349206343,-0.2158730158730158,-2.5825396825396822,2.0666666666666664
5,3,2,as|cnf&tzi|gap&ovl,0,1,70.51861471861471,2.19,64.97190494690494,54.333333333333336,2.21,299,-3.0666666666666664,-5.134166666666666,-1.3100000000000012,-0.32666666666666666,-1.8368131868131867,-4.318095238095239,0.46974206349206343,-0.2158730158730158,-2.5825396825396822,2.0666666666666664
6,3,3,as|cnf&tzi|gap&mrg&ovl,1,1,70.51861471861471,2.19,64.97190494690494,54.333333333333336,2.236666666666667,299,-3.0666666666666664,-5.134166666666666,-1.3100000000000012,-0.3,-1.8368131868131867,-4.318095238095239,0.46974206349206343,-0.2158730158730158,-2.5825396825396822,2.0666666666666664
3,2,2,as|cnf&tzi,0,1,70.51861471861471,2.19,64.97190494690494,54.333333333333336,2.256666666666667,299,-3.0666666666666664,-5.134166666666666,-1.3100000000000012,-0.28,-1.8368131868131867,-4.318095238095239,0.46974206349206343,-0.2158730158730158,-2.5825396825396822,2.0666666666666664
4,2,3,as|cnf&gap&tzi,0,1,70.51861471861471,2.2,64.97190494690494,54.333333333333336,2.26,299,-3.0666666666666664,-5.134166666666666,-1.3100000000000012,-0.27666666666666667,-1.8368131868131867,-4.318095238095239,0.46974206349206343,-0.2158730158730158,-2.5825396825396822,2.0666666666666664
5,3,2,as&tzi|cnf&gap|ovl,0,1,68.51861471861471,2.25,64.92617845117846,54.666666666666664,2.3366666666666664,279,-3.112393162393162,-5.518290598290598,-0.985000000000001,-0.2,-1.8825396825396825,-4.378492063492064,0.3767857142857139,-0.2615995115995115,-2.7936431623931623,2.0467338217338202
4,2,2,cnf&gap|mrg&tzi,1,0,72.03051948051947,2.97,64.85316257816258,54.333333333333336,2.6666666666666665,207,-3.1854090354090348,-5.646048534798534,-0.8281074481074489,0.13,-1.955555555555556,-4.511428571428572,0.6285714285714257,-0.33461538461538437,-3.1617902930402932,2.258551587301587
5,3,2,as&gap|cnf&tzi|ovl,0,1,68.51861471861471,2.27,64.81506734006734,54.333333333333336,2.3566666666666665,279,-3.223504273504273,-5.6226709401709405,-1.099444444444445,-0.18,-1.9936507936507937,-4.454841269841269,0.18428571428571416,-0.3727106227106225,-2.8839010989010987,1.9058806471306466
4,3,2,as|cnf&mrg|ovl,1,1,69.45979118920295,2.09,64.78301605801605,54.333333333333336,2.1333333333333333,300,-3.255555555555555,-5.212777777777778,-1.4666666666666668,-0.4033333333333333,-2.0257020757020756,-4.04094017094017,-0.0605906593406593,-0.40476190476190466,-2.438253968253968,1.6557142857142857
6,3,2,as&ovl|cnf&gap|mrg&tzi,1,1,72.51861471861471,2.21,64.61506734006733,54.0,2.18,273,-3.4235042735042733,-5.885972222222222,-1.1166666666666667,-0.3566666666666667,-2.1936507936507934,-4.6450000000000005,0.20281746031745912,-0.5727106227106223,-3.4225763125763122,1.9185989010988997
6,3,3,as&mrg&tzi|cnf&gap|ovl,1,1,68.51861471861471,2.25,64.59284511784512,54.333333333333336,2.36,279,-3.4457264957264955,-5.851623931623931,-1.0997542735042736,-0.17666666666666667,-2.2158730158730156,-4.676984126984126,-0.01396825396825421,-0.5949328449328448,-3.043734737484737,1.6616666666666657
3,2,2,cnf&gap|ovl,0,0,68.51861471861471,2.28,64.59284511784512,54.333333333333336,2.37,277,-3.4457264957264955,-5.851623931623931,-1.0997542735042736,-0.16666666666666666,-2.2158730158730156,-4.676984126984126,-0.01396825396825421,-0.5949328449328448,-3.043734737484737,1.6616666666666657
4,2,2,gap&mrg|ovl&tzi,1,0,73.9716959511077,3.16,64.5333213083213,54.666666666666664,2.91,196,-3.505250305250305,-6.012579365079365,-1.0076190476190476,0.37333333333333335,-2.2753968253968253,-4.399265873015872,-0.0616468253968257,-0.6544566544566546,-3.273829365079365,2.081654456654457
5,2,3,cnf&ovl&tzi|gap&mrg,1,0,73.9716959511077,3.16,64.5333213083213,54.666666666666664,2.91,196,-3.505250305250305,-6.012579365079365,-1.0076190476190476,0.37333333333333335,-2.2753968253968253,-4.399265873015872,-0.0616468253968257,-0.6544566544566546,-3.273829365079365,2.081654456654457
5,3,2,as&mrg|cnf&gap|ovl,1,1,68.51861471861471,2.12,64.48173400673402,54.0,2.1966666666666668,296,-3.5568376068376066,-5.977532051282052,-1.228888888888889,-0.34,-2.326984126984127,-4.8050396825396815,-0.03940476190476202,-0.706043956043956,-3.1180555555555554,1.5488766788766786
6,3,3,as&gap&mrg|cnf&tzi|ovl,1,1,68.51861471861471,2.27,64.48173400673402,54.0,2.4066666666666667,277,-3.5568376068376066,-5.957638888888889,-1.235416666666667,-0.13,-2.326984126984127,-4.785753968253969,-0.15246031746031866,-0.706043956043956,-3.122782356532357,1.5878250915750909
3,2,2,cnf&tzi|ovl,0,0,68.51861471861471,2.33,64.48173400673402,54.0,2.4366666666666665,274,-3.5568376068376066,-5.957638888888889,-1.235416666666667,-0.1,-2.326984126984127,-4.785753968253969,-0.15246031746031866,-0.706043956043956,-3.122782356532357,1.5878250915750909
4,2,3,cnf&gap&tzi|ovl,0,0,68.51861471861471,2.36,64.48173400673402,54.0,2.46,272,-3.5568376068376066,-5.957638888888889,-1.235416666666667,-0.07666666666666666,-2.326984126984127,-4.785753968253969,-0.15246031746031866,-0.706043956043956,-3.122782356532357,1.5878250915750909
5,3,2,as|gap&ovl|mrg&tzi,1,1,72.45979118920295,2.04,64.47190494690494,53.666666666666664,1.9666666666666666,299,-3.5666666666666664,-5.622777777777778,-1.655277777777778,-0.57,-2.3368131868131874,-4.765833333333333,0.023095238095237742,-0.7158730158730159,-3.0715873015873014,1.567499999999999
6,3,3,as|cnf&gap&ovl|mrg&tzi,1,1,72.45979118920295,2.04,64.47190494690494,53.666666666666664,1.9666666666666666,299,-3.5666666666666664,-5.622777777777778,-1.655277777777778,-0.57,-2.3368131868131874,-4.765833333333333,0.023095238095237742,-0.7158730158730159,-3.0715873015873014,1.567499999999999
4,3,2,as|cnf&gap|ovl,0,1,68.51861471861471,2.05,64.44968272468272,54.0,2.0966666666666667,300,-3.5888888888888886,-5.956111111111111,-1.632777777777778,-0.44,-2.359035409035409,-5.078269230769231,0.05182539682539681,-0.7380952380952381,-3.1271428571428577,1.5018253968253965
1,1,1,mrg,1,0,71.9716959511077,2.45,64.44573112073112,53.333333333333336,2.3266666666666667,275,-3.5928404928404936,-6.218601676101676,-1.0326741314241337,-0.21,-2.362987012987013,-4.8665331890331895,0.25702380952380877,-0.7420468420468419,-3.652768342768343,2.0471955821955814
6,3,2,as&cnf|gap&ovl|mrg&tzi,1,1,72.45979118920295,2.06,64.4206228956229,53.666666666666664,2.01,297,-3.617948717948718,-5.644893162393163,-1.6773931623931628,-0.5266666666666666,-2.388095238095238,-4.784166666666667,-0.02785714285714355,-0.7671550671550671,-3.136520146520147,1.5503174603174603
3,2,2,mrg&tzi|ovl,1,0,71.45979118920295,2.27,64.41982924482924,54.0,2.3266666666666667,268,-3.6187423687423683,-6.321651404151403,-1.1367063492063498,-0.21,-2.388888888888889,-4.366666666666666,-0.5211111111111122,-0.7679487179487179,-3.2359890109890106,1.7377976190476188
4,2,2,cnf&ovl|mrg&tzi,1,0,71.45979118920295,2.28,64.41982924482924,54.0,2.3366666666666664,268,-3.6187423687423683,-6.321651404151403,-1.1367063492063498,-0.2,-2.388888888888889,-4.366666666666666,-0.5211111111111122,-0.7679487179487179,-3.2359890109890106,1.7377976190476188
4,2,3,gap&mrg&tzi|ovl,1,0,71.45979118920295,2.32,64.41982924482924,54.0,2.3466666666666667,266,-3.6187423687423683,-6.321651404151403,-1.1367063492063498,-0.19,-2.388888888888889,-4.366666666666666,-0.5211111111111122,-0.7679487179487179,-3.2359890109890106,1.7377976190476188
5,2,3,cnf&ovl|gap&mrg&tzi,1,0,71.45979118920295,2.33,64.41982924482924,54.0,2.3566666666666665,266,-3.6187423687423683,-6.321651404151403,-1.1367063492063498,-0.18,-2.388888888888889,-4.366666666666666,-0.5211111111111122,-0.7679487179487179,-3.2359890109890106,1.7377976190476188
5,3,2,as&mrg|cnf&tzi|ovl,1,1,68.51861471861471,2.14,64.3706228956229,53.666666666666664,2.243333333333333,294,-3.6679487179487187,-6.066698717948718,-1.369059829059829,-0.29333333333333333,-2.4380952380952383,-4.893730158730159,-0.25047619047619074,-0.8171550671550669,-3.217452686202686,1.4215155677655673
6,3,3,as&mrg|cnf&gap&tzi|ovl,1,1,68.51861471861471,2.14,64.3706228956229,53.666666666666664,2.256666666666667,294,-3.6679487179487187,-6.066698717948718,-1.369059829059829,-0.28,-2.4380952380952383,-4.893730158730159,-0.25047619047619074,-0.8171550671550669,-3.217452686202686,1.4215155677655673
4,3,2,as|cnf&tzi|ovl,0,1,68.51861471861471,2.07,64.33857161357162,53.666666666666664,2.1166666666666667,300,-3.6999999999999997,-6.045,-1.8108333333333337,-0.42,-2.4701465201465203,-5.129880952380951,-0.10446428571428575,-0.8492063492063492,-3.2224999999999997,1.3507936507936507
5,3,3,as|cnf&gap&tzi|ovl,0,1,68.51861471861471,2.07,64.33857161357162,53.666666666666664,2.12,300,-3.6999999999999997,-6.045,-1.8108333333333337,-0.4166666666666667,-2.4701465201465203,-5.129880952380951,-0.10446428571428575,-0.8492063492063492,-3.2224999999999997,1.3507936507936507
5,3,2,as&gap|mrg&tzi|ovl,1,1,70.45979118920295,2.12,64.31506734006733,53.666666666666664,2.1233333333333335,279,-3.723504273504273,-6.108194444444445,-1.4550320512820518,-0.41333333333333333,-2.4936507936507937,-4.664642857142857,-0.15543650793650807,-0.8727106227106226,-3.366480463980464,1.5897695360195359
6,3,2,as&gap|cnf&ovl|mrg&tzi,1,1,70.45979118920295,2.13,64.31506734006733,53.666666666666664,2.1333333333333333,279,-3.723504273504273,-6.108194444444445,-1.4550320512820518,-0.4033333333333333,-2.4936507936507937,-4.664642857142857,-0.15543650793650807,-0.8727106227106226,-3.366480463980464,1.5897695360195359
6,3,3,as&cnf&gap|mrg&tzi|ovl,1,1,70.45979118920295,2.12,64.31506734006733,53.666666666666664,2.1333333333333333,279,-3.723504273504273,-6.108194444444445,-1.4550320512820518,-0.4033333333333333,-2.4936507936507937,-4.664642857142857,-0.15543650793650807,-0.8727106227106226,-3.366480463980464,1.5897695360195359
3,2,2,as&ovl|mrg,1,1,73.45979118920295,1.94,64.2235088985089,53.333333333333336,2.0833333333333335,287,-3.815062715062715,-6.466424131424131,-1.4029036241536241,-0.4533333333333333,-2.585209235209235,-4.999733044733046,-0.08598304473304479,-0.9642690642690642,-3.8034443334443333,1.7751726051726042
4,2,3,as&cnf&ovl|mrg,1,1,73.45979118920295,1.95,64.2235088985089,53.333333333333336,2.09,287,-3.815062715062715,-6.466424131424131,-1.4029036241536241,-0.44666666666666666,-2.585209235209235,-4.999733044733046,-0.08598304473304479,-0.9642690642690642,-3.8034443334443333,1.7751726051726042
4,2,3,as&gap&ovl|mrg,1,1,72.9716959511077,2.2,64.2235088985089,53.333333333333336,2.1733333333333333,283,-3.815062715062715,-6.466424131424131,-1.4029036241536241,-0.36333333333333334,-2.585209235209235,-4.999733044733046,-0.08598304473304479,-0.9642690642690642,-3.8034443334443333,1.7751726051726042
5,2,4,as&cnf&gap&ovl|mrg,1,1,72.9716959511077,2.2,64.2235088985089,53.333333333333336,2.18,283,-3.815062715062715,-6.466424131424131,-1.4029036241536241,-0.3566666666666667,-2.585209235209235,-4.999733044733046,-0.08598304473304479,-0.9642690642690642,-3.8034443334443333,1.7751726051726042
4,2,3,as&ovl&tzi|mrg,1,1,72.9716959511077,2.22,64.2235088985089,53.333333333333336,2.1966666666666668,282,-3.815062715062715,-6.466424131424131,-1.4029036241536241,-0.34,-2.585209235209235,-4.999733044733046,-0.08598304473304479,-0.9642690642690642,-3.8034443334443333,1.7751726051726042
5,2,4,as&cnf&ovl&tzi|mrg,1,1,72.9716959511077,2.22,64.2235088985089,53.333333333333336,2.203333333333333,282,-3.815062715062715,-6.466424131424131,-1.4029036241536241,-0.3333333333333333,-2.585209235209235,-4.999733044733046,-0.08598304473304479,-0.9642690642690642,-3.8034443334443333,1.7751726051726042
5,2,4,as&gap&ovl&tzi|mrg,1,1,72.9716959511077,2.23,64.2235088985089,53.333333333333336,2.2066666666666666,281,-3.815062715062715,-6.466424131424131,-1.4029036241536241,-0.33,-2.585209235209235,-4.999733044733046,-0.08598304473304479,-0.9642690642690642,-3.8034443334443333,1.7751726051726042
6,2,5,as&cnf&gap&ovl&tzi|mrg,1,1,72.9716959511077,2.23,64.2235088985089,53.333333333333336,2.2133333333333334,281,-3.815062715062715,-6.466424131424131,-1.4029036241536241,-0.3233333333333333,-2.585209235209235,-4.999733044733046,-0.08598304473304479,-0.9642690642690642,-3.8034443334443333,1.7751726051726042
5,3,2,as|cnf&gap|mrg&tzi,1,1,71.51861471861471,1.96,64.1385716135716,53.333333333333336,1.89,299,-3.9,-6.279166666666666,-1.7661111111111116,-0.6466666666666666,-2.6701465201465204,-5.365682234432235,-0.19257936507936507,-1.049206349206349,-3.749484126984126,1.557261904761905
3,3,1,as|cnf|ovl,0,1,67.51861471861471,2.0,64.1385716135716,53.666666666666664,2.013333333333333,300,-3.9,-6.267222222222221,-1.8555555555555554,-0.5233333333333333,-2.6701465201465204,-5.388844627594627,-0.39743589743589824,-1.049206349206349,-3.533412698412699,1.268373015873016
4,3,2,as|cnf|mrg&ovl,1,1,67.51861471861471,2.0,64.1385716135716,53.666666666666664,2.013333333333333,300,-3.9,-6.267222222222221,-1.8555555555555554,-0.5233333333333333,-2.6701465201465204,-5.388844627594627,-0.39743589743589824,-1.049206349206349,-3.533412698412699,1.268373015873016
4,3,2,as|cnf|ovl&tzi,0,1,67.51861471861471,2.0,64.1385716135716,53.666666666666664,2.013333333333333,300,-3.9,-6.267222222222221,-1.8555555555555554,-0.5233333333333333,-2.6701465201465204,-5.388844627594627,-0.39743589743589824,-1.049206349206349,-3.533412698412699,1.268373015873016
4,3,2,as|cnf|gap&ovl,0,1,67.51861471861471,2.0,64.1385716135716,53.666666666666664,2.013333333333333,300,-3.9,-6.267222222222221,-1.8555555555555554,-0.5233333333333333,-2.6701465201465204,-5.388844627594627,-0.39743589743589824,-1.049206349206349,-3.533412698412699,1.268373015873016
5,3,3,as|cnf|mrg&ovl&tzi,1,1,67.51861471861471,2.0,64.1385716135716,53.666666666666664,2.013333333333333,300,-3.9,-6.267222222222221,-1.8555555555555554,-0.5233333333333333,-2.6701465201465204,-5.388844627594627,-0.39743589743589824,-1.049206349206349,-3.533412698412699,1.268373015873016
5,3,3,as|cnf|gap&mrg&ovl,1,1,67.51861471861471,2.0,64.1385716135716,53.666666666666664,2.013333333333333,300,-3.9,-6.267222222222221,-1.8555555555555554,-0.5233333333333333,-2.6701465201465204,-5.388844627594627,-0.39743589743589824,-1.049206349206349,-3.533412698412699,1.268373015873016
5,3,3,as|cnf|gap&ovl&tzi,0,1,67.51861471861471,2.0,64.1385716135716,53.666666666666664,2.013333333333333,300,-3.9,-6.267222222222221,-1.8555555555555554,-0.5233333333333333,-2.6701465201465204,-5.388844627594627,-0.39743589743589824,-1.049206349206349,-3.533412698412699,1.268373015873016
6,3,4,as|cnf|gap&mrg&ovl&tzi,1,1,67.51861471861471,2.0,64.1385716135716,53.666666666666664,2.013333333333333,300,-3.9,-6.267222222222221,-1.8555555555555554,-0.5233333333333333,-2.6701465201465204,-5.388844627594627,-0.39743589743589824,-1.049206349206349,-3.533412698412699,1.268373015873016
2,2,1,as|cnf,0,1,67.51861471861471,2.0,64.1385716135716,53.666666666666664,2.0166666666666666,300,-3.9,-6.267222222222221,-1.8555555555555554,-0.52,-2.6701465201465204,-5.388844627594627,-0.39743589743589824,-1.049206349206349,-3.533412698412699,1.268373015873016
4,3,2,as&tzi|cnf|ovl,0,1,67.51861471861471,2.01,64.1385716135716,53.666666666666664,2.0233333333333334,300,-3.9,-6.267222222222221,-1.8555555555555554,-0.5133333333333333,-2.6701465201465204,-5.388844627594627,-0.39743589743589824,-1.049206349206349,-3.533412698412699,1.268373015873016
4,3,2,as&gap|cnf|ovl,0,1,67.51861471861471,2.01,64.1385716135716,53.666666666666664,2.0233333333333334,300,-3.9,-6.267222222222221,-1.8555555555555554,-0.5133333333333333,-2.6701465201465204,-5.388844627594627,-0.39743589743589824,-1.049206349206349,-3.533412698412699,1.268373015873016
5,3,3,as&gap&tzi|cnf|ovl,0,1,67.51861471861471,2.01,64.1385716135716,53.666666666666664,2.0233333333333334,300,-3.9,-6.267222222222221,-1.8555555555555554,-0.5133333333333333,-2.6701465201465204,-5.388844627594627,-0.39743589743589824,-1.049206349206349,-3.533412698412699,1.268373015873016
5,3,2,as&tzi|cnf|mrg&ovl,1,1,67.51861471861471,2.02,64.1385716135716,53.666666666666664,2.03,300,-3.9,-6.267222222222221,-1.8555555555555554,-0.5066666666666667,-2.6701465201465204,-5.388844627594627,-0.39743589743589824,-1.049206349206349,-3.533412698412699,1.268373015873016
5,3,2,as&gap|cnf|mrg&ovl,1,1,67.51861471861471,2.02,64.1385716135716,53.666666666666664,2.03,300,-3.9,-6.267222222222221,-1.8555555555555554,-0.5066666666666667,-2.6701465201465204,-5.388844627594627,-0.39743589743589824,-1.049206349206349,-3.533412698412699,1.268373015873016
6,3,3,as&gap&tzi|cnf|mrg&ovl,1,1,67.51861471861471,2.02,64.1385716135716,53.666666666666664,2.03,300,-3.9,-6.267222222222221,-1.8555555555555554,-0.5066666666666667,-2.6701465201465204,-5.388844627594627,-0.39743589743589824,-1.049206349206349,-3.533412698412699,1.268373015873016
5,3,2,as&gap|cnf|ovl&tzi,0,1,67.51861471861471,2.02,64.1385716135716,53.666666666666664,2.033333333333333,300,-3.9,-6.267222222222221,-1.8555555555555554,-0.5033333333333333,-2.6701465201465204,-5.388844627594627,-0.39743589743589824,-1.049206349206349,-3.533412698412699,1.268373015873016
5,3,2,as&tzi|cnf|gap&ovl,0,1,67.51861471861471,2.02,64.1385716135716,53.666666666666664,2.033333333333333,300,-3.9,-6.267222222222221,-1.8555555555555554,-0.5033333333333333,-2.6701465201465204,-5.388844627594627,-0.39743589743589824,-1.049206349206349,-3.533412698412699,1.268373015873016
6,3,3,as&gap|cnf|mrg&ovl&tzi,1,1,67.51861471861471,2.02,64.1385716135716,53.666666666666664,2.033333333333333,300,-3.9,-6.267222222222221,-1.8555555555555554,-0.5033333333333333,-2.6701465201465204,-5.388844627594627,-0.39743589743589824,-1.049206349206349,-3.533412698412699,1.268373015873016
6,3,3,as&tzi|cnf|gap&mrg&ovl,1,1,67.51861471861471,2.02,64.1385716135716,53.666666666666664,2.033333333333333,300,-3.9,-6.267222222222221,-1.8555555555555554,-0.5033333333333333,-2.6701465201465204,-5.388844627594627,-0.39743589743589824,-1.049206349206349,-3.533412698412699,1.268373015873016
3,2,2,as&tzi|cnf,0,1,67.51861471861471,2.02,64.1385716135716,53.666666666666664,2.0366666666666666,300,-3.9,-6.267222222222221,-1.8555555555555554,-0.5,-2.6701465201465204,-5.388844627594627,-0.39743589743589824,-1.049206349206349,-3.533412698412699,1.268373015873016
3,2,2,as&gap|cnf,0,1,67.51861471861471,2.02,64.1385716135716,53.666666666666664,2.0366666666666666,300,-3.9,-6.267222222222221,-1.8555555555555554,-0.5,-2.6701465201465204,-5.388844627594627,-0.39743589743589824,-1.049206349206349,-3.533412698412699,1.268373015873016
4,2,3,as&gap&tzi|cnf,0,1,67.51861471861471,2.02,64.1385716135716,53.666666666666664,2.0366666666666666,300,-3.9,-6.267222222222221,-1.8555555555555554,-0.5,-2.6701465201465204,-5.388844627594627,-0.39743589743589824,-1.049206349206349,-3.533412698412699,1.268373015873016
3,2,2,as&gap|mrg,1,1,71.9716959511077,2.11,64.118746993747,53.0,1.9866666666666666,293,-3.91982461982462,-6.481145382395381,-1.6108134920634922,-0.55,-2.6899711399711403,-5.3272907647907655,0.03309163059163049,-1.069030969030969,-3.955832917082917,1.6204725829725823
4,2,3,as&cnf&gap|mrg,1,1,71.9716959511077,2.11,64.118746993747,53.0,2.0,293,-3.91982461982462,-6.481145382395381,-1.6108134920634922,-0.5366666666666666,-2.6899711399711403,-5.3272907647907655,0.03309163059163049,-1.069030969030969,-3.955832917082917,1.6204725829725823
3,2,2,as&tzi|mrg,1,1,71.9716959511077,2.13,64.118746993747,53.0,2.033333333333333,290,-3.91982461982462,-6.481145382395381,-1.6108134920634922,-0.5033333333333333,-2.6899711399711403,-5.3272907647907655,0.03309163059163049,-1.069030969030969,-3.955832917082917,1.6204725829725823
4,2,3,as&cnf&tzi|mrg,1,1,71.9716959511077,2.13,64.118746993747,53.0,2.046666666666667,290,-3.91982461982462,-6.481145382395381,-1.6108134920634922,-0.49,-2.6899711399711403,-5.3272907647907655,0.03309163059163049,-1.069030969030969,-3.955832917082917,1.6204725829725823
4,2,3,as&gap&tzi|mrg,1,1,71.9716959511077,2.14,64.118746993747,53.0,2.0533333333333332,289,-3.91982461982462,-6.481145382395381,-1.6108134920634922,-0.48333333333333334,-2.6899711399711403,-5.3272907647907655,0.03309163059163049,-1.069030969030969,-3.955832917082917,1.6204725829725823
5,2,4,as&cnf&gap&tzi|mrg,1,1,71.9716959511077,2.14,64.118746993747,53.0,2.066666666666667,289,-3.91982461982462,-6.481145382395381,-1.6108134920634922,-0.47,-2.6899711399711403,-5.3272907647907655,0.03309163059163049,-1.069030969030969,-3.955832917082917,1.6204725829725823
4,2,2,cnf&tzi|gap&mrg,1,0,72.03051948051947,2.98,63.98411495911497,53.666666666666664,2.7066666666666666,204,-4.054456654456654,-6.69093711843712,-1.6005677655677657,0.17,-2.824603174603175,-5.516150793650794,-0.130000000000001,-1.2036630036630036,-4.10815170940171,1.6289087301587302
5,3,2,cnf&gap|mrg&tzi|ovl,1,0,69.51861471861471,2.04,63.981734006734015,53.333333333333336,2.0566666666666666,279,-4.0568376068376075,-6.737254273504273,-1.5840277777777783,-0.48,-2.826984126984127,-5.296111111111111,-0.27746031746031774,-1.2060439560439558,-4.070798229548229,1.4023962148962152
4,3,2,as|mrg&tzi|ovl,1,1,70.45979118920295,1.92,63.8385716135716,53.0,1.8733333333333333,300,-4.199999999999999,-6.456388888888889,-2.088611111111111,-0.6633333333333333,-2.97014652014652,-5.4314239926739925,-0.525384615384616,-1.349206349206349,-3.744404761904762,0.9001587301587297
5,3,2,as|cnf&ovl|mrg&tzi,1,1,70.45979118920295,1.92,63.8385716135716,53.0,1.8733333333333333,300,-4.199999999999999,-6.456388888888889,-2.088611111111111,-0.6633333333333333,-2.97014652014652,-5.4314239926739925,-0.525384615384616,-1.349206349206349,-3.744404761904762,0.9001587301587297
5,3,3,as|gap&mrg&tzi|ovl,1,1,70.45979118920295,1.94,63.8385716135716,53.0,1.8833333333333333,300,-4.199999999999999,-6.456388888888889,-2.088611111111111,-0.6533333333333333,-2.97014652014652,-5.4314239926739925,-0.525384615384616,-1.349206349206349,-3.744404761904762,0.9001587301587297
6,3,3,as|cnf&ovl|gap&mrg&tzi,1,1,70.45979118920295,1.94,63.8385716135716,53.0,1.8833333333333333,300,-4.199999999999999,-6.456388888888889,-2.088611111111111,-0.6533333333333333,-2.97014652014652,-5.4314239926739925,-0.525384615384616,-1.349206349206349,-3.744404761904762,0.9001587301587297
4,3,2,as&mrg|cnf|ovl,1,1,67.51861471861471,2.01,63.80523828023827,53.333333333333336,2.033333333333333,300,-4.233333333333333,-6.667222222222222,-1.9997222222222222,-0.5033333333333333,-3.0034798534798535,-5.681686507936508,-0.6034126984126985,-1.3825396825396825,-3.7655158730158726,0.8955158730158728
2,2,1,cnf|ovl,0,0,67.51861471861471,2.01,63.80523828023827,53.333333333333336,2.0366666666666666,300,-4.233333333333333,-6.667222222222222,-1.9997222222222222,-0.5,-3.0034798534798535,-5.681686507936508,-0.6034126984126985,-1.3825396825396825,-3.7655158730158726,0.8955158730158728
5,3,3,as&mrg&tzi|cnf|ovl,1,1,67.51861471861471,2.01,63.80523828023827,53.333333333333336,2.0366666666666666,300,-4.233333333333333,-6.667222222222222,-1.9997222222222222,-0.5,-3.0034798534798535,-5.681686507936508,-0.6034126984126985,-1.3825396825396825,-3.7655158730158726,0.8955158730158728
5,3,3,as&gap&mrg|cnf|ovl,1,1,67.51861471861471,2.01,63.80523828023827,53.333333333333336,2.0366666666666666,300,-4.233333333333333,-6.667222222222222,-1.9997222222222222,-0.5,-3.0034798534798535,-5.681686507936508,-0.6034126984126985,-1.3825396825396825,-3.7655158730158726,0.8955158730158728
6,3,4,as&gap&mrg&tzi|cnf|ovl,1,1,67.51861471861471,2.01,63.80523828023827,53.333333333333336,2.0366666666666666,300,-4.233333333333333,-6.667222222222222,-1.9997222222222222,-0.5,-3.0034798534798535,-5.681686507936508,-0.6034126984126985,-1.3825396825396825,-3.7655158730158726,0.8955158730158728
3,2,2,as&ovl|cnf,0,1,67.51861471861471,2.01,63.80523828023827,53.333333333333336,2.04,300,-4.233333333333333,-6.667222222222222,-1.9997222222222222,-0.49666666666666665,-3.0034798534798535,-5.681686507936508,-0.6034126984126985,-1.3825396825396825,-3.7655158730158726,0.8955158730158728
5,3,2,as&mrg|cnf|ovl&tzi,1,1,67.51861471861471,2.02,63.80523828023827,53.333333333333336,2.04,300,-4.233333333333333,-6.667222222222222,-1.9997222222222222,-0.49666666666666665,-3.0034798534798535,-5.681686507936508,-0.6034126984126985,-1.3825396825396825,-3.7655158730158726,0.8955158730158728
5,3,2,as&mrg|cnf|gap&ovl,1,1,67.51861471861471,2.02,63.80523828023827,53.333333333333336,2.04,300,-4.233333333333333,-6.667222222222222,-1.9997222222222222,-0.49666666666666665,-3.0034798534798535,-5.681686507936508,-0.6034126984126985,-1.3825396825396825,-3.7655158730158726,0.8955158730158728
6,3,3,as&mrg|cnf|gap&ovl&tzi,1,1,67.51861471861471,2.02,63.80523828023827,53.333333333333336,2.04,300,-4.233333333333333,-6.667222222222222,-1.9997222222222222,-0.49666666666666665,-3.0034798534798535,-5.681686507936508,-0.6034126984126985,-1.3825396825396825,-3.7655158730158726,0.8955158730158728
3,2,2,as&mrg|cnf,1,1,67.51861471861471,2.02,63.80523828023827,53.333333333333336,2.0433333333333334,300,-4.233333333333333,-6.667222222222222,-1.9997222222222222,-0.49333333333333335,-3.0034798534798535,-5.681686507936508,-0.6034126984126985,-1.3825396825396825,-3.7655158730158726,0.8955158730158728
3,2,2,cnf|mrg&ovl,1,0,67.51861471861471,2.02,63.80523828023827,53.333333333333336,2.0433333333333334,300,-4.233333333333333,-6.667222222222222,-1.9997222222222222,-0.49333333333333335,-3.0034798534798535,-5.681686507936508,-0.6034126984126985,-1.3825396825396825,-3.7655158730158726,0.8955158730158728
3,2,2,cnf|ovl&tzi,0,0,67.51861471861471,2.02,63.80523828023827,53.333333333333336,2.046666666666667,300,-4.233333333333333,-6.667222222222222,-1.9997222222222222,-0.49,-3.0034798534798535,-5.681686507936508,-0.6034126984126985,-1.3825396825396825,-3.7655158730158726,0.8955158730158728
3,2,2,cnf|gap&ovl,0,0,67.51861471861471,2.02,63.80523828023827,53.333333333333336,2.046666666666667,300,-4.233333333333333,-6.667222222222222,-1.9997222222222222,-0.49,-3.0034798534798535,-5.681686507936508,-0.6034126984126985,-1.3825396825396825,-3.7655158730158726,0.8955158730158728
4,2,3,as&mrg&ovl|cnf,1,1,67.51861471861471,2.02,63.80523828023827,53.333333333333336,2.046666666666667,300,-4.233333333333333,-6.667222222222222,-1.9997222222222222,-0.49,-3.0034798534798535,-5.681686507936508,-0.6034126984126985,-1.3825396825396825,-3.7655158730158726,0.8955158730158728
4,2,3,cnf|mrg&ovl&tzi,1,0,67.51861471861471,2.02,63.80523828023827,53.333333333333336,2.046666666666667,300,-4.233333333333333,-6.667222222222222,-1.9997222222222222,-0.49,-3.0034798534798535,-5.681686507936508,-0.6034126984126985,-1.3825396825396825,-3.7655158730158726,0.8955158730158728
4,2,3,cnf|gap&mrg&ovl,1,0,67.51861471861471,2.02,63.80523828023827,53.333333333333336,2.046666666666667,300,-4.233333333333333,-6.667222222222222,-1.9997222222222222,-0.49,-3.0034798534798535,-5.681686507936508,-0.6034126984126985,-1.3825396825396825,-3.7655158730158726,0.8955158730158728
4,2,3,cnf|gap&ovl&tzi,0,0,67.51861471861471,2.02,63.80523828023827,53.333333333333336,2.046666666666667,300,-4.233333333333333,-6.667222222222222,-1.9997222222222222,-0.49,-3.0034798534798535,-5.681686507936508,-0.6034126984126985,-1.3825396825396825,-3.7655158730158726,0.8955158730158728
5,2,4,cnf|gap&mrg&ovl&tzi,1,0,67.51861471861471,2.02,63.80523828023827,53.333333333333336,2.046666666666667,300,-4.233333333333333,-6.667222222222222,-1.9997222222222222,-0.49,-3.0034798534798535,-5.681686507936508,-0.6034126984126985,-1.3825396825396825,-3.7655158730158726,0.8955158730158728
6,3,3,as&gap&mrg|cnf|ovl&tzi,1,1,67.51861471861471,2.02,63.80523828023827,53.333333333333336,2.046666666666667,300,-4.233333333333333,-6.667222222222222,-1.9997222222222222,-0.49,-3.0034798534798535,-5.681686507936508,-0.6034126984126985,-1.3825396825396825,-3.7655158730158726,0.8955158730158728
6,3,3,as&mrg&tzi|cnf|gap&ovl,1,1,67.51861471861471,2.02,63.80523828023827,53.333333333333336,2.046666666666667,300,-4.233333333333333,-6.667222222222222,-1.9997222222222222,-0.49,-3.0034798534798535,-5.681686507936508,-0.6034126984126985,-1.3825396825396825,-3.7655158730158726,0.8955158730158728
1,1,1,cnf,0,0,67.51861471861471,2.02,63.80523828023827,53.333333333333336,2.05,300,-4.233333333333333,-6.667222222222222,-1.9997222222222222,-0.4866666666666667,-3.0034798534798535,-5.681686507936508,-0.6034126984126985,-1.3825396825396825,-3.7655158730158726,0.8955158730158728
4,2,3,as&mrg&tzi|cnf,1,1,67.51861471861471,2.02,63.80523828023827,53.333333333333336,2.05,300,-4.233333333333333,-6.667222222222222,-1.9997222222222222,-0.4866666666666667,-3.0034798534798535,-5.681686507936508,-0.6034126984126985,-1.3825396825396825,-3.7655158730158726,0.8955158730158728
4,2,3,as&gap&mrg|cnf,1,1,67.51861471861471,2.02,63.80523828023827,53.333333333333336,2.05,300,-4.233333333333333,-6.667222222222222,-1.9997222222222222,-0.4866666666666667,-3.0034798534798535,-5.681686507936508,-0.6034126984126985,-1.3825396825396825,-3.7655158730158726,0.8955158730158728
4,2,3,as&ovl&tzi|cnf,0,1,67.51861471861471,2.02,63.80523828023827,53.333333333333336,2.05,300,-4.233333333333333,-6.667222222222222,-1.9997222222222222,-0.4866666666666667,-3.0034798534798535,-5.681686507936508,-0.6034126984126985,-1.3825396825396825,-3.7655158730158726,0.8955158730158728
4,2,3,as&gap&ovl|cnf,0,1,67.51861471861471,2.02,63.80523828023827,53.333333333333336,2.05,300,-4.233333333333333,-6.667222222222222,-1.9997222222222222,-0.4866666666666667,-3.0034798534798535,-5.681686507936508,-0.6034126984126985,-1.3825396825396825,-3.7655158730158726,0.8955158730158728
5,2,4,as&mrg&ovl&tzi|cnf,1,1,67.51861471861471,2.02,63.80523828023827,53.333333333333336,2.05,300,-4.233333333333333,-6.667222222222222,-1.9997222222222222,-0.4866666666666667,-3.0034798534798535,-5.681686507936508,-0.6034126984126985,-1.3825396825396825,-3.7655158730158726,0.8955158730158728
5,2,4,as&gap&mrg&ovl|cnf,1,1,67.51861471861471,2.02,63.80523828023827,53.333333333333336,2.05,300,-4.233333333333333,-6.667222222222222,-1.9997222222222222,-0.4866666666666667,-3.0034798534798535,-5.681686507936508,-0.6034126984126985,-1.3825396825396825,-3.7655158730158726,0.8955158730158728
5,2,4,as&gap&mrg&tzi|cnf,1,1,67.51861471861471,2.02,63.80523828023827,53.333333333333336,2.05,300,-4.233333333333333,-6.667222222222222,-1.9997222222222222,-0.4866666666666667,-3.0034798534798535,-5.681686507936508,-0.6034126984126985,-1.3825396825396825,-3.7655158730158726,0.8955158730158728
5,2,4,as&gap&ovl&tzi|cnf,0,1,67.51861471861471,2.02,63.80523828023827,53.333333333333336,2.05,300,-4.233333333333333,-6.667222222222222,-1.9997222222222222,-0.4866666666666667,-3.0034798534798535,-5.681686507936508,-0.6034126984126985,-1.3825396825396825,-3.7655158730158726,0.8955158730158728
6,2,5,as&gap&mrg&ovl&tzi|cnf,1,1,67.51861471861471,2.02,63.80523828023827,53.333333333333336,2.05,300,-4.233333333333333,-6.667222222222222,-1.9997222222222222,-0.4866666666666667,-3.0034798534798535,-5.681686507936508,-0.6034126984126985,-1.3825396825396825,-3.7655158730158726,0.8955158730158728
5,3,2,as&cnf|mrg&tzi|ovl,1,1,70.45979118920295,1.93,63.78728956228955,53.0,1.9,299,-4.25128205128205,-6.533397435897436,-2.128888888888889,-0.6366666666666667,-3.021428571428572,-5.490892857142856,-0.598809523809525,-1.4004884004884004,-3.838901098901099,0.8783333333333327
6,3,3,as&cnf|gap&mrg&tzi|ovl,1,1,70.45979118920295,1.95,63.78728956228955,53.0,1.91,299,-4.25128205128205,-6.533397435897436,-2.128888888888889,-0.6266666666666667,-3.021428571428572,-5.490892857142856,-0.598809523809525,-1.4004884004884004,-3.838901098901099,0.8783333333333327
2,2,1,as|mrg,1,1,72.45979118920295,1.8,63.753362378362375,52.666666666666664,1.7966666666666666,299,-4.285209235209235,-6.757602813852815,-2.2319751082251083,-0.74,-3.0553557553557553,-5.869136835386836,-0.0669462481962487,-1.4344155844155846,-4.129570707070707,1.2047601010101006
6,3,2,as&ovl|cnf&tzi|gap&mrg,1,1,72.51861471861471,2.2,63.74601972101973,53.333333333333336,2.1966666666666668,271,-4.292551892551892,-6.916353785103786,-1.7767857142857155,-0.34,-3.062698412698413,-5.754067460317461,-0.4914087301587323,-1.441758241758242,-4.390873015873017,1.3712698412698414
5,3,2,as|gap&mrg|ovl&tzi,1,1,72.45979118920295,2.01,63.713968438968436,53.333333333333336,1.94,299,-4.324603174603174,-6.56327380952381,-2.1438888888888896,-0.5966666666666667,-3.0947496947496944,-5.575213675213675,-0.5730906593406605,-1.4738095238095237,-3.9405952380952383,0.9679960317460314
6,3,3,as|cnf&ovl&tzi|gap&mrg,1,1,72.45979118920295,2.01,63.713968438968436,53.333333333333336,1.94,299,-4.324603174603174,-6.56327380952381,-2.1438888888888896,-0.5966666666666667,-3.0947496947496944,-5.575213675213675,-0.5730906593406605,-1.4738095238095237,-3.9405952380952383,0.9679960317460314
3,2,2,as&cnf|mrg,1,1,72.45979118920295,1.81,63.702080327080324,52.666666666666664,1.8266666666666667,299,-4.336491286491286,-6.765813492063493,-2.3344949494949496,-0.71,-3.1066378066378073,-5.9153805916305915,-0.1356529581529593,-1.4856976356976355,-4.180753968253969,1.1684455821955821
6,3,2,as&cnf|gap&mrg|ovl&tzi,1,1,72.45979118920295,2.03,63.66268638768639,53.333333333333336,1.9833333333333334,297,-4.375885225885225,-6.617797619047618,-2.172936507936508,-0.5533333333333333,-3.146031746031746,-5.634484126984127,-0.5893055555555557,-1.525091575091575,-4.036060744810745,0.9156547619047618
3,2,2,gap&mrg|ovl,1,0,71.45979118920295,2.21,63.55078162578162,53.333333333333336,2.26,269,-4.487789987789988,-7.226071428571429,-1.9700564713064732,-0.27666666666666667,-3.2579365079365075,-5.40361111111111,-1.1573015873015877,-1.636996336996337,-4.241805555555556,0.9538888888888885
4,2,2,cnf&ovl|gap&mrg,1,0,71.45979118920295,2.22,63.55078162578162,53.333333333333336,2.27,269,-4.487789987789988,-7.226071428571429,-1.9700564713064732,-0.26666666666666666,-3.2579365079365075,-5.40361111111111,-1.1573015873015877,-1.636996336996337,-4.241805555555556,0.9538888888888885
6,4,2,as|cnf&gap|mrg&tzi|ovl,1,1,69.51861471861471,1.84,63.50523828023829,52.666666666666664,1.7966666666666666,300,-4.533333333333333,-7.012777777777777,-2.2213888888888897,-0.74,-3.3034798534798537,-6.042321428571428,-0.7231776556776559,-1.6825396825396823,-4.372539682539682,0.779484126984127
5,3,2,as&tzi|gap&mrg|ovl,1,1,70.45979118920295,2.09,63.44601972101972,53.0,2.1033333333333335,277,-4.592551892551892,-7.127254273504273,-2.1736431623931627,-0.43333333333333335,-3.362698412698413,-5.653392857142856,-0.9244642857142857,-1.7417582417582418,-4.326210317460317,0.8907738095238094
6,3,2,as&tzi|cnf&ovl|gap&mrg,1,1,70.45979118920295,2.1,63.44601972101972,53.0,2.1133333333333333,277,-4.592551892551892,-7.127254273504273,-2.1736431623931627,-0.42333333333333334,-3.362698412698413,-5.653392857142856,-0.9244642857142857,-1.7417582417582418,-4.326210317460317,0.8907738095238094
6,3,3,as&cnf&tzi|gap&mrg|ovl,1,1,70.45979118920295,2.09,63.44601972101972,53.0,2.1133333333333333,277,-4.592551892551892,-7.127254273504273,-2.1736431623931627,-0.42333333333333334,-3.362698412698413,-5.653392857142856,-0.9244642857142857,-1.7417582417582418,-4.326210317460317,0.8907738095238094
5,3,2,as|cnf&tzi|gap&mrg,1,1,71.51861471861471,1.95,63.269523994524,52.666666666666664,1.8833333333333333,299,-4.769047619047619,-7.302837301587302,-2.550714285714286,-0.6533333333333333,-3.539194139194139,-6.379841269841272,-0.811376678876679,-1.9182539682539683,-4.774365079365079,0.6731349206349205
4,3,2,as|cnf|mrg&tzi,1,1,68.51861471861471,1.79,63.19412716912717,52.33333333333333,1.7166666666666666,300,-4.844444444444443,-7.42361111111111,-2.388611111111111,-0.82,-3.614590964590964,-6.308670634920635,-0.9831822344322347,-1.9936507936507937,-4.727539682539683,0.5955158730158728
5,4,2,as|cnf|mrg&tzi|ovl,1,1,68.51861471861471,1.79,63.19412716912717,52.33333333333333,1.7166666666666666,300,-4.844444444444443,-7.42361111111111,-2.388611111111111,-0.82,-3.614590964590964,-6.308670634920635,-0.9831822344322347,-1.9936507936507937,-4.727539682539683,0.5955158730158728
6,4,2,as|cnf|gap&ovl|mrg&tzi,1,1,68.51861471861471,1.79,63.19412716912717,52.33333333333333,1.7166666666666666,300,-4.844444444444443,-7.42361111111111,-2.388611111111111,-0.82,-3.614590964590964,-6.308670634920635,-0.9831822344322347,-1.9936507936507937,-4.727539682539683,0.5955158730158728
5,3,3,as|cnf|gap&mrg&tzi,1,1,68.51861471861471,1.81,63.19412716912717,52.33333333333333,1.7233333333333334,300,-4.844444444444443,-7.42361111111111,-2.388611111111111,-0.8133333333333334,-3.614590964590964,-6.308670634920635,-0.9831822344322347,-1.9936507936507937,-4.727539682539683,0.5955158730158728
6,4,3,as|cnf|gap&mrg&tzi|ovl,1,1,68.51861471861471,1.81,63.19412716912717,52.33333333333333,1.7233333333333334,300,-4.844444444444443,-7.42361111111111,-2.388611111111111,-0.8133333333333334,-3.614590964590964,-6.308670634920635,-0.9831822344322347,-1.9936507936507937,-4.727539682539683,0.5955158730158728
6,4,2,as&gap|cnf|mrg&tzi|ovl,1,1,68.51861471861471,1.8,63.19412716912717,52.33333333333333,1.7266666666666666,300,-4.844444444444443,-7.42361111111111,-2.388611111111111,-0.81,-3.614590964590964,-6.308670634920635,-0.9831822344322347,-1.9936507936507937,-4.727539682539683,0.5955158730158728
4,3,2,cnf|mrg&tzi|ovl,1,0,68.51861471861471,1.8,63.19412716912717,52.33333333333333,1.7366666666666666,300,-4.844444444444443,-7.42361111111111,-2.388611111111111,-0.8,-3.614590964590964,-6.308670634920635,-0.9831822344322347,-1.9936507936507937,-4.727539682539683,0.5955158730158728
5,3,2,as&ovl|cnf|mrg&tzi,1,1,68.51861471861471,1.8,63.19412716912717,52.33333333333333,1.7366666666666666,300,-4.844444444444443,-7.42361111111111,-2.388611111111111,-0.8,-3.614590964590964,-6.308670634920635,-0.9831822344322347,-1.9936507936507937,-4.727539682539683,0.5955158730158728
5,3,2,as&gap|cnf|mrg&tzi,1,1,68.51861471861471,1.81,63.19412716912717,52.33333333333333,1.7366666666666666,300,-4.844444444444443,-7.42361111111111,-2.388611111111111,-0.8,-3.614590964590964,-6.308670634920635,-0.9831822344322347,-1.9936507936507937,-4.727539682539683,0.5955158730158728
5,3,3,cnf|gap&mrg&tzi|ovl,1,0,68.51861471861471,1.82,63.19412716912717,52.33333333333333,1.7433333333333334,300,-4.844444444444443,-7.42361111111111,-2.388611111111111,-0.7933333333333333,-3.614590964590964,-6.308670634920635,-0.9831822344322347,-1.9936507936507937,-4.727539682539683,0.5955158730158728
6,3,3,as&ovl|cnf|gap&mrg&tzi,1,1,68.51861471861471,1.82,63.19412716912717,52.33333333333333,1.7433333333333334,300,-4.844444444444443,-7.42361111111111,-2.388611111111111,-0.7933333333333333,-3.614590964590964,-6.308670634920635,-0.9831822344322347,-1.9936507936507937,-4.727539682539683,0.5955158730158728
3,2,2,cnf|mrg&tzi,1,0,68.51861471861471,1.81,63.19412716912717,52.33333333333333,1.7466666666666666,300,-4.844444444444443,-7.42361111111111,-2.388611111111111,-0.79,-3.614590964590964,-6.308670634920635,-0.9831822344322347,-1.9936507936507937,-4.727539682539683,0.5955158730158728
5,3,2,cnf|gap&ovl|mrg&tzi,1,0,68.51861471861471,1.81,63.19412716912717,52.33333333333333,1.7466666666666666,300,-4.844444444444443,-7.42361111111111,-2.388611111111111,-0.79,-3.614590964590964,-6.308670634920635,-0.9831822344322347,-1.9936507936507937,-4.727539682539683,0.5955158730158728
6,3,3,as&gap&ovl|cnf|mrg&tzi,1,1,68.51861471861471,1.81,63.19412716912717,52.33333333333333,1.7466666666666666,300,-4.844444444444443,-7.42361111111111,-2.388611111111111,-0.79,-3.614590964590964,-6.308670634920635,-0.9831822344322347,-1.9936507936507937,-4.727539682539683,0.5955158730158728
4,2,3,cnf|gap&mrg&tzi,1,0,68.51861471861471,1.83,63.19412716912717,52.33333333333333,1.7533333333333334,300,-4.844444444444443,-7.42361111111111,-2.388611111111111,-0.7833333333333333,-3.614590964590964,-6.308670634920635,-0.9831822344322347,-1.9936507936507937,-4.727539682539683,0.5955158730158728
5,3,2,cnf&tzi|gap&mrg|ovl,1,0,69.51861471861471,2.03,63.001575276575274,52.33333333333333,2.0566666666666666,277,-5.036996336996337,-7.74265873015873,-2.4100915750915766,-0.48,-3.807142857142857,-6.44454365079365,-1.275297619047619,-2.1862026862026864,-5.135753968253969,0.5330631868131858
4,3,2,as|gap&mrg|ovl,1,1,70.45979118920295,1.89,62.96952399452399,52.33333333333333,1.8333333333333333,300,-5.069047619047618,-7.456964285714286,-2.7741269841269847,-0.7033333333333334,-3.8391941391941393,-6.35968253968254,-1.3307615995116007,-2.2182539682539684,-4.664940476190475,0.234186507936508
5,3,2,as|cnf&ovl|gap&mrg,1,1,70.45979118920295,1.89,62.96952399452399,52.33333333333333,1.8333333333333333,300,-5.069047619047618,-7.456964285714286,-2.7741269841269847,-0.7033333333333334,-3.8391941391941393,-6.35968253968254,-1.3307615995116007,-2.2182539682539684,-4.664940476190475,0.234186507936508
5,3,2,as&cnf|gap&mrg|ovl,1,1,70.45979118920295,1.9,62.918241943241945,52.33333333333333,1.86,299,-5.12032967032967,-7.564039987789988,-2.812782356532356,-0.6766666666666666,-3.89047619047619,-6.35968253968254,-1.3820436507936518,-2.2695360195360195,-4.7878373015873015,0.1756623931623927
3,2,2,mrg|ovl&tzi,1,0,72.9716959511077,2.19,62.8235088985089,52.666666666666664,2.11,284,-5.2150627150627145,-7.988618326118327,-2.515914502164502,-0.4266666666666667,-3.9852092352092354,-6.280546536796537,-1.697308802308803,-2.3642690642690645,-5.154929792429792,0.45254773004772886
4,2,3,cnf&ovl&tzi|mrg,1,0,72.9716959511077,2.19,62.8235088985089,52.666666666666664,2.11,284,-5.2150627150627145,-7.988618326118327,-2.515914502164502,-0.4266666666666667,-3.9852092352092354,-6.280546536796537,-1.697308802308803,-2.3642690642690645,-5.154929792429792,0.45254773004772886
4,2,3,gap&ovl&tzi|mrg,1,0,72.9716959511077,2.2,62.8235088985089,52.666666666666664,2.12,283,-5.2150627150627145,-7.988618326118327,-2.515914502164502,-0.4166666666666667,-3.9852092352092354,-6.280546536796537,-1.697308802308803,-2.3642690642690645,-5.154929792429792,0.45254773004772886
5,2,4,cnf&gap&ovl&tzi|mrg,1,0,72.9716959511077,2.2,62.8235088985089,52.666666666666664,2.12,283,-5.2150627150627145,-7.988618326118327,-2.515914502164502,-0.4166666666666667,-3.9852092352092354,-6.280546536796537,-1.697308802308803,-2.3642690642690645,-5.154929792429792,0.45254773004772886
5,3,2,as&gap|mrg|ovl&tzi,1,1,71.9716959511077,2.07,62.71874699374699,52.33333333333333,1.9066666666666667,294,-5.31982461982462,-8.000115995115994,-2.705547508047508,-0.63,-4.08997113997114,-6.642772366522365,-1.374563492063492,-2.469030969030969,-5.363221500721501,0.4207223332223327
6,3,3,as&gap|cnf&ovl&tzi|mrg,1,1,71.9716959511077,2.07,62.71874699374699,52.33333333333333,1.9066666666666667,294,-5.31982461982462,-8.000115995115994,-2.705547508047508,-0.63,-4.08997113997114,-6.642772366522365,-1.374563492063492,-2.469030969030969,-5.363221500721501,0.4207223332223327
6,3,3,as&cnf&gap|mrg|ovl&tzi,1,1,71.9716959511077,2.07,62.71874699374699,52.33333333333333,1.9166666666666667,294,-5.31982461982462,-8.000115995115994,-2.705547508047508,-0.62,-4.08997113997114,-6.642772366522365,-1.374563492063492,-2.469030969030969,-5.363221500721501,0.4207223332223327
3,2,2,gap&ovl|mrg,1,0,72.9716959511077,2.17,62.71239778739778,52.33333333333333,2.07,285,-5.326173826173826,-8.053979076479077,-2.6929721667221678,-0.4666666666666667,-4.096320346320346,-6.329226190476191,-1.8729599567099575,-2.4753801753801756,-5.2776587301587305,0.3424611499611479
4,2,3,cnf&gap&ovl|mrg,1,0,72.9716959511077,2.17,62.71239778739778,52.33333333333333,2.07,285,-5.326173826173826,-8.053979076479077,-2.6929721667221678,-0.4666666666666667,-4.096320346320346,-6.329226190476191,-1.8729599567099575,-2.4753801753801756,-5.2776587301587305,0.3424611499611479
5,3,2,as&tzi|gap&ovl|mrg,1,1,71.9716959511077,2.07,62.60763588263588,52.0,1.9133333333333333,292,-5.4309357309357305,-8.17117784992785,-2.832776945276945,-0.6233333333333333,-4.201082251082251,-6.675575396825398,-1.5782738095238096,-2.58014208014208,-5.504899961149961,0.25319444444444417
6,3,3,as&tzi|cnf&gap&ovl|mrg,1,1,71.9716959511077,2.07,62.60763588263588,52.0,1.9133333333333333,292,-5.4309357309357305,-8.17117784992785,-2.832776945276945,-0.6233333333333333,-4.201082251082251,-6.675575396825398,-1.5782738095238096,-2.58014208014208,-5.504899961149961,0.25319444444444417
6,3,3,as&cnf&tzi|gap&ovl|mrg,1,1,71.9716959511077,2.07,62.60763588263588,52.0,1.9233333333333333,292,-5.4309357309357305,-8.17117784992785,-2.832776945276945,-0.6133333333333333,-4.201082251082251,-6.675575396825398,-1.5782738095238096,-2.58014208014208,-5.504899961149961,0.25319444444444417
6,4,2,as|cnf&tzi|gap&mrg|ovl,1,1,69.51861471861471,1.83,62.525079550079546,51.66666666666667,1.7766666666666666,300,-5.513492063492064,-8.020694444444446,-3.1059325396825397,-0.76,-4.2836385836385835,-7.060106837606837,-1.6981349206349208,-2.662698412698413,-5.581884920634921,0.0033928571428566436
4,3,2,as|mrg|ovl&tzi,1,1,72.45979118920295,1.77,62.35336237836238,52.0,1.7266666666666666,299,-5.685209235209236,-8.346031746031745,-3.306320346320346,-0.81,-4.455355755355755,-7.112951354201355,-1.6874990287490295,-2.8344155844155843,-5.57840367965368,-0.08387626262626253
5,3,3,as|cnf&ovl&tzi|mrg,1,1,72.45979118920295,1.77,62.35336237836238,52.0,1.7266666666666666,299,-5.685209235209236,-8.346031746031745,-3.306320346320346,-0.81,-4.455355755355755,-7.112951354201355,-1.6874990287490295,-2.8344155844155843,-5.57840367965368,-0.08387626262626253
5,3,3,as|gap&ovl&tzi|mrg,1,1,72.45979118920295,1.77,62.35336237836238,52.0,1.7266666666666666,299,-5.685209235209236,-8.346031746031745,-3.306320346320346,-0.81,-4.455355755355755,-7.112951354201355,-1.6874990287490295,-2.8344155844155843,-5.57840367965368,-0.08387626262626253
6,3,4,as|cnf&gap&ovl&tzi|mrg,1,1,72.45979118920295,1.77,62.35336237836238,52.0,1.7266666666666666,299,-5.685209235209236,-8.346031746031745,-3.306320346320346,-0.81,-4.455355755355755,-7.112951354201355,-1.6874990287490295,-2.8344155844155843,-5.57840367965368,-0.08387626262626253
4,3,2,as|cnf|gap&mrg,1,1,68.51861471861471,1.77,62.32507955007955,51.66666666666667,1.69,300,-5.7134920634920645,-8.421666666666667,-3.1625992063492063,-0.8466666666666667,-4.483638583638584,-7.369920634920635,-1.8130036630036637,-2.8626984126984127,-5.79609126984127,-0.15057539682539767
5,4,2,as|cnf|gap&mrg|ovl,1,1,68.51861471861471,1.77,62.32507955007955,51.66666666666667,1.69,300,-5.7134920634920645,-8.421666666666667,-3.1625992063492063,-0.8466666666666667,-4.483638583638584,-7.369920634920635,-1.8130036630036637,-2.8626984126984127,-5.79609126984127,-0.15057539682539767
6,4,2,as|cnf|gap&mrg|ovl&tzi,1,1,68.51861471861471,1.77,62.32507955007955,51.66666666666667,1.69,300,-5.7134920634920645,-8.421666666666667,-3.1625992063492063,-0.8466666666666667,-4.483638583638584,-7.369920634920635,-1.8130036630036637,-2.8626984126984127,-5.79609126984127,-0.15057539682539767
6,4,2,as&tzi|cnf|gap&mrg|ovl,1,1,68.51861471861471,1.78,62.32507955007955,51.66666666666667,1.7,300,-5.7134920634920645,-8.421666666666667,-3.1625992063492063,-0.8366666666666667,-4.483638583638584,-7.369920634920635,-1.8130036630036637,-2.8626984126984127,-5.79609126984127,-0.15057539682539767
4,3,2,cnf|gap&mrg|ovl,1,0,68.51861471861471,1.78,62.32507955007955,51.66666666666667,1.71,300,-5.7134920634920645,-8.421666666666667,-3.1625992063492063,-0.8266666666666667,-4.483638583638584,-7.369920634920635,-1.8130036630036637,-2.8626984126984127,-5.79609126984127,-0.15057539682539767
5,3,2,as&ovl|cnf|gap&mrg,1,1,68.51861471861471,1.78,62.32507955007955,51.66666666666667,1.71,300,-5.7134920634920645,-8.421666666666667,-3.1625992063492063,-0.8266666666666667,-4.483638583638584,-7.369920634920635,-1.8130036630036637,-2.8626984126984127,-5.79609126984127,-0.15057539682539767
5,3,2,as&tzi|cnf|gap&mrg,1,1,68.51861471861471,1.79,62.32507955007955,51.66666666666667,1.71,300,-5.7134920634920645,-8.421666666666667,-3.1625992063492063,-0.8266666666666667,-4.483638583638584,-7.369920634920635,-1.8130036630036637,-2.8626984126984127,-5.79609126984127,-0.15057539682539767
3,2,2,cnf|gap&mrg,1,0,68.51861471861471,1.79,62.32507955007955,51.66666666666667,1.72,300,-5.7134920634920645,-8.421666666666667,-3.1625992063492063,-0.8166666666666667,-4.483638583638584,-7.369920634920635,-1.8130036630036637,-2.8626984126984127,-5.79609126984127,-0.15057539682539767
5,3,2,cnf|gap&mrg|ovl&tzi,1,0,68.51861471861471,1.79,62.32507955007955,51.66666666666667,1.72,300,-5.7134920634920645,-8.421666666666667,-3.1625992063492063,-0.8166666666666667,-4.483638583638584,-7.369920634920635,-1.8130036630036637,-2.8626984126984127,-5.79609126984127,-0.15057539682539767
6,3,3,as&ovl&tzi|cnf|gap&mrg,1,1,68.51861471861471,1.79,62.32507955007955,51.66666666666667,1.72,300,-5.7134920634920645,-8.421666666666667,-3.1625992063492063,-0.8166666666666667,-4.483638583638584,-7.369920634920635,-1.8130036630036637,-2.8626984126984127,-5.79609126984127,-0.15057539682539767
5,3,2,as&cnf|mrg|ovl&tzi,1,1,72.45979118920295,1.78,62.302080327080326,52.0,1.7533333333333334,299,-5.736491286491287,-8.35410533910534,-3.360046481296482,-0.7833333333333333,-4.506637806637806,-7.171170634920634,-1.7365710678210684,-2.8856976356976354,-5.629471500721501,-0.13881632256632298
6,3,3,as&cnf|gap&ovl&tzi|mrg,1,1,72.45979118920295,1.78,62.302080327080326,52.0,1.7533333333333334,299,-5.736491286491287,-8.35410533910534,-3.360046481296482,-0.7833333333333333,-4.506637806637806,-7.171170634920634,-1.7365710678210684,-2.8856976356976354,-5.629471500721501,-0.13881632256632298
5,3,2,as&ovl|cnf&gap|mrg,1,1,71.51861471861471,1.75,62.274302549302554,51.66666666666667,1.7633333333333334,297,-5.764269064269063,-8.737050865800866,-3.054705572205572,-0.7733333333333333,-4.5344155844155845,-7.275867604617603,-1.6378841991341992,-2.913475413475414,-6.133604034854034,0.11824314574314537
5,3,2,as&ovl|cnf&tzi|mrg,1,1,71.51861471861471,1.76,62.274302549302554,51.66666666666667,1.8066666666666666,295,-5.764269064269064,-8.711612137862138,-3.0391540404040405,-0.73,-4.534415584415584,-7.243784271284272,-1.6386652236652242,-2.913475413475414,-6.051539987789988,0.14195707070707056
6,3,3,as&ovl|cnf&gap&tzi|mrg,1,1,71.51861471861471,1.76,62.274302549302554,51.66666666666667,1.8166666666666667,295,-5.764269064269064,-8.711612137862138,-3.0391540404040405,-0.72,-4.534415584415584,-7.243784271284272,-1.6386652236652242,-2.913475413475414,-6.051539987789988,0.14195707070707056
5,3,2,as&tzi|cnf&gap|mrg,1,1,71.03051948051947,2.0,62.274302549302554,51.66666666666667,1.8233333333333333,294,-5.764269064269063,-8.737050865800866,-3.054705572205572,-0.7133333333333334,-4.5344155844155845,-7.275867604617603,-1.6378841991341992,-2.913475413475414,-6.133604034854034,0.11824314574314537
5,3,2,as&gap|cnf&tzi|mrg,1,1,71.03051948051947,2.01,62.274302549302554,51.66666666666667,1.8433333333333333,294,-5.764269064269064,-8.711612137862138,-3.0391540404040405,-0.6933333333333334,-4.534415584415584,-7.243784271284272,-1.6386652236652242,-2.913475413475414,-6.051539987789988,0.14195707070707056
5,3,2,cnf&gap|mrg|ovl&tzi,1,0,71.03051948051947,2.0,62.274302549302554,51.66666666666667,1.8433333333333333,294,-5.764269064269063,-8.737050865800866,-3.054705572205572,-0.6933333333333334,-4.5344155844155845,-7.275867604617603,-1.6378841991341992,-2.913475413475414,-6.133604034854034,0.11824314574314537
6,3,3,as&ovl&tzi|cnf&gap|mrg,1,1,71.03051948051947,2.0,62.274302549302554,51.66666666666667,1.8433333333333333,294,-5.764269064269063,-8.737050865800866,-3.054705572205572,-0.6933333333333334,-4.5344155844155845,-7.275867604617603,-1.6378841991341992,-2.913475413475414,-6.133604034854034,0.11824314574314537
3,2,2,cnf&gap|mrg,1,0,71.03051948051947,2.01,62.274302549302554,51.66666666666667,1.8533333333333333,293,-5.764269064269063,-8.737050865800866,-3.054705572205572,-0.6833333333333333,-4.5344155844155845,-7.275867604617603,-1.6378841991341992,-2.913475413475414,-6.133604034854034,0.11824314574314537
6,3,3,as&gap&ovl|cnf&tzi|mrg,1,1,71.03051948051947,2.01,62.274302549302554,51.66666666666667,1.8866666666666667,292,-5.764269064269064,-8.711612137862138,-3.0391540404040405,-0.65,-4.534415584415584,-7.243784271284272,-1.6386652236652242,-2.913475413475414,-6.051539987789988,0.14195707070707056
3,2,2,cnf&tzi|mrg,1,0,71.03051948051947,2.04,62.274302549302554,51.66666666666667,1.92,290,-5.764269064269064,-8.711612137862138,-3.0391540404040405,-0.6166666666666667,-4.534415584415584,-7.243784271284272,-1.6386652236652242,-2.913475413475414,-6.051539987789988,0.14195707070707056
4,2,3,cnf&gap&tzi|mrg,1,0,71.03051948051947,2.05,62.274302549302554,51.66666666666667,1.94,289,-5.764269064269064,-8.711612137862138,-3.0391540404040405,-0.5966666666666667,-4.534415584415584,-7.243784271284272,-1.6386652236652242,-2.913475413475414,-6.051539987789988,0.14195707070707056
4,3,2,as|gap&ovl|mrg,1,1,72.45979118920295,1.77,62.242251267251255,51.66666666666667,1.7133333333333334,299,-5.796320346320346,-8.413244949494949,-3.4274422799422792,-0.8233333333333334,-4.566466866466866,-7.224228826728828,-1.8747645410145415,-2.945526695526696,-5.684253246753245,-0.11745490620490659
5,3,3,as|cnf&gap&ovl|mrg,1,1,72.45979118920295,1.77,62.242251267251255,51.66666666666667,1.7133333333333334,299,-5.796320346320346,-8.413244949494949,-3.4274422799422792,-0.8233333333333334,-4.566466866466866,-7.224228826728828,-1.8747645410145415,-2.945526695526696,-5.684253246753245,-0.11745490620490659
5,3,2,as&cnf|gap&ovl|mrg,1,1,72.45979118920295,1.78,62.19096921596922,51.66666666666667,1.74,299,-5.847602397602397,-8.464527000777,-3.467238039738041,-0.7966666666666666,-4.6177489177489175,-7.253851010101011,-1.9717009379509383,-2.9968087468087465,-5.6917261904761896,-0.19547938172938184
5,3,2,cnf&tzi|gap&ovl|mrg,1,0,71.03051948051947,2.01,62.16319143819145,51.33333333333333,1.87,292,-5.875380175380174,-8.784772727272728,-3.2076659451659455,-0.6666666666666666,-4.645526695526696,-7.356325757575758,-1.7828968253968256,-3.0245865245865247,-6.1716391941391935,0.020191197691197302
2,2,1,mrg|ovl,1,0,71.45979118920295,1.85,62.07906445406445,51.66666666666667,1.9233333333333333,291,-5.95950715950716,-8.89187187812188,-3.080016788766789,-0.6133333333333333,-4.72965367965368,-7.100066738816739,-2.3519715007215005,-3.108713508713509,-5.93541847041847,-0.3470315795315796
3,2,2,cnf&ovl|mrg,1,0,71.45979118920295,1.86,62.07906445406445,51.66666666666667,1.9233333333333333,291,-5.95950715950716,-8.89187187812188,-3.080016788766789,-0.6133333333333333,-4.72965367965368,-7.100066738816739,-2.3519715007215005,-3.108713508713509,-5.93541847041847,-0.3470315795315796
4,3,2,as&gap|mrg|ovl,1,1,70.45979118920295,1.76,61.97430254930254,51.33333333333333,1.7566666666666666,299,-6.064269064269065,-8.996659035409035,-3.437696608946609,-0.78,-4.834415584415584,-7.465939754689753,-2.2113961038961047,-3.2134754134754133,-6.143649961149961,-0.40737193362193463
5,3,2,as&gap|cnf&ovl|mrg,1,1,70.45979118920295,1.77,61.97430254930254,51.33333333333333,1.7566666666666666,299,-6.064269064269065,-8.996659035409035,-3.437696608946609,-0.78,-4.834415584415584,-7.465939754689753,-2.2113961038961047,-3.2134754134754133,-6.143649961149961,-0.40737193362193463
5,3,3,as&cnf&gap|mrg|ovl,1,1,70.45979118920295,1.76,61.97430254930254,51.33333333333333,1.7666666666666666,299,-6.064269064269065,-8.996659035409035,-3.437696608946609,-0.77,-4.834415584415584,-7.465939754689753,-2.2113961038961047,-3.2134754134754133,-6.143649961149961,-0.40737193362193463
4,3,2,as&tzi|mrg|ovl,1,1,70.45979118920295,1.76,61.97430254930254,51.33333333333333,1.7766666666666666,297,-6.064269064269065,-8.996659035409035,-3.437696608946609,-0.76,-4.834415584415584,-7.465939754689753,-2.2113961038961047,-3.2134754134754133,-6.143649961149961,-0.40737193362193463
5,3,2,as&tzi|cnf&ovl|mrg,1,1,70.45979118920295,1.77,61.97430254930254,51.33333333333333,1.7766666666666666,297,-6.064269064269065,-8.996659035409035,-3.437696608946609,-0.76,-4.834415584415584,-7.465939754689753,-2.2113961038961047,-3.2134754134754133,-6.143649961149961,-0.40737193362193463
5,3,3,as&cnf&tzi|mrg|ovl,1,1,70.45979118920295,1.76,61.97430254930254,51.33333333333333,1.7866666666666666,297,-6.064269064269065,-8.996659035409035,-3.437696608946609,-0.75,-4.834415584415584,-7.465939754689753,-2.2113961038961047,-3.2134754134754133,-6.143649961149961,-0.40737193362193463
5,3,3,as&gap&tzi|mrg|ovl,1,1,70.45979118920295,1.76,61.97430254930254,51.33333333333333,1.7866666666666666,297,-6.064269064269065,-8.996659035409035,-3.437696608946609,-0.75,-4.834415584415584,-7.465939754689753,-2.2113961038961047,-3.2134754134754133,-6.143649961149961,-0.40737193362193463
6,3,3,as&gap&tzi|cnf&ovl|mrg,1,1,70.45979118920295,1.77,61.97430254930254,51.33333333333333,1.7866666666666666,297,-6.064269064269065,-8.996659035409035,-3.437696608946609,-0.75,-4.834415584415584,-7.465939754689753,-2.2113961038961047,-3.2134754134754133,-6.143649961149961,-0.40737193362193463
6,3,4,as&cnf&gap&tzi|mrg|ovl,1,1,70.45979118920295,1.76,61.97430254930254,51.33333333333333,1.7966666666666666,297,-6.064269064269065,-8.996659035409035,-3.437696608946609,-0.74,-4.834415584415584,-7.465939754689753,-2.2113961038961047,-3.2134754134754133,-6.143649961149961,-0.40737193362193463
4,3,2,as|cnf&gap|mrg,1,1,71.51861471861471,1.7,61.90891793391793,51.33333333333333,1.6533333333333333,299,-6.1296536796536785,-8.84236471861472,-3.6393506493506504,-0.8833333333333333,-4.8998001998002,-7.836034382284382,-1.9864109501609524,-3.278860028860029,-6.37938492063492,-0.3420634920634928
6,4,2,as|cnf&gap|mrg|ovl&tzi,1,1,71.51861471861471,1.7,61.90891793391793,51.33333333333333,1.6533333333333333,299,-6.1296536796536785,-8.84236471861472,-3.6393506493506504,-0.8833333333333333,-4.8998001998002,-7.836034382284382,-1.9864109501609524,-3.278860028860029,-6.37938492063492,-0.3420634920634928
4,3,2,as|cnf&tzi|mrg,1,1,71.51861471861471,1.71,61.90891793391793,51.33333333333333,1.6733333333333333,299,-6.129653679653679,-8.912150072150073,-3.63935064935065,-0.8633333333333333,-4.899800199800199,-7.813816738816739,-1.87506216006216,-3.278860028860029,-6.348979076479077,-0.3463005050505052
5,3,3,as|cnf&gap&tzi|mrg,1,1,71.51861471861471,1.71,61.90891793391793,51.33333333333333,1.6733333333333333,299,-6.129653679653679,-8.912150072150073,-3.63935064935065,-0.8633333333333333,-4.899800199800199,-7.813816738816739,-1.87506216006216,-3.278860028860029,-6.348979076479077,-0.3463005050505052
6,4,2,as|cnf&tzi|gap&ovl|mrg,1,1,71.51861471861471,1.71,61.79780682280682,51.0,1.66,299,-6.24076479076479,-8.952698412698412,-3.7629401154401156,-0.8766666666666667,-5.010911310911311,-7.893529387279387,-2.009324009324009,-3.38997113997114,-6.4266738816738815,-0.44168831168831196
6,4,2,as&tzi|cnf&gap|mrg|ovl,1,1,69.51861471861471,1.69,61.64096921596922,51.0,1.6866666666666668,299,-6.397602397602396,-9.608028638028639,-3.5457707570207573,-0.85,-5.167748917748917,-8.131984126984126,-2.40327380952381,-3.546808746808747,-6.741363636363637,-0.4086886724386729
4,3,2,cnf&gap|mrg|ovl,1,0,69.51861471861471,1.69,61.64096921596922,51.0,1.7066666666666668,299,-6.397602397602396,-9.608028638028639,-3.5457707570207573,-0.83,-5.167748917748917,-8.131984126984126,-2.40327380952381,-3.546808746808747,-6.741363636363637,-0.4086886724386729
3,3,1,as|mrg|ovl,1,1,70.45979118920295,1.71,61.60891793391793,51.0,1.6733333333333333,300,-6.429653679653681,-9.190674603174601,-3.8777651515151517,-0.8633333333333333,-5.199800199800199,-8.059625235875236,-2.6076966089466094,-3.578860028860029,-6.356112914862916,-0.7645111832611837
4,3,2,as|cnf&ovl|mrg,1,1,70.45979118920295,1.71,61.60891793391793,51.0,1.6733333333333333,300,-6.429653679653681,-9.190674603174601,-3.8777651515151517,-0.8633333333333333,-5.199800199800199,-8.059625235875236,-2.6076966089466094,-3.578860028860029,-6.356112914862916,-0.7645111832611837
4,3,2,as&cnf|mrg|ovl,1,1,70.45979118920295,1.71,61.55763588263588,51.0,1.6933333333333334,300,-6.480935730935731,-9.190753968253967,-3.9463636363636367,-0.8433333333333334,-5.25108225108225,-8.077720057720057,-2.6814556277056294,-3.63014208014208,-6.41239676989677,-0.8365269452769455
6,4,2,as&gap|cnf&tzi|mrg|ovl,1,1,69.51861471861471,1.7,61.52985810485809,50.66666666666667,1.6933333333333334,299,-6.508713508713508,-9.720312049062048,-3.7024797424797433,-0.8433333333333334,-5.278860028860029,-8.16501443001443,-2.577260101010101,-3.657919857919858,-6.852127178377179,-0.6233676046176049
4,3,2,cnf&tzi|mrg|ovl,1,0,69.51861471861471,1.7,61.52985810485809,50.66666666666667,1.7333333333333334,297,-6.508713508713508,-9.720312049062048,-3.7024797424797433,-0.8033333333333333,-5.278860028860029,-8.16501443001443,-2.577260101010101,-3.657919857919858,-6.852127178377179,-0.6233676046176049
5,3,3,cnf&gap&tzi|mrg|ovl,1,0,69.51861471861471,1.7,61.52985810485809,50.66666666666667,1.7433333333333334,297,-6.508713508713508,-9.720312049062048,-3.7024797424797433,-0.7933333333333333,-5.278860028860029,-8.16501443001443,-2.577260101010101,-3.657919857919858,-6.852127178377179,-0.6233676046176049
3,3,1,as|cnf|mrg,1,1,68.51861471861471,1.62,61.29780682280682,50.66666666666667,1.56,300,-6.74076479076479,-9.751693722943726,-4.035149711399712,-0.9766666666666667,-5.510911310911311,-8.39280525030525,-2.700569985569987,-3.88997113997114,-6.913809523809523,-0.9816973304473312
4,4,1,as|cnf|mrg|ovl,1,1,68.51861471861471,1.62,61.29780682280682,50.66666666666667,1.56,300,-6.74076479076479,-9.751693722943726,-4.035149711399712,-0.9766666666666667,-5.510911310911311,-8.39280525030525,-2.700569985569987,-3.88997113997114,-6.913809523809523,-0.9816973304473312
5,4,2,as|cnf|mrg|ovl&tzi,1,1,68.51861471861471,1.62,61.29780682280682,50.66666666666667,1.56,300,-6.74076479076479,-9.751693722943726,-4.035149711399712,-0.9766666666666667,-5.510911310911311,-8.39280525030525,-2.700569985569987,-3.88997113997114,-6.913809523809523,-0.9816973304473312
5,4,2,as|cnf|gap&ovl|mrg,1,1,68.51861471861471,1.62,61.29780682280682,50.66666666666667,1.56,300,-6.74076479076479,-9.751693722943726,-4.035149711399712,-0.9766666666666667,-5.510911310911311,-8.39280525030525,-2.700569985569987,-3.88997113997114,-6.913809523809523,-0.9816973304473312
6,4,3,as|cnf|gap&ovl&tzi|mrg,1,1,68.51861471861471,1.62,61.29780682280682,50.66666666666667,1.56,300,-6.74076479076479,-9.751693722943726,-4.035149711399712,-0.9766666666666667,-5.510911310911311,-8.39280525030525,-2.700569985569987,-3.88997113997114,-6.913809523809523,-0.9816973304473312
4,3,2,as&tzi|cnf|mrg,1,1,68.51861471861471,1.63,61.29780682280682,50.66666666666667,1.5633333333333332,300,-6.74076479076479,-9.751693722943726,-4.035149711399712,-0.9733333333333334,-5.510911310911311,-8.39280525030525,-2.700569985569987,-3.88997113997114,-6.913809523809523,-0.9816973304473312
4,3,2,as&gap|cnf|mrg,1,1,68.51861471861471,1.63,61.29780682280682,50.66666666666667,1.5633333333333332,300,-6.74076479076479,-9.751693722943726,-4.035149711399712,-0.9733333333333334,-5.510911310911311,-8.39280525030525,-2.700569985569987,-3.88997113997114,-6.913809523809523,-0.9816973304473312
5,4,2,as&tzi|cnf|mrg|ovl,1,1,68.51861471861471,1.62,61.29780682280682,50.66666666666667,1.5633333333333332,300,-6.74076479076479,-9.751693722943726,-4.035149711399712,-0.9733333333333334,-5.510911310911311,-8.39280525030525,-2.700569985569987,-3.88997113997114,-6.913809523809523,-0.9816973304473312
5,4,2,as&gap|cnf|mrg|ovl,1,1,68.51861471861471,1.62,61.29780682280682,50.66666666666667,1.5633333333333332,300,-6.74076479076479,-9.751693722943726,-4.035149711399712,-0.9733333333333334,-5.510911310911311,-8.39280525030525,-2.700569985569987,-3.88997113997114,-6.913809523809523,-0.9816973304473312
5,3,3,as&gap&tzi|cnf|mrg,1,1,68.51861471861471,1.63,61.29780682280682,50.66666666666667,1.5633333333333332,300,-6.74076479076479,-9.751693722943726,-4.035149711399712,-0.9733333333333334,-5.510911310911311,-8.39280525030525,-2.700569985569987,-3.88997113997114,-6.913809523809523,-0.9816973304473312
6,4,2,as&gap|cnf|mrg|ovl&tzi,1,1,68.51861471861471,1.63,61.29780682280682,50.66666666666667,1.5633333333333332,300,-6.74076479076479,-9.751693722943726,-4.035149711399712,-0.9733333333333334,-5.510911310911311,-8.39280525030525,-2.700569985569987,-3.88997113997114,-6.913809523809523,-0.9816973304473312
6,4,2,as&tzi|cnf|gap&ovl|mrg,1,1,68.51861471861471,1.63,61.29780682280682,50.66666666666667,1.5633333333333332,300,-6.74076479076479,-9.751693722943726,-4.035149711399712,-0.9733333333333334,-5.510911310911311,-8.39280525030525,-2.700569985569987,-3.88997113997114,-6.913809523809523,-0.9816973304473312
6,4,3,as&gap&tzi|cnf|mrg|ovl,1,1,68.51861471861471,1.62,61.29780682280682,50.66666666666667,1.5633333333333332,300,-6.74076479076479,-9.751693722943726,-4.035149711399712,-0.9733333333333334,-5.510911310911311,-8.39280525030525,-2.700569985569987,-3.88997113997114,-6.913809523809523,-0.9816973304473312
2,2,1,cnf|mrg,1,0,68.51861471861471,1.63,61.29780682280682,50.66666666666667,1.5733333333333333,300,-6.74076479076479,-9.751693722943726,-4.035149711399712,-0.9633333333333334,-5.510911310911311,-8.39280525030525,-2.700569985569987,-3.88997113997114,-6.913809523809523,-0.9816973304473312
3,3,1,cnf|mrg|ovl,1,0,68.51861471861471,1.62,61.29780682280682,50.66666666666667,1.5733333333333333,300,-6.74076479076479,-9.751693722943726,-4.035149711399712,-0.9633333333333334,-5.510911310911311,-8.39280525030525,-2.700569985569987,-3.88997113997114,-6.913809523809523,-0.9816973304473312
4,3,2,as&ovl|cnf|mrg,1,1,68.51861471861471,1.62,61.29780682280682,50.66666666666667,1.5733333333333333,300,-6.74076479076479,-9.751693722943726,-4.035149711399712,-0.9633333333333334,-5.510911310911311,-8.39280525030525,-2.700569985569987,-3.88997113997114,-6.913809523809523,-0.9816973304473312
4,3,2,cnf|mrg|ovl&tzi,1,0,68.51861471861471,1.63,61.29780682280682,50.66666666666667,1.5733333333333333,300,-6.74076479076479,-9.751693722943726,-4.035149711399712,-0.9633333333333334,-5.510911310911311,-8.39280525030525,-2.700569985569987,-3.88997113997114,-6.913809523809523,-0.9816973304473312
4,3,2,cnf|gap&ovl|mrg,1,0,68.51861471861471,1.63,61.29780682280682,50.66666666666667,1.5733333333333333,300,-6.74076479076479,-9.751693722943726,-4.035149711399712,-0.9633333333333334,-5.510911310911311,-8.39280525030525,-2.700569985569987,-3.88997113997114,-6.913809523809523,-0.9816973304473312
5,3,3,as&ovl&tzi|cnf|mrg,1,1,68.51861471861471,1.63,61.29780682280682,50.66666666666667,1.5733333333333333,300,-6.74076479076479,-9.751693722943726,-4.035149711399712,-0.9633333333333334,-5.510911310911311,-8.39280525030525,-2.700569985569987,-3.88997113997114,-6.913809523809523,-0.9816973304473312
5,3,3,as&gap&ovl|cnf|mrg,1,1,68.51861471861471,1.63,61.29780682280682,50.66666666666667,1.5733333333333333,300,-6.74076479076479,-9.751693722943726,-4.035149711399712,-0.9633333333333334,-5.510911310911311,-8.39280525030525,-2.700569985569987,-3.88997113997114,-6.913809523809523,-0.9816973304473312
5,3,3,cnf|gap&ovl&tzi|mrg,1,0,68.51861471861471,1.63,61.29780682280682,50.66666666666667,1.5733333333333333,300,-6.74076479076479,-9.751693722943726,-4.035149711399712,-0.9633333333333334,-5.510911310911311,-8.39280525030525,-2.700569985569987,-3.88997113997114,-6.913809523809523,-0.9816973304473312
6,3,4,as&gap&ovl&tzi|cnf|mrg,1,1,68.51861471861471,1.63,61.29780682280682,50.66666666666667,1.5733333333333333,300,-6.74076479076479,-9.751693722943726,-4.035149711399712,-0.9633333333333334,-5.510911310911311,-8.39280525030525,-2.700569985569987,-3.88997113997114,-6.913809523809523,-0.9816973304473312
5,4,2,as|cnf&gap|mrg|ovl,1,1,69.51861471861471,1.64,61.2755846005846,50.66666666666667,1.6133333333333333,300,-6.762987012987012,-9.762050865800864,-4.05094696969697,-0.9233333333333333,-5.533133533133533,-8.430638528138527,-2.7152651515151525,-3.9121933621933622,-6.905198412698413,-0.9819751082251088
5,4,2,as|cnf&tzi|mrg|ovl,1,1,69.51861471861471,1.65,61.164473489473494,50.33333333333333,1.62,300,-6.874098124098123,-9.862626262626264,-4.222014790764792,-0.9166666666666666,-5.644244644244644,-8.492361111111112,-2.827003968253969,-4.023304473304473,-7.016067821067821,-1.1910714285714323
6,4,3,as|cnf&gap&tzi|mrg|ovl,1,1,69.51861471861471,1.65,61.164473489473494,50.33333333333333,1.62,300,-6.874098124098123,-9.862626262626264,-4.222014790764792,-0.9166666666666666,-5.644244644244644,-8.492361111111112,-2.827003968253969,-4.023304473304473,-7.016067821067821,-1.1910714285714323
2,1,2,gap&tzi,0,0,65.68836261777439,3.0,59.123581048581045,48.66666666666667,2.6666666666666665,175,-8.914990564990566,-12.306916971916971,-5.323299062049062,0.13,-7.685137085137087,-10.953502886002884,-4.166976911976913,-6.0641969141969145,-9.679861111111112,-2.4070165945165947
4,2,3,cnf&gap&mrg|tzi,1,0,64.68836261777439,2.67,59.06008898508899,49.0,2.42,204,-8.97848262848263,-12.361312715062715,-5.356538184038184,-0.11666666666666667,-7.748629148629149,-11.033596681096682,-4.188214285714286,-6.127688977688979,-9.729256854256853,-2.435686813186813
3,2,2,cnf&gap|tzi,0,0,64.68836261777439,2.63,59.060088985088974,49.0,2.3133333333333335,208,-8.97848262848263,-12.408515096015098,-5.406830808080809,-0.22333333333333333,-7.748629148629149,-11.014199134199133,-4.165836940836943,-6.127688977688977,-9.755757159507159,-2.382014374514375
3,2,2,as&gap|tzi,0,1,64.68836261777439,2.65,58.94897787397787,48.66666666666667,2.38,208,-9.08959373959374,-12.481907953157952,-5.466260406260408,-0.15666666666666668,-7.85974025974026,-11.07231240981241,-4.204837662337663,-6.238800088800088,-9.878068181818183,-2.5462608225108228
4,2,3,as&cnf&gap|tzi,0,1,64.68836261777439,2.65,58.94897787397787,48.66666666666667,2.38,208,-9.08959373959374,-12.481907953157952,-5.466260406260408,-0.15666666666666668,-7.85974025974026,-11.07231240981241,-4.204837662337663,-6.238800088800088,-9.878068181818183,-2.5462608225108228
3,2,2,gap&ovl|tzi,0,0,64.68836261777439,2.71,58.94897787397787,48.66666666666667,2.4033333333333333,203,-9.08959373959374,-12.481907953157952,-5.466260406260408,-0.13333333333333333,-7.85974025974026,-11.07231240981241,-4.204837662337663,-6.238800088800088,-9.878068181818183,-2.5462608225108228
4,2,3,cnf&gap&ovl|tzi,0,0,64.68836261777439,2.71,58.94897787397787,48.66666666666667,2.4033333333333333,203,-9.08959373959374,-12.481907953157952,-5.466260406260408,-0.13333333333333333,-7.85974025974026,-11.07231240981241,-4.204837662337663,-6.238800088800088,-9.878068181818183,-2.5462608225108228
4,2,3,as&gap&ovl|tzi,0,1,64.68836261777439,2.71,58.94897787397787,48.66666666666667,2.453333333333333,201,-9.08959373959374,-12.481907953157952,-5.466260406260408,-0.08333333333333333,-7.85974025974026,-11.07231240981241,-4.204837662337663,-6.238800088800088,-9.878068181818183,-2.5462608225108228
5,2,4,as&cnf&gap&ovl|tzi,0,1,64.68836261777439,2.71,58.94897787397787,48.66666666666667,2.453333333333333,201,-9.08959373959374,-12.481907953157952,-5.466260406260408,-0.08333333333333333,-7.85974025974026,-11.07231240981241,-4.204837662337663,-6.238800088800088,-9.878068181818183,-2.5462608225108228
4,2,3,as&gap&mrg|tzi,1,1,64.68836261777439,2.69,58.94897787397787,48.66666666666667,2.46,204,-9.08959373959374,-12.481907953157952,-5.466260406260408,-0.07666666666666666,-7.85974025974026,-11.07231240981241,-4.204837662337663,-6.238800088800088,-9.878068181818183,-2.5462608225108228
5,2,4,as&cnf&gap&mrg|tzi,1,1,64.68836261777439,2.69,58.94897787397787,48.66666666666667,2.46,204,-9.08959373959374,-12.481907953157952,-5.466260406260408,-0.07666666666666666,-7.85974025974026,-11.07231240981241,-4.204837662337663,-6.238800088800088,-9.878068181818183,-2.5462608225108228
4,2,3,gap&mrg&ovl|tzi,1,0,64.68836261777439,2.74,58.94897787397787,48.66666666666667,2.473333333333333,198,-9.08959373959374,-12.481907953157952,-5.466260406260408,-0.06333333333333334,-7.85974025974026,-11.07231240981241,-4.204837662337663,-6.238800088800088,-9.878068181818183,-2.5462608225108228
5,2,4,cnf&gap&mrg&ovl|tzi,1,0,64.68836261777439,2.74,58.94897787397787,48.66666666666667,2.473333333333333,198,-9.08959373959374,-12.481907953157952,-5.466260406260408,-0.06333333333333334,-7.85974025974026,-11.07231240981241,-4.204837662337663,-6.238800088800088,-9.878068181818183,-2.5462608225108228
5,2,4,as&gap&mrg&ovl|tzi,1,1,64.68836261777439,2.76,58.94897787397787,48.66666666666667,2.49,197,-9.08959373959374,-12.481907953157952,-5.466260406260408,-0.04666666666666667,-7.85974025974026,-11.07231240981241,-4.204837662337663,-6.238800088800088,-9.878068181818183,-2.5462608225108228
6,2,5,as&cnf&gap&mrg&ovl|tzi,1,1,64.68836261777439,2.76,58.94897787397787,48.66666666666667,2.49,197,-9.08959373959374,-12.481907953157952,-5.466260406260408,-0.04666666666666667,-7.85974025974026,-11.07231240981241,-4.204837662337663,-6.238800088800088,-9.878068181818183,-2.5462608225108228
1,1,1,tzi,0,0,64.68836261777439,2.84,58.94897787397787,48.66666666666667,2.5733333333333333,182,-9.08959373959374,-12.481907953157952,-5.466260406260408,0.03666666666666667,-7.85974025974026,-11.07231240981241,-4.204837662337663,-6.238800088800088,-9.878068181818183,-2.5462608225108228
4,2,2,as&ovl|gap&tzi,0,1,65.17645785586963,2.04,58.885485810485804,48.333333333333336,2.026666666666667,264,-9.153085803085803,-12.545064102564101,-5.683504689754691,-0.51,-7.923232323232324,-11.163311688311687,-4.417453102453104,-6.302292152292152,-9.908881673881673,-2.6847023809523813
5,2,3,as&cnf&ovl|gap&tzi,0,1,65.17645785586963,2.05,58.885485810485804,48.333333333333336,2.0366666666666666,264,-9.153085803085803,-12.545064102564101,-5.683504689754691,-0.5,-7.923232323232324,-11.163311688311687,-4.417453102453104,-6.302292152292152,-9.908881673881673,-2.6847023809523813
4,2,2,gap&tzi|mrg&ovl,1,0,63.68836261777439,2.27,58.885485810485804,48.333333333333336,2.1166666666666667,255,-9.153085803085803,-12.545064102564101,-5.683504689754691,-0.42,-7.923232323232324,-11.163311688311687,-4.417453102453104,-6.302292152292152,-9.908881673881673,-2.6847023809523813
5,2,3,cnf&mrg&ovl|gap&tzi,1,0,63.68836261777439,2.27,58.885485810485804,48.333333333333336,2.12,255,-9.153085803085803,-12.545064102564101,-5.683504689754691,-0.4166666666666667,-7.923232323232324,-11.163311688311687,-4.417453102453104,-6.302292152292152,-9.908881673881673,-2.6847023809523813
5,2,3,as&mrg&ovl|gap&tzi,1,1,65.68836261777439,2.4,58.885485810485804,48.333333333333336,2.2,250,-9.153085803085803,-12.545064102564101,-5.683504689754691,-0.33666666666666667,-7.923232323232324,-11.163311688311687,-4.417453102453104,-6.302292152292152,-9.908881673881673,-2.6847023809523813
6,2,4,as&cnf&mrg&ovl|gap&tzi,1,1,65.68836261777439,2.4,58.885485810485804,48.333333333333336,2.203333333333333,250,-9.153085803085803,-12.545064102564101,-5.683504689754691,-0.3333333333333333,-7.923232323232324,-11.163311688311687,-4.417453102453104,-6.302292152292152,-9.908881673881673,-2.6847023809523813
6,3,3,as&ovl|cnf&gap&mrg|tzi,1,1,65.17645785586963,1.89,58.82199374699375,48.66666666666667,1.9066666666666667,271,-9.216577866577866,-12.597944277944276,-5.639873321123321,-0.63,-7.9867243867243864,-11.284516594516594,-4.428979076479076,-6.365784215784216,-9.90792304917305,-2.7486165223665227
5,3,2,as&ovl|cnf&gap|tzi,0,1,65.17645785586963,1.88,58.82199374699374,48.66666666666667,1.8366666666666667,273,-9.216577866577866,-12.608331113331115,-5.666394300144302,-0.7,-7.986724386724388,-11.271010101010102,-4.436865079365083,-6.365784215784216,-9.967675518925518,-2.7992658730158744
5,3,2,cnf&gap|mrg&ovl|tzi,1,0,63.68836261777439,2.08,58.82199374699374,48.66666666666667,1.8966666666666667,268,-9.216577866577866,-12.608331113331115,-5.666394300144302,-0.64,-7.986724386724388,-11.271010101010102,-4.436865079365083,-6.365784215784216,-9.967675518925518,-2.7992658730158744
6,3,3,as&mrg&ovl|cnf&gap|tzi,1,1,64.68836261777439,2.16,58.82199374699374,48.66666666666667,1.9633333333333334,264,-9.216577866577866,-12.608331113331115,-5.666394300144302,-0.5733333333333334,-7.986724386724388,-11.271010101010102,-4.436865079365083,-6.365784215784216,-9.967675518925518,-2.7992658730158744
4,2,2,as&mrg|gap&tzi,1,1,64.68836261777439,2.09,58.7743746993747,48.0,1.9666666666666666,281,-9.264196914196914,-12.64401751026751,-5.761865079365079,-0.57,-8.034343434343434,-11.269224386724384,-4.4880555555555555,-6.4134032634032625,-10.007065850815852,-2.904231185481186
5,2,3,as&cnf&mrg|gap&tzi,1,1,64.68836261777439,2.09,58.7743746993747,48.0,1.9733333333333334,280,-9.264196914196914,-12.64401751026751,-5.761865079365079,-0.5633333333333334,-8.034343434343434,-11.269224386724384,-4.4880555555555555,-6.4134032634032625,-10.007065850815852,-2.904231185481186
5,3,2,as&mrg|cnf&gap|tzi,1,1,63.68836261777439,1.95,58.71088263588262,48.333333333333336,1.77,286,-9.327688977688977,-12.745174963924963,-5.711453823953824,-0.7666666666666667,-8.097835497835499,-11.422575757575757,-4.498452380952382,-6.476895326895327,-10.0688943001443,-2.9173214285714284
5,3,2,as&gap|mrg&ovl|tzi,1,1,63.68836261777439,2.1,58.71088263588262,48.333333333333336,1.9466666666666668,268,-9.327688977688977,-12.664548645798646,-5.797644300144302,-0.59,-8.097835497835497,-11.442525252525252,-4.545357142857144,-6.476895326895327,-10.068970612720614,-2.8592514430014435
6,3,3,as&cnf&gap|mrg&ovl|tzi,1,1,63.68836261777439,2.1,58.71088263588262,48.333333333333336,1.9466666666666668,268,-9.327688977688977,-12.664548645798646,-5.797644300144302,-0.59,-8.097835497835497,-11.442525252525252,-4.545357142857144,-6.476895326895327,-10.068970612720614,-2.8592514430014435
6,3,3,as&gap|cnf&mrg&ovl|tzi,1,1,63.68836261777439,2.1,58.71088263588262,48.333333333333336,1.95,268,-9.327688977688977,-12.664548645798646,-5.797644300144302,-0.5866666666666667,-8.097835497835497,-11.442525252525252,-4.545357142857144,-6.476895326895327,-10.068970612720614,-2.8592514430014435
3,2,2,as&ovl|tzi,0,1,65.17645785586963,1.96,58.71088263588262,48.333333333333336,1.9766666666666666,266,-9.327688977688977,-12.664548645798646,-5.797644300144302,-0.56,-8.097835497835497,-11.442525252525252,-4.545357142857144,-6.476895326895327,-10.068970612720614,-2.8592514430014435
4,2,3,as&cnf&ovl|tzi,0,1,65.17645785586963,1.97,58.71088263588262,48.333333333333336,1.9866666666666666,266,-9.327688977688977,-12.664548645798646,-5.797644300144302,-0.55,-8.097835497835497,-11.442525252525252,-4.545357142857144,-6.476895326895327,-10.068970612720614,-2.8592514430014435
3,2,2,mrg&ovl|tzi,1,0,63.68836261777439,2.19,58.71088263588262,48.333333333333336,2.0566666666666666,258,-9.327688977688977,-12.664548645798646,-5.797644300144302,-0.48,-8.097835497835497,-11.442525252525252,-4.545357142857144,-6.476895326895327,-10.068970612720614,-2.8592514430014435
4,2,3,cnf&mrg&ovl|tzi,1,0,63.68836261777439,2.19,58.71088263588262,48.333333333333336,2.06,258,-9.327688977688977,-12.664548645798646,-5.797644300144302,-0.4766666666666667,-8.097835497835497,-11.442525252525252,-4.545357142857144,-6.476895326895327,-10.068970612720614,-2.8592514430014435
4,2,3,as&mrg&ovl|tzi,1,1,64.68836261777439,2.29,58.71088263588262,48.333333333333336,2.14,253,-9.327688977688977,-12.664548645798646,-5.797644300144302,-0.39666666666666667,-8.097835497835497,-11.442525252525252,-4.545357142857144,-6.476895326895327,-10.068970612720614,-2.8592514430014435
5,2,4,as&cnf&mrg&ovl|tzi,1,1,64.68836261777439,2.29,58.71088263588262,48.333333333333336,2.1433333333333335,253,-9.327688977688977,-12.664548645798646,-5.797644300144302,-0.3933333333333333,-8.097835497835497,-11.442525252525252,-4.545357142857144,-6.476895326895327,-10.068970612720614,-2.8592514430014435
5,3,2,as&mrg|gap&ovl|tzi,1,1,63.68836261777439,1.97,58.599771524771526,48.0,1.83,284,-9.438800088800088,-12.8079063991564,-5.8221428571428575,-0.7066666666666667,-8.208946608946608,-11.513138528138528,-4.560945165945166,-6.588006438006438,-10.129914807414806,-3.078834360084361
6,3,3,as&mrg|cnf&gap&ovl|tzi,1,1,63.68836261777439,1.97,58.599771524771526,48.0,1.83,284,-9.438800088800088,-12.8079063991564,-5.8221428571428575,-0.7066666666666667,-8.208946608946608,-11.513138528138528,-4.560945165945166,-6.588006438006438,-10.129914807414806,-3.078834360084361
6,3,3,as&cnf&mrg|gap&ovl|tzi,1,1,63.68836261777439,1.97,58.599771524771526,48.0,1.8366666666666667,283,-9.438800088800088,-12.8079063991564,-5.8221428571428575,-0.7,-8.208946608946608,-11.513138528138528,-4.560945165945166,-6.588006438006438,-10.129914807414806,-3.078834360084361
3,2,2,as&mrg|tzi,1,1,63.68836261777439,2.01,58.599771524771526,48.0,1.9166666666666667,282,-9.438800088800088,-12.8079063991564,-5.8221428571428575,-0.62,-8.208946608946608,-11.513138528138528,-4.560945165945166,-6.588006438006438,-10.129914807414806,-3.078834360084361
4,2,3,as&cnf&mrg|tzi,1,1,63.68836261777439,2.01,58.599771524771526,48.0,1.9233333333333333,281,-9.438800088800088,-12.8079063991564,-5.8221428571428575,-0.6133333333333333,-8.208946608946608,-11.513138528138528,-4.560945165945166,-6.588006438006438,-10.129914807414806,-3.078834360084361
6,3,2,as&ovl|cnf&mrg|gap&tzi,1,1,64.17645785586963,1.65,58.552152477152475,48.0,1.6933333333333334,294,-9.486419136419135,-12.84685703185703,-6.014265873015874,-0.8433333333333334,-8.256565656565657,-11.524642857142856,-4.779217171717172,-6.635625485625487,-10.360493811743812,-3.0819498556998557
4,2,2,cnf&mrg|gap&tzi,1,0,63.68836261777439,1.94,58.552152477152475,48.0,1.8433333333333333,287,-9.486419136419135,-12.84685703185703,-6.014265873015874,-0.6933333333333334,-8.256565656565657,-11.524642857142856,-4.779217171717172,-6.635625485625487,-10.360493811743812,-3.0819498556998557
5,3,2,as|gap&tzi|mrg&ovl,1,1,64.17645785586963,1.64,58.40899008399008,47.66666666666667,1.6,299,-9.629581529581529,-12.838661616161618,-6.389563492063494,-0.9366666666666666,-8.399728049728049,-11.723093434343435,-4.8642346542346555,-6.778787878787878,-10.15693722943723,-3.367049062049062
6,3,3,as|cnf&mrg&ovl|gap&tzi,1,1,64.17645785586963,1.64,58.40899008399008,47.66666666666667,1.6,299,-9.629581529581529,-12.838661616161618,-6.389563492063494,-0.9366666666666666,-8.399728049728049,-11.723093434343435,-4.8642346542346555,-6.778787878787878,-10.15693722943723,-3.367049062049062
3,2,2,as|gap&tzi,0,1,64.17645785586963,1.7,58.40899008399008,47.66666666666667,1.6633333333333333,299,-9.629581529581529,-12.838661616161618,-6.389563492063494,-0.8733333333333333,-8.399728049728049,-11.723093434343435,-4.8642346542346555,-6.778787878787878,-10.15693722943723,-3.367049062049062
5,3,2,as&ovl|cnf&mrg|tzi,1,1,64.17645785586963,1.61,58.377549302549305,48.0,1.6566666666666667,294,-9.661022311022311,-13.090580391830391,-6.155476190476191,-0.88,-8.431168831168831,-11.73281746031746,-4.884819624819626,-6.81022866022866,-10.594659645909646,-3.2195811133311136
5,3,2,as&gap|cnf&mrg|tzi,1,1,63.68836261777439,1.86,58.377549302549305,48.0,1.72,292,-9.661022311022311,-13.090580391830391,-6.155476190476191,-0.8166666666666667,-8.431168831168831,-11.73281746031746,-4.884819624819626,-6.81022866022866,-10.594659645909646,-3.2195811133311136
6,3,3,as&gap&ovl|cnf&mrg|tzi,1,1,63.68836261777439,1.86,58.377549302549305,48.0,1.76,290,-9.661022311022311,-13.090580391830391,-6.155476190476191,-0.7766666666666666,-8.431168831168831,-11.73281746031746,-4.884819624819626,-6.81022866022866,-10.594659645909646,-3.2195811133311136
3,2,2,cnf&mrg|tzi,1,0,63.68836261777439,1.89,58.377549302549305,48.0,1.7966666666666666,288,-9.661022311022311,-13.090580391830391,-6.155476190476191,-0.74,-8.431168831168831,-11.73281746031746,-4.884819624819626,-6.81022866022866,-10.594659645909646,-3.2195811133311136
6,3,2,as&cnf|gap&tzi|mrg&ovl,1,1,64.17645785586963,1.66,58.357708032708025,47.66666666666667,1.63,297,-9.68086358086358,-12.957302142302144,-6.426071428571429,-0.9066666666666666,-8.4510101010101,-11.763542568542567,-4.883829365079365,-6.8300699300699295,-10.173095238095236,-3.3686471861471854
4,2,2,as&cnf|gap&tzi,0,1,64.17645785586963,1.72,58.357708032708025,47.66666666666667,1.6966666666666668,297,-9.68086358086358,-12.957302142302144,-6.426071428571429,-0.84,-8.4510101010101,-11.763542568542567,-4.883829365079365,-6.8300699300699295,-10.173095238095236,-3.3686471861471854
5,3,3,as|cnf&gap&mrg|tzi,1,1,64.17645785586963,1.64,58.34549802049802,48.0,1.5966666666666667,299,-9.693073593073594,-13.000194805194806,-6.4590007215007255,-0.94,-8.463220113220112,-11.838167804417804,-4.9223737373737375,-6.842279942279942,-10.21261544011544,-3.3838419913419933
6,4,2,as|cnf&gap|mrg&ovl|tzi,1,1,64.17645785586963,1.58,58.34549802049801,48.0,1.52,299,-9.693073593073592,-12.963246753246754,-6.291868686868686,-1.0166666666666666,-8.463220113220112,-11.845834582084583,-4.882296176046177,-6.842279942279942,-10.235970418470417,-3.387247474747475
4,3,2,as|cnf&gap|tzi,0,1,64.17645785586963,1.63,58.34549802049801,48.0,1.5666666666666667,299,-9.693073593073592,-12.963246753246754,-6.291868686868686,-0.97,-8.463220113220112,-11.845834582084583,-4.882296176046177,-6.842279942279942,-10.235970418470417,-3.387247474747475
5,3,2,cnf&mrg|gap&ovl|tzi,1,0,63.68836261777439,1.86,58.26643819143818,47.66666666666667,1.7333333333333334,290,-9.772133422133422,-13.20433177933178,-6.266711760461761,-0.8033333333333333,-8.542279942279944,-11.820241702741706,-4.98248556998557,-6.921339771339771,-10.68,-3.4112351537351557
3,2,2,gap&tzi|ovl,0,0,62.17645785586963,1.86,58.25215247715248,47.66666666666667,1.8533333333333333,272,-9.786419136419136,-13.220261127761127,-6.205508658008658,-0.6833333333333333,-8.556565656565656,-11.772727272727272,-5.184087301587301,-6.935625485625485,-10.457135642135642,-3.28542402042402
4,2,2,cnf&ovl|gap&tzi,0,0,62.17645785586963,1.87,58.25215247715248,47.66666666666667,1.8633333333333333,272,-9.786419136419136,-13.220261127761127,-6.205508658008658,-0.6733333333333333,-8.556565656565656,-11.772727272727272,-5.184087301587301,-6.935625485625485,-10.457135642135642,-3.28542402042402
4,3,2,as|mrg&ovl|tzi,1,1,64.17645785586963,1.6,58.234386909386906,47.66666666666667,1.57,299,-9.804184704184705,-13.087420634920635,-6.466572871572872,-0.9666666666666667,-8.574331224331225,-11.903312104562106,-5.0234860972360975,-6.953391053391054,-10.259267676767676,-3.543199855699855
5,3,3,as|cnf&mrg&ovl|tzi,1,1,64.17645785586963,1.6,58.234386909386906,47.66666666666667,1.57,299,-9.804184704184705,-13.087420634920635,-6.466572871572872,-0.9666666666666667,-8.574331224331225,-11.903312104562106,-5.0234860972360975,-6.953391053391054,-10.259267676767676,-3.543199855699855
4,3,2,as|gap&ovl|tzi,0,1,64.17645785586963,1.65,58.234386909386906,47.66666666666667,1.59,299,-9.804184704184705,-13.087420634920635,-6.466572871572872,-0.9466666666666667,-8.574331224331225,-11.903312104562106,-5.0234860972360975,-6.953391053391054,-10.259267676767676,-3.543199855699855
5,3,3,as|cnf&gap&ovl|tzi,0,1,64.17645785586963,1.65,58.234386909386906,47.66666666666667,1.59,299,-9.804184704184705,-13.087420634920635,-6.466572871572872,-0.9466666666666667,-8.574331224331225,-11.903312104562106,-5.0234860972360975,-6.953391053391054,-10.259267676767676,-3.543199855699855
5,3,3,as|gap&mrg&ovl|tzi,1,1,64.17645785586963,1.65,58.234386909386906,47.66666666666667,1.6166666666666667,299,-9.804184704184705,-13.087420634920635,-6.466572871572872,-0.92,-8.574331224331225,-11.903312104562106,-5.0234860972360975,-6.953391053391054,-10.259267676767676,-3.543199855699855
6,3,4,as|cnf&gap&mrg&ovl|tzi,1,1,64.17645785586963,1.65,58.234386909386906,47.66666666666667,1.6166666666666667,299,-9.804184704184705,-13.087420634920635,-6.466572871572872,-0.92,-8.574331224331225,-11.903312104562106,-5.0234860972360975,-6.953391053391054,-10.259267676767676,-3.543199855699855
2,2,1,as|tzi,0,1,64.17645785586963,1.65,58.234386909386906,47.66666666666667,1.6333333333333333,299,-9.804184704184705,-13.087420634920635,-6.466572871572872,-0.9033333333333333,-8.574331224331225,-11.903312104562106,-5.0234860972360975,-6.953391053391054,-10.259267676767676,-3.543199855699855
3,2,2,gap&mrg|tzi,1,0,64.68836261777439,2.63,58.19104136604136,48.333333333333336,2.3666666666666667,204,-9.847530247530246,-13.321552614052615,-6.099787157287157,-0.17,-8.617676767676768,-12.015191197691198,-5.004397546897548,-6.996736596736596,-10.755771589521588,-3.270651154401156
4,3,2,cnf&gap|ovl|tzi,0,0,62.17645785586963,1.71,58.18866041366041,48.0,1.7133333333333334,279,-9.849911199911201,-13.406076839826838,-6.1676785714285725,-0.8233333333333334,-8.620057720057721,-11.910036075036075,-5.182499999999999,-6.999117549117549,-10.63006451881452,-3.3989808802308805
5,3,2,as|cnf&mrg|gap&tzi,1,1,64.17645785586963,1.59,58.18676786176786,47.66666666666667,1.5466666666666666,299,-9.851803751803754,-13.175826118326118,-6.648860028860031,-0.99,-8.62195027195027,-12.055177183927185,-5.093249389499391,-7.001010101010101,-10.571782106782107,-3.543888888888891
5,3,2,as&cnf|mrg&ovl|tzi,1,1,64.17645785586963,1.62,58.18310485810485,47.66666666666667,1.6,297,-9.855466755466754,-13.088225108225107,-6.466599511599512,-0.9366666666666666,-8.625613275613276,-12.004594155844158,-5.055337301587302,-7.004673104673105,-10.346395271395272,-3.550606060606061
5,3,2,as&cnf|gap&ovl|tzi,0,1,64.17645785586963,1.67,58.18310485810485,47.66666666666667,1.6233333333333333,297,-9.855466755466754,-13.088225108225107,-6.466599511599512,-0.9133333333333333,-8.625613275613276,-12.004594155844158,-5.055337301587302,-7.004673104673105,-10.346395271395272,-3.550606060606061
6,3,3,as&cnf|gap&mrg&ovl|tzi,1,1,64.17645785586963,1.67,58.18310485810485,47.66666666666667,1.65,297,-9.855466755466754,-13.088225108225107,-6.466599511599512,-0.8866666666666667,-8.625613275613276,-12.004594155844158,-5.055337301587302,-7.004673104673105,-10.346395271395272,-3.550606060606061
3,2,2,as&cnf|tzi,0,1,64.17645785586963,1.67,58.18310485810485,47.66666666666667,1.6666666666666667,297,-9.855466755466754,-13.088225108225107,-6.466599511599512,-0.87,-8.625613275613276,-12.004594155844158,-5.055337301587302,-7.004673104673105,-10.346395271395272,-3.550606060606061
5,3,2,as&mrg|gap&tzi|ovl,1,1,62.17645785586963,1.64,58.14104136604137,47.333333333333336,1.65,294,-9.897530247530247,-13.306107087357086,-6.256049367299367,-0.8866666666666667,-8.667676767676769,-11.883961038961038,-5.311168831168833,-7.046736596736595,-10.571769064269066,-3.429987512487513
6,3,3,as&cnf&mrg|gap&tzi|ovl,1,1,62.17645785586963,1.64,58.14104136604137,47.333333333333336,1.6533333333333333,293,-9.897530247530247,-13.306107087357086,-6.256049367299367,-0.8833333333333333,-8.667676767676769,-11.883961038961038,-5.311168831168833,-7.046736596736595,-10.571769064269066,-3.429987512487513
6,3,2,as&mrg|cnf&ovl|gap&tzi,1,1,62.17645785586963,1.65,58.14104136604137,47.333333333333336,1.6566666666666667,294,-9.897530247530247,-13.306107087357086,-6.256049367299367,-0.88,-8.667676767676769,-11.883961038961038,-5.311168831168833,-7.046736596736595,-10.571769064269066,-3.429987512487513
6,4,2,as&mrg|cnf&gap|ovl|tzi,1,1,62.17645785586963,1.58,58.0775493025493,47.66666666666667,1.55,296,-9.96102231102231,-13.517160478410478,-6.255362554112555,-0.9866666666666667,-8.731168831168832,-11.964574314574316,-5.291031746031746,-7.1102286602286595,-10.753033633033635,-3.5602679265179265
4,3,2,as&gap|ovl|tzi,0,1,62.17645785586963,1.73,58.0775493025493,47.66666666666667,1.7366666666666666,279,-9.961022311022312,-13.420333416583418,-6.205977217227217,-0.8,-8.731168831168832,-11.972463924963924,-5.297319624819625,-7.1102286602286595,-10.683350954600952,-3.4913600288600293
5,3,3,as&cnf&gap|ovl|tzi,0,1,62.17645785586963,1.73,58.0775493025493,47.66666666666667,1.7366666666666666,279,-9.961022311022312,-13.420333416583418,-6.205977217227217,-0.8,-8.731168831168832,-11.972463924963924,-5.297319624819625,-7.1102286602286595,-10.683350954600952,-3.4913600288600293
5,3,2,as&gap|cnf&ovl|tzi,0,1,62.17645785586963,1.74,58.0775493025493,47.66666666666667,1.7466666666666666,279,-9.961022311022312,-13.420333416583418,-6.205977217227217,-0.79,-8.731168831168832,-11.972463924963924,-5.297319624819625,-7.1102286602286595,-10.683350954600952,-3.4913600288600293
5,3,3,cnf&gap&mrg|ovl|tzi,1,0,62.17645785586963,1.72,58.0775493025493,47.66666666666667,1.7566666666666666,277,-9.961022311022312,-13.420333416583418,-6.205977217227217,-0.78,-8.731168831168832,-11.972463924963924,-5.297319624819625,-7.1102286602286595,-10.683350954600952,-3.4913600288600293
5,3,3,as&gap&mrg|ovl|tzi,1,1,62.17645785586963,1.73,58.0775493025493,47.66666666666667,1.7733333333333334,277,-9.961022311022312,-13.420333416583418,-6.205977217227217,-0.7633333333333333,-8.731168831168832,-11.972463924963924,-5.297319624819625,-7.1102286602286595,-10.683350954600952,-3.4913600288600293
6,3,4,as&cnf&gap&mrg|ovl|tzi,1,1,62.17645785586963,1.73,58.0775493025493,47.66666666666667,1.7733333333333334,277,-9.961022311022312,-13.420333416583418,-6.205977217227217,-0.7633333333333333,-8.731168831168832,-11.972463924963924,-5.297319624819625,-7.1102286602286595,-10.683350954600952,-3.4913600288600293
6,3,3,as&gap&mrg|cnf&ovl|tzi,1,1,62.17645785586963,1.74,58.0775493025493,47.66666666666667,1.7833333333333334,277,-9.961022311022312,-13.420333416583418,-6.205977217227217,-0.7533333333333333,-8.731168831168832,-11.972463924963924,-5.297319624819625,-7.1102286602286595,-10.683350954600952,-3.4913600288600293
2,2,1,ovl|tzi,0,0,62.17645785586963,1.79,58.0775493025493,47.66666666666667,1.8033333333333332,274,-9.961022311022312,-13.420333416583418,-6.205977217227217,-0.7333333333333333,-8.731168831168832,-11.972463924963924,-5.297319624819625,-7.1102286602286595,-10.683350954600952,-3.4913600288600293
3,2,2,cnf&ovl|tzi,0,0,62.17645785586963,1.8,58.0775493025493,47.66666666666667,1.8133333333333332,274,-9.961022311022312,-13.420333416583418,-6.205977217227217,-0.7233333333333334,-8.731168831168832,-11.972463924963924,-5.297319624819625,-7.1102286602286595,-10.683350954600952,-3.4913600288600293
4,3,2,as|cnf&mrg|tzi,1,1,64.17645785586963,1.55,58.01216468716469,47.66666666666667,1.52,299,-10.026406926406928,-13.274758297258302,-6.761266233766235,-1.0166666666666666,-8.796553446553446,-12.165467587967587,-5.221150793650794,-7.1756132756132756,-10.680858585858585,-3.714152236652239
4,3,2,as&mrg|ovl|tzi,1,1,62.17645785586963,1.6,57.966438191438186,47.333333333333336,1.61,294,-10.07213342213342,-13.524058164058165,-6.336262626262627,-0.9266666666666666,-8.842279942279943,-12.042334054834054,-5.448365800865802,-7.221339771339771,-10.794164446664444,-3.602490981240981
5,3,3,as&cnf&mrg|ovl|tzi,1,1,62.17645785586963,1.6,57.966438191438186,47.333333333333336,1.6133333333333333,293,-10.07213342213342,-13.524058164058165,-6.336262626262627,-0.9233333333333333,-8.842279942279943,-12.042334054834054,-5.448365800865802,-7.221339771339771,-10.794164446664444,-3.602490981240981
5,3,2,as&mrg|cnf&ovl|tzi,1,1,62.17645785586963,1.61,57.966438191438186,47.333333333333336,1.6166666666666667,294,-10.07213342213342,-13.524058164058165,-6.336262626262627,-0.92,-8.842279942279943,-12.042334054834054,-5.448365800865802,-7.221339771339771,-10.794164446664444,-3.602490981240981
5,3,2,as&ovl|gap&mrg|tzi,1,1,65.17645785586963,1.85,57.95294612794613,48.0,1.8566666666666667,271,-10.085625485625485,-13.559526584526585,-6.374047619047621,-0.68,-8.855772005772005,-12.251089466089466,-5.188676046176046,-7.2348318348318355,-10.951911144411145,-3.5476420801420807
6,3,3,as&cnf&ovl|gap&mrg|tzi,1,1,65.17645785586963,1.86,57.95294612794613,48.0,1.8666666666666667,271,-10.085625485625485,-13.559526584526585,-6.374047619047621,-0.67,-8.855772005772005,-12.251089466089466,-5.188676046176046,-7.2348318348318355,-10.951911144411145,-3.5476420801420807
6,4,2,as|cnf&mrg|gap&ovl|tzi,1,1,64.17645785586963,1.55,57.90105357605356,47.333333333333336,1.4966666666666666,299,-10.137518037518037,-13.407597402597402,-6.799509379509379,-1.04,-8.907664557664557,-12.238748612498613,-5.332738511488512,-7.286724386724387,-10.746255411255412,-3.7836616161616163
5,3,2,cnf&mrg|gap&tzi|ovl,1,0,62.17645785586963,1.59,57.807708032708035,47.0,1.6066666666666667,296,-10.230863580863579,-13.774122127872127,-6.685079365079365,-0.93,-9.0010101010101,-12.347792207792208,-5.644502164502166,-7.380069930069929,-10.894020562770562,-3.717326839826842
4,3,2,as|gap&tzi|ovl,0,1,62.17645785586963,1.57,57.775656750656744,47.0,1.5266666666666666,300,-10.262914862914862,-13.57823953823954,-6.891551226551229,-1.01,-9.033061383061382,-12.342763347763347,-5.670322871572873,-7.412121212121211,-10.77176406926407,-3.961731601731602
5,3,2,as|cnf&ovl|gap&tzi,0,1,62.17645785586963,1.57,57.775656750656744,47.0,1.5266666666666666,300,-10.262914862914862,-13.57823953823954,-6.891551226551229,-1.01,-9.033061383061382,-12.342763347763347,-5.670322871572873,-7.412121212121211,-10.77176406926407,-3.961731601731602
5,3,2,as&cnf|gap&tzi|ovl,0,1,62.17645785586963,1.58,57.72437469937471,47.0,1.5433333333333332,299,-10.314196914196913,-13.609064824064824,-6.922449494949495,-0.9933333333333333,-9.084343434343435,-12.35570707070707,-5.684110750360751,-7.463403263403262,-10.871325341325344,-3.9617979242979247
5,4,2,as|cnf&gap|ovl|tzi,0,1,62.17645785586963,1.51,57.71216468716468,47.333333333333336,1.4733333333333334,300,-10.326406926406925,-13.693549783549782,-6.922449494949495,-1.0633333333333332,-9.096553446553447,-12.389130591630591,-5.743134920634922,-7.4756132756132745,-10.883510101010101,-3.9952380952380953
6,4,2,as&gap|cnf&mrg|ovl|tzi,1,1,62.17645785586963,1.55,57.63310485810486,47.0,1.5333333333333334,298,-10.405466755466755,-13.892349039849039,-6.767907231657231,-1.0033333333333334,-9.175613275613276,-12.523409090909091,-5.762579365079366,-7.554673104673104,-11.027304362304362,-3.893601259851261
4,3,2,cnf&mrg|ovl|tzi,1,0,62.17645785586963,1.55,57.63310485810486,47.0,1.57,296,-10.405466755466755,-13.892349039849039,-6.767907231657231,-0.9666666666666667,-9.175613275613276,-12.523409090909091,-5.762579365079366,-7.554673104673104,-11.027304362304362,-3.893601259851261
6,4,3,as|cnf&gap&mrg|ovl|tzi,1,1,62.17645785586963,1.52,57.60105357605357,47.0,1.48,300,-10.437518037518037,-13.742067099567098,-7.012994227994228,-1.0566666666666666,-9.207664557664557,-12.47870435120435,-5.791237789987791,-7.586724386724386,-11.049772727272726,-4.136334776334776
3,3,1,as|ovl|tzi,0,1,62.17645785586963,1.53,57.60105357605357,47.0,1.4966666666666666,300,-10.437518037518037,-13.742067099567098,-7.012994227994228,-1.04,-9.207664557664557,-12.47870435120435,-5.791237789987791,-7.586724386724386,-11.049772727272726,-4.136334776334776
4,3,2,as|cnf&ovl|tzi,0,1,62.17645785586963,1.53,57.60105357605357,47.0,1.4966666666666666,300,-10.437518037518037,-13.742067099567098,-7.012994227994228,-1.04,-9.207664557664557,-12.47870435120435,-5.791237789987791,-7.586724386724386,-11.049772727272726,-4.136334776334776
4,3,2,as|cnf|gap&tzi,0,1,61.17645785586963,1.5,57.57565675065675,47.0,1.42,300,-10.462914862914863,-13.907200577200578,-7.1242243867243875,-1.1166666666666667,-9.233061383061383,-12.654094932844934,-5.736662087912088,-7.612121212121211,-11.08569264069264,-4.0976443001443
5,4,2,as|cnf|gap&tzi|ovl,0,1,61.17645785586963,1.5,57.57565675065675,47.0,1.42,300,-10.462914862914863,-13.907200577200578,-7.1242243867243875,-1.1166666666666667,-9.233061383061383,-12.654094932844934,-5.736662087912088,-7.612121212121211,-11.08569264069264,-4.0976443001443
6,4,2,as|cnf|gap&tzi|mrg&ovl,1,1,61.17645785586963,1.5,57.57565675065675,47.0,1.42,300,-10.462914862914863,-13.907200577200578,-7.1242243867243875,-1.1166666666666667,-9.233061383061383,-12.654094932844934,-5.736662087912088,-7.612121212121211,-11.08569264069264,-4.0976443001443
6,4,2,as&mrg|cnf|gap&tzi|ovl,1,1,61.17645785586963,1.51,57.57565675065675,47.0,1.4266666666666667,300,-10.462914862914863,-13.907200577200578,-7.1242243867243875,-1.11,-9.233061383061383,-12.654094932844934,-5.736662087912088,-7.612121212121211,-11.08569264069264,-4.0976443001443
4,3,2,cnf|gap&tzi|ovl,0,0,61.17645785586963,1.51,57.57565675065675,47.0,1.43,300,-10.462914862914863,-13.907200577200578,-7.1242243867243875,-1.1066666666666667,-9.233061383061383,-12.654094932844934,-5.736662087912088,-7.612121212121211,-11.08569264069264,-4.0976443001443
5,3,2,as&ovl|cnf|gap&tzi,0,1,61.17645785586963,1.51,57.57565675065675,47.0,1.43,300,-10.462914862914863,-13.907200577200578,-7.1242243867243875,-1.1066666666666667,-9.233061383061383,-12.654094932844934,-5.736662087912088,-7.612121212121211,-11.08569264069264,-4.0976443001443
5,3,2,as&mrg|cnf|gap&tzi,1,1,61.17645785586963,1.52,57.57565675065675,47.0,1.4333333333333333,300,-10.462914862914863,-13.907200577200578,-7.1242243867243875,-1.1033333333333333,-9.233061383061383,-12.654094932844934,-5.736662087912088,-7.612121212121211,-11.08569264069264,-4.0976443001443
5,3,2,cnf|gap&tzi|mrg&ovl,1,0,61.17645785586963,1.52,57.57565675065675,47.0,1.4366666666666668,300,-10.462914862914863,-13.907200577200578,-7.1242243867243875,-1.1,-9.233061383061383,-12.654094932844934,-5.736662087912088,-7.612121212121211,-11.08569264069264,-4.0976443001443
6,3,3,as&mrg&ovl|cnf|gap&tzi,1,1,61.17645785586963,1.52,57.57565675065675,47.0,1.4366666666666668,300,-10.462914862914863,-13.907200577200578,-7.1242243867243875,-1.1,-9.233061383061383,-12.654094932844934,-5.736662087912088,-7.612121212121211,-11.08569264069264,-4.0976443001443
3,2,2,cnf|gap&tzi,0,0,61.17645785586963,1.52,57.57565675065675,47.0,1.44,300,-10.462914862914863,-13.907200577200578,-7.1242243867243875,-1.0966666666666667,-9.233061383061383,-12.654094932844934,-5.736662087912088,-7.612121212121211,-11.08569264069264,-4.0976443001443
4,3,2,as&cnf|ovl|tzi,0,1,62.17645785586963,1.54,57.54977152477152,47.0,1.5133333333333334,299,-10.488800088800087,-13.847128427128427,-7.056056998556999,-1.0233333333333334,-9.258946608946609,-12.529705988455989,-5.84513888888889,-7.638006438006438,-11.120600233100234,-4.136334776334776
4,3,2,as|gap&mrg|tzi,1,1,64.17645785586963,1.6,57.47645040145041,47.333333333333336,1.5533333333333332,299,-10.562121212121212,-13.952711038961038,-7.058318903318906,-0.9833333333333333,-9.33226773226773,-12.756441197691199,-5.598380647130647,-7.71132756132756,-11.218647186147185,-4.156170634920635
6,4,2,as|cnf&mrg|gap&tzi|ovl,1,1,62.17645785586963,1.53,57.442323417323415,46.666666666666664,1.48,300,-10.596248196248196,-13.870090187590186,-7.257557720057721,-1.0566666666666666,-9.366394716394716,-12.677882395382392,-5.868733766233766,-7.745454545454544,-11.262756132756135,-4.189765512265513
5,3,2,as&cnf|gap&mrg|tzi,1,1,64.17645785586963,1.62,57.425168350168356,47.333333333333336,1.5866666666666667,297,-10.613403263403264,-13.984157231657232,-7.078293650793651,-0.95,-9.383549783549782,-12.78363095238095,-5.6476641414141415,-7.762609612609611,-11.298857808857807,-4.160694444444444
3,3,1,as|cnf|tzi,0,1,61.17645785586963,1.46,57.40105357605356,47.0,1.3933333333333333,300,-10.637518037518037,-14.01481240981241,-7.267142857142858,-1.1433333333333333,-9.407664557664559,-12.79636988011988,-5.8792243867243865,-7.786724386724388,-11.233311688311687,-4.227810245310246
4,4,1,as|cnf|ovl|tzi,0,1,61.17645785586963,1.46,57.40105357605356,47.0,1.3933333333333333,300,-10.637518037518037,-14.01481240981241,-7.267142857142858,-1.1433333333333333,-9.407664557664559,-12.79636988011988,-5.8792243867243865,-7.786724386724388,-11.233311688311687,-4.227810245310246
5,4,2,as|cnf|mrg&ovl|tzi,1,1,61.17645785586963,1.46,57.40105357605356,47.0,1.3933333333333333,300,-10.637518037518037,-14.01481240981241,-7.267142857142858,-1.1433333333333333,-9.407664557664559,-12.79636988011988,-5.8792243867243865,-7.786724386724388,-11.233311688311687,-4.227810245310246
5,4,2,as|cnf|gap&ovl|tzi,0,1,61.17645785586963,1.46,57.40105357605356,47.0,1.3933333333333333,300,-10.637518037518037,-14.01481240981241,-7.267142857142858,-1.1433333333333333,-9.407664557664559,-12.79636988011988,-5.8792243867243865,-7.786724386724388,-11.233311688311687,-4.227810245310246
6,4,3,as|cnf|gap&mrg&ovl|tzi,1,1,61.17645785586963,1.46,57.40105357605356,47.0,1.3933333333333333,300,-10.637518037518037,-14.01481240981241,-7.267142857142858,-1.1433333333333333,-9.407664557664559,-12.79636988011988,-5.8792243867243865,-7.786724386724388,-11.233311688311687,-4.227810245310246
5,4,2,as&mrg|cnf|ovl|tzi,1,1,61.17645785586963,1.47,57.40105357605356,47.0,1.4,300,-10.637518037518037,-14.01481240981241,-7.267142857142858,-1.1366666666666667,-9.407664557664559,-12.79636988011988,-5.8792243867243865,-7.786724386724388,-11.233311688311687,-4.227810245310246
3,3,1,cnf|ovl|tzi,0,0,61.17645785586963,1.47,57.40105357605356,47.0,1.4033333333333333,300,-10.637518037518037,-14.01481240981241,-7.267142857142858,-1.1333333333333333,-9.407664557664559,-12.79636988011988,-5.8792243867243865,-7.786724386724388,-11.233311688311687,-4.227810245310246
4,3,2,as&ovl|cnf|tzi,0,1,61.17645785586963,1.47,57.40105357605356,47.0,1.4033333333333333,300,-10.637518037518037,-14.01481240981241,-7.267142857142858,-1.1333333333333333,-9.407664557664559,-12.79636988011988,-5.8792243867243865,-7.786724386724388,-11.233311688311687,-4.227810245310246
5,4,2,as&gap|cnf|ovl|tzi,0,1,61.17645785586963,1.47,57.40105357605356,47.0,1.4033333333333333,300,-10.637518037518037,-14.01481240981241,-7.267142857142858,-1.1333333333333333,-9.407664557664559,-12.79636988011988,-5.8792243867243865,-7.786724386724388,-11.233311688311687,-4.227810245310246
6,4,3,as&gap&mrg|cnf|ovl|tzi,1,1,61.17645785586963,1.47,57.40105357605356,47.0,1.4033333333333333,300,-10.637518037518037,-14.01481240981241,-7.267142857142858,-1.1333333333333333,-9.407664557664559,-12.79636988011988,-5.8792243867243865,-7.786724386724388,-11.233311688311687,-4.227810245310246
4,3,2,as&mrg|cnf|tzi,1,1,61.17645785586963,1.48,57.40105357605356,47.0,1.4066666666666667,300,-10.637518037518037,-14.01481240981241,-7.267142857142858,-1.13,-9.407664557664559,-12.79636988011988,-5.8792243867243865,-7.786724386724388,-11.233311688311687,-4.227810245310246
6,4,2,as&mrg|cnf|gap&ovl|tzi,1,1,61.17645785586963,1.48,57.40105357605356,47.0,1.4066666666666667,300,-10.637518037518037,-14.01481240981241,-7.267142857142858,-1.13,-9.407664557664559,-12.79636988011988,-5.8792243867243865,-7.786724386724388,-11.233311688311687,-4.227810245310246
4,3,2,cnf|mrg&ovl|tzi,1,0,61.17645785586963,1.48,57.40105357605356,47.0,1.41,300,-10.637518037518037,-14.01481240981241,-7.267142857142858,-1.1266666666666667,-9.407664557664559,-12.79636988011988,-5.8792243867243865,-7.786724386724388,-11.233311688311687,-4.227810245310246
5,3,3,as&mrg&ovl|cnf|tzi,1,1,61.17645785586963,1.48,57.40105357605356,47.0,1.41,300,-10.637518037518037,-14.01481240981241,-7.267142857142858,-1.1266666666666667,-9.407664557664559,-12.79636988011988,-5.8792243867243865,-7.786724386724388,-11.233311688311687,-4.227810245310246
6,4,2,as&gap|cnf|mrg&ovl|tzi,1,1,61.17645785586963,1.48,57.40105357605356,47.0,1.41,300,-10.637518037518037,-14.01481240981241,-7.267142857142858,-1.1266666666666667,-9.407664557664559,-12.79636988011988,-5.8792243867243865,-7.786724386724388,-11.233311688311687,-4.227810245310246
2,2,1,cnf|tzi,0,0,61.17645785586963,1.48,57.40105357605356,47.0,1.4133333333333333,300,-10.637518037518037,-14.01481240981241,-7.267142857142858,-1.1233333333333333,-9.407664557664559,-12.79636988011988,-5.8792243867243865,-7.786724386724388,-11.233311688311687,-4.227810245310246
4,3,2,as&gap|cnf|tzi,0,1,61.17645785586963,1.48,57.40105357605356,47.0,1.4133333333333333,300,-10.637518037518037,-14.01481240981241,-7.267142857142858,-1.1233333333333333,-9.407664557664559,-12.79636988011988,-5.8792243867243865,-7.786724386724388,-11.233311688311687,-4.227810245310246
4,3,2,cnf|gap&ovl|tzi,0,0,61.17645785586963,1.48,57.40105357605356,47.0,1.4133333333333333,300,-10.637518037518037,-14.01481240981241,-7.267142857142858,-1.1233333333333333,-9.407664557664559,-12.79636988011988,-5.8792243867243865,-7.786724386724388,-11.233311688311687,-4.227810245310246
5,3,3,as&gap&mrg|cnf|tzi,1,1,61.17645785586963,1.48,57.40105357605356,47.0,1.4133333333333333,300,-10.637518037518037,-14.01481240981241,-7.267142857142858,-1.1233333333333333,-9.407664557664559,-12.79636988011988,-5.8792243867243865,-7.786724386724388,-11.233311688311687,-4.227810245310246
5,3,3,cnf|gap&mrg&ovl|tzi,1,0,61.17645785586963,1.48,57.40105357605356,47.0,1.4133333333333333,300,-10.637518037518037,-14.01481240981241,-7.267142857142858,-1.1233333333333333,-9.407664557664559,-12.79636988011988,-5.8792243867243865,-7.786724386724388,-11.233311688311687,-4.227810245310246
5,3,3,as&gap&ovl|cnf|tzi,0,1,61.17645785586963,1.48,57.40105357605356,47.0,1.4133333333333333,300,-10.637518037518037,-14.01481240981241,-7.267142857142858,-1.1233333333333333,-9.407664557664559,-12.79636988011988,-5.8792243867243865,-7.786724386724388,-11.233311688311687,-4.227810245310246
6,3,4,as&gap&mrg&ovl|cnf|tzi,1,1,61.17645785586963,1.48,57.40105357605356,47.0,1.4133333333333333,300,-10.637518037518037,-14.01481240981241,-7.267142857142858,-1.1233333333333333,-9.407664557664559,-12.79636988011988,-5.8792243867243865,-7.786724386724388,-11.233311688311687,-4.227810245310246
5,4,2,as|cnf&mrg|ovl|tzi,1,1,62.17645785586963,1.49,57.267720242720245,46.666666666666664,1.4533333333333334,300,-10.77085137085137,-14.08090548340548,-7.3711363636363645,-1.0833333333333333,-9.54099789099789,-12.930527111777113,-6.046572871572873,-7.92005772005772,-11.360876623376626,-4.373787878787879
4,3,2,gap&mrg|ovl|tzi,1,0,62.17645785586963,1.68,57.20850168350168,47.0,1.7166666666666666,277,-10.83006993006993,-14.27234987234987,-7.19707611832612,-0.82,-9.60021645021645,-13.039985569985571,-6.043306277056279,-7.97927627927628,-11.565037878787878,-4.199700160950162
5,3,2,cnf&ovl|gap&mrg|tzi,1,0,62.17645785586963,1.69,57.20850168350168,47.0,1.7266666666666666,277,-10.83006993006993,-14.27234987234987,-7.19707611832612,-0.81,-9.60021645021645,-13.039985569985571,-6.043306277056279,-7.97927627927628,-11.565037878787878,-4.199700160950162
5,4,2,as|gap&mrg|ovl|tzi,1,1,62.17645785586963,1.48,56.732005957005946,46.33333333333333,1.4466666666666668,300,-11.306565656565658,-14.72674422799423,-7.813971861471862,-1.09,-10.076712176712178,-13.561424963924967,-6.571176878676879,-8.455772005772005,-11.994594155844156,-4.968650793650794
6,4,2,as|cnf&ovl|gap&mrg|tzi,1,1,62.17645785586963,1.48,56.732005957005946,46.33333333333333,1.4466666666666668,300,-11.306565656565658,-14.72674422799423,-7.813971861471862,-1.09,-10.076712176712178,-13.561424963924967,-6.571176878676879,-8.455772005772005,-11.994594155844156,-4.968650793650794
3,2,2,cnf&tzi|gap,0,0,62.93836261777439,2.6,56.70850168350168,47.0,2.2533333333333334,208,-11.33006993006993,-14.979849456099457,-7.422003968253968,-0.2833333333333333,-10.10021645021645,-13.769641053391055,-6.3188690476190486,-8.479276279276279,-12.37710816960817,-4.426379453879455
3,2,2,as&tzi|gap,0,1,62.93836261777439,2.61,56.70850168350168,47.0,2.256666666666667,208,-11.33006993006993,-14.979849456099457,-7.422003968253968,-0.28,-10.10021645021645,-13.769641053391055,-6.3188690476190486,-8.479276279276279,-12.37710816960817,-4.426379453879455
4,2,3,as&cnf&tzi|gap,0,1,62.93836261777439,2.61,56.70850168350168,47.0,2.256666666666667,208,-11.33006993006993,-14.979849456099457,-7.422003968253968,-0.28,-10.10021645021645,-13.769641053391055,-6.3188690476190486,-8.479276279276279,-12.37710816960817,-4.426379453879455
3,2,2,gap|mrg&tzi,1,0,62.93836261777439,2.59,56.70850168350168,47.0,2.2666666666666666,207,-11.33006993006993,-14.979849456099457,-7.422003968253968,-0.27,-10.10021645021645,-13.769641053391055,-6.3188690476190486,-8.479276279276279,-12.37710816960817,-4.426379453879455
4,2,3,cnf&mrg&tzi|gap,1,0,62.93836261777439,2.61,56.70850168350168,47.0,2.2733333333333334,207,-11.33006993006993,-14.979849456099457,-7.422003968253968,-0.2633333333333333,-10.10021645021645,-13.769641053391055,-6.3188690476190486,-8.479276279276279,-12.37710816960817,-4.426379453879455
3,2,2,gap|ovl&tzi,0,0,62.93836261777439,2.63,56.70850168350168,47.0,2.276666666666667,206,-11.33006993006993,-14.979849456099457,-7.422003968253968,-0.26,-10.10021645021645,-13.769641053391055,-6.3188690476190486,-8.479276279276279,-12.37710816960817,-4.426379453879455
4,2,3,as&mrg&tzi|gap,1,1,63.93836261777439,2.64,56.70850168350168,47.0,2.276666666666667,207,-11.33006993006993,-14.979849456099457,-7.422003968253968,-0.26,-10.10021645021645,-13.769641053391055,-6.3188690476190486,-8.479276279276279,-12.37710816960817,-4.426379453879455
4,2,3,as&ovl&tzi|gap,0,1,62.93836261777439,2.64,56.70850168350168,47.0,2.276666666666667,206,-11.33006993006993,-14.979849456099457,-7.422003968253968,-0.26,-10.10021645021645,-13.769641053391055,-6.3188690476190486,-8.479276279276279,-12.37710816960817,-4.426379453879455
4,2,3,cnf&ovl&tzi|gap,0,0,62.93836261777439,2.63,56.70850168350168,47.0,2.276666666666667,206,-11.33006993006993,-14.979849456099457,-7.422003968253968,-0.26,-10.10021645021645,-13.769641053391055,-6.3188690476190486,-8.479276279276279,-12.37710816960817,-4.426379453879455
5,2,4,as&cnf&mrg&tzi|gap,1,1,63.93836261777439,2.64,56.70850168350168,47.0,2.276666666666667,207,-11.33006993006993,-14.979849456099457,-7.422003968253968,-0.26,-10.10021645021645,-13.769641053391055,-6.3188690476190486,-8.479276279276279,-12.37710816960817,-4.426379453879455
5,2,4,as&cnf&ovl&tzi|gap,0,1,62.93836261777439,2.64,56.70850168350168,47.0,2.276666666666667,206,-11.33006993006993,-14.979849456099457,-7.422003968253968,-0.26,-10.10021645021645,-13.769641053391055,-6.3188690476190486,-8.479276279276279,-12.37710816960817,-4.426379453879455
4,2,3,gap|mrg&ovl&tzi,1,0,62.93836261777439,2.64,56.70850168350168,47.0,2.2866666666666666,205,-11.33006993006993,-14.979849456099457,-7.422003968253968,-0.25,-10.10021645021645,-13.769641053391055,-6.3188690476190486,-8.479276279276279,-12.37710816960817,-4.426379453879455
5,2,4,as&mrg&ovl&tzi|gap,1,1,63.93836261777439,2.67,56.70850168350168,47.0,2.2866666666666666,205,-11.33006993006993,-14.979849456099457,-7.422003968253968,-0.25,-10.10021645021645,-13.769641053391055,-6.3188690476190486,-8.479276279276279,-12.37710816960817,-4.426379453879455
5,2,4,cnf&mrg&ovl&tzi|gap,1,0,62.93836261777439,2.64,56.70850168350168,47.0,2.2866666666666666,205,-11.33006993006993,-14.979849456099457,-7.422003968253968,-0.25,-10.10021645021645,-13.769641053391055,-6.3188690476190486,-8.479276279276279,-12.37710816960817,-4.426379453879455
6,2,5,as&cnf&mrg&ovl&tzi|gap,1,1,63.93836261777439,2.67,56.70850168350168,47.0,2.2866666666666666,205,-11.33006993006993,-14.979849456099457,-7.422003968253968,-0.25,-10.10021645021645,-13.769641053391055,-6.3188690476190486,-8.479276279276279,-12.37710816960817,-4.426379453879455
1,1,1,gap,0,0,63.93836261777439,2.72,56.70850168350168,47.0,2.32,201,-11.33006993006993,-14.979849456099457,-7.422003968253968,-0.21666666666666667,-10.10021645021645,-13.769641053391055,-6.3188690476190486,-8.479276279276279,-12.37710816960817,-4.426379453879455
6,4,2,as&cnf|gap&mrg|ovl|tzi,1,1,62.17645785586963,1.49,56.680723905723895,46.33333333333333,1.4633333333333334,299,-11.357847707847705,-14.79195623820624,-7.855322871572873,-1.0733333333333333,-10.127994227994227,-13.604785353535354,-6.635045093795094,-8.507054057054056,-12.0191428016428,-5.014251026751028
5,3,2,as&ovl|gap&tzi|mrg,1,1,64.17645785586963,1.45,56.65583213083213,46.33333333333333,1.5033333333333334,295,-11.382739482739481,-15.109126151626151,-7.659508963258964,-1.0333333333333334,-10.152886002886003,-13.745705266955266,-6.319163059163059,-8.53194583194583,-12.349851676101675,-4.702542873792874
6,3,3,as&cnf&ovl|gap&tzi|mrg,1,1,64.17645785586963,1.46,56.65583213083213,46.33333333333333,1.5033333333333334,295,-11.382739482739481,-15.109126151626151,-7.659508963258964,-1.0333333333333334,-10.152886002886003,-13.745705266955266,-6.319163059163059,-8.53194583194583,-12.349851676101675,-4.702542873792874
3,2,2,gap&tzi|mrg,1,0,63.68836261777439,1.74,56.65583213083213,46.33333333333333,1.6266666666666667,289,-11.382739482739481,-15.109126151626151,-7.659508963258964,-0.91,-10.152886002886003,-13.745705266955266,-6.319163059163059,-8.53194583194583,-12.349851676101675,-4.702542873792874
2,2,1,gap|tzi,0,0,62.93836261777439,2.56,56.5338985088985,47.0,2.2266666666666666,208,-11.504673104673104,-15.118253968253967,-7.544747474747475,-0.31,-10.274819624819624,-13.924271284271283,-6.4406313131313135,-8.653879453879455,-12.50927045177045,-4.511790293040293
5,4,2,as|cnf|gap&mrg|tzi,1,1,61.17645785586963,1.42,56.53200595700596,46.33333333333333,1.36,300,-11.506565656565655,-14.963093434343433,-8.07519841269841,-1.1766666666666667,-10.276712176712175,-13.815145132645132,-6.664125180375182,-8.655772005772006,-12.30760461760462,-4.9844498556998555
6,5,2,as|cnf|gap&mrg|ovl|tzi,1,1,61.17645785586963,1.42,56.53200595700596,46.33333333333333,1.36,300,-11.506565656565655,-14.963093434343433,-8.07519841269841,-1.1766666666666667,-10.276712176712175,-13.815145132645132,-6.664125180375182,-8.655772005772006,-12.30760461760462,-4.9844498556998555
5,4,2,cnf|gap&mrg|ovl|tzi,1,0,61.17645785586963,1.43,56.53200595700596,46.33333333333333,1.37,300,-11.506565656565655,-14.963093434343433,-8.07519841269841,-1.1666666666666667,-10.276712176712175,-13.815145132645132,-6.664125180375182,-8.655772005772006,-12.30760461760462,-4.9844498556998555
6,4,2,as&ovl|cnf|gap&mrg|tzi,1,1,61.17645785586963,1.43,56.53200595700596,46.33333333333333,1.37,300,-11.506565656565655,-14.963093434343433,-8.07519841269841,-1.1666666666666667,-10.276712176712175,-13.815145132645132,-6.664125180375182,-8.655772005772006,-12.30760461760462,-4.9844498556998555
4,3,2,cnf|gap&mrg|tzi,1,0,61.17645785586963,1.44,56.53200595700596,46.33333333333333,1.38,300,-11.506565656565655,-14.963093434343433,-8.07519841269841,-1.1566666666666667,-10.276712176712175,-13.815145132645132,-6.664125180375182,-8.655772005772006,-12.30760461760462,-4.9844498556998555
6,4,2,as&ovl|cnf&gap|mrg|tzi,1,1,64.17645785586963,1.42,56.48122895622896,46.33333333333333,1.42,297,-11.557342657342653,-15.25558941058941,-7.746242784992787,-1.1166666666666667,-10.327489177489177,-13.894020562770562,-6.541331168831169,-8.706549006549007,-12.689666028416028,-4.923189171939171
4,3,2,cnf&gap|mrg|tzi,1,0,63.68836261777439,1.67,56.48122895622896,46.33333333333333,1.5,294,-11.557342657342653,-15.25558941058941,-7.746242784992787,-1.0366666666666666,-10.327489177489177,-13.894020562770562,-6.541331168831169,-8.706549006549007,-12.689666028416028,-4.923189171939171
4,3,2,as&ovl|mrg|tzi,1,1,64.17645785586963,1.43,56.48122895622895,46.33333333333333,1.4733333333333334,295,-11.557342657342657,-15.147449078699077,-7.768940781440781,-1.0633333333333332,-10.327489177489177,-13.88596681096681,-6.488780663780664,-8.706549006549007,-12.540201603951603,-4.838185425685425
5,3,3,as&cnf&ovl|mrg|tzi,1,1,64.17645785586963,1.44,56.48122895622895,46.33333333333333,1.4733333333333334,295,-11.557342657342657,-15.147449078699077,-7.768940781440781,-1.0633333333333332,-10.327489177489177,-13.88596681096681,-6.488780663780664,-8.706549006549007,-12.540201603951603,-4.838185425685425
4,3,2,as&gap|mrg|tzi,1,1,63.68836261777439,1.68,56.48122895622895,46.33333333333333,1.52,294,-11.557342657342657,-15.147449078699077,-7.768940781440781,-1.0166666666666666,-10.327489177489177,-13.88596681096681,-6.488780663780664,-8.706549006549007,-12.540201603951603,-4.838185425685425
5,3,3,as&cnf&gap|mrg|tzi,1,1,63.68836261777439,1.68,56.48122895622895,46.33333333333333,1.52,294,-11.557342657342657,-15.147449078699077,-7.768940781440781,-1.0166666666666666,-10.327489177489177,-13.88596681096681,-6.488780663780664,-8.706549006549007,-12.540201603951603,-4.838185425685425
5,3,3,as&gap&ovl|mrg|tzi,1,1,63.68836261777439,1.68,56.48122895622895,46.33333333333333,1.5533333333333332,292,-11.557342657342657,-15.147449078699077,-7.768940781440781,-0.9833333333333333,-10.327489177489177,-13.88596681096681,-6.488780663780664,-8.706549006549007,-12.540201603951603,-4.838185425685425
6,3,4,as&cnf&gap&ovl|mrg|tzi,1,1,63.68836261777439,1.68,56.48122895622895,46.33333333333333,1.5533333333333332,292,-11.557342657342657,-15.147449078699077,-7.768940781440781,-0.9833333333333333,-10.327489177489177,-13.88596681096681,-6.488780663780664,-8.706549006549007,-12.540201603951603,-4.838185425685425
2,2,1,mrg|tzi,1,0,63.68836261777439,1.71,56.48122895622895,46.33333333333333,1.5866666666666667,290,-11.557342657342657,-15.147449078699077,-7.768940781440781,-0.95,-10.327489177489177,-13.88596681096681,-6.488780663780664,-8.706549006549007,-12.540201603951603,-4.838185425685425
5,3,2,as&ovl|cnf&tzi|gap,0,1,63.426457855869636,1.85,56.470406445406454,46.666666666666664,1.7766666666666666,273,-11.568165168165168,-15.071691502941503,-7.799063436563436,-0.76,-10.338311688311688,-14.024972943722943,-6.557887806637808,-8.717371517371516,-12.578952991452988,-4.744980158730159
5,3,2,as&ovl|gap|mrg&tzi,1,1,63.426457855869636,1.83,56.470406445406454,46.666666666666664,1.78,273,-11.568165168165168,-15.071691502941503,-7.799063436563436,-0.7566666666666667,-10.338311688311688,-14.024972943722943,-6.557887806637808,-8.717371517371516,-12.578952991452988,-4.744980158730159
6,3,3,as&ovl|cnf&mrg&tzi|gap,1,1,63.426457855869636,1.85,56.470406445406454,46.666666666666664,1.7866666666666666,273,-11.568165168165168,-15.071691502941503,-7.799063436563436,-0.75,-10.338311688311688,-14.024972943722943,-6.557887806637808,-8.717371517371516,-12.578952991452988,-4.744980158730159
6,3,3,as&cnf&ovl|gap|mrg&tzi,1,1,63.426457855869636,1.84,56.470406445406454,46.666666666666664,1.79,273,-11.568165168165168,-15.071691502941503,-7.799063436563436,-0.7466666666666667,-10.338311688311688,-14.024972943722943,-6.557887806637808,-8.717371517371516,-12.578952991452988,-4.744980158730159
3,2,2,as&ovl|gap,0,1,63.426457855869636,1.89,56.470406445406454,46.666666666666664,1.8,271,-11.568165168165168,-15.071691502941503,-7.799063436563436,-0.7366666666666667,-10.338311688311688,-14.024972943722943,-6.557887806637808,-8.717371517371516,-12.578952991452988,-4.744980158730159
4,2,3,as&cnf&ovl|gap,0,1,63.426457855869636,1.9,56.470406445406454,46.666666666666664,1.81,271,-11.568165168165168,-15.071691502941503,-7.799063436563436,-0.7266666666666667,-10.338311688311688,-14.024972943722943,-6.557887806637808,-8.717371517371516,-12.578952991452988,-4.744980158730159
5,3,2,cnf&tzi|gap|mrg&ovl,1,0,61.93836261777439,2.05,56.470406445406454,46.666666666666664,1.8366666666666667,268,-11.568165168165168,-15.071691502941503,-7.799063436563436,-0.7,-10.338311688311688,-14.024972943722943,-6.557887806637808,-8.717371517371516,-12.578952991452988,-4.744980158730159
5,3,2,as&tzi|gap|mrg&ovl,1,1,61.93836261777439,2.05,56.470406445406454,46.666666666666664,1.84,268,-11.568165168165168,-15.071691502941503,-7.799063436563436,-0.6966666666666667,-10.338311688311688,-14.024972943722943,-6.557887806637808,-8.717371517371516,-12.578952991452988,-4.744980158730159
6,3,3,as&cnf&tzi|gap|mrg&ovl,1,1,61.93836261777439,2.05,56.470406445406454,46.666666666666664,1.84,268,-11.568165168165168,-15.071691502941503,-7.799063436563436,-0.6966666666666667,-10.338311688311688,-14.024972943722943,-6.557887806637808,-8.717371517371516,-12.578952991452988,-4.744980158730159
6,3,3,as&tzi|cnf&mrg&ovl|gap,1,1,61.93836261777439,2.05,56.470406445406454,46.666666666666664,1.8433333333333333,268,-11.568165168165168,-15.071691502941503,-7.799063436563436,-0.6933333333333334,-10.338311688311688,-14.024972943722943,-6.557887806637808,-8.717371517371516,-12.578952991452988,-4.744980158730159
3,2,2,gap|mrg&ovl,1,0,61.93836261777439,2.09,56.470406445406454,46.666666666666664,1.87,265,-11.568165168165168,-15.071691502941503,-7.799063436563436,-0.6666666666666666,-10.338311688311688,-14.024972943722943,-6.557887806637808,-8.717371517371516,-12.578952991452988,-4.744980158730159
4,2,3,cnf&mrg&ovl|gap,1,0,61.93836261777439,2.09,56.470406445406454,46.666666666666664,1.8733333333333333,265,-11.568165168165168,-15.071691502941503,-7.799063436563436,-0.6633333333333333,-10.338311688311688,-14.024972943722943,-6.557887806637808,-8.717371517371516,-12.578952991452988,-4.744980158730159
6,3,3,as&mrg&ovl|cnf&tzi|gap,1,1,62.93836261777439,2.13,56.470406445406454,46.666666666666664,1.9033333333333333,264,-11.568165168165168,-15.071691502941503,-7.799063436563436,-0.6333333333333333,-10.338311688311688,-14.024972943722943,-6.557887806637808,-8.717371517371516,-12.578952991452988,-4.744980158730159
4,2,3,as&mrg&ovl|gap,1,1,63.93836261777439,2.2,56.470406445406454,46.666666666666664,1.9366666666666668,261,-11.568165168165168,-15.071691502941503,-7.799063436563436,-0.6,-10.338311688311688,-14.024972943722943,-6.557887806637808,-8.717371517371516,-12.578952991452988,-4.744980158730159
5,2,4,as&cnf&mrg&ovl|gap,1,1,63.93836261777439,2.2,56.470406445406454,46.666666666666664,1.94,261,-11.568165168165168,-15.071691502941503,-7.799063436563436,-0.5966666666666667,-10.338311688311688,-14.024972943722943,-6.557887806637808,-8.717371517371516,-12.578952991452988,-4.744980158730159
4,3,2,gap&ovl|mrg|tzi,1,0,63.68836261777439,1.68,56.37011784511784,46.0,1.5366666666666666,292,-11.668453768453768,-15.279656454656454,-7.8569101731601725,-1.0,-10.438600288600286,-13.994518398268399,-6.712178932178933,-8.817660117660116,-12.745731906981906,-5.031219336219338
5,3,3,cnf&gap&ovl|mrg|tzi,1,0,63.68836261777439,1.68,56.37011784511784,46.0,1.5366666666666666,292,-11.668453768453768,-15.279656454656454,-7.8569101731601725,-1.0,-10.438600288600286,-13.994518398268399,-6.712178932178933,-8.817660117660116,-12.745731906981906,-5.031219336219338
5,3,2,as&mrg|cnf&tzi|gap,1,1,61.93836261777439,1.92,56.35929533429533,46.33333333333333,1.71,286,-11.67927627927628,-15.179238400488398,-7.965799062049063,-0.8266666666666667,-10.4494227994228,-14.09421536796537,-6.668279220779222,-8.828482628482627,-12.650977633477636,-4.865287767787767
5,3,2,as&mrg|gap|ovl&tzi,1,1,61.93836261777439,1.92,56.35929533429533,46.33333333333333,1.7233333333333334,286,-11.67927627927628,-15.179238400488398,-7.965799062049063,-0.8133333333333334,-10.4494227994228,-14.09421536796537,-6.668279220779222,-8.828482628482627,-12.650977633477636,-4.865287767787767
6,3,3,as&mrg|cnf&ovl&tzi|gap,1,1,61.93836261777439,1.92,56.35929533429533,46.33333333333333,1.7233333333333334,286,-11.67927627927628,-15.179238400488398,-7.965799062049063,-0.8133333333333334,-10.4494227994228,-14.09421536796537,-6.668279220779222,-8.828482628482627,-12.650977633477636,-4.865287767787767
6,3,3,as&cnf&mrg|gap|ovl&tzi,1,1,61.93836261777439,1.92,56.35929533429533,46.33333333333333,1.73,285,-11.67927627927628,-15.179238400488398,-7.965799062049063,-0.8066666666666666,-10.4494227994228,-14.09421536796537,-6.668279220779222,-8.828482628482627,-12.650977633477636,-4.865287767787767
3,2,2,as&mrg|gap,1,1,62.93836261777439,1.96,56.35929533429533,46.33333333333333,1.7333333333333334,285,-11.67927627927628,-15.179238400488398,-7.965799062049063,-0.8033333333333333,-10.4494227994228,-14.09421536796537,-6.668279220779222,-8.828482628482627,-12.650977633477636,-4.865287767787767
4,2,3,as&cnf&mrg|gap,1,1,62.93836261777439,1.96,56.35929533429533,46.33333333333333,1.74,284,-11.67927627927628,-15.179238400488398,-7.965799062049063,-0.7966666666666666,-10.4494227994228,-14.09421536796537,-6.668279220779222,-8.828482628482627,-12.650977633477636,-4.865287767787767
4,3,2,as&ovl|gap|tzi,0,1,63.426457855869636,1.81,56.29580327080327,46.666666666666664,1.75,273,-11.742768342768343,-15.25238233988234,-7.9324206349206365,-0.7866666666666666,-10.512914862914863,-14.162748917748916,-6.74513888888889,-8.891974691974692,-12.746678876678876,-4.909258658008658
5,3,3,as&cnf&ovl|gap|tzi,0,1,63.426457855869636,1.82,56.29580327080327,46.666666666666664,1.76,273,-11.742768342768343,-15.25238233988234,-7.9324206349206365,-0.7766666666666666,-10.512914862914863,-14.162748917748916,-6.74513888888889,-8.891974691974692,-12.746678876678876,-4.909258658008658
4,3,2,gap|mrg&ovl|tzi,1,0,61.93836261777439,2.01,56.29580327080327,46.666666666666664,1.81,268,-11.742768342768343,-15.25238233988234,-7.9324206349206365,-0.7266666666666667,-10.512914862914863,-14.162748917748916,-6.74513888888889,-8.891974691974692,-12.746678876678876,-4.909258658008658
5,3,3,cnf&mrg&ovl|gap|tzi,1,0,61.93836261777439,2.01,56.29580327080327,46.666666666666664,1.8133333333333332,268,-11.742768342768343,-15.25238233988234,-7.9324206349206365,-0.7233333333333334,-10.512914862914863,-14.162748917748916,-6.74513888888889,-8.891974691974692,-12.746678876678876,-4.909258658008658
5,3,3,as&mrg&ovl|gap|tzi,1,1,62.93836261777439,2.09,56.29580327080327,46.666666666666664,1.8766666666666667,264,-11.742768342768343,-15.25238233988234,-7.9324206349206365,-0.66,-10.512914862914863,-14.162748917748916,-6.74513888888889,-8.891974691974692,-12.746678876678876,-4.909258658008658
6,3,4,as&cnf&mrg&ovl|gap|tzi,1,1,62.93836261777439,2.09,56.29580327080327,46.666666666666664,1.88,264,-11.742768342768343,-15.25238233988234,-7.9324206349206365,-0.6566666666666666,-10.512914862914863,-14.162748917748916,-6.74513888888889,-8.891974691974692,-12.746678876678876,-4.909258658008658
4,3,2,as|gap&tzi|mrg,1,1,64.17645785586963,1.4,56.290447515447504,46.0,1.37,299,-11.748124098124096,-15.441533189033189,-8.219265873015875,-1.1666666666666667,-10.518270618270616,-14.1235347985348,-6.6621663059163065,-8.897330447330447,-12.589554473304473,-5.265961399711401
5,3,2,as&cnf|gap&tzi|mrg,1,1,64.17645785586963,1.41,56.23916546416547,46.0,1.3866666666666667,299,-11.799406149406149,-15.473763597513598,-8.306907953157953,-1.15,-10.56955266955267,-14.181506132756134,-6.7426875901875905,-8.948612498612498,-12.622020202020204,-5.265961399711401
4,3,2,as&mrg|gap|tzi,1,1,61.93836261777439,1.88,56.18469215969216,46.33333333333333,1.6833333333333333,286,-11.853879453879452,-15.453799672549673,-8.037453102453103,-0.8533333333333334,-10.624025974025972,-14.235167748917751,-6.86497113997114,-9.003085803085803,-12.79572469197469,-5.03610930735931
5,3,3,as&cnf&mrg|gap|tzi,1,1,61.93836261777439,1.88,56.18469215969216,46.33333333333333,1.69,285,-11.853879453879452,-15.453799672549673,-8.037453102453103,-0.8466666666666667,-10.624025974025972,-14.235167748917751,-6.86497113997114,-9.003085803085803,-12.79572469197469,-5.03610930735931
5,4,2,as|cnf&gap|mrg|tzi,1,1,64.17645785586963,1.37,56.11584434084433,46.0,1.33,299,-11.922727272727272,-15.555613275613275,-8.357803030303032,-1.2066666666666668,-10.692873792873794,-14.215863025863026,-6.88668956043956,-9.07193362193362,-12.773165584415583,-5.428659812409815
3,3,1,as|mrg|tzi,1,1,64.17645785586963,1.38,56.11584434084433,46.0,1.35,299,-11.922727272727272,-15.467420634920636,-8.35245670995671,-1.1866666666666668,-10.692873792873794,-14.200183982683983,-6.781273448773449,-9.07193362193362,-12.818219696969699,-5.481857864357867
4,3,2,as&cnf|mrg|tzi,1,1,64.17645785586963,1.39,56.06456228956228,46.0,1.3666666666666667,299,-11.974009324009323,-15.512349039849042,-8.370632284382285,-1.17,-10.744155844155843,-14.224242424242425,-6.840503246753249,-9.123215673215674,-12.84610028860029,-5.5318578643578675
5,3,2,as&ovl|cnf&mrg|gap,1,1,62.426457855869636,1.57,56.025962000962004,46.0,1.5366666666666666,296,-12.012609612609614,-15.543305444555443,-8.20013888888889,-1.0,-10.782756132756134,-14.509978354978353,-6.972869769119769,-9.161815961815961,-13.050342712842713,-5.171955266955266
5,3,2,as&tzi|cnf&mrg|gap,1,1,61.93836261777439,1.82,56.025962000962004,46.0,1.63,292,-12.012609612609614,-15.543305444555443,-8.20013888888889,-0.9066666666666666,-10.782756132756134,-14.509978354978353,-6.972869769119769,-9.161815961815961,-13.050342712842713,-5.171955266955266
5,3,2,cnf&mrg|gap|ovl&tzi,1,0,61.93836261777439,1.82,56.025962000962004,46.0,1.64,292,-12.012609612609614,-15.543305444555443,-8.20013888888889,-0.8966666666666666,-10.782756132756134,-14.509978354978353,-6.972869769119769,-9.161815961815961,-13.050342712842713,-5.171955266955266
6,3,3,as&ovl&tzi|cnf&mrg|gap,1,1,61.93836261777439,1.82,56.025962000962004,46.0,1.64,292,-12.012609612609614,-15.543305444555443,-8.20013888888889,-0.8966666666666666,-10.782756132756134,-14.509978354978353,-6.972869769119769,-9.161815961815961,-13.050342712842713,-5.171955266955266
3,2,2,cnf&mrg|gap,1,0,61.93836261777439,1.83,56.025962000962004,46.0,1.65,291,-12.012609612609614,-15.543305444555443,-8.20013888888889,-0.8866666666666667,-10.782756132756134,-14.509978354978353,-6.972869769119769,-9.161815961815961,-13.050342712842713,-5.171955266955266
5,4,2,as|gap&ovl|mrg|tzi,1,1,64.17645785586963,1.38,56.004733229733226,45.666666666666664,1.3366666666666667,299,-12.033838383838381,-15.602370129870128,-8.437983405483408,-1.2,-10.803984903984903,-14.29783771783772,-6.900528499278499,-9.183044733044733,-12.832003968253966,-5.489473304473304
6,4,3,as|cnf&gap&ovl|mrg|tzi,1,1,64.17645785586963,1.38,56.004733229733226,45.666666666666664,1.3366666666666667,299,-12.033838383838381,-15.602370129870128,-8.437983405483408,-1.2,-10.803984903984903,-14.29783771783772,-6.900528499278499,-9.183044733044733,-12.832003968253966,-5.489473304473304
6,4,2,as|cnf&tzi|gap|mrg&ovl,1,1,62.426457855869636,1.55,55.99391071891072,46.0,1.46,299,-12.044660894660895,-15.47081168831169,-8.47396645021645,-1.0766666666666667,-10.814807414807413,-14.579781191031193,-7.0894895382395395,-9.193867243867244,-13.020169552669552,-5.347770562770563
4,3,2,as|gap|mrg&ovl,1,1,62.426457855869636,1.55,55.99391071891072,46.0,1.4633333333333334,299,-12.044660894660895,-15.47081168831169,-8.47396645021645,-1.0733333333333333,-10.814807414807413,-14.579781191031193,-7.0894895382395395,-9.193867243867244,-13.020169552669552,-5.347770562770563
5,3,3,as|cnf&mrg&ovl|gap,1,1,62.426457855869636,1.55,55.99391071891072,46.0,1.4633333333333334,299,-12.044660894660895,-15.47081168831169,-8.47396645021645,-1.0733333333333333,-10.814807414807413,-14.579781191031193,-7.0894895382395395,-9.193867243867244,-13.020169552669552,-5.347770562770563
4,3,2,as|gap|mrg&tzi,1,1,62.426457855869636,1.58,55.99391071891072,46.0,1.5,299,-12.044660894660895,-15.47081168831169,-8.47396645021645,-1.0366666666666666,-10.814807414807413,-14.579781191031193,-7.0894895382395395,-9.193867243867244,-13.020169552669552,-5.347770562770563
4,3,2,as|cnf&tzi|gap,0,1,62.426457855869636,1.6,55.99391071891072,46.0,1.5066666666666666,299,-12.044660894660895,-15.47081168831169,-8.47396645021645,-1.03,-10.814807414807413,-14.579781191031193,-7.0894895382395395,-9.193867243867244,-13.020169552669552,-5.347770562770563
5,3,3,as|cnf&mrg&tzi|gap,1,1,62.426457855869636,1.6,55.99391071891072,46.0,1.5066666666666666,299,-12.044660894660895,-15.47081168831169,-8.47396645021645,-1.03,-10.814807414807413,-14.579781191031193,-7.0894895382395395,-9.193867243867244,-13.020169552669552,-5.347770562770563
2,2,1,as|gap,0,1,62.426457855869636,1.61,55.99391071891072,46.0,1.51,299,-12.044660894660895,-15.47081168831169,-8.47396645021645,-1.0266666666666666,-10.814807414807413,-14.579781191031193,-7.0894895382395395,-9.193867243867244,-13.020169552669552,-5.347770562770563
4,3,2,as|gap|ovl&tzi,0,1,62.426457855869636,1.6,55.99391071891072,46.0,1.51,299,-12.044660894660895,-15.47081168831169,-8.47396645021645,-1.0266666666666666,-10.814807414807413,-14.579781191031193,-7.0894895382395395,-9.193867243867244,-13.020169552669552,-5.347770562770563
5,3,3,as|gap|mrg&ovl&tzi,1,1,62.426457855869636,1.6,55.99391071891072,46.0,1.51,299,-12.044660894660895,-15.47081168831169,-8.47396645021645,-1.0266666666666666,-10.814807414807413,-14.579781191031193,-7.0894895382395395,-9.193867243867244,-13.020169552669552,-5.347770562770563
5,3,3,as|cnf&ovl&tzi|gap,0,1,62.426457855869636,1.6,55.99391071891072,46.0,1.51,299,-12.044660894660895,-15.47081168831169,-8.47396645021645,-1.0266666666666666,-10.814807414807413,-14.579781191031193,-7.0894895382395395,-9.193867243867244,-13.020169552669552,-5.347770562770563
6,3,4,as|cnf&mrg&ovl&tzi|gap,1,1,62.426457855869636,1.6,55.99391071891072,46.0,1.51,299,-12.044660894660895,-15.47081168831169,-8.47396645021645,-1.0266666666666666,-10.814807414807413,-14.579781191031193,-7.0894895382395395,-9.193867243867244,-13.020169552669552,-5.347770562770563
6,4,2,as&cnf|gap&ovl|mrg|tzi,1,1,64.17645785586963,1.39,55.953451178451175,45.666666666666664,1.3533333333333333,299,-12.085120435120436,-15.693976856476857,-8.477743506493505,-1.1833333333333333,-10.855266955266952,-14.329790764790765,-6.947913059163061,-9.234326784326784,-12.875499639249638,-5.541052974802974
5,3,2,as&cnf|gap|mrg&ovl,1,1,62.426457855869636,1.57,55.94262866762867,46.0,1.4933333333333334,297,-12.095942945942948,-15.522733238983236,-8.47396645021645,-1.0433333333333332,-10.866089466089468,-14.581325757575758,-7.140447330447332,-9.245149295149293,-13.050892857142857,-5.3651443001443
5,3,2,as&cnf|gap|mrg&tzi,1,1,62.426457855869636,1.6,55.94262866762867,46.0,1.5333333333333334,297,-12.095942945942948,-15.522733238983236,-8.47396645021645,-1.0033333333333334,-10.866089466089468,-14.581325757575758,-7.140447330447332,-9.245149295149293,-13.050892857142857,-5.3651443001443
3,2,2,as&cnf|gap,0,1,62.426457855869636,1.63,55.94262866762867,46.0,1.5433333333333332,297,-12.095942945942948,-15.522733238983236,-8.47396645021645,-0.9933333333333333,-10.866089466089468,-14.581325757575758,-7.140447330447332,-9.245149295149293,-13.050892857142857,-5.3651443001443
5,3,2,as&cnf|gap|ovl&tzi,0,1,62.426457855869636,1.62,55.94262866762867,46.0,1.5433333333333332,297,-12.095942945942948,-15.522733238983236,-8.47396645021645,-0.9933333333333333,-10.866089466089468,-14.581325757575758,-7.140447330447332,-9.245149295149293,-13.050892857142857,-5.3651443001443
6,3,3,as&cnf|gap|mrg&ovl&tzi,1,1,62.426457855869636,1.62,55.94262866762867,46.0,1.5433333333333332,297,-12.095942945942948,-15.522733238983236,-8.47396645021645,-0.9933333333333333,-10.866089466089468,-14.581325757575758,-7.140447330447332,-9.245149295149293,-13.050892857142857,-5.3651443001443
4,3,2,gap&tzi|mrg|ovl,1,0,62.17645785586963,1.39,55.911387686387684,45.33333333333333,1.43,297,-12.127183927183927,-15.861251803751802,-8.430299977799981,-1.1066666666666667,-10.897330447330447,-14.40104797979798,-7.208980880230882,-9.276390276390275,-13.100084360084358,-5.423632756132756
5,3,2,cnf&ovl|gap&tzi|mrg,1,0,62.17645785586963,1.4,55.911387686387684,45.33333333333333,1.43,297,-12.127183927183927,-15.861251803751802,-8.430299977799981,-1.1066666666666667,-10.897330447330447,-14.40104797979798,-7.208980880230882,-9.276390276390275,-13.100084360084358,-5.423632756132756
6,4,2,as&ovl|cnf&mrg|gap|tzi,1,1,62.426457855869636,1.53,55.85135882635883,46.0,1.5,296,-12.187212787212786,-15.798589049839052,-8.34795634920635,-1.0366666666666666,-10.957359307359308,-14.68458152958153,-7.127128427128428,-9.336419136419135,-13.231215312465313,-5.327247474747477
4,3,2,cnf&mrg|gap|tzi,1,0,61.93836261777439,1.78,55.85135882635883,46.0,1.6033333333333333,292,-12.187212787212786,-15.798589049839052,-8.34795634920635,-0.9333333333333333,-10.957359307359308,-14.68458152958153,-7.127128427128428,-9.336419136419135,-13.231215312465313,-5.327247474747477
5,4,2,cnf&gap|mrg|ovl|tzi,1,0,62.17645785586963,1.36,55.847895622895614,45.666666666666664,1.3633333333333333,299,-12.19067599067599,-15.926810966810967,-8.35284951159951,-1.1733333333333333,-10.96082251082251,-14.45712121212121,-7.251996753246755,-9.33988233988234,-13.181433982683982,-5.425162337662338
4,3,2,cnf&tzi|gap|ovl,0,0,60.42645785586963,1.68,55.837073112073114,46.0,1.6533333333333333,279,-12.2014985014985,-15.763026695526694,-8.269766899766902,-0.8833333333333333,-10.97164502164502,-14.541511544011543,-7.280046897546898,-9.35070485070485,-13.28734126984127,-5.260652541902542
4,3,2,gap|mrg&tzi|ovl,1,0,60.42645785586963,1.66,55.837073112073114,46.0,1.6566666666666667,279,-12.2014985014985,-15.763026695526694,-8.269766899766902,-0.88,-10.97164502164502,-14.541511544011543,-7.280046897546898,-9.35070485070485,-13.28734126984127,-5.260652541902542
4,3,2,as&tzi|gap|ovl,0,1,60.42645785586963,1.68,55.837073112073114,46.0,1.6566666666666667,279,-12.2014985014985,-15.763026695526694,-8.269766899766902,-0.88,-10.97164502164502,-14.541511544011543,-7.280046897546898,-9.35070485070485,-13.28734126984127,-5.260652541902542
5,3,3,as&cnf&tzi|gap|ovl,0,1,60.42645785586963,1.68,55.837073112073114,46.0,1.6566666666666667,279,-12.2014985014985,-15.763026695526694,-8.269766899766902,-0.88,-10.97164502164502,-14.541511544011543,-7.280046897546898,-9.35070485070485,-13.28734126984127,-5.260652541902542
5,3,3,cnf&mrg&tzi|gap|ovl,1,0,60.42645785586963,1.68,55.837073112073114,46.0,1.6633333333333333,279,-12.2014985014985,-15.763026695526694,-8.269766899766902,-0.8733333333333333,-10.97164502164502,-14.541511544011543,-7.280046897546898,-9.35070485070485,-13.28734126984127,-5.260652541902542
5,3,3,as&mrg&tzi|gap|ovl,1,1,60.42645785586963,1.68,55.837073112073114,46.0,1.6666666666666667,279,-12.2014985014985,-15.763026695526694,-8.269766899766902,-0.87,-10.97164502164502,-14.541511544011543,-7.280046897546898,-9.35070485070485,-13.28734126984127,-5.260652541902542
5,3,2,cnf&ovl|gap|mrg&tzi,1,0,60.42645785586963,1.67,55.837073112073114,46.0,1.6666666666666667,279,-12.2014985014985,-15.763026695526694,-8.269766899766902,-0.87,-10.97164502164502,-14.541511544011543,-7.280046897546898,-9.35070485070485,-13.28734126984127,-5.260652541902542
5,3,2,as&tzi|cnf&ovl|gap,0,1,60.42645785586963,1.69,55.837073112073114,46.0,1.6666666666666667,279,-12.2014985014985,-15.763026695526694,-8.269766899766902,-0.87,-10.97164502164502,-14.541511544011543,-7.280046897546898,-9.35070485070485,-13.28734126984127,-5.260652541902542
6,3,4,as&cnf&mrg&tzi|gap|ovl,1,1,60.42645785586963,1.68,55.837073112073114,46.0,1.6666666666666667,279,-12.2014985014985,-15.763026695526694,-8.269766899766902,-0.87,-10.97164502164502,-14.541511544011543,-7.280046897546898,-9.35070485070485,-13.28734126984127,-5.260652541902542
2,2,1,gap|ovl,0,0,60.42645785586963,1.71,55.837073112073114,46.0,1.6766666666666667,277,-12.2014985014985,-15.763026695526694,-8.269766899766902,-0.86,-10.97164502164502,-14.541511544011543,-7.280046897546898,-9.35070485070485,-13.28734126984127,-5.260652541902542
6,3,3,as&mrg&tzi|cnf&ovl|gap,1,1,60.42645785586963,1.69,55.837073112073114,46.0,1.6766666666666667,279,-12.2014985014985,-15.763026695526694,-8.269766899766902,-0.86,-10.97164502164502,-14.541511544011543,-7.280046897546898,-9.35070485070485,-13.28734126984127,-5.260652541902542
3,2,2,cnf&ovl|gap,0,0,60.42645785586963,1.72,55.837073112073114,46.0,1.6866666666666668,277,-12.2014985014985,-15.763026695526694,-8.269766899766902,-0.85,-10.97164502164502,-14.541511544011543,-7.280046897546898,-9.35070485070485,-13.28734126984127,-5.260652541902542
5,4,2,as|gap|mrg&ovl|tzi,1,1,62.426457855869636,1.51,55.81930754430755,46.0,1.4333333333333333,299,-12.219264069264069,-15.723663419913422,-8.653212481962482,-1.1033333333333333,-10.98941058941059,-14.779430014430012,-7.236481296481297,-9.36847041847042,-13.15305735930736,-5.546572871572873
6,4,3,as|cnf&mrg&ovl|gap|tzi,1,1,62.426457855869636,1.51,55.81930754430755,46.0,1.4333333333333333,299,-12.219264069264069,-15.723663419913422,-8.653212481962482,-1.1033333333333333,-10.98941058941059,-14.779430014430012,-7.236481296481297,-9.36847041847042,-13.15305735930736,-5.546572871572873
3,3,1,as|gap|tzi,0,1,62.426457855869636,1.56,55.81930754430755,46.0,1.48,299,-12.219264069264069,-15.723663419913422,-8.653212481962482,-1.0566666666666666,-10.98941058941059,-14.779430014430012,-7.236481296481297,-9.36847041847042,-13.15305735930736,-5.546572871572873
6,4,2,as&cnf|gap|mrg&ovl|tzi,1,1,62.426457855869636,1.53,55.7680254930255,46.0,1.4633333333333334,297,-12.270546120546118,-15.823901098901096,-8.725873015873017,-1.0733333333333333,-11.04069264069264,-14.81560064935065,-7.244641053391055,-9.419752469752469,-13.225496031746035,-5.547854922854923
4,3,2,as&cnf|gap|tzi,0,1,62.426457855869636,1.58,55.7680254930255,46.0,1.5133333333333334,297,-12.270546120546118,-15.823901098901096,-8.725873015873017,-1.0233333333333334,-11.04069264069264,-14.81560064935065,-7.244641053391055,-9.419752469752469,-13.225496031746035,-5.547854922854923
5,4,2,as&gap|mrg|ovl|tzi,1,1,62.17645785586963,1.37,55.736784511784506,45.33333333333333,1.37,299,-12.3017871017871,-15.926810966810967,-8.529857087357088,-1.1666666666666667,-11.071933621933619,-14.516865079365083,-7.308616522366523,-9.450993450993451,-13.293161144411144,-5.542441863691865
6,4,2,as&gap|cnf&ovl|mrg|tzi,1,1,62.17645785586963,1.38,55.736784511784506,45.33333333333333,1.37,299,-12.3017871017871,-15.926810966810967,-8.529857087357088,-1.1666666666666667,-11.071933621933619,-14.516865079365083,-7.308616522366523,-9.450993450993451,-13.293161144411144,-5.542441863691865
6,4,3,as&cnf&gap|mrg|ovl|tzi,1,1,62.17645785586963,1.37,55.736784511784506,45.33333333333333,1.37,299,-12.3017871017871,-15.926810966810967,-8.529857087357088,-1.1666666666666667,-11.071933621933619,-14.516865079365083,-7.308616522366523,-9.450993450993451,-13.293161144411144,-5.542441863691865
3,3,1,mrg|ovl|tzi,1,0,62.17645785586963,1.37,55.736784511784506,45.33333333333333,1.4,297,-12.3017871017871,-15.926810966810967,-8.529857087357088,-1.1366666666666667,-11.071933621933619,-14.516865079365083,-7.308616522366523,-9.450993450993451,-13.293161144411144,-5.542441863691865
4,3,2,cnf&ovl|mrg|tzi,1,0,62.17645785586963,1.38,55.736784511784506,45.33333333333333,1.4,297,-12.3017871017871,-15.926810966810967,-8.529857087357088,-1.1366666666666667,-11.071933621933619,-14.516865079365083,-7.308616522366523,-9.450993450993451,-13.293161144411144,-5.542441863691865
6,4,2,as&mrg|cnf&tzi|gap|ovl,1,1,60.42645785586963,1.55,55.72596200096201,45.666666666666664,1.49,296,-12.312609612609613,-15.917540653790653,-8.484990981240983,-1.0466666666666666,-11.082756132756133,-14.621056998557,-7.4615746753246786,-9.46181596181596,-13.398452380952383,-5.371188256188257
4,3,2,as&mrg|gap|ovl,1,1,60.42645785586963,1.55,55.72596200096201,45.666666666666664,1.5033333333333334,296,-12.312609612609613,-15.917540653790653,-8.484990981240983,-1.0333333333333334,-11.082756132756133,-14.621056998557,-7.4615746753246786,-9.46181596181596,-13.398452380952383,-5.371188256188257
5,3,3,as&cnf&mrg|gap|ovl,1,1,60.42645785586963,1.55,55.72596200096201,45.666666666666664,1.5066666666666666,295,-12.312609612609613,-15.917540653790653,-8.484990981240983,-1.03,-11.082756132756133,-14.621056998557,-7.4615746753246786,-9.46181596181596,-13.398452380952383,-5.371188256188257
5,3,2,as&mrg|cnf&ovl|gap,1,1,60.42645785586963,1.56,55.72596200096201,45.666666666666664,1.51,296,-12.312609612609613,-15.917540653790653,-8.484990981240983,-1.0266666666666666,-11.082756132756133,-14.621056998557,-7.4615746753246786,-9.46181596181596,-13.398452380952383,-5.371188256188257
5,4,2,as|cnf|gap&tzi|mrg,1,1,61.17645785586963,1.31,55.67933640433641,45.33333333333333,1.2566666666666666,300,-12.359235209235209,-16.042126623376625,-8.880559163059164,-1.28,-11.129381729381729,-14.642642912642915,-7.464774947274947,-9.50844155844156,-13.192707431457434,-5.7123773448773445
6,5,2,as|cnf|gap&tzi|mrg|ovl,1,1,61.17645785586963,1.31,55.67933640433641,45.33333333333333,1.2566666666666666,300,-12.359235209235209,-16.042126623376625,-8.880559163059164,-1.28,-11.129381729381729,-14.642642912642915,-7.464774947274947,-9.50844155844156,-13.192707431457434,-5.7123773448773445
4,3,2,cnf|gap&tzi|mrg,1,0,61.17645785586963,1.32,55.67933640433641,45.33333333333333,1.26,300,-12.359235209235209,-16.042126623376625,-8.880559163059164,-1.2766666666666666,-11.129381729381729,-14.642642912642915,-7.464774947274947,-9.50844155844156,-13.192707431457434,-5.7123773448773445
5,4,2,cnf|gap&tzi|mrg|ovl,1,0,61.17645785586963,1.31,55.67933640433641,45.33333333333333,1.26,300,-12.359235209235209,-16.042126623376625,-8.880559163059164,-1.2766666666666666,-11.129381729381729,-14.642642912642915,-7.464774947274947,-9.50844155844156,-13.192707431457434,-5.7123773448773445
6,4,2,as&ovl|cnf|gap&tzi|mrg,1,1,61.17645785586963,1.31,55.67933640433641,45.33333333333333,1.26,300,-12.359235209235209,-16.042126623376625,-8.880559163059164,-1.2766666666666666,-11.129381729381729,-14.642642912642915,-7.464774947274947,-9.50844155844156,-13.192707431457434,-5.7123773448773445
3,3,1,gap|ovl|tzi,0,0,60.42645785586963,1.64,55.66246993746993,46.0,1.6266666666666667,279,-12.376101676101676,-16.026790709290708,-8.350797258297257,-0.91,-11.146248196248196,-14.740189393939396,-7.413075396825398,-9.525308025308025,-13.364329975579977,-5.580402236652238
4,3,2,cnf&ovl|gap|tzi,0,0,60.42645785586963,1.65,55.66246993746993,46.0,1.6366666666666667,279,-12.376101676101676,-16.026790709290708,-8.350797258297257,-0.9,-11.146248196248196,-14.740189393939396,-7.413075396825398,-9.525308025308025,-13.364329975579977,-5.580402236652238
4,3,2,as|cnf&mrg|gap,1,1,62.426457855869636,1.51,55.66057738557739,45.666666666666664,1.43,299,-12.377994227994229,-15.885977633477635,-8.71040223665224,-1.1066666666666667,-11.148140748140747,-14.926940281940283,-7.361416361416364,-9.527200577200578,-13.353502886002886,-5.7125523088023105
6,4,2,as|cnf&mrg|gap|ovl&tzi,1,1,62.426457855869636,1.51,55.66057738557739,45.666666666666664,1.43,299,-12.377994227994229,-15.885977633477635,-8.71040223665224,-1.1066666666666667,-11.148140748140747,-14.926940281940283,-7.361416361416364,-9.527200577200578,-13.353502886002886,-5.7125523088023105
5,4,2,as&mrg|gap|ovl|tzi,1,1,60.42645785586963,1.51,55.55135882635883,45.666666666666664,1.4633333333333334,296,-12.487212787212789,-16.092656926406924,-8.543397852147852,-1.0733333333333333,-11.257359307359309,-14.801717171717172,-7.563214285714287,-9.636419136419136,-13.480592601842604,-5.720394605394605
6,4,3,as&cnf&mrg|gap|ovl|tzi,1,1,60.42645785586963,1.51,55.55135882635883,45.666666666666664,1.4666666666666666,295,-12.487212787212789,-16.092656926406924,-8.543397852147852,-1.07,-11.257359307359309,-14.801717171717172,-7.563214285714287,-9.636419136419136,-13.480592601842604,-5.720394605394605
6,4,2,as&mrg|cnf&ovl|gap|tzi,1,1,60.42645785586963,1.52,55.55135882635883,45.666666666666664,1.47,296,-12.487212787212789,-16.092656926406924,-8.543397852147852,-1.0666666666666667,-11.257359307359309,-14.801717171717172,-7.563214285714287,-9.636419136419136,-13.480592601842604,-5.720394605394605
5,4,2,as|gap&tzi|mrg|ovl,1,1,62.17645785586963,1.34,55.54600307100306,45.0,1.3166666666666667,300,-12.492568542568542,-16.115490620490622,-8.929383116883116,-1.22,-11.262715062715062,-14.7462900987901,-7.506055194805196,-9.641774891774892,-13.306082251082252,-5.851901154401154
6,4,2,as|cnf&ovl|gap&tzi|mrg,1,1,62.17645785586963,1.34,55.54600307100306,45.0,1.3166666666666667,300,-12.492568542568542,-16.115490620490622,-8.929383116883116,-1.22,-11.262715062715062,-14.7462900987901,-7.506055194805196,-9.641774891774892,-13.306082251082252,-5.851901154401154
4,4,1,as|cnf|mrg|tzi,1,1,61.17645785586963,1.29,55.50473322973324,45.33333333333333,1.2366666666666666,300,-12.533838383838381,-16.153616522366523,-8.93893759018759,-1.3,-11.303984903984903,-14.82814435564436,-7.602584776334777,-9.683044733044731,-13.373201659451658,-5.886980519480519
5,5,1,as|cnf|mrg|ovl|tzi,1,1,61.17645785586963,1.29,55.50473322973324,45.33333333333333,1.2366666666666666,300,-12.533838383838381,-16.153616522366523,-8.93893759018759,-1.3,-11.303984903984903,-14.82814435564436,-7.602584776334777,-9.683044733044731,-13.373201659451658,-5.886980519480519
6,5,2,as|cnf|gap&ovl|mrg|tzi,1,1,61.17645785586963,1.29,55.50473322973324,45.33333333333333,1.2366666666666666,300,-12.533838383838381,-16.153616522366523,-8.93893759018759,-1.3,-11.303984903984903,-14.82814435564436,-7.602584776334777,-9.683044733044731,-13.373201659451658,-5.886980519480519
3,3,1,cnf|mrg|tzi,1,0,61.17645785586963,1.3,55.50473322973324,45.33333333333333,1.24,300,-12.533838383838381,-16.153616522366523,-8.93893759018759,-1.2966666666666666,-11.303984903984903,-14.82814435564436,-7.602584776334777,-9.683044733044731,-13.373201659451658,-5.886980519480519
4,4,1,cnf|mrg|ovl|tzi,1,0,61.17645785586963,1.29,55.50473322973324,45.33333333333333,1.24,300,-12.533838383838381,-16.153616522366523,-8.93893759018759,-1.2966666666666666,-11.303984903984903,-14.82814435564436,-7.602584776334777,-9.683044733044731,-13.373201659451658,-5.886980519480519
5,4,2,as&ovl|cnf|mrg|tzi,1,1,61.17645785586963,1.29,55.50473322973324,45.33333333333333,1.24,300,-12.533838383838381,-16.153616522366523,-8.93893759018759,-1.2966666666666666,-11.303984903984903,-14.82814435564436,-7.602584776334777,-9.683044733044731,-13.373201659451658,-5.886980519480519
5,4,2,as&gap|cnf|mrg|tzi,1,1,61.17645785586963,1.3,55.50473322973324,45.33333333333333,1.24,300,-12.533838383838381,-16.153616522366523,-8.93893759018759,-1.2966666666666666,-11.303984903984903,-14.82814435564436,-7.602584776334777,-9.683044733044731,-13.373201659451658,-5.886980519480519
5,4,2,cnf|gap&ovl|mrg|tzi,1,0,61.17645785586963,1.3,55.50473322973324,45.33333333333333,1.24,300,-12.533838383838381,-16.153616522366523,-8.93893759018759,-1.2966666666666666,-11.303984903984903,-14.82814435564436,-7.602584776334777,-9.683044733044731,-13.373201659451658,-5.886980519480519
6,5,2,as&gap|cnf|mrg|ovl|tzi,1,1,61.17645785586963,1.29,55.50473322973324,45.33333333333333,1.24,300,-12.533838383838381,-16.153616522366523,-8.93893759018759,-1.2966666666666666,-11.303984903984903,-14.82814435564436,-7.602584776334777,-9.683044733044731,-13.373201659451658,-5.886980519480519
6,4,3,as&gap&ovl|cnf|mrg|tzi,1,1,61.17645785586963,1.3,55.50473322973324,45.33333333333333,1.24,300,-12.533838383838381,-16.153616522366523,-8.93893759018759,-1.2966666666666666,-11.303984903984903,-14.82814435564436,-7.602584776334777,-9.683044733044731,-13.373201659451658,-5.886980519480519
6,4,2,as&cnf|gap&tzi|mrg|ovl,1,1,62.17645785586963,1.34,55.49472101972101,45.0,1.3266666666666667,300,-12.543850593850593,-16.21658286158286,-8.987272311022311,-1.21,-11.313997113997114,-14.839112554112551,-7.556773088023089,-9.693056943056941,-13.404847652347652,-5.851901154401154
5,4,2,as|cnf&mrg|gap|tzi,1,1,62.426457855869636,1.47,55.48597421097422,45.666666666666664,1.4033333333333333,299,-12.552597402597401,-16.062094155844154,-8.857270923520923,-1.1333333333333333,-11.322743922743921,-15.1120467032967,-7.449380341880342,-9.701803751803752,-13.512840909090912,-5.807703823953824
6,5,2,as|cnf&gap|mrg|ovl|tzi,1,1,62.17645785586963,1.31,55.48251100751101,45.33333333333333,1.29,300,-12.556060606060605,-16.230838744588745,-8.983607503607505,-1.2466666666666666,-11.326207126207127,-14.872683982683983,-7.581180069930071,-9.705266955266953,-13.370862193362193,-5.9092027417027415
6,4,2,as&tzi|cnf&mrg|gap|ovl,1,1,60.42645785586963,1.51,55.392628667628664,45.33333333333333,1.4666666666666666,298,-12.645942945942945,-16.252176712176713,-8.861471445221447,-1.07,-11.416089466089467,-14.997748917748915,-7.777426046176047,-9.795149295149294,-13.731785714285715,-5.7618475968475975
4,3,2,cnf&mrg|gap|ovl,1,0,60.42645785586963,1.51,55.392628667628664,45.33333333333333,1.4766666666666666,298,-12.645942945942945,-16.252176712176713,-8.861471445221447,-1.06,-11.416089466089467,-14.997748917748915,-7.777426046176047,-9.795149295149294,-13.731785714285715,-5.7618475968475975
4,4,1,as|mrg|ovl|tzi,1,1,62.17645785586963,1.32,55.371399896399886,45.0,1.2966666666666666,300,-12.667171717171716,-16.31154942279942,-9.025907287157288,-1.24,-11.437318237318237,-14.92043734043734,-7.664283910533911,-9.816378066378066,-13.589217171717172,-6.073544372294373
5,4,2,as|cnf&ovl|mrg|tzi,1,1,62.17645785586963,1.32,55.371399896399886,45.0,1.2966666666666666,300,-12.667171717171716,-16.31154942279942,-9.025907287157288,-1.24,-11.437318237318237,-14.92043734043734,-7.664283910533911,-9.816378066378066,-13.589217171717172,-6.073544372294373
5,4,2,as|gap|mrg&tzi|ovl,1,1,60.42645785586963,1.46,55.36057738557738,45.33333333333333,1.4066666666666667,300,-12.67799422799423,-16.266711760461757,-8.894752886002886,-1.13,-11.44814074814075,-14.999402958152958,-7.764132395382396,-9.827200577200577,-13.499563492063494,-6.029635642135644
6,4,2,as|cnf&ovl|gap|mrg&tzi,1,1,60.42645785586963,1.46,55.36057738557738,45.33333333333333,1.4066666666666667,300,-12.67799422799423,-16.266711760461757,-8.894752886002886,-1.13,-11.44814074814075,-14.999402958152958,-7.764132395382396,-9.827200577200577,-13.499563492063494,-6.029635642135644
5,4,2,as|cnf&tzi|gap|ovl,0,1,60.42645785586963,1.48,55.36057738557738,45.33333333333333,1.4133333333333333,300,-12.67799422799423,-16.266711760461757,-8.894752886002886,-1.1233333333333333,-11.44814074814075,-14.999402958152958,-7.764132395382396,-9.827200577200577,-13.499563492063494,-6.029635642135644
6,4,3,as|cnf&mrg&tzi|gap|ovl,1,1,60.42645785586963,1.48,55.36057738557738,45.33333333333333,1.4133333333333333,300,-12.67799422799423,-16.266711760461757,-8.894752886002886,-1.1233333333333333,-11.44814074814075,-14.999402958152958,-7.764132395382396,-9.827200577200577,-13.499563492063494,-6.029635642135644
3,3,1,as|gap|ovl,0,1,60.42645785586963,1.48,55.36057738557738,45.33333333333333,1.4166666666666667,300,-12.67799422799423,-16.266711760461757,-8.894752886002886,-1.12,-11.44814074814075,-14.999402958152958,-7.764132395382396,-9.827200577200577,-13.499563492063494,-6.029635642135644
4,3,2,as|cnf&ovl|gap,0,1,60.42645785586963,1.48,55.36057738557738,45.33333333333333,1.4166666666666667,300,-12.67799422799423,-16.266711760461757,-8.894752886002886,-1.12,-11.44814074814075,-14.999402958152958,-7.764132395382396,-9.827200577200577,-13.499563492063494,-6.029635642135644
5,4,2,as&cnf|mrg|ovl|tzi,1,1,62.17645785586963,1.32,55.32011784511784,45.0,1.3066666666666666,300,-12.718453768453768,-16.367982989232992,-9.053525918525917,-1.23,-11.488600288600285,-14.984522005772005,-7.731376262626263,-9.867660117660119,-13.60826298701299,-6.173103840603841
6,4,2,as&cnf|gap|mrg&tzi|ovl,1,1,60.42645785586963,1.47,55.30929533429533,45.33333333333333,1.4233333333333333,299,-12.72927627927628,-16.334979742479742,-9.000380591630593,-1.1133333333333333,-11.499422799422799,-15.027707431457433,-7.819276695526696,-9.878482628482626,-13.563896242646242,-6.030969585969586
4,3,2,as&cnf|gap|ovl,0,1,60.42645785586963,1.49,55.30929533429533,45.33333333333333,1.4333333333333333,299,-12.72927627927628,-16.334979742479742,-9.000380591630593,-1.1033333333333333,-11.499422799422799,-15.027707431457433,-7.819276695526696,-9.878482628482626,-13.563896242646242,-6.030969585969586
5,4,2,cnf&mrg|gap|ovl|tzi,1,0,60.42645785586963,1.47,55.21802549302549,45.33333333333333,1.44,298,-12.820546120546123,-16.458441558441557,-8.96258436008436,-1.0966666666666667,-11.590692640692641,-15.224182900432904,-7.867635281385282,-9.969752469752468,-13.920257936507936,-5.936924603174604
4,4,1,as|gap|ovl|tzi,0,1,60.42645785586963,1.44,55.18597421097421,45.33333333333333,1.3866666666666667,300,-12.852597402597402,-16.43378787878788,-9.069282106782106,-1.15,-11.622743922743922,-15.202191558441559,-7.868505106005107,-10.00180375180375,-13.686994949494949,-6.144384920634921
5,4,2,as|cnf&ovl|gap|tzi,0,1,60.42645785586963,1.44,55.18597421097421,45.33333333333333,1.3866666666666667,300,-12.852597402597402,-16.43378787878788,-9.069282106782106,-1.15,-11.622743922743922,-15.202191558441559,-7.868505106005107,-10.00180375180375,-13.686994949494949,-6.144384920634921
5,4,2,as&cnf|gap|ovl|tzi,0,1,60.42645785586963,1.45,55.13469215969216,45.33333333333333,1.4033333333333333,299,-12.903879453879455,-16.491323953823954,-9.069282106782106,-1.1333333333333333,-11.674025974025975,-15.291340187590185,-7.888616522366523,-10.053085803085802,-13.740424852924852,-6.204238816738817
5,4,2,as|cnf|gap|mrg&tzi,1,1,59.42645785586963,1.41,55.049466274466276,45.0,1.3266666666666667,300,-12.98910533910534,-16.612005772005777,-9.247449494949496,-1.21,-11.75925185925186,-15.400072982572983,-8.052215423465423,-10.138311688311688,-13.966652236652235,-6.3254743867243866
6,5,2,as|cnf|gap|mrg&tzi|ovl,1,1,59.42645785586963,1.41,55.049466274466276,45.0,1.3266666666666667,300,-12.98910533910534,-16.612005772005777,-9.247449494949496,-1.21,-11.75925185925186,-15.400072982572983,-8.052215423465423,-10.138311688311688,-13.966652236652235,-6.3254743867243866
3,3,1,as|cnf|gap,0,1,59.42645785586963,1.43,55.049466274466276,45.0,1.3333333333333333,300,-12.98910533910534,-16.612005772005777,-9.247449494949496,-1.2033333333333334,-11.75925185925186,-15.400072982572983,-8.052215423465423,-10.138311688311688,-13.966652236652235,-6.3254743867243866
4,4,1,as|cnf|gap|ovl,0,1,59.42645785586963,1.43,55.049466274466276,45.0,1.3333333333333333,300,-12.98910533910534,-16.612005772005777,-9.247449494949496,-1.2033333333333334,-11.75925185925186,-15.400072982572983,-8.052215423465423,-10.138311688311688,-13.966652236652235,-6.3254743867243866
5,4,2,as|cnf|gap|mrg&ovl,1,1,59.42645785586963,1.43,55.049466274466276,45.0,1.3333333333333333,300,-12.98910533910534,-16.612005772005777,-9.247449494949496,-1.2033333333333334,-11.75925185925186,-15.400072982572983,-8.052215423465423,-10.138311688311688,-13.966652236652235,-6.3254743867243866
5,4,2,as|cnf|gap|ovl&tzi,0,1,59.42645785586963,1.43,55.049466274466276,45.0,1.3333333333333333,300,-12.98910533910534,-16.612005772005777,-9.247449494949496,-1.2033333333333334,-11.75925185925186,-15.400072982572983,-8.052215423465423,-10.138311688311688,-13.966652236652235,-6.3254743867243866
6,4,3,as|cnf|gap|mrg&ovl&tzi,1,1,59.42645785586963,1.43,55.049466274466276,45.0,1.3333333333333333,300,-12.98910533910534,-16.612005772005777,-9.247449494949496,-1.2033333333333334,-11.75925185925186,-15.400072982572983,-8.052215423465423,-10.138311688311688,-13.966652236652235,-6.3254743867243866
5,4,2,cnf|gap|mrg&tzi|ovl,1,0,59.42645785586963,1.42,55.049466274466276,45.0,1.3366666666666667,300,-12.98910533910534,-16.612005772005777,-9.247449494949496,-1.2,-11.75925185925186,-15.400072982572983,-8.052215423465423,-10.138311688311688,-13.966652236652235,-6.3254743867243866
6,4,2,as&ovl|cnf|gap|mrg&tzi,1,1,59.42645785586963,1.42,55.049466274466276,45.0,1.3366666666666667,300,-12.98910533910534,-16.612005772005777,-9.247449494949496,-1.2,-11.75925185925186,-15.400072982572983,-8.052215423465423,-10.138311688311688,-13.966652236652235,-6.3254743867243866
5,4,2,as&mrg|cnf|gap|ovl,1,1,59.42645785586963,1.44,55.049466274466276,45.0,1.34,300,-12.98910533910534,-16.612005772005777,-9.247449494949496,-1.1966666666666668,-11.75925185925186,-15.400072982572983,-8.052215423465423,-10.138311688311688,-13.966652236652235,-6.3254743867243866
3,3,1,cnf|gap|ovl,0,0,59.42645785586963,1.44,55.049466274466276,45.0,1.3433333333333333,300,-12.98910533910534,-16.612005772005777,-9.247449494949496,-1.1933333333333334,-11.75925185925186,-15.400072982572983,-8.052215423465423,-10.138311688311688,-13.966652236652235,-6.3254743867243866
4,3,2,as&ovl|cnf|gap,0,1,59.42645785586963,1.44,55.049466274466276,45.0,1.3433333333333333,300,-12.98910533910534,-16.612005772005777,-9.247449494949496,-1.1933333333333334,-11.75925185925186,-15.400072982572983,-8.052215423465423,-10.138311688311688,-13.966652236652235,-6.3254743867243866
5,4,2,as&tzi|cnf|gap|ovl,0,1,59.42645785586963,1.44,55.049466274466276,45.0,1.3433333333333333,300,-12.98910533910534,-16.612005772005777,-9.247449494949496,-1.1933333333333334,-11.75925185925186,-15.400072982572983,-8.052215423465423,-10.138311688311688,-13.966652236652235,-6.3254743867243866
6,4,3,as&mrg&tzi|cnf|gap|ovl,1,1,59.42645785586963,1.44,55.049466274466276,45.0,1.3433333333333333,300,-12.98910533910534,-16.612005772005777,-9.247449494949496,-1.1933333333333334,-11.75925185925186,-15.400072982572983,-8.052215423465423,-10.138311688311688,-13.966652236652235,-6.3254743867243866
4,3,2,as&mrg|cnf|gap,1,1,59.42645785586963,1.45,55.049466274466276,45.0,1.3466666666666667,300,-12.98910533910534,-16.612005772005777,-9.247449494949496,-1.19,-11.75925185925186,-15.400072982572983,-8.052215423465423,-10.138311688311688,-13.966652236652235,-6.3254743867243866
4,3,2,cnf|gap|mrg&tzi,1,0,59.42645785586963,1.43,55.049466274466276,45.0,1.3466666666666667,300,-12.98910533910534,-16.612005772005777,-9.247449494949496,-1.19,-11.75925185925186,-15.400072982572983,-8.052215423465423,-10.138311688311688,-13.966652236652235,-6.3254743867243866
6,4,2,as&mrg|cnf|gap|ovl&tzi,1,1,59.42645785586963,1.45,55.049466274466276,45.0,1.3466666666666667,300,-12.98910533910534,-16.612005772005777,-9.247449494949496,-1.19,-11.75925185925186,-15.400072982572983,-8.052215423465423,-10.138311688311688,-13.966652236652235,-6.3254743867243866
4,3,2,cnf|gap|mrg&ovl,1,0,59.42645785586963,1.45,55.049466274466276,45.0,1.35,300,-12.98910533910534,-16.612005772005777,-9.247449494949496,-1.1866666666666668,-11.75925185925186,-15.400072982572983,-8.052215423465423,-10.138311688311688,-13.966652236652235,-6.3254743867243866
5,3,3,as&mrg&ovl|cnf|gap,1,1,59.42645785586963,1.45,55.049466274466276,45.0,1.35,300,-12.98910533910534,-16.612005772005777,-9.247449494949496,-1.1866666666666668,-11.75925185925186,-15.400072982572983,-8.052215423465423,-10.138311688311688,-13.966652236652235,-6.3254743867243866
6,4,2,as&tzi|cnf|gap|mrg&ovl,1,1,59.42645785586963,1.45,55.049466274466276,45.0,1.35,300,-12.98910533910534,-16.612005772005777,-9.247449494949496,-1.1866666666666668,-11.75925185925186,-15.400072982572983,-8.052215423465423,-10.138311688311688,-13.966652236652235,-6.3254743867243866
2,2,1,cnf|gap,0,0,59.42645785586963,1.45,55.049466274466276,45.0,1.3533333333333333,300,-12.98910533910534,-16.612005772005777,-9.247449494949496,-1.1833333333333333,-11.75925185925186,-15.400072982572983,-8.052215423465423,-10.138311688311688,-13.966652236652235,-6.3254743867243866
4,3,2,as&tzi|cnf|gap,0,1,59.42645785586963,1.45,55.049466274466276,45.0,1.3533333333333333,300,-12.98910533910534,-16.612005772005777,-9.247449494949496,-1.1833333333333333,-11.75925185925186,-15.400072982572983,-8.052215423465423,-10.138311688311688,-13.966652236652235,-6.3254743867243866
4,3,2,cnf|gap|ovl&tzi,0,0,59.42645785586963,1.45,55.049466274466276,45.0,1.3533333333333333,300,-12.98910533910534,-16.612005772005777,-9.247449494949496,-1.1833333333333333,-11.75925185925186,-15.400072982572983,-8.052215423465423,-10.138311688311688,-13.966652236652235,-6.3254743867243866
5,3,3,as&mrg&tzi|cnf|gap,1,1,59.42645785586963,1.45,55.049466274466276,45.0,1.3533333333333333,300,-12.98910533910534,-16.612005772005777,-9.247449494949496,-1.1833333333333333,-11.75925185925186,-15.400072982572983,-8.052215423465423,-10.138311688311688,-13.966652236652235,-6.3254743867243866
5,3,3,cnf|gap|mrg&ovl&tzi,1,0,59.42645785586963,1.45,55.049466274466276,45.0,1.3533333333333333,300,-12.98910533910534,-16.612005772005777,-9.247449494949496,-1.1833333333333333,-11.75925185925186,-15.400072982572983,-8.052215423465423,-10.138311688311688,-13.966652236652235,-6.3254743867243866
5,3,3,as&ovl&tzi|cnf|gap,0,1,59.42645785586963,1.45,55.049466274466276,45.0,1.3533333333333333,300,-12.98910533910534,-16.612005772005777,-9.247449494949496,-1.1833333333333333,-11.75925185925186,-15.400072982572983,-8.052215423465423,-10.138311688311688,-13.966652236652235,-6.3254743867243866
6,3,4,as&mrg&ovl&tzi|cnf|gap,1,1,59.42645785586963,1.45,55.049466274466276,45.0,1.3533333333333333,300,-12.98910533910534,-16.612005772005777,-9.247449494949496,-1.1833333333333333,-11.75925185925186,-15.400072982572983,-8.052215423465423,-10.138311688311688,-13.966652236652235,-6.3254743867243866
5,4,2,as|cnf&mrg|gap|ovl,1,1,60.42645785586963,1.45,55.02724405224405,45.0,1.3866666666666667,300,-13.011327561327562,-16.643896103896104,-9.248719336219338,-1.15,-11.781474081474084,-15.415747169497168,-8.028855450105452,-10.160533910533909,-14.019985569985572,-6.427418831168835
6,4,2,as&ovl|cnf&tzi|gap|mrg,1,1,62.426457855869636,1.41,54.99868927368927,45.0,1.3866666666666667,297,-13.03988233988234,-16.757058635808637,-9.05304612054612,-1.15,-11.810028860028861,-15.521470057720057,-7.890090187590188,-10.189088689088688,-14.13809523809524,-6.155126262626262
4,3,2,as&ovl|gap|mrg,1,1,62.426457855869636,1.41,54.99868927368927,45.0,1.3966666666666667,297,-13.03988233988234,-16.757058635808637,-9.05304612054612,-1.14,-11.810028860028861,-15.521470057720057,-7.890090187590188,-10.189088689088688,-14.13809523809524,-6.155126262626262
5,3,3,as&cnf&ovl|gap|mrg,1,1,62.426457855869636,1.42,54.99868927368927,45.0,1.3966666666666667,297,-13.03988233988234,-16.757058635808637,-9.05304612054612,-1.14,-11.810028860028861,-15.521470057720057,-7.890090187590188,-10.189088689088688,-14.13809523809524,-6.155126262626262
4,3,2,as&tzi|gap|mrg,1,1,61.93836261777439,1.66,54.99868927368927,45.0,1.4666666666666666,294,-13.03988233988234,-16.757058635808637,-9.05304612054612,-1.07,-11.810028860028861,-15.521470057720057,-7.890090187590188,-10.189088689088688,-14.13809523809524,-6.155126262626262
4,3,2,cnf&tzi|gap|mrg,1,0,61.93836261777439,1.66,54.99868927368927,45.0,1.4666666666666666,294,-13.03988233988234,-16.757058635808637,-9.05304612054612,-1.07,-11.810028860028861,-15.521470057720057,-7.890090187590188,-10.189088689088688,-14.13809523809524,-6.155126262626262
5,3,3,as&cnf&tzi|gap|mrg,1,1,61.93836261777439,1.66,54.99868927368927,45.0,1.4666666666666666,294,-13.03988233988234,-16.757058635808637,-9.05304612054612,-1.07,-11.810028860028861,-15.521470057720057,-7.890090187590188,-10.189088689088688,-14.13809523809524,-6.155126262626262
4,3,2,gap|mrg|ovl&tzi,1,0,61.93836261777439,1.66,54.99868927368927,45.0,1.4766666666666666,294,-13.03988233988234,-16.757058635808637,-9.05304612054612,-1.06,-11.810028860028861,-15.521470057720057,-7.890090187590188,-10.189088689088688,-14.13809523809524,-6.155126262626262
5,3,3,as&ovl&tzi|gap|mrg,1,1,61.93836261777439,1.66,54.99868927368927,45.0,1.4766666666666666,294,-13.03988233988234,-16.757058635808637,-9.05304612054612,-1.06,-11.810028860028861,-15.521470057720057,-7.890090187590188,-10.189088689088688,-14.13809523809524,-6.155126262626262
5,3,3,cnf&ovl&tzi|gap|mrg,1,0,61.93836261777439,1.66,54.99868927368927,45.0,1.4766666666666666,294,-13.03988233988234,-16.757058635808637,-9.05304612054612,-1.06,-11.810028860028861,-15.521470057720057,-7.890090187590188,-10.189088689088688,-14.13809523809524,-6.155126262626262
6,3,4,as&cnf&ovl&tzi|gap|mrg,1,1,61.93836261777439,1.66,54.99868927368927,45.0,1.4766666666666666,294,-13.03988233988234,-16.757058635808637,-9.05304612054612,-1.06,-11.810028860028861,-15.521470057720057,-7.890090187590188,-10.189088689088688,-14.13809523809524,-6.155126262626262
2,2,1,gap|mrg,1,0,61.93836261777439,1.67,54.99868927368927,45.0,1.4866666666666666,293,-13.03988233988234,-16.757058635808637,-9.05304612054612,-1.05,-11.810028860028861,-15.521470057720057,-7.890090187590188,-10.189088689088688,-14.13809523809524,-6.155126262626262
4,4,1,as|cnf|gap|tzi,0,1,59.42645785586963,1.39,54.874863099863106,45.0,1.3066666666666666,300,-13.163708513708514,-16.78660894660895,-9.420330086580089,-1.23,-11.933855033855034,-15.49779304029304,-8.115451770451772,-10.312914862914862,-14.160853174603174,-6.522656926406928
5,5,1,as|cnf|gap|ovl|tzi,0,1,59.42645785586963,1.39,54.874863099863106,45.0,1.3066666666666666,300,-13.163708513708514,-16.78660894660895,-9.420330086580089,-1.23,-11.933855033855034,-15.49779304029304,-8.115451770451772,-10.312914862914862,-14.160853174603174,-6.522656926406928
6,5,2,as|cnf|gap|mrg&ovl|tzi,1,1,59.42645785586963,1.39,54.874863099863106,45.0,1.3066666666666666,300,-13.163708513708514,-16.78660894660895,-9.420330086580089,-1.23,-11.933855033855034,-15.49779304029304,-8.115451770451772,-10.312914862914862,-14.160853174603174,-6.522656926406928
6,5,2,as&mrg|cnf|gap|ovl|tzi,1,1,59.42645785586963,1.4,54.874863099863106,45.0,1.3133333333333332,300,-13.163708513708514,-16.78660894660895,-9.420330086580089,-1.2233333333333334,-11.933855033855034,-15.49779304029304,-8.115451770451772,-10.312914862914862,-14.160853174603174,-6.522656926406928
4,4,1,cnf|gap|ovl|tzi,0,0,59.42645785586963,1.4,54.874863099863106,45.0,1.3166666666666667,300,-13.163708513708514,-16.78660894660895,-9.420330086580089,-1.22,-11.933855033855034,-15.49779304029304,-8.115451770451772,-10.312914862914862,-14.160853174603174,-6.522656926406928
5,4,2,as&ovl|cnf|gap|tzi,0,1,59.42645785586963,1.4,54.874863099863106,45.0,1.3166666666666667,300,-13.163708513708514,-16.78660894660895,-9.420330086580089,-1.22,-11.933855033855034,-15.49779304029304,-8.115451770451772,-10.312914862914862,-14.160853174603174,-6.522656926406928
5,4,2,as&mrg|cnf|gap|tzi,1,1,59.42645785586963,1.41,54.874863099863106,45.0,1.32,300,-13.163708513708514,-16.78660894660895,-9.420330086580089,-1.2166666666666666,-11.933855033855034,-15.49779304029304,-8.115451770451772,-10.312914862914862,-14.160853174603174,-6.522656926406928
5,4,2,cnf|gap|mrg&ovl|tzi,1,0,59.42645785586963,1.41,54.874863099863106,45.0,1.3233333333333333,300,-13.163708513708514,-16.78660894660895,-9.420330086580089,-1.2133333333333334,-11.933855033855034,-15.49779304029304,-8.115451770451772,-10.312914862914862,-14.160853174603174,-6.522656926406928
6,4,3,as&mrg&ovl|cnf|gap|tzi,1,1,59.42645785586963,1.41,54.874863099863106,45.0,1.3233333333333333,300,-13.163708513708514,-16.78660894660895,-9.420330086580089,-1.2133333333333334,-11.933855033855034,-15.49779304029304,-8.115451770451772,-10.312914862914862,-14.160853174603174,-6.522656926406928
3,3,1,cnf|gap|tzi,0,0,59.42645785586963,1.41,54.874863099863106,45.0,1.3266666666666667,300,-13.163708513708514,-16.78660894660895,-9.420330086580089,-1.21,-11.933855033855034,-15.49779304029304,-8.115451770451772,-10.312914862914862,-14.160853174603174,-6.522656926406928
6,5,2,as|cnf&mrg|gap|ovl|tzi,1,1,60.42645785586963,1.41,54.852640877640866,45.0,1.36,300,-13.185930735930734,-16.790858585858587,-9.422433261183263,-1.1766666666666667,-11.956077256077254,-15.503413530913528,-8.165396825396828,-10.335137085137085,-14.181765873015873,-6.455156926406927
5,4,2,as&ovl|gap|mrg|tzi,1,1,62.426457855869636,1.39,54.8240860990861,45.0,1.3666666666666667,297,-13.214485514485514,-16.932438256188256,-9.178133671883671,-1.17,-11.984632034632035,-15.696073232323233,-8.054731240981242,-10.363691863691862,-14.287161865911866,-6.264265456765458
6,4,3,as&cnf&ovl|gap|mrg|tzi,1,1,62.426457855869636,1.4,54.8240860990861,45.0,1.3666666666666667,297,-13.214485514485514,-16.932438256188256,-9.178133671883671,-1.17,-11.984632034632035,-15.696073232323233,-8.054731240981242,-10.363691863691862,-14.287161865911866,-6.264265456765458
3,3,1,gap|mrg|tzi,1,0,61.93836261777439,1.64,54.8240860990861,45.0,1.4466666666666668,294,-13.214485514485514,-16.932438256188256,-9.178133671883671,-1.09,-11.984632034632035,-15.696073232323233,-8.054731240981242,-10.363691863691862,-14.287161865911866,-6.264265456765458
3,3,1,as|gap|mrg,1,1,62.426457855869636,1.36,54.63330465830466,44.666666666666664,1.2966666666666666,299,-13.405266955266956,-16.951123737373738,-9.564944083694083,-1.24,-12.175413475413475,-15.946333805083807,-8.149752886002888,-10.554473304473303,-14.402635281385281,-6.693064574314575
5,4,2,as|cnf&tzi|gap|mrg,1,1,62.426457855869636,1.36,54.63330465830466,44.666666666666664,1.2966666666666666,299,-13.405266955266956,-16.951123737373738,-9.564944083694083,-1.24,-12.175413475413475,-15.946333805083807,-8.149752886002888,-10.554473304473303,-14.402635281385281,-6.693064574314575
5,4,2,as|gap|mrg|ovl&tzi,1,1,62.426457855869636,1.36,54.63330465830466,44.666666666666664,1.2966666666666666,299,-13.405266955266956,-16.951123737373738,-9.564944083694083,-1.24,-12.175413475413475,-15.946333805083807,-8.149752886002888,-10.554473304473303,-14.402635281385281,-6.693064574314575
6,4,3,as|cnf&ovl&tzi|gap|mrg,1,1,62.426457855869636,1.36,54.63330465830466,44.666666666666664,1.2966666666666666,299,-13.405266955266956,-16.951123737373738,-9.564944083694083,-1.24,-12.175413475413475,-15.946333805083807,-8.149752886002888,-10.554473304473303,-14.402635281385281,-6.693064574314575
4,3,2,as&cnf|gap|mrg,1,1,62.426457855869636,1.37,54.58202260702261,44.666666666666664,1.3133333333333332,299,-13.456549006549007,-17.00240578865579,-9.616226134976136,-1.2233333333333334,-12.226695526695528,-16.068304473304476,-8.150726911976914,-10.605755355755354,-14.49617923742924,-6.706289682539684
6,4,2,as&cnf|gap|mrg|ovl&tzi,1,1,62.426457855869636,1.37,54.58202260702261,44.666666666666664,1.3133333333333332,299,-13.456549006549007,-17.00240578865579,-9.616226134976136,-1.2233333333333334,-12.226695526695528,-16.068304473304476,-8.150726911976914,-10.605755355755354,-14.49617923742924,-6.706289682539684
4,4,1,as|gap|mrg|tzi,1,1,62.426457855869636,1.34,54.458701483701475,44.666666666666664,1.2766666666666666,299,-13.579870129870129,-17.15687229437229,-9.733282828282828,-1.26,-12.350016650016652,-16.114168747918747,-8.422586996337001,-10.729076479076479,-14.640790043290043,-6.744610389610389
5,4,2,as&cnf|gap|mrg|tzi,1,1,62.426457855869636,1.35,54.40741943241944,44.666666666666664,1.2933333333333332,299,-13.631152181152178,-17.197205572205572,-9.777460317460319,-1.2433333333333334,-12.401298701298701,-16.238214285714285,-8.423869047619052,-10.780358530358528,-14.672232628482629,-6.79646103896104
5,4,2,as&tzi|gap|mrg|ovl,1,1,60.42645785586963,1.35,54.36535594035593,44.333333333333336,1.33,299,-13.673215673215672,-17.305332861582862,-9.465050088800089,-1.2066666666666668,-12.443362193362194,-16.09609487734488,-8.497252886002887,-10.822422022422023,-14.63196608946609,-6.8218015318015315
5,4,2,cnf&tzi|gap|mrg|ovl,1,0,60.42645785586963,1.35,54.36535594035593,44.333333333333336,1.33,299,-13.673215673215672,-17.305332861582862,-9.465050088800089,-1.2066666666666668,-12.443362193362194,-16.09609487734488,-8.497252886002887,-10.822422022422023,-14.63196608946609,-6.8218015318015315
6,4,2,as&tzi|cnf&ovl|gap|mrg,1,1,60.42645785586963,1.36,54.36535594035593,44.333333333333336,1.33,299,-13.673215673215672,-17.305332861582862,-9.465050088800089,-1.2066666666666668,-12.443362193362194,-16.09609487734488,-8.497252886002887,-10.822422022422023,-14.63196608946609,-6.8218015318015315
6,4,3,as&cnf&tzi|gap|mrg|ovl,1,1,60.42645785586963,1.35,54.36535594035593,44.333333333333336,1.33,299,-13.673215673215672,-17.305332861582862,-9.465050088800089,-1.2066666666666668,-12.443362193362194,-16.09609487734488,-8.497252886002887,-10.822422022422023,-14.63196608946609,-6.8218015318015315
3,3,1,gap|mrg|ovl,1,0,60.42645785586963,1.35,54.36535594035593,44.333333333333336,1.34,299,-13.673215673215672,-17.305332861582862,-9.465050088800089,-1.1966666666666668,-12.443362193362194,-16.09609487734488,-8.497252886002887,-10.822422022422023,-14.63196608946609,-6.8218015318015315
4,3,2,cnf&ovl|gap|mrg,1,0,60.42645785586963,1.36,54.36535594035593,44.333333333333336,1.34,299,-13.673215673215672,-17.305332861582862,-9.465050088800089,-1.1966666666666668,-12.443362193362194,-16.09609487734488,-8.497252886002887,-10.822422022422023,-14.63196608946609,-6.8218015318015315
4,4,1,gap|mrg|ovl|tzi,1,0,60.42645785586963,1.33,54.19075276575276,44.333333333333336,1.31,299,-13.847818847818846,-17.58033286158286,-9.639817404817405,-1.2266666666666666,-12.617965367965366,-16.36331349206349,-8.728556998557,-10.997025197025195,-14.930786019536018,-6.9012662337662345
5,4,2,cnf&ovl|gap|mrg|tzi,1,0,60.42645785586963,1.34,54.19075276575276,44.333333333333336,1.31,299,-13.847818847818846,-17.58033286158286,-9.639817404817405,-1.2266666666666666,-12.617965367965366,-16.36331349206349,-8.728556998557,-10.997025197025195,-14.930786019536018,-6.9012662337662345
4,4,1,as|cnf|gap|mrg,1,1,59.42645785586963,1.28,54.022193547193545,44.0,1.2033333333333334,300,-14.016378066378065,-17.65935966810967,-10.1117297979798,-1.3333333333333333,-12.786524586524587,-16.42333735708736,-8.86897089022089,-11.165584415584414,-14.920398629148629,-7.256441197691201
5,5,1,as|cnf|gap|mrg|ovl,1,1,59.42645785586963,1.28,54.022193547193545,44.0,1.2033333333333334,300,-14.016378066378065,-17.65935966810967,-10.1117297979798,-1.3333333333333333,-12.786524586524587,-16.42333735708736,-8.86897089022089,-11.165584415584414,-14.920398629148629,-7.256441197691201
6,5,2,as|cnf|gap|mrg|ovl&tzi,1,1,59.42645785586963,1.28,54.022193547193545,44.0,1.2033333333333334,300,-14.016378066378065,-17.65935966810967,-10.1117297979798,-1.3333333333333333,-12.786524586524587,-16.42333735708736,-8.86897089022089,-11.165584415584414,-14.920398629148629,-7.256441197691201
3,3,1,cnf|gap|mrg,1,0,59.42645785586963,1.29,54.022193547193545,44.0,1.2066666666666668,300,-14.016378066378065,-17.65935966810967,-10.1117297979798,-1.33,-12.786524586524587,-16.42333735708736,-8.86897089022089,-11.165584415584414,-14.920398629148629,-7.256441197691201
4,4,1,cnf|gap|mrg|ovl,1,0,59.42645785586963,1.28,54.022193547193545,44.0,1.2066666666666668,300,-14.016378066378065,-17.65935966810967,-10.1117297979798,-1.33,-12.786524586524587,-16.42333735708736,-8.86897089022089,-11.165584415584414,-14.920398629148629,-7.256441197691201
5,4,2,as&ovl|cnf|gap|mrg,1,1,59.42645785586963,1.28,54.022193547193545,44.0,1.2066666666666668,300,-14.016378066378065,-17.65935966810967,-10.1117297979798,-1.33,-12.786524586524587,-16.42333735708736,-8.86897089022089,-11.165584415584414,-14.920398629148629,-7.256441197691201
5,4,2,as&tzi|cnf|gap|mrg,1,1,59.42645785586963,1.29,54.022193547193545,44.0,1.2066666666666668,300,-14.016378066378065,-17.65935966810967,-10.1117297979798,-1.33,-12.786524586524587,-16.42333735708736,-8.86897089022089,-11.165584415584414,-14.920398629148629,-7.256441197691201
5,4,2,cnf|gap|mrg|ovl&tzi,1,0,59.42645785586963,1.29,54.022193547193545,44.0,1.2066666666666668,300,-14.016378066378065,-17.65935966810967,-10.1117297979798,-1.33,-12.786524586524587,-16.42333735708736,-8.86897089022089,-11.165584415584414,-14.920398629148629,-7.256441197691201
6,5,2,as&tzi|cnf|gap|mrg|ovl,1,1,59.42645785586963,1.28,54.022193547193545,44.0,1.2066666666666668,300,-14.016378066378065,-17.65935966810967,-10.1117297979798,-1.33,-12.786524586524587,-16.42333735708736,-8.86897089022089,-11.165584415584414,-14.920398629148629,-7.256441197691201
6,4,3,as&ovl&tzi|cnf|gap|mrg,1,1,59.42645785586963,1.29,54.022193547193545,44.0,1.2066666666666668,300,-14.016378066378065,-17.65935966810967,-10.1117297979798,-1.33,-12.786524586524587,-16.42333735708736,-8.86897089022089,-11.165584415584414,-14.920398629148629,-7.256441197691201
4,4,1,as|gap|mrg|ovl,1,1,60.42645785586963,1.3,53.99997132497132,44.0,1.2566666666666666,300,-14.03860028860029,-17.670551948051948,-10.118180014430017,-1.28,-12.80874680874681,-16.413261183261184,-8.890209651459653,-11.187806637806638,-15.00558621933622,-7.247999639249643
5,4,2,as|cnf&ovl|gap|mrg,1,1,60.42645785586963,1.3,53.99997132497132,44.0,1.2566666666666666,300,-14.03860028860029,-17.670551948051948,-10.118180014430017,-1.28,-12.80874680874681,-16.413261183261184,-8.890209651459653,-11.187806637806638,-15.00558621933622,-7.247999639249643
6,5,2,as|cnf&tzi|gap|mrg|ovl,1,1,60.42645785586963,1.3,53.99997132497132,44.0,1.2566666666666666,300,-14.03860028860029,-17.670551948051948,-10.118180014430017,-1.28,-12.80874680874681,-16.413261183261184,-8.890209651459653,-11.187806637806638,-15.00558621933622,-7.247999639249643
5,4,2,as&cnf|gap|mrg|ovl,1,1,60.42645785586963,1.3,53.94868927368927,44.0,1.2666666666666666,300,-14.08988233988234,-17.728836580086583,-10.118180014430017,-1.27,-12.86002886002886,-16.502683982683983,-8.902664141414144,-11.239088689088689,-15.056868270618274,-7.249281690531692
5,5,1,as|cnf|gap|mrg|tzi,1,1,59.42645785586963,1.26,53.84759037259037,44.0,1.1833333333333333,300,-14.190981240981241,-17.87445707070707,-10.27668650793651,-1.3533333333333333,-12.961127761127761,-16.595264180264184,-9.11850288600289,-11.34018759018759,-15.090535714285716,-7.281443001443005
6,6,1,as|cnf|gap|mrg|ovl|tzi,1,1,59.42645785586963,1.26,53.84759037259037,44.0,1.1833333333333333,300,-14.190981240981241,-17.87445707070707,-10.27668650793651,-1.3533333333333333,-12.961127761127761,-16.595264180264184,-9.11850288600289,-11.34018759018759,-15.090535714285716,-7.281443001443005
4,4,1,cnf|gap|mrg|tzi,1,0,59.42645785586963,1.27,53.84759037259037,44.0,1.1866666666666668,300,-14.190981240981241,-17.87445707070707,-10.27668650793651,-1.35,-12.961127761127761,-16.595264180264184,-9.11850288600289,-11.34018759018759,-15.090535714285716,-7.281443001443005
5,5,1,cnf|gap|mrg|ovl|tzi,1,0,59.42645785586963,1.26,53.84759037259037,44.0,1.1866666666666668,300,-14.190981240981241,-17.87445707070707,-10.27668650793651,-1.35,-12.961127761127761,-16.595264180264184,-9.11850288600289,-11.34018759018759,-15.090535714285716,-7.281443001443005
6,5,2,as&ovl|cnf|gap|mrg|tzi,1,1,59.42645785586963,1.26,53.84759037259037,44.0,1.1866666666666668,300,-14.190981240981241,-17.87445707070707,-10.27668650793651,-1.35,-12.961127761127761,-16.595264180264184,-9.11850288600289,-11.34018759018759,-15.090535714285716,-7.281443001443005
5,5,1,as|gap|mrg|ovl|tzi,1,1,60.42645785586963,1.28,53.82536815036815,44.0,1.2366666666666666,300,-14.213203463203461,-17.879251443001447,-10.18433261183261,-1.3,-12.983349983349985,-16.591944444444444,-9.098851426351425,-11.362409812409812,-15.14609126984127,-7.30614357864358
6,5,2,as|cnf&ovl|gap|mrg|tzi,1,1,60.42645785586963,1.28,53.82536815036815,44.0,1.2366666666666666,300,-14.213203463203461,-17.879251443001447,-10.18433261183261,-1.3,-12.983349983349985,-16.591944444444444,-9.098851426351425,-11.362409812409812,-15.14609126984127,-7.30614357864358
6,5,2,as&cnf|gap|mrg|ovl|tzi,1,1,60.42645785586963,1.28,53.77408609908609,44.0,1.2466666666666666,300,-14.264485514485514,-17.949277666777665,-10.234938256188258,-1.29,-13.034632034632034,-16.73141414141414,-9.184727633477635,-11.413691863691861,-15.170484792984793,-7.30614357864358
