size,subset,tune_f1,tune_calls,eval_f1,eval_calls,eval_em,diff_f1_vs_k3,diff_calls_vs_k3,f1_per_call,f1_minus_05calls
1,answer_stable,72.45979118920295,2.4,67.09412716912718,2.5,55.666666666666664,1.64444444444446,-0.5,26.837650867650872,65.84412716912718
1,overlap_signal,72.45979118920295,2.96,66.40316257816258,3.1066666666666665,56.333333333333336,0.9534798534798625,0.10666666666666647,21.37440855520255,64.84982924482925
1,answer_stable_f1,72.45979118920295,2.34,66.18142875642874,2.3666666666666667,55.00000000000001,0.7317460317460274,-0.6333333333333333,27.96398398158961,64.9980954230954
2,answer_stable+answer_stable_f1,72.45979118920295,2.34,66.18142875642874,2.3666666666666667,55.00000000000001,0.7317460317460274,-0.6333333333333333,27.96398398158961,64.9980954230954
2,answer_stable_f1+answer_stable_seq,72.45979118920295,2.31,65.84809542309542,2.3466666666666667,54.666666666666664,0.3984126984126988,-0.6533333333333333,28.06026793597816,64.67476208976208
3,answer_stable+answer_stable_f1+answer_stable_seq,72.45979118920295,2.31,65.84809542309542,2.3466666666666667,54.666666666666664,0.3984126984126988,-0.6533333333333333,28.06026793597816,64.67476208976208
1,answer_stable_seq,72.45979118920295,2.33,65.84809542309542,2.3633333333333333,54.666666666666664,0.3984126984126988,-0.6366666666666667,27.862381702297075,64.66642875642874
2,answer_stable+answer_stable_seq,72.45979118920295,2.33,65.84809542309542,2.3633333333333333,54.666666666666664,0.3984126984126988,-0.6366666666666667,27.862381702297075,64.66642875642874
2,answer_stable+overlap_signal,71.45979118920295,2.21,64.98301605801606,2.2133333333333334,54.666666666666664,-0.46666666666665435,-0.7866666666666666,29.359796411754246,63.87634939134939
2,answer_stable_f1+overlap_signal,71.45979118920295,2.16,64.79253986753987,2.183333333333333,54.666666666666664,-0.6571428571428442,-0.8166666666666669,29.675972458415213,63.700873200873204
3,answer_stable+answer_stable_f1+overlap_signal,71.45979118920295,2.16,64.79253986753987,2.183333333333333,54.666666666666664,-0.6571428571428442,-0.8166666666666669,29.675972458415213,63.700873200873204
3,answer_stable_f1+answer_stable_seq+overlap_signal,71.45979118920295,2.14,64.45920653420654,2.17,54.333333333333336,-0.9904761904761727,-0.8300000000000001,29.704703471984583,63.37420653420654
4,answer_stable+answer_stable_f1+answer_stable_seq+overlap_signal,71.45979118920295,2.14,64.45920653420654,2.17,54.333333333333336,-0.9904761904761727,-0.8300000000000001,29.704703471984583,63.37420653420654
2,answer_stable_seq+overlap_signal,71.45979118920295,2.16,64.45920653420654,2.1766666666666667,54.333333333333336,-0.9904761904761727,-0.8233333333333333,29.613724288303157,63.37087320087321
3,answer_stable+answer_stable_seq+overlap_signal,71.45979118920295,2.16,64.45920653420654,2.1766666666666667,54.333333333333336,-0.9904761904761727,-0.8233333333333333,29.613724288303157,63.37087320087321
2,answer_stable+calibrated_conf,67.51861471861471,2.0,63.53857161357161,2.006666666666667,53.333333333333336,-1.9111111111111043,-0.9933333333333332,31.66374000676326,62.53523828023828
3,answer_stable+calibrated_conf+overlap_signal,67.51861471861471,2.0,63.53857161357161,2.006666666666667,53.333333333333336,-1.9111111111111043,-0.9933333333333332,31.66374000676326,62.53523828023828
2,calibrated_conf+overlap_signal,67.51861471861471,2.01,63.53857161357161,2.03,53.333333333333336,-1.9111111111111043,-0.9700000000000002,31.29978897220277,62.52357161357161
1,calibrated_conf,67.51861471861471,2.02,63.53857161357161,2.04,53.333333333333336,-1.9111111111111043,-0.96,31.14635863410373,62.51857161357161
2,answer_stable_f1+calibrated_conf,67.51861471861471,2.0,63.348095423095415,2.0033333333333334,53.333333333333336,-2.1015873015873012,-0.9966666666666666,31.621345469099207,62.34642875642875
2,answer_stable_seq+calibrated_conf,67.51861471861471,2.0,63.348095423095415,2.0033333333333334,53.333333333333336,-2.1015873015873012,-0.9966666666666666,31.621345469099207,62.34642875642875
3,answer_stable+answer_stable_f1+calibrated_conf,67.51861471861471,2.0,63.348095423095415,2.0033333333333334,53.333333333333336,-2.1015873015873012,-0.9966666666666666,31.621345469099207,62.34642875642875
3,answer_stable+answer_stable_seq+calibrated_conf,67.51861471861471,2.0,63.348095423095415,2.0033333333333334,53.333333333333336,-2.1015873015873012,-0.9966666666666666,31.621345469099207,62.34642875642875
3,answer_stable_f1+answer_stable_seq+calibrated_conf,67.51861471861471,2.0,63.348095423095415,2.0033333333333334,53.333333333333336,-2.1015873015873012,-0.9966666666666666,31.621345469099207,62.34642875642875
3,answer_stable_f1+calibrated_conf+overlap_signal,67.51861471861471,2.0,63.348095423095415,2.0033333333333334,53.333333333333336,-2.1015873015873012,-0.9966666666666666,31.621345469099207,62.34642875642875
3,answer_stable_seq+calibrated_conf+overlap_signal,67.51861471861471,2.0,63.348095423095415,2.0033333333333334,53.333333333333336,-2.1015873015873012,-0.9966666666666666,31.621345469099207,62.34642875642875
4,answer_stable+answer_stable_f1+answer_stable_seq+calibrated_conf,67.51861471861471,2.0,63.348095423095415,2.0033333333333334,53.333333333333336,-2.1015873015873012,-0.9966666666666666,31.621345469099207,62.34642875642875
4,answer_stable+answer_stable_f1+calibrated_conf+overlap_signal,67.51861471861471,2.0,63.348095423095415,2.0033333333333334,53.333333333333336,-2.1015873015873012,-0.9966666666666666,31.621345469099207,62.34642875642875
4,answer_stable+answer_stable_seq+calibrated_conf+overlap_signal,67.51861471861471,2.0,63.348095423095415,2.0033333333333334,53.333333333333336,-2.1015873015873012,-0.9966666666666666,31.621345469099207,62.34642875642875
4,answer_stable_f1+answer_stable_seq+calibrated_conf+overlap_signal,67.51861471861471,2.0,63.348095423095415,2.0033333333333334,53.333333333333336,-2.1015873015873012,-0.9966666666666666,31.621345469099207,62.34642875642875
5,answer_stable+answer_stable_f1+answer_stable_seq+calibrated_conf+overlap_signal,67.51861471861471,2.0,63.348095423095415,2.0033333333333334,53.333333333333336,-2.1015873015873012,-0.9966666666666666,31.621345469099207,62.34642875642875
1,ce_top_score,68.88836261777439,2.97,63.275384800384806,3.03,51.66666666666667,-2.1742979242979104,0.029999999999999805,20.882965280655053,61.760384800384806
1,judge_entailment,67.65194805194805,2.15,61.83627946127945,2.4233333333333333,52.0,-3.6134032634032636,-0.5766666666666667,25.51703416558987,60.62461279461279
2,overlap_signal+ce_top_score,67.37645785586963,2.01,61.5706228956229,2.3033333333333332,50.66666666666667,-3.8790598290598197,-0.6966666666666668,26.73109532371472,60.41895622895623
2,answer_stable+answer_in_evidence,65.70070028011204,1.51,61.55841288341289,1.6366666666666667,51.0,-3.891269841269825,-1.3633333333333333,37.612064898215614,60.74007955007956
2,answer_stable+ce_top_score,67.37645785586963,1.75,61.339365264365256,1.8633333333333333,50.0,-4.110317460317461,-1.1366666666666667,32.91915846030336,60.40769859769859
1,answer_in_evidence,67.10070028011205,1.84,61.26268638768638,2.283333333333333,50.66666666666667,-4.186996336996337,-0.7166666666666668,26.830373600446592,60.121019721019714
2,answer_stable_f1+answer_in_evidence,65.70070028011204,1.51,60.64571447071446,1.5733333333333333,50.33333333333333,-4.803968253968257,-1.4266666666666667,38.54600496019987,59.85904780404779
3,answer_stable+answer_stable_f1+answer_in_evidence,65.70070028011204,1.51,60.64571447071446,1.5733333333333333,50.33333333333333,-4.803968253968257,-1.4266666666666667,38.54600496019987,59.85904780404779
3,answer_stable+overlap_signal+ce_top_score,67.37645785586963,1.66,60.59492081992083,1.76,49.666666666666664,-4.854761904761887,-1.24,34.42893228404593,59.71492081992083
3,answer_stable+answer_in_evidence+overlap_signal,65.70070028011204,1.51,60.56952399452399,1.5566666666666666,50.33333333333333,-4.880158730158726,-1.4433333333333334,38.90975845472633,59.791190661190655
4,answer_stable_f1+answer_stable_seq+overlap_signal+ce_top_score,67.37645785586963,1.64,60.40444462944463,1.7366666666666666,49.666666666666664,-5.0452380952380835,-1.2633333333333334,34.781829920985395,59.5361112961113
5,answer_stable+answer_stable_f1+answer_stable_seq+overlap_signal+ce_top_score,67.37645785586963,1.64,60.40444462944463,1.7366666666666666,49.666666666666664,-5.0452380952380835,-1.2633333333333334,34.781829920985395,59.5361112961113
3,answer_stable_f1+overlap_signal+ce_top_score,67.37645785586963,1.64,60.40444462944463,1.74,49.666666666666664,-5.0452380952380835,-1.26,34.71519806289921,59.534444629444636
3,answer_stable_seq+overlap_signal+ce_top_score,67.37645785586963,1.64,60.40444462944463,1.74,49.666666666666664,-5.0452380952380835,-1.26,34.71519806289921,59.534444629444636
4,answer_stable+answer_stable_f1+overlap_signal+ce_top_score,67.37645785586963,1.64,60.40444462944463,1.74,49.666666666666664,-5.0452380952380835,-1.26,34.71519806289921,59.534444629444636
4,answer_stable+answer_stable_seq+overlap_signal+ce_top_score,67.37645785586963,1.64,60.40444462944463,1.74,49.666666666666664,-5.0452380952380835,-1.26,34.71519806289921,59.534444629444636
3,answer_stable_f1+answer_in_evidence+overlap_signal,65.70070028011204,1.51,60.379047804047794,1.5433333333333332,50.33333333333333,-5.070634920634923,-1.4566666666666668,39.12249317756877,59.607381137381125
4,answer_stable+answer_stable_f1+answer_in_evidence+overlap_signal,65.70070028011204,1.51,60.379047804047794,1.5433333333333332,50.33333333333333,-5.070634920634923,-1.4566666666666668,39.12249317756877,59.607381137381125
3,answer_stable_f1+answer_stable_seq+answer_in_evidence,65.70070028011204,1.51,60.31238113738113,1.5666666666666667,50.0,-5.137301587301586,-1.4333333333333333,38.49726455577519,59.5290478040478
4,answer_stable+answer_stable_f1+answer_stable_seq+answer_in_evidence,65.70070028011204,1.51,60.31238113738113,1.5666666666666667,50.0,-5.137301587301586,-1.4333333333333333,38.49726455577519,59.5290478040478
2,answer_stable_seq+answer_in_evidence,65.70070028011204,1.51,60.31238113738113,1.57,50.0,-5.137301587301586,-1.43,38.41552938686696,59.527381137381134
3,answer_stable+answer_stable_seq+answer_in_evidence,65.70070028011204,1.51,60.31238113738113,1.57,50.0,-5.137301587301586,-1.43,38.41552938686696,59.527381137381134
3,answer_stable_f1+answer_stable_seq+ce_top_score,67.37645785586963,1.72,60.26000018500019,1.7833333333333334,49.333333333333336,-5.189682539682529,-1.2166666666666666,33.790654309345896,59.36833351833352
4,answer_stable+answer_stable_f1+answer_stable_seq+ce_top_score,67.37645785586963,1.72,60.26000018500019,1.7833333333333334,49.333333333333336,-5.189682539682529,-1.2166666666666666,33.790654309345896,59.36833351833352
2,answer_stable_f1+ce_top_score,67.37645785586963,1.72,60.26000018500019,1.79,49.333333333333336,-5.189682539682529,-1.21,33.664804572625805,59.365000185000184
2,answer_stable_seq+ce_top_score,67.37645785586963,1.72,60.26000018500019,1.79,49.333333333333336,-5.189682539682529,-1.21,33.664804572625805,59.365000185000184
3,answer_stable+answer_stable_f1+ce_top_score,67.37645785586963,1.72,60.26000018500019,1.79,49.333333333333336,-5.189682539682529,-1.21,33.664804572625805,59.365000185000184
3,answer_stable+answer_stable_seq+ce_top_score,67.37645785586963,1.72,60.26000018500019,1.79,49.333333333333336,-5.189682539682529,-1.21,33.664804572625805,59.365000185000184
4,answer_stable_f1+answer_stable_seq+answer_in_evidence+overlap_signal,65.70070028011204,1.51,60.045714470714465,1.5366666666666666,50.0,-5.403968253968252,-1.4633333333333334,39.075302258599436,59.277381137381134
5,answer_stable+answer_stable_f1+answer_stable_seq+answer_in_evidence+overlap_signal,65.70070028011204,1.51,60.045714470714465,1.5366666666666666,50.0,-5.403968253968252,-1.4633333333333334,39.075302258599436,59.277381137381134
3,answer_stable_seq+answer_in_evidence+overlap_signal,65.70070028011204,1.51,60.045714470714465,1.54,50.0,-5.403968253968252,-1.46,38.990723682282116,59.27571447071446
4,answer_stable+answer_stable_seq+answer_in_evidence+overlap_signal,65.70070028011204,1.51,60.045714470714465,1.54,50.0,-5.403968253968252,-1.46,38.990723682282116,59.27571447071446
2,overlap_signal+judge_entailment,66.98528138528138,1.77,59.8807239057239,1.9066666666666667,50.33333333333333,-5.568958818958819,-1.0933333333333333,31.405974076428617,58.927390572390564
3,answer_stable+calibrated_conf+ce_top_score,66.37645785586963,1.59,59.81714304214304,1.6,49.0,-5.632539682539679,-1.4,37.3857144013394,59.01714304214304
4,answer_stable+calibrated_conf+overlap_signal+ce_top_score,66.37645785586963,1.59,59.81714304214304,1.6,49.0,-5.632539682539679,-1.4,37.3857144013394,59.01714304214304
3,calibrated_conf+overlap_signal+ce_top_score,66.37645785586963,1.6,59.81714304214304,1.61,49.0,-5.632539682539679,-1.39,37.153504995119896,59.01214304214304
2,calibrated_conf+ce_top_score,66.37645785586963,1.61,59.81714304214304,1.6166666666666667,49.0,-5.632539682539679,-1.3833333333333333,37.00029466524312,59.00880970880971
2,answer_stable+judge_entailment,66.98528138528138,1.63,59.72565675065675,1.74,50.0,-5.724025974025963,-1.26,34.32509008658434,58.855656750656756
2,answer_in_evidence+overlap_signal,67.10070028011205,1.64,59.718241943241935,1.8033333333333332,49.666666666666664,-5.7314407814407815,-1.1966666666666668,33.11547612379405,58.81657527657527
3,answer_stable_f1+calibrated_conf+ce_top_score,66.37645785586963,1.59,59.626666851666855,1.5966666666666667,49.0,-5.823015873015862,-1.4033333333333333,37.344467756785086,58.82833351833352
3,answer_stable_seq+calibrated_conf+ce_top_score,66.37645785586963,1.59,59.626666851666855,1.5966666666666667,49.0,-5.823015873015862,-1.4033333333333333,37.344467756785086,58.82833351833352
4,answer_stable+answer_stable_f1+calibrated_conf+ce_top_score,66.37645785586963,1.59,59.626666851666855,1.5966666666666667,49.0,-5.823015873015862,-1.4033333333333333,37.344467756785086,58.82833351833352
4,answer_stable+answer_stable_seq+calibrated_conf+ce_top_score,66.37645785586963,1.59,59.626666851666855,1.5966666666666667,49.0,-5.823015873015862,-1.4033333333333333,37.344467756785086,58.82833351833352
4,answer_stable_f1+answer_stable_seq+calibrated_conf+ce_top_score,66.37645785586963,1.59,59.626666851666855,1.5966666666666667,49.0,-5.823015873015862,-1.4033333333333333,37.344467756785086,58.82833351833352
4,answer_stable_f1+calibrated_conf+overlap_signal+ce_top_score,66.37645785586963,1.59,59.626666851666855,1.5966666666666667,49.0,-5.823015873015862,-1.4033333333333333,37.344467756785086,58.82833351833352
4,answer_stable_seq+calibrated_conf+overlap_signal+ce_top_score,66.37645785586963,1.59,59.626666851666855,1.5966666666666667,49.0,-5.823015873015862,-1.4033333333333333,37.344467756785086,58.82833351833352
5,answer_stable+answer_stable_f1+answer_stable_seq+calibrated_conf+ce_top_score,66.37645785586963,1.59,59.626666851666855,1.5966666666666667,49.0,-5.823015873015862,-1.4033333333333333,37.344467756785086,58.82833351833352
5,answer_stable+answer_stable_f1+calibrated_conf+overlap_signal+ce_top_score,66.37645785586963,1.59,59.626666851666855,1.5966666666666667,49.0,-5.823015873015862,-1.4033333333333333,37.344467756785086,58.82833351833352
5,answer_stable+answer_stable_seq+calibrated_conf+overlap_signal+ce_top_score,66.37645785586963,1.59,59.626666851666855,1.5966666666666667,49.0,-5.823015873015862,-1.4033333333333333,37.344467756785086,58.82833351833352
5,answer_stable_f1+answer_stable_seq+calibrated_conf+overlap_signal+ce_top_score,66.37645785586963,1.59,59.626666851666855,1.5966666666666667,49.0,-5.823015873015862,-1.4033333333333333,37.344467756785086,58.82833351833352
6,answer_stable+answer_stable_f1+answer_stable_seq+calibrated_conf+overlap_signal+ce_top_score,66.37645785586963,1.59,59.626666851666855,1.5966666666666667,49.0,-5.823015873015862,-1.4033333333333333,37.344467756785086,58.82833351833352
3,answer_stable+answer_in_evidence+calibrated_conf,63.75952380952381,1.46,59.56952399452399,1.49,49.333333333333336,-5.880158730158726,-1.51,39.97954630504966,58.82452399452399
4,answer_stable+answer_in_evidence+calibrated_conf+overlap_signal,63.75952380952381,1.46,59.56952399452399,1.49,49.333333333333336,-5.880158730158726,-1.51,39.97954630504966,58.82452399452399
3,answer_in_evidence+calibrated_conf+overlap_signal,63.75952380952381,1.46,59.56952399452399,1.5,49.333333333333336,-5.880158730158726,-1.5,39.71301599634933,58.81952399452399
2,answer_in_evidence+calibrated_conf,63.75952380952381,1.46,59.56952399452399,1.5033333333333334,49.333333333333336,-5.880158730158726,-1.4966666666666666,39.6249605285082,58.817857327857325
3,answer_stable_f1+answer_in_evidence+calibrated_conf,63.75952380952381,1.46,59.379047804047794,1.4866666666666666,49.333333333333336,-6.070634920634923,-1.5133333333333334,39.94106354532363,58.63571447071446
3,answer_stable_seq+answer_in_evidence+calibrated_conf,63.75952380952381,1.46,59.379047804047794,1.4866666666666666,49.333333333333336,-6.070634920634923,-1.5133333333333334,39.94106354532363,58.63571447071446
4,answer_stable+answer_stable_f1+answer_in_evidence+calibrated_conf,63.75952380952381,1.46,59.379047804047794,1.4866666666666666,49.333333333333336,-6.070634920634923,-1.5133333333333334,39.94106354532363,58.63571447071446
4,answer_stable+answer_stable_seq+answer_in_evidence+calibrated_conf,63.75952380952381,1.46,59.379047804047794,1.4866666666666666,49.333333333333336,-6.070634920634923,-1.5133333333333334,39.94106354532363,58.63571447071446
4,answer_stable_f1+answer_stable_seq+answer_in_evidence+calibrated_conf,63.75952380952381,1.46,59.379047804047794,1.4866666666666666,49.333333333333336,-6.070634920634923,-1.5133333333333334,39.94106354532363,58.63571447071446
4,answer_stable_f1+answer_in_evidence+calibrated_conf+overlap_signal,63.75952380952381,1.46,59.379047804047794,1.4866666666666666,49.333333333333336,-6.070634920634923,-1.5133333333333334,39.94106354532363,58.63571447071446
4,answer_stable_seq+answer_in_evidence+calibrated_conf+overlap_signal,63.75952380952381,1.46,59.379047804047794,1.4866666666666666,49.333333333333336,-6.070634920634923,-1.5133333333333334,39.94106354532363,58.63571447071446
5,answer_stable+answer_stable_f1+answer_stable_seq+answer_in_evidence+calibrated_conf,63.75952380952381,1.46,59.379047804047794,1.4866666666666666,49.333333333333336,-6.070634920634923,-1.5133333333333334,39.94106354532363,58.63571447071446
5,answer_stable+answer_stable_f1+answer_in_evidence+calibrated_conf+overlap_signal,63.75952380952381,1.46,59.379047804047794,1.4866666666666666,49.333333333333336,-6.070634920634923,-1.5133333333333334,39.94106354532363,58.63571447071446
5,answer_stable+answer_stable_seq+answer_in_evidence+calibrated_conf+overlap_signal,63.75952380952381,1.46,59.379047804047794,1.4866666666666666,49.333333333333336,-6.070634920634923,-1.5133333333333334,39.94106354532363,58.63571447071446
5,answer_stable_f1+answer_stable_seq+answer_in_evidence+calibrated_conf+overlap_signal,63.75952380952381,1.46,59.379047804047794,1.4866666666666666,49.333333333333336,-6.070634920634923,-1.5133333333333334,39.94106354532363,58.63571447071446
6,answer_stable+answer_stable_f1+answer_stable_seq+answer_in_evidence+calibrated_conf+overlap_signal,63.75952380952381,1.46,59.379047804047794,1.4866666666666666,49.333333333333336,-6.070634920634923,-1.5133333333333334,39.94106354532363,58.63571447071446
2,answer_stable_f1+judge_entailment,66.98528138528138,1.63,59.3685138935139,1.7,49.666666666666664,-6.081168831168817,-1.3,34.922655231478764,58.5185138935139
3,answer_stable+answer_stable_f1+judge_entailment,66.98528138528138,1.63,59.3685138935139,1.7,49.666666666666664,-6.081168831168817,-1.3,34.922655231478764,58.5185138935139
1,top_score_z_intra,66.77169595110772,2.84,59.287866762866756,2.5733333333333333,49.0,-6.161815961815961,-0.42666666666666675,23.03932646225392,58.00120009620009
2,answer_stable_seq+judge_entailment,66.98528138528138,1.63,59.035180560180564,1.6933333333333334,49.333333333333336,-6.414502164502153,-1.3066666666666666,34.86329560640584,58.1885138935139
3,answer_stable+answer_stable_seq+judge_entailment,66.98528138528138,1.63,59.035180560180564,1.6933333333333334,49.333333333333336,-6.414502164502153,-1.3066666666666666,34.86329560640584,58.1885138935139
3,answer_stable_f1+answer_stable_seq+judge_entailment,66.98528138528138,1.63,59.035180560180564,1.6933333333333334,49.333333333333336,-6.414502164502153,-1.3066666666666666,34.86329560640584,58.1885138935139
4,answer_stable+answer_stable_f1+answer_stable_seq+judge_entailment,66.98528138528138,1.63,59.035180560180564,1.6933333333333334,49.333333333333336,-6.414502164502153,-1.3066666666666666,34.86329560640584,58.1885138935139
3,answer_stable+overlap_signal+judge_entailment,65.98528138528138,1.6,58.881212306212305,1.6633333333333333,49.333333333333336,-6.568470418470412,-1.3366666666666667,35.39952643660058,58.04954563954564
3,answer_stable_f1+overlap_signal+judge_entailment,65.98528138528138,1.6,58.69073611573612,1.6566666666666667,49.333333333333336,-6.758946608946594,-1.3433333333333333,35.42700369159122,57.86240278240279
4,answer_stable+answer_stable_f1+overlap_signal+judge_entailment,65.98528138528138,1.6,58.69073611573612,1.6566666666666667,49.333333333333336,-6.758946608946594,-1.3433333333333333,35.42700369159122,57.86240278240279
3,answer_stable+answer_in_evidence+ce_top_score,64.10070028011205,1.28,58.669523994524,1.41,48.0,-6.780158730158718,-1.59,41.60959148547801,57.964523994524
2,answer_in_evidence+ce_top_score,64.50070028011204,1.46,58.65157527657527,1.7533333333333334,48.0,-6.798107448107444,-1.2466666666666666,33.451468788921254,57.77490860990861
2,answer_stable+top_score_z_intra,65.25979118920296,1.62,58.567720242720235,1.63,48.0,-6.881962481962482,-1.37,35.9311167133253,57.75272024272024
2,overlap_signal+top_score_z_intra,64.25979118920296,1.79,58.41643819143818,1.8033333333333332,48.0,-7.033244533244535,-1.1966666666666668,32.39358864589918,57.51477152477152
3,answer_stable_seq+overlap_signal+judge_entailment,65.98528138528138,1.6,58.35740278240278,1.65,49.0,-7.092279942279937,-1.35,35.36812289842593,57.53240278240278
4,answer_stable+answer_stable_seq+overlap_signal+judge_entailment,65.98528138528138,1.6,58.35740278240278,1.65,49.0,-7.092279942279937,-1.35,35.36812289842593,57.53240278240278
4,answer_stable_f1+answer_stable_seq+overlap_signal+judge_entailment,65.98528138528138,1.6,58.35740278240278,1.65,49.0,-7.092279942279937,-1.35,35.36812289842593,57.53240278240278
5,answer_stable+answer_stable_f1+answer_stable_seq+overlap_signal+judge_entailment,65.98528138528138,1.6,58.35740278240278,1.65,49.0,-7.092279942279937,-1.35,35.36812289842593,57.53240278240278
2,answer_stable_f1+top_score_z_intra,65.25979118920296,1.61,58.234386909386906,1.57,47.66666666666667,-7.215295815295811,-1.43,37.09196618432287,57.44938690938691
3,answer_stable+answer_stable_f1+top_score_z_intra,65.25979118920296,1.61,58.234386909386906,1.57,47.66666666666667,-7.215295815295811,-1.43,37.09196618432287,57.44938690938691
3,answer_stable_f1+answer_stable_seq+top_score_z_intra,65.25979118920296,1.59,58.234386909386906,1.57,47.66666666666667,-7.215295815295811,-1.43,37.09196618432287,57.44938690938691
4,answer_stable+answer_stable_f1+answer_stable_seq+top_score_z_intra,65.25979118920296,1.59,58.234386909386906,1.57,47.66666666666667,-7.215295815295811,-1.43,37.09196618432287,57.44938690938691
2,answer_stable_seq+top_score_z_intra,65.25979118920296,1.6,58.234386909386906,1.5733333333333333,47.66666666666667,-7.215295815295811,-1.4266666666666667,37.013381510203544,57.44772024272024
3,answer_stable+answer_stable_seq+top_score_z_intra,65.25979118920296,1.6,58.234386909386906,1.5733333333333333,47.66666666666667,-7.215295815295811,-1.4266666666666667,37.013381510203544,57.44772024272024
3,answer_stable+calibrated_conf+judge_entailment,62.98528138528139,1.57,57.99232341732341,1.5966666666666667,48.333333333333336,-7.4573593073593045,-1.4033333333333333,36.32087061627771,57.19399008399008
4,answer_stable+calibrated_conf+overlap_signal+judge_entailment,62.98528138528139,1.57,57.99232341732341,1.5966666666666667,48.333333333333336,-7.4573593073593045,-1.4033333333333333,36.32087061627771,57.19399008399008
3,calibrated_conf+overlap_signal+judge_entailment,62.98528138528139,1.58,57.99232341732341,1.62,48.333333333333336,-7.4573593073593045,-1.38,35.79773050452062,57.18232341732341
2,calibrated_conf+judge_entailment,62.98528138528139,1.59,57.99232341732341,1.6266666666666667,48.333333333333336,-7.4573593073593045,-1.3733333333333333,35.65101849425619,57.17899008399008
3,answer_stable_f1+overlap_signal+top_score_z_intra,64.25979118920296,1.52,57.9343869093869,1.49,47.333333333333336,-7.515295815295815,-1.51,38.88213886536034,57.189386909386904
3,answer_stable_seq+overlap_signal+top_score_z_intra,64.25979118920296,1.52,57.9343869093869,1.49,47.333333333333336,-7.515295815295815,-1.51,38.88213886536034,57.189386909386904
4,answer_stable+answer_stable_f1+overlap_signal+top_score_z_intra,64.25979118920296,1.52,57.9343869093869,1.49,47.333333333333336,-7.515295815295815,-1.51,38.88213886536034,57.189386909386904
4,answer_stable+answer_stable_seq+overlap_signal+top_score_z_intra,64.25979118920296,1.52,57.9343869093869,1.49,47.333333333333336,-7.515295815295815,-1.51,38.88213886536034,57.189386909386904
4,answer_stable_f1+answer_stable_seq+overlap_signal+top_score_z_intra,64.25979118920296,1.51,57.9343869093869,1.49,47.333333333333336,-7.515295815295815,-1.51,38.88213886536034,57.189386909386904
5,answer_stable+answer_stable_f1+answer_stable_seq+overlap_signal+top_score_z_intra,64.25979118920296,1.51,57.9343869093869,1.49,47.333333333333336,-7.515295815295815,-1.51,38.88213886536034,57.189386909386904
3,answer_stable+overlap_signal+top_score_z_intra,64.25979118920296,1.53,57.9343869093869,1.4966666666666666,47.333333333333336,-7.515295815295815,-1.5033333333333334,38.70894448288657,57.18605357605357
3,answer_stable_f1+calibrated_conf+judge_entailment,62.98528138528139,1.57,57.80184722684722,1.5933333333333333,48.333333333333336,-7.647835497835494,-1.4066666666666667,36.27730997500872,57.005180560180555
3,answer_stable_seq+calibrated_conf+judge_entailment,62.98528138528139,1.57,57.80184722684722,1.5933333333333333,48.333333333333336,-7.647835497835494,-1.4066666666666667,36.27730997500872,57.005180560180555
4,answer_stable+answer_stable_f1+calibrated_conf+judge_entailment,62.98528138528139,1.57,57.80184722684722,1.5933333333333333,48.333333333333336,-7.647835497835494,-1.4066666666666667,36.27730997500872,57.005180560180555
4,answer_stable+answer_stable_seq+calibrated_conf+judge_entailment,62.98528138528139,1.57,57.80184722684722,1.5933333333333333,48.333333333333336,-7.647835497835494,-1.4066666666666667,36.27730997500872,57.005180560180555
4,answer_stable_f1+answer_stable_seq+calibrated_conf+judge_entailment,62.98528138528139,1.57,57.80184722684722,1.5933333333333333,48.333333333333336,-7.647835497835494,-1.4066666666666667,36.27730997500872,57.005180560180555
4,answer_stable_f1+calibrated_conf+overlap_signal+judge_entailment,62.98528138528139,1.57,57.80184722684722,1.5933333333333333,48.333333333333336,-7.647835497835494,-1.4066666666666667,36.27730997500872,57.005180560180555
4,answer_stable_seq+calibrated_conf+overlap_signal+judge_entailment,62.98528138528139,1.57,57.80184722684722,1.5933333333333333,48.333333333333336,-7.647835497835494,-1.4066666666666667,36.27730997500872,57.005180560180555
5,answer_stable+answer_stable_f1+answer_stable_seq+calibrated_conf+judge_entailment,62.98528138528139,1.57,57.80184722684722,1.5933333333333333,48.333333333333336,-7.647835497835494,-1.4066666666666667,36.27730997500872,57.005180560180555
5,answer_stable+answer_stable_f1+calibrated_conf+overlap_signal+judge_entailment,62.98528138528139,1.57,57.80184722684722,1.5933333333333333,48.333333333333336,-7.647835497835494,-1.4066666666666667,36.27730997500872,57.005180560180555
5,answer_stable+answer_stable_seq+calibrated_conf+overlap_signal+judge_entailment,62.98528138528139,1.57,57.80184722684722,1.5933333333333333,48.333333333333336,-7.647835497835494,-1.4066666666666667,36.27730997500872,57.005180560180555
5,answer_stable_f1+answer_stable_seq+calibrated_conf+overlap_signal+judge_entailment,62.98528138528139,1.57,57.80184722684722,1.5933333333333333,48.333333333333336,-7.647835497835494,-1.4066666666666667,36.27730997500872,57.005180560180555
6,answer_stable+answer_stable_f1+answer_stable_seq+calibrated_conf+overlap_signal+judge_entailment,62.98528138528139,1.57,57.80184722684722,1.5933333333333333,48.333333333333336,-7.647835497835494,-1.4066666666666667,36.27730997500872,57.005180560180555
4,answer_stable+answer_in_evidence+overlap_signal+ce_top_score,64.10070028011205,1.28,57.780635105635106,1.3766666666666667,47.333333333333336,-7.6690476190476105,-1.6233333333333333,41.971405645739786,57.092301772301774
3,answer_stable+calibrated_conf+top_score_z_intra,63.25979118920295,1.46,57.60105357605357,1.3933333333333333,47.333333333333336,-7.8486291486291435,-1.6066666666666667,41.34046907372266,56.90438690938691
3,answer_stable_f1+calibrated_conf+top_score_z_intra,63.25979118920295,1.46,57.60105357605357,1.3933333333333333,47.333333333333336,-7.8486291486291435,-1.6066666666666667,41.34046907372266,56.90438690938691
3,answer_stable_seq+calibrated_conf+top_score_z_intra,63.25979118920295,1.46,57.60105357605357,1.3933333333333333,47.333333333333336,-7.8486291486291435,-1.6066666666666667,41.34046907372266,56.90438690938691
4,answer_stable+answer_stable_f1+calibrated_conf+top_score_z_intra,63.25979118920295,1.46,57.60105357605357,1.3933333333333333,47.333333333333336,-7.8486291486291435,-1.6066666666666667,41.34046907372266,56.90438690938691
4,answer_stable+answer_stable_seq+calibrated_conf+top_score_z_intra,63.25979118920295,1.46,57.60105357605357,1.3933333333333333,47.333333333333336,-7.8486291486291435,-1.6066666666666667,41.34046907372266,56.90438690938691
4,answer_stable+calibrated_conf+overlap_signal+top_score_z_intra,63.25979118920295,1.46,57.60105357605357,1.3933333333333333,47.333333333333336,-7.8486291486291435,-1.6066666666666667,41.34046907372266,56.90438690938691
4,answer_stable_f1+answer_stable_seq+calibrated_conf+top_score_z_intra,63.25979118920295,1.46,57.60105357605357,1.3933333333333333,47.333333333333336,-7.8486291486291435,-1.6066666666666667,41.34046907372266,56.90438690938691
4,answer_stable_f1+calibrated_conf+overlap_signal+top_score_z_intra,63.25979118920295,1.46,57.60105357605357,1.3933333333333333,47.333333333333336,-7.8486291486291435,-1.6066666666666667,41.34046907372266,56.90438690938691
4,answer_stable_seq+calibrated_conf+overlap_signal+top_score_z_intra,63.25979118920295,1.46,57.60105357605357,1.3933333333333333,47.333333333333336,-7.8486291486291435,-1.6066666666666667,41.34046907372266,56.90438690938691
5,answer_stable+answer_stable_f1+answer_stable_seq+calibrated_conf+top_score_z_intra,63.25979118920295,1.46,57.60105357605357,1.3933333333333333,47.333333333333336,-7.8486291486291435,-1.6066666666666667,41.34046907372266,56.90438690938691
5,answer_stable+answer_stable_f1+calibrated_conf+overlap_signal+top_score_z_intra,63.25979118920295,1.46,57.60105357605357,1.3933333333333333,47.333333333333336,-7.8486291486291435,-1.6066666666666667,41.34046907372266,56.90438690938691
5,answer_stable+answer_stable_seq+calibrated_conf+overlap_signal+top_score_z_intra,63.25979118920295,1.46,57.60105357605357,1.3933333333333333,47.333333333333336,-7.8486291486291435,-1.6066666666666667,41.34046907372266,56.90438690938691
5,answer_stable_f1+answer_stable_seq+calibrated_conf+overlap_signal+top_score_z_intra,63.25979118920295,1.46,57.60105357605357,1.3933333333333333,47.333333333333336,-7.8486291486291435,-1.6066666666666667,41.34046907372266,56.90438690938691
6,answer_stable+answer_stable_f1+answer_stable_seq+calibrated_conf+overlap_signal+top_score_z_intra,63.25979118920295,1.46,57.60105357605357,1.3933333333333333,47.333333333333336,-7.8486291486291435,-1.6066666666666667,41.34046907372266,56.90438690938691
3,calibrated_conf+overlap_signal+top_score_z_intra,63.25979118920295,1.47,57.60105357605357,1.4,47.333333333333336,-7.8486291486291435,-1.6,41.14360969718113,56.90105357605357
2,calibrated_conf+top_score_z_intra,63.25979118920295,1.48,57.60105357605357,1.41,47.333333333333336,-7.8486291486291435,-1.59,40.85181104684651,56.896053576053575
4,answer_stable_f1+answer_in_evidence+overlap_signal+ce_top_score,64.10070028011205,1.28,57.590158915158916,1.3666666666666667,47.333333333333336,-7.8595238095238,-1.6333333333333333,42.139140669628475,56.906825581825586
5,answer_stable+answer_stable_f1+answer_in_evidence+overlap_signal+ce_top_score,64.10070028011205,1.28,57.590158915158916,1.3666666666666667,47.333333333333336,-7.8595238095238,-1.6333333333333333,42.139140669628475,56.906825581825586
5,answer_stable_f1+answer_stable_seq+answer_in_evidence+overlap_signal+ce_top_score,64.10070028011205,1.28,57.590158915158916,1.3666666666666667,47.333333333333336,-7.8595238095238,-1.6333333333333333,42.139140669628475,56.906825581825586
6,answer_stable+answer_stable_f1+answer_stable_seq+answer_in_evidence+overlap_signal+ce_top_score,64.10070028011205,1.28,57.590158915158916,1.3666666666666667,47.333333333333336,-7.8595238095238,-1.6333333333333333,42.139140669628475,56.906825581825586
4,answer_stable_seq+answer_in_evidence+overlap_signal+ce_top_score,64.10070028011205,1.28,57.590158915158916,1.37,47.333333333333336,-7.8595238095238,-1.63,42.03661234683132,56.905158915158914
5,answer_stable+answer_stable_seq+answer_in_evidence+overlap_signal+ce_top_score,64.10070028011205,1.28,57.590158915158916,1.37,47.333333333333336,-7.8595238095238,-1.63,42.03661234683132,56.905158915158914
3,answer_stable_f1+answer_in_evidence+ce_top_score,64.10070028011205,1.28,57.590158915158916,1.3733333333333333,47.333333333333336,-7.8595238095238,-1.6266666666666667,41.93458173433902,56.90349224849225
4,answer_stable+answer_stable_f1+answer_in_evidence+ce_top_score,64.10070028011205,1.28,57.590158915158916,1.3733333333333333,47.333333333333336,-7.8595238095238,-1.6266666666666667,41.93458173433902,56.90349224849225
4,answer_stable_f1+answer_stable_seq+answer_in_evidence+ce_top_score,64.10070028011205,1.28,57.590158915158916,1.3733333333333333,47.333333333333336,-7.8595238095238,-1.6266666666666667,41.93458173433902,56.90349224849225
5,answer_stable+answer_stable_f1+answer_stable_seq+answer_in_evidence+ce_top_score,64.10070028011205,1.28,57.590158915158916,1.3733333333333333,47.333333333333336,-7.8595238095238,-1.6266666666666667,41.93458173433902,56.90349224849225
3,answer_stable_seq+answer_in_evidence+ce_top_score,64.10070028011205,1.28,57.590158915158916,1.3766666666666667,47.333333333333336,-7.8595238095238,-1.6233333333333333,41.833045216822455,56.901825581825584
4,answer_stable+answer_stable_seq+answer_in_evidence+ce_top_score,64.10070028011205,1.28,57.590158915158916,1.3766666666666667,47.333333333333336,-7.8595238095238,-1.6233333333333333,41.833045216822455,56.901825581825584
2,ce_top_score+judge_entailment,64.17645785586961,1.68,57.46326358826358,1.8566666666666667,47.66666666666667,-7.986419136419137,-1.1433333333333333,30.949693135510007,56.534930254930245
4,answer_stable+answer_in_evidence+calibrated_conf+ce_top_score,64.10070028011205,1.28,57.44730177230176,1.3333333333333333,47.0,-8.002380952380953,-1.6666666666666667,43.085476329226324,56.7806351056351
5,answer_stable+answer_in_evidence+calibrated_conf+overlap_signal+ce_top_score,64.10070028011205,1.28,57.44730177230176,1.3333333333333333,47.0,-8.002380952380953,-1.6666666666666667,43.085476329226324,56.7806351056351
4,answer_in_evidence+calibrated_conf+overlap_signal+ce_top_score,64.10070028011205,1.28,57.44730177230176,1.3366666666666667,47.0,-8.002380952380953,-1.6633333333333333,42.97803125109858,56.77896843896843
3,answer_in_evidence+calibrated_conf+ce_top_score,64.10070028011205,1.28,57.44730177230176,1.34,47.0,-8.002380952380953,-1.66,42.87112072559833,56.77730177230176
3,answer_in_evidence+overlap_signal+ce_top_score,64.50070028011204,1.33,57.26268638768638,1.5466666666666666,47.0,-8.186996336996337,-1.4533333333333334,37.023288612728265,56.489353054353046
4,answer_stable_f1+answer_in_evidence+calibrated_conf+ce_top_score,64.10070028011205,1.28,57.256825581825574,1.33,47.0,-8.192857142857143,-1.67,43.05024479836509,56.591825581825574
4,answer_stable_seq+answer_in_evidence+calibrated_conf+ce_top_score,64.10070028011205,1.28,57.256825581825574,1.33,47.0,-8.192857142857143,-1.67,43.05024479836509,56.591825581825574
5,answer_stable+answer_stable_f1+answer_in_evidence+calibrated_conf+ce_top_score,64.10070028011205,1.28,57.256825581825574,1.33,47.0,-8.192857142857143,-1.67,43.05024479836509,56.591825581825574
5,answer_stable+answer_stable_seq+answer_in_evidence+calibrated_conf+ce_top_score,64.10070028011205,1.28,57.256825581825574,1.33,47.0,-8.192857142857143,-1.67,43.05024479836509,56.591825581825574
5,answer_stable_f1+answer_stable_seq+answer_in_evidence+calibrated_conf+ce_top_score,64.10070028011205,1.28,57.256825581825574,1.33,47.0,-8.192857142857143,-1.67,43.05024479836509,56.591825581825574
5,answer_stable_f1+answer_in_evidence+calibrated_conf+overlap_signal+ce_top_score,64.10070028011205,1.28,57.256825581825574,1.33,47.0,-8.192857142857143,-1.67,43.05024479836509,56.591825581825574
5,answer_stable_seq+answer_in_evidence+calibrated_conf+overlap_signal+ce_top_score,64.10070028011205,1.28,57.256825581825574,1.33,47.0,-8.192857142857143,-1.67,43.05024479836509,56.591825581825574
6,answer_stable+answer_stable_f1+answer_stable_seq+answer_in_evidence+calibrated_conf+ce_top_score,64.10070028011205,1.28,57.256825581825574,1.33,47.0,-8.192857142857143,-1.67,43.05024479836509,56.591825581825574
6,answer_stable+answer_stable_f1+answer_in_evidence+calibrated_conf+overlap_signal+ce_top_score,64.10070028011205,1.28,57.256825581825574,1.33,47.0,-8.192857142857143,-1.67,43.05024479836509,56.591825581825574
6,answer_stable+answer_stable_seq+answer_in_evidence+calibrated_conf+overlap_signal+ce_top_score,64.10070028011205,1.28,57.256825581825574,1.33,47.0,-8.192857142857143,-1.67,43.05024479836509,56.591825581825574
6,answer_stable_f1+answer_stable_seq+answer_in_evidence+calibrated_conf+overlap_signal+ce_top_score,64.10070028011205,1.28,57.256825581825574,1.33,47.0,-8.192857142857143,-1.67,43.05024479836509,56.591825581825574
7,answer_stable+answer_stable_f1+answer_stable_seq+answer_in_evidence+calibrated_conf+overlap_signal+ce_top_score,64.10070028011205,1.28,57.256825581825574,1.33,47.0,-8.192857142857143,-1.67,43.05024479836509,56.591825581825574
2,top_score_z_intra+ce_top_score,63.355029284441045,2.15,57.09342231842231,1.9133333333333333,46.33333333333333,-8.356260406260404,-1.0866666666666667,29.839767762241628,56.13675565175565
1,gap,66.02169595110772,2.72,57.047390572390576,2.32,47.333333333333336,-8.40229215229214,-0.6800000000000002,24.58939248809939,55.88739057239058
2,top_score_z_intra+gap,65.02169595110772,2.56,56.872787397787405,2.2266666666666666,47.333333333333336,-8.576895326895311,-0.7733333333333334,25.541670987030272,55.759454064454076
3,overlap_signal+top_score_z_intra+ce_top_score,62.843124522536286,1.56,56.555327080327075,1.58,45.666666666666664,-8.894355644355642,-1.42,35.79451081033359,55.765327080327076
3,answer_stable+answer_in_evidence+judge_entailment,61.092857142857135,1.37,56.551053576053576,1.4166666666666667,47.333333333333336,-8.89862914862914,-1.5833333333333333,39.91839075956723,55.84272024272024
3,answer_stable+top_score_z_intra+ce_top_score,62.843124522536286,1.38,56.4843869093869,1.4133333333333333,45.666666666666664,-8.965295815295818,-1.5866666666666667,39.965368096264314,55.777720242720235
4,answer_stable+answer_in_evidence+overlap_signal+judge_entailment,61.092857142857135,1.37,56.38438690938692,1.3866666666666667,47.0,-9.065295815295798,-1.6133333333333333,40.66181748273095,55.691053576053584
3,overlap_signal+ce_top_score+judge_entailment,63.50979118920296,1.45,56.32993025493026,1.64,46.666666666666664,-9.119752469752456,-1.36,34.34751844812821,55.50993025493026
2,answer_stable+gap,63.50979118920296,1.58,56.327244052244055,1.52,46.33333333333333,-9.122438672438662,-1.48,37.05739740279214,55.56724405224406
2,answer_in_evidence+judge_entailment,62.49285714285715,1.59,56.25532708032708,1.7433333333333334,47.0,-9.194355644355639,-1.2566666666666666,32.26883006519718,55.38366041366041
4,answer_stable_f1+answer_in_evidence+overlap_signal+judge_entailment,61.092857142857135,1.37,56.193910718910736,1.38,47.0,-9.25577200577198,-1.62,40.720225158630974,55.50391071891074
5,answer_stable+answer_stable_f1+answer_in_evidence+overlap_signal+judge_entailment,61.092857142857135,1.37,56.193910718910736,1.38,47.0,-9.25577200577198,-1.62,40.720225158630974,55.50391071891074
3,answer_stable_f1+answer_in_evidence+judge_entailment,61.092857142857135,1.37,56.193910718910736,1.3866666666666667,47.0,-9.25577200577198,-1.6133333333333333,40.52445484536832,55.5005773855774
4,answer_stable+answer_stable_f1+answer_in_evidence+judge_entailment,61.092857142857135,1.37,56.193910718910736,1.3866666666666667,47.0,-9.25577200577198,-1.6133333333333333,40.52445484536832,55.5005773855774
4,answer_stable_f1+overlap_signal+top_score_z_intra+ce_top_score,62.843124522536286,1.35,56.18438690938691,1.3566666666666667,45.33333333333333,-9.265295815295808,-1.6433333333333333,41.413553004462095,55.506053576053574
4,answer_stable_seq+overlap_signal+top_score_z_intra+ce_top_score,62.843124522536286,1.35,56.18438690938691,1.3566666666666667,45.33333333333333,-9.265295815295808,-1.6433333333333333,41.413553004462095,55.506053576053574
5,answer_stable+answer_stable_f1+overlap_signal+top_score_z_intra+ce_top_score,62.843124522536286,1.35,56.18438690938691,1.3566666666666667,45.33333333333333,-9.265295815295808,-1.6433333333333333,41.413553004462095,55.506053576053574
5,answer_stable+answer_stable_seq+overlap_signal+top_score_z_intra+ce_top_score,62.843124522536286,1.35,56.18438690938691,1.3566666666666667,45.33333333333333,-9.265295815295808,-1.6433333333333333,41.413553004462095,55.506053576053574
5,answer_stable_f1+answer_stable_seq+overlap_signal+top_score_z_intra+ce_top_score,62.843124522536286,1.35,56.18438690938691,1.3566666666666667,45.33333333333333,-9.265295815295808,-1.6433333333333333,41.413553004462095,55.506053576053574
6,answer_stable+answer_stable_f1+answer_stable_seq+overlap_signal+top_score_z_intra+ce_top_score,62.843124522536286,1.35,56.18438690938691,1.3566666666666667,45.33333333333333,-9.265295815295808,-1.6433333333333333,41.413553004462095,55.506053576053574
4,answer_stable+overlap_signal+top_score_z_intra+ce_top_score,62.843124522536286,1.35,56.18438690938691,1.36,45.33333333333333,-9.265295815295808,-1.64,41.312049198078604,55.50438690938691
2,overlap_signal+gap,62.50979118920296,1.71,56.175962000962,1.6766666666666667,46.33333333333333,-9.273720723720714,-1.3233333333333333,33.50454990117018,55.33762866762867
3,answer_stable+answer_in_evidence+top_score_z_intra,60.93403361344538,1.19,56.16057738557739,1.2933333333333332,46.0,-9.289105339105326,-1.7066666666666668,43.423126844518606,55.51391071891072
3,answer_stable+top_score_z_intra+gap,63.50979118920296,1.53,56.15264087764088,1.49,46.33333333333333,-9.29704184704184,-1.51,37.68633615949052,55.40764087764088
3,answer_stable_f1+top_score_z_intra+ce_top_score,62.843124522536286,1.38,56.15105357605357,1.3866666666666667,45.33333333333333,-9.298629148629146,-1.6133333333333333,40.493548251961705,55.457720242720235
3,answer_stable_seq+top_score_z_intra+ce_top_score,62.843124522536286,1.38,56.15105357605357,1.3866666666666667,45.33333333333333,-9.298629148629146,-1.6133333333333333,40.493548251961705,55.457720242720235
4,answer_stable+answer_stable_f1+top_score_z_intra+ce_top_score,62.843124522536286,1.38,56.15105357605357,1.3866666666666667,45.33333333333333,-9.298629148629146,-1.6133333333333333,40.493548251961705,55.457720242720235
4,answer_stable+answer_stable_seq+top_score_z_intra+ce_top_score,62.843124522536286,1.38,56.15105357605357,1.3866666666666667,45.33333333333333,-9.298629148629146,-1.6133333333333333,40.493548251961705,55.457720242720235
4,answer_stable_f1+answer_stable_seq+top_score_z_intra+ce_top_score,62.843124522536286,1.38,56.15105357605357,1.3866666666666667,45.33333333333333,-9.298629148629146,-1.6133333333333333,40.493548251961705,55.457720242720235
5,answer_stable+answer_stable_f1+answer_stable_seq+top_score_z_intra+ce_top_score,62.843124522536286,1.38,56.15105357605357,1.3866666666666667,45.33333333333333,-9.298629148629146,-1.6133333333333333,40.493548251961705,55.457720242720235
2,answer_in_evidence+top_score_z_intra,60.93403361344538,1.37,56.10929533429534,1.5466666666666666,46.0,-9.340387390387377,-1.4533333333333334,36.277561638553024,55.335962000962006
3,overlap_signal+top_score_z_intra+gap,62.50979118920296,1.64,56.001358826358825,1.6266666666666667,46.33333333333333,-9.448323898323892,-1.3733333333333333,34.427064852269766,55.18802549302549
3,answer_stable+ce_top_score+judge_entailment,63.50979118920296,1.36,55.963751988751994,1.4766666666666666,46.33333333333333,-9.485930735930722,-1.5233333333333334,37.89870337838736,55.225418655418665
3,answer_in_evidence+overlap_signal+judge_entailment,62.49285714285715,1.44,55.86643819143819,1.48,46.666666666666664,-9.583244533244525,-1.52,37.74759337259337,55.12643819143819
4,answer_stable_seq+answer_in_evidence+overlap_signal+judge_entailment,61.092857142857135,1.37,55.86057738557739,1.3733333333333333,46.666666666666664,-9.589105339105323,-1.6266666666666667,40.675177707944705,55.173910718910726
5,answer_stable+answer_stable_seq+answer_in_evidence+overlap_signal+judge_entailment,61.092857142857135,1.37,55.86057738557739,1.3733333333333333,46.666666666666664,-9.589105339105323,-1.6266666666666667,40.675177707944705,55.173910718910726
5,answer_stable_f1+answer_stable_seq+answer_in_evidence+overlap_signal+judge_entailment,61.092857142857135,1.37,55.86057738557739,1.3733333333333333,46.666666666666664,-9.589105339105323,-1.6266666666666667,40.675177707944705,55.173910718910726
6,answer_stable+answer_stable_f1+answer_stable_seq+answer_in_evidence+overlap_signal+judge_entailment,61.092857142857135,1.37,55.86057738557739,1.3733333333333333,46.666666666666664,-9.589105339105323,-1.6266666666666667,40.675177707944705,55.173910718910726
3,answer_stable_seq+answer_in_evidence+judge_entailment,61.092857142857135,1.37,55.86057738557739,1.38,46.666666666666664,-9.589105339105323,-1.62,40.47867926491116,55.170577385577396
4,answer_stable+answer_stable_seq+answer_in_evidence+judge_entailment,61.092857142857135,1.37,55.86057738557739,1.38,46.666666666666664,-9.589105339105323,-1.62,40.47867926491116,55.170577385577396
4,answer_stable_f1+answer_stable_seq+answer_in_evidence+judge_entailment,61.092857142857135,1.37,55.86057738557739,1.38,46.666666666666664,-9.589105339105323,-1.62,40.47867926491116,55.170577385577396
5,answer_stable+answer_stable_f1+answer_stable_seq+answer_in_evidence+judge_entailment,61.092857142857135,1.37,55.86057738557739,1.38,46.666666666666664,-9.589105339105323,-1.62,40.47867926491116,55.170577385577396
4,answer_stable+calibrated_conf+top_score_z_intra+ce_top_score,62.843124522536286,1.32,55.85105357605358,1.2733333333333334,45.33333333333333,-9.598629148629136,-1.7266666666666666,43.862083960251496,55.21438690938692
4,answer_stable_f1+calibrated_conf+top_score_z_intra+ce_top_score,62.843124522536286,1.32,55.85105357605358,1.2733333333333334,45.33333333333333,-9.598629148629136,-1.7266666666666666,43.862083960251496,55.21438690938692
4,answer_stable_seq+calibrated_conf+top_score_z_intra+ce_top_score,62.843124522536286,1.32,55.85105357605358,1.2733333333333334,45.33333333333333,-9.598629148629136,-1.7266666666666666,43.862083960251496,55.21438690938692
5,answer_stable+answer_stable_f1+calibrated_conf+top_score_z_intra+ce_top_score,62.843124522536286,1.32,55.85105357605358,1.2733333333333334,45.33333333333333,-9.598629148629136,-1.7266666666666666,43.862083960251496,55.21438690938692
5,answer_stable+answer_stable_seq+calibrated_conf+top_score_z_intra+ce_top_score,62.843124522536286,1.32,55.85105357605358,1.2733333333333334,45.33333333333333,-9.598629148629136,-1.7266666666666666,43.862083960251496,55.21438690938692
5,answer_stable+calibrated_conf+overlap_signal+top_score_z_intra+ce_top_score,62.843124522536286,1.32,55.85105357605358,1.2733333333333334,45.33333333333333,-9.598629148629136,-1.7266666666666666,43.862083960251496,55.21438690938692
5,answer_stable_f1+answer_stable_seq+calibrated_conf+top_score_z_intra+ce_top_score,62.843124522536286,1.32,55.85105357605358,1.2733333333333334,45.33333333333333,-9.598629148629136,-1.7266666666666666,43.862083960251496,55.21438690938692
5,answer_stable_f1+calibrated_conf+overlap_signal+top_score_z_intra+ce_top_score,62.843124522536286,1.32,55.85105357605358,1.2733333333333334,45.33333333333333,-9.598629148629136,-1.7266666666666666,43.862083960251496,55.21438690938692
5,answer_stable_seq+calibrated_conf+overlap_signal+top_score_z_intra+ce_top_score,62.843124522536286,1.32,55.85105357605358,1.2733333333333334,45.33333333333333,-9.598629148629136,-1.7266666666666666,43.862083960251496,55.21438690938692
6,answer_stable+answer_stable_f1+answer_stable_seq+calibrated_conf+top_score_z_intra+ce_top_score,62.843124522536286,1.32,55.85105357605358,1.2733333333333334,45.33333333333333,-9.598629148629136,-1.7266666666666666,43.862083960251496,55.21438690938692
6,answer_stable+answer_stable_f1+calibrated_conf+overlap_signal+top_score_z_intra+ce_top_score,62.843124522536286,1.32,55.85105357605358,1.2733333333333334,45.33333333333333,-9.598629148629136,-1.7266666666666666,43.862083960251496,55.21438690938692
6,answer_stable+answer_stable_seq+calibrated_conf+overlap_signal+top_score_z_intra+ce_top_score,62.843124522536286,1.32,55.85105357605358,1.2733333333333334,45.33333333333333,-9.598629148629136,-1.7266666666666666,43.862083960251496,55.21438690938692
6,answer_stable_f1+answer_stable_seq+calibrated_conf+overlap_signal+top_score_z_intra+ce_top_score,62.843124522536286,1.32,55.85105357605358,1.2733333333333334,45.33333333333333,-9.598629148629136,-1.7266666666666666,43.862083960251496,55.21438690938692
7,answer_stable+answer_stable_f1+answer_stable_seq+calibrated_conf+overlap_signal+top_score_z_intra+ce_top_score,62.843124522536286,1.32,55.85105357605358,1.2733333333333334,45.33333333333333,-9.598629148629136,-1.7266666666666666,43.862083960251496,55.21438690938692
4,calibrated_conf+overlap_signal+top_score_z_intra+ce_top_score,62.843124522536286,1.33,55.85105357605358,1.28,45.33333333333333,-9.598629148629136,-1.72,43.63363560629186,55.21105357605358
3,calibrated_conf+top_score_z_intra+ce_top_score,62.843124522536286,1.34,55.85105357605358,1.2866666666666666,45.33333333333333,-9.598629148629136,-1.7133333333333334,43.40755459278776,55.20772024272025
2,top_score_z_intra+judge_entailment,63.25979118920295,1.63,55.84421596921597,1.5566666666666666,46.0,-9.605466755466743,-1.4433333333333334,35.874228674014546,55.06588263588264
4,answer_stable+answer_in_evidence+calibrated_conf+top_score_z_intra,60.93403361344538,1.19,55.827244052244055,1.2166666666666666,45.666666666666664,-9.622438672438662,-1.7833333333333334,45.88540607033758,55.21891071891072
4,answer_stable_f1+answer_in_evidence+calibrated_conf+top_score_z_intra,60.93403361344538,1.19,55.827244052244055,1.2166666666666666,45.666666666666664,-9.622438672438662,-1.7833333333333334,45.88540607033758,55.21891071891072
4,answer_stable_seq+answer_in_evidence+calibrated_conf+top_score_z_intra,60.93403361344538,1.19,55.827244052244055,1.2166666666666666,45.666666666666664,-9.622438672438662,-1.7833333333333334,45.88540607033758,55.21891071891072
5,answer_stable+answer_stable_f1+answer_in_evidence+calibrated_conf+top_score_z_intra,60.93403361344538,1.19,55.827244052244055,1.2166666666666666,45.666666666666664,-9.622438672438662,-1.7833333333333334,45.88540607033758,55.21891071891072
5,answer_stable+answer_stable_seq+answer_in_evidence+calibrated_conf+top_score_z_intra,60.93403361344538,1.19,55.827244052244055,1.2166666666666666,45.666666666666664,-9.622438672438662,-1.7833333333333334,45.88540607033758,55.21891071891072
5,answer_stable+answer_in_evidence+calibrated_conf+overlap_signal+top_score_z_intra,60.93403361344538,1.19,55.827244052244055,1.2166666666666666,45.666666666666664,-9.622438672438662,-1.7833333333333334,45.88540607033758,55.21891071891072
5,answer_stable_f1+answer_stable_seq+answer_in_evidence+calibrated_conf+top_score_z_intra,60.93403361344538,1.19,55.827244052244055,1.2166666666666666,45.666666666666664,-9.622438672438662,-1.7833333333333334,45.88540607033758,55.21891071891072
5,answer_stable_f1+answer_in_evidence+calibrated_conf+overlap_signal+top_score_z_intra,60.93403361344538,1.19,55.827244052244055,1.2166666666666666,45.666666666666664,-9.622438672438662,-1.7833333333333334,45.88540607033758,55.21891071891072
5,answer_stable_seq+answer_in_evidence+calibrated_conf+overlap_signal+top_score_z_intra,60.93403361344538,1.19,55.827244052244055,1.2166666666666666,45.666666666666664,-9.622438672438662,-1.7833333333333334,45.88540607033758,55.21891071891072
6,answer_stable+answer_stable_f1+answer_stable_seq+answer_in_evidence+calibrated_conf+top_score_z_intra,60.93403361344538,1.19,55.827244052244055,1.2166666666666666,45.666666666666664,-9.622438672438662,-1.7833333333333334,45.88540607033758,55.21891071891072
6,answer_stable+answer_stable_f1+answer_in_evidence+calibrated_conf+overlap_signal+top_score_z_intra,60.93403361344538,1.19,55.827244052244055,1.2166666666666666,45.666666666666664,-9.622438672438662,-1.7833333333333334,45.88540607033758,55.21891071891072
6,answer_stable+answer_stable_seq+answer_in_evidence+calibrated_conf+overlap_signal+top_score_z_intra,60.93403361344538,1.19,55.827244052244055,1.2166666666666666,45.666666666666664,-9.622438672438662,-1.7833333333333334,45.88540607033758,55.21891071891072
6,answer_stable_f1+answer_stable_seq+answer_in_evidence+calibrated_conf+overlap_signal+top_score_z_intra,60.93403361344538,1.19,55.827244052244055,1.2166666666666666,45.666666666666664,-9.622438672438662,-1.7833333333333334,45.88540607033758,55.21891071891072
7,answer_stable+answer_stable_f1+answer_stable_seq+answer_in_evidence+calibrated_conf+overlap_signal+top_score_z_intra,60.93403361344538,1.19,55.827244052244055,1.2166666666666666,45.666666666666664,-9.622438672438662,-1.7833333333333334,45.88540607033758,55.21891071891072
4,answer_in_evidence+calibrated_conf+overlap_signal+top_score_z_intra,60.93403361344538,1.19,55.827244052244055,1.22,45.666666666666664,-9.622438672438662,-1.78,45.76003610839677,55.217244052244055
3,answer_in_evidence+calibrated_conf+top_score_z_intra,60.93403361344538,1.19,55.827244052244055,1.2233333333333334,45.666666666666664,-9.622438672438662,-1.7766666666666666,45.6353493615074,55.21557738557739
4,answer_stable+answer_in_evidence+overlap_signal+top_score_z_intra,60.93403361344538,1.19,55.827244052244055,1.25,45.666666666666664,-9.622438672438662,-1.75,44.66179524179525,55.202244052244055
4,answer_stable_f1+answer_in_evidence+overlap_signal+top_score_z_intra,60.93403361344538,1.19,55.827244052244055,1.25,45.666666666666664,-9.622438672438662,-1.75,44.66179524179525,55.202244052244055
4,answer_stable_seq+answer_in_evidence+overlap_signal+top_score_z_intra,60.93403361344538,1.19,55.827244052244055,1.25,45.666666666666664,-9.622438672438662,-1.75,44.66179524179525,55.202244052244055
5,answer_stable+answer_stable_f1+answer_in_evidence+overlap_signal+top_score_z_intra,60.93403361344538,1.19,55.827244052244055,1.25,45.666666666666664,-9.622438672438662,-1.75,44.66179524179525,55.202244052244055
5,answer_stable+answer_stable_seq+answer_in_evidence+overlap_signal+top_score_z_intra,60.93403361344538,1.19,55.827244052244055,1.25,45.666666666666664,-9.622438672438662,-1.75,44.66179524179525,55.202244052244055
5,answer_stable_f1+answer_stable_seq+answer_in_evidence+overlap_signal+top_score_z_intra,60.93403361344538,1.19,55.827244052244055,1.25,45.666666666666664,-9.622438672438662,-1.75,44.66179524179525,55.202244052244055
6,answer_stable+answer_stable_f1+answer_stable_seq+answer_in_evidence+overlap_signal+top_score_z_intra,60.93403361344538,1.19,55.827244052244055,1.25,45.666666666666664,-9.622438672438662,-1.75,44.66179524179525,55.202244052244055
3,answer_stable_f1+answer_in_evidence+top_score_z_intra,60.93403361344538,1.19,55.827244052244055,1.2633333333333334,45.666666666666664,-9.622438672438662,-1.7366666666666666,44.19043064821429,55.19557738557739
3,answer_stable_seq+answer_in_evidence+top_score_z_intra,60.93403361344538,1.19,55.827244052244055,1.2633333333333334,45.666666666666664,-9.622438672438662,-1.7366666666666666,44.19043064821429,55.19557738557739
4,answer_stable+answer_stable_f1+answer_in_evidence+top_score_z_intra,60.93403361344538,1.19,55.827244052244055,1.2633333333333334,45.666666666666664,-9.622438672438662,-1.7366666666666666,44.19043064821429,55.19557738557739
4,answer_stable+answer_stable_seq+answer_in_evidence+top_score_z_intra,60.93403361344538,1.19,55.827244052244055,1.2633333333333334,45.666666666666664,-9.622438672438662,-1.7366666666666666,44.19043064821429,55.19557738557739
4,answer_stable_f1+answer_stable_seq+answer_in_evidence+top_score_z_intra,60.93403361344538,1.19,55.827244052244055,1.2633333333333334,45.666666666666664,-9.622438672438662,-1.7366666666666666,44.19043064821429,55.19557738557739
5,answer_stable+answer_stable_f1+answer_stable_seq+answer_in_evidence+top_score_z_intra,60.93403361344538,1.19,55.827244052244055,1.2633333333333334,45.666666666666664,-9.622438672438662,-1.7366666666666666,44.19043064821429,55.19557738557739
3,answer_stable_f1+top_score_z_intra+gap,63.50979118920296,1.53,55.81930754430755,1.45,46.0,-9.630375180375168,-1.55,38.496074168487965,55.09430754430755
3,answer_stable_seq+top_score_z_intra+gap,63.50979118920296,1.51,55.81930754430755,1.45,46.0,-9.630375180375168,-1.55,38.496074168487965,55.09430754430755
4,answer_stable+answer_stable_f1+top_score_z_intra+gap,63.50979118920296,1.53,55.81930754430755,1.45,46.0,-9.630375180375168,-1.55,38.496074168487965,55.09430754430755
4,answer_stable+answer_stable_seq+top_score_z_intra+gap,63.50979118920296,1.51,55.81930754430755,1.45,46.0,-9.630375180375168,-1.55,38.496074168487965,55.09430754430755
4,answer_stable_f1+answer_stable_seq+top_score_z_intra+gap,63.50979118920296,1.51,55.81930754430755,1.45,46.0,-9.630375180375168,-1.55,38.496074168487965,55.09430754430755
5,answer_stable+answer_stable_f1+answer_stable_seq+top_score_z_intra+gap,63.50979118920296,1.51,55.81930754430755,1.45,46.0,-9.630375180375168,-1.55,38.496074168487965,55.09430754430755
2,answer_stable_f1+gap,63.50979118920296,1.58,55.80343452843452,1.4733333333333334,46.0,-9.646248196248195,-1.5266666666666666,37.875634295317546,55.06676786176786
2,answer_stable_seq+gap,63.50979118920296,1.56,55.80343452843452,1.4733333333333334,46.0,-9.646248196248195,-1.5266666666666666,37.875634295317546,55.06676786176786
3,answer_stable+answer_stable_f1+gap,63.50979118920296,1.58,55.80343452843452,1.4733333333333334,46.0,-9.646248196248195,-1.5266666666666666,37.875634295317546,55.06676786176786
3,answer_stable+answer_stable_seq+gap,63.50979118920296,1.56,55.80343452843452,1.4733333333333334,46.0,-9.646248196248195,-1.5266666666666666,37.875634295317546,55.06676786176786
3,answer_stable_f1+answer_stable_seq+gap,63.50979118920296,1.56,55.80343452843452,1.4733333333333334,46.0,-9.646248196248195,-1.5266666666666666,37.875634295317546,55.06676786176786
4,answer_stable+answer_stable_f1+answer_stable_seq+gap,63.50979118920296,1.56,55.80343452843452,1.4733333333333334,46.0,-9.646248196248195,-1.5266666666666666,37.875634295317546,55.06676786176786
3,answer_in_evidence+overlap_signal+top_score_z_intra,60.93403361344538,1.25,55.775962000962,1.34,45.666666666666664,-9.67372072372072,-1.66,41.62385223952388,55.105962000961995
4,answer_stable+answer_in_evidence+calibrated_conf+judge_entailment,60.092857142857135,1.36,55.71772024272025,1.3566666666666667,46.33333333333333,-9.73196248196247,-1.6433333333333333,41.069572660481754,55.03938690938691
5,answer_stable+answer_in_evidence+calibrated_conf+overlap_signal+judge_entailment,60.092857142857135,1.36,55.71772024272025,1.3566666666666667,46.33333333333333,-9.73196248196247,-1.6433333333333333,41.069572660481754,55.03938690938691
4,answer_in_evidence+calibrated_conf+overlap_signal+judge_entailment,60.092857142857135,1.36,55.71772024272025,1.3666666666666667,46.33333333333333,-9.73196248196247,-1.6333333333333333,40.769063592234325,55.03438690938692
3,answer_in_evidence+calibrated_conf+judge_entailment,60.092857142857135,1.36,55.71772024272025,1.37,46.33333333333333,-9.73196248196247,-1.63,40.669868790306744,55.032720242720245
3,answer_stable+overlap_signal+gap,62.50979118920296,1.48,55.69391071891072,1.4166666666666667,45.666666666666664,-9.755772005771995,-1.5833333333333333,39.31334874276051,54.985577385577386
4,answer_stable+overlap_signal+ce_top_score+judge_entailment,63.50979118920296,1.35,55.66375198875198,1.4533333333333334,46.0,-9.785930735930734,-1.5466666666666666,38.30074678125136,54.937085322085316
4,answer_stable_f1+answer_in_evidence+calibrated_conf+judge_entailment,60.092857142857135,1.36,55.527244052244065,1.3533333333333333,46.33333333333333,-9.922438672438652,-1.6466666666666667,41.02998328983552,54.850577385577395
4,answer_stable_seq+answer_in_evidence+calibrated_conf+judge_entailment,60.092857142857135,1.36,55.527244052244065,1.3533333333333333,46.33333333333333,-9.922438672438652,-1.6466666666666667,41.02998328983552,54.850577385577395
5,answer_stable+answer_stable_f1+answer_in_evidence+calibrated_conf+judge_entailment,60.092857142857135,1.36,55.527244052244065,1.3533333333333333,46.33333333333333,-9.922438672438652,-1.6466666666666667,41.02998328983552,54.850577385577395
5,answer_stable+answer_stable_seq+answer_in_evidence+calibrated_conf+judge_entailment,60.092857142857135,1.36,55.527244052244065,1.3533333333333333,46.33333333333333,-9.922438672438652,-1.6466666666666667,41.02998328983552,54.850577385577395
5,answer_stable_f1+answer_stable_seq+answer_in_evidence+calibrated_conf+judge_entailment,60.092857142857135,1.36,55.527244052244065,1.3533333333333333,46.33333333333333,-9.922438672438652,-1.6466666666666667,41.02998328983552,54.850577385577395
5,answer_stable_f1+answer_in_evidence+calibrated_conf+overlap_signal+judge_entailment,60.092857142857135,1.36,55.527244052244065,1.3533333333333333,46.33333333333333,-9.922438672438652,-1.6466666666666667,41.02998328983552,54.850577385577395
5,answer_stable_seq+answer_in_evidence+calibrated_conf+overlap_signal+judge_entailment,60.092857142857135,1.36,55.527244052244065,1.3533333333333333,46.33333333333333,-9.922438672438652,-1.6466666666666667,41.02998328983552,54.850577385577395
6,answer_stable+answer_stable_f1+answer_stable_seq+answer_in_evidence+calibrated_conf+judge_entailment,60.092857142857135,1.36,55.527244052244065,1.3533333333333333,46.33333333333333,-9.922438672438652,-1.6466666666666667,41.02998328983552,54.850577385577395
6,answer_stable+answer_stable_f1+answer_in_evidence+calibrated_conf+overlap_signal+judge_entailment,60.092857142857135,1.36,55.527244052244065,1.3533333333333333,46.33333333333333,-9.922438672438652,-1.6466666666666667,41.02998328983552,54.850577385577395
6,answer_stable+answer_stable_seq+answer_in_evidence+calibrated_conf+overlap_signal+judge_entailment,60.092857142857135,1.36,55.527244052244065,1.3533333333333333,46.33333333333333,-9.922438672438652,-1.6466666666666667,41.02998328983552,54.850577385577395
6,answer_stable_f1+answer_stable_seq+answer_in_evidence+calibrated_conf+overlap_signal+judge_entailment,60.092857142857135,1.36,55.527244052244065,1.3533333333333333,46.33333333333333,-9.922438672438652,-1.6466666666666667,41.02998328983552,54.850577385577395
7,answer_stable+answer_stable_f1+answer_stable_seq+answer_in_evidence+calibrated_conf+overlap_signal+judge_entailment,60.092857142857135,1.36,55.527244052244065,1.3533333333333333,46.33333333333333,-9.922438672438652,-1.6466666666666667,41.02998328983552,54.850577385577395
4,answer_stable_f1+overlap_signal+top_score_z_intra+gap,62.50979118920296,1.44,55.51930754430754,1.3833333333333333,45.666666666666664,-9.93037518037518,-1.6166666666666667,40.13443918865605,54.82764087764087
4,answer_stable_seq+overlap_signal+top_score_z_intra+gap,62.50979118920296,1.43,55.51930754430754,1.3833333333333333,45.666666666666664,-9.93037518037518,-1.6166666666666667,40.13443918865605,54.82764087764087
5,answer_stable+answer_stable_f1+overlap_signal+top_score_z_intra+gap,62.50979118920296,1.44,55.51930754430754,1.3833333333333333,45.666666666666664,-9.93037518037518,-1.6166666666666667,40.13443918865605,54.82764087764087
5,answer_stable+answer_stable_seq+overlap_signal+top_score_z_intra+gap,62.50979118920296,1.43,55.51930754430754,1.3833333333333333,45.666666666666664,-9.93037518037518,-1.6166666666666667,40.13443918865605,54.82764087764087
5,answer_stable_f1+answer_stable_seq+overlap_signal+top_score_z_intra+gap,62.50979118920296,1.43,55.51930754430754,1.3833333333333333,45.666666666666664,-9.93037518037518,-1.6166666666666667,40.13443918865605,54.82764087764087
6,answer_stable+answer_stable_f1+answer_stable_seq+overlap_signal+top_score_z_intra+gap,62.50979118920296,1.43,55.51930754430754,1.3833333333333333,45.666666666666664,-9.93037518037518,-1.6166666666666667,40.13443918865605,54.82764087764087
4,answer_stable+overlap_signal+top_score_z_intra+gap,62.50979118920296,1.44,55.51930754430754,1.3866666666666667,45.666666666666664,-9.93037518037518,-1.6133333333333333,40.037962171375625,54.8259742109742
3,answer_stable_f1+overlap_signal+gap,62.50979118920296,1.48,55.503434528434525,1.4066666666666667,45.666666666666664,-9.946248196248192,-1.5933333333333333,39.457417911209376,54.80010119510119
3,answer_stable_seq+overlap_signal+gap,62.50979118920296,1.47,55.503434528434525,1.4066666666666667,45.666666666666664,-9.946248196248192,-1.5933333333333333,39.457417911209376,54.80010119510119
4,answer_stable+answer_stable_f1+overlap_signal+gap,62.50979118920296,1.48,55.503434528434525,1.4066666666666667,45.666666666666664,-9.946248196248192,-1.5933333333333333,39.457417911209376,54.80010119510119
4,answer_stable+answer_stable_seq+overlap_signal+gap,62.50979118920296,1.47,55.503434528434525,1.4066666666666667,45.666666666666664,-9.946248196248192,-1.5933333333333333,39.457417911209376,54.80010119510119
4,answer_stable_f1+answer_stable_seq+overlap_signal+gap,62.50979118920296,1.47,55.503434528434525,1.4066666666666667,45.666666666666664,-9.946248196248192,-1.5933333333333333,39.457417911209376,54.80010119510119
5,answer_stable+answer_stable_f1+answer_stable_seq+overlap_signal+gap,62.50979118920296,1.47,55.503434528434525,1.4066666666666667,45.666666666666664,-9.946248196248192,-1.5933333333333333,39.457417911209376,54.80010119510119
4,answer_stable_f1+overlap_signal+ce_top_score+judge_entailment,63.50979118920296,1.35,55.4732757982758,1.45,46.0,-9.976406926406916,-1.55,38.25743158501779,54.7482757982758
4,answer_stable_seq+overlap_signal+ce_top_score+judge_entailment,63.50979118920296,1.35,55.4732757982758,1.45,46.0,-9.976406926406916,-1.55,38.25743158501779,54.7482757982758
5,answer_stable+answer_stable_f1+overlap_signal+ce_top_score+judge_entailment,63.50979118920296,1.35,55.4732757982758,1.45,46.0,-9.976406926406916,-1.55,38.25743158501779,54.7482757982758
5,answer_stable+answer_stable_seq+overlap_signal+ce_top_score+judge_entailment,63.50979118920296,1.35,55.4732757982758,1.45,46.0,-9.976406926406916,-1.55,38.25743158501779,54.7482757982758
5,answer_stable_f1+answer_stable_seq+overlap_signal+ce_top_score+judge_entailment,63.50979118920296,1.35,55.4732757982758,1.45,46.0,-9.976406926406916,-1.55,38.25743158501779,54.7482757982758
6,answer_stable+answer_stable_f1+answer_stable_seq+overlap_signal+ce_top_score+judge_entailment,63.50979118920296,1.35,55.4732757982758,1.45,46.0,-9.976406926406916,-1.55,38.25743158501779,54.7482757982758
4,answer_stable+calibrated_conf+ce_top_score+judge_entailment,62.50979118920296,1.34,55.441529766529776,1.41,45.666666666666664,-10.008152958152941,-1.59,39.32023387697147,54.73652976652978
5,answer_stable+calibrated_conf+overlap_signal+ce_top_score+judge_entailment,62.50979118920296,1.34,55.441529766529776,1.41,45.666666666666664,-10.008152958152941,-1.59,39.32023387697147,54.73652976652978
4,calibrated_conf+overlap_signal+ce_top_score+judge_entailment,62.50979118920296,1.35,55.441529766529776,1.42,45.666666666666664,-10.008152958152941,-1.58,39.04333082149984,54.731529766529775
3,calibrated_conf+ce_top_score+judge_entailment,62.50979118920296,1.36,55.441529766529776,1.4266666666666667,45.666666666666664,-10.008152958152941,-1.5733333333333333,38.86088535037133,54.728196433196445
3,answer_stable_f1+ce_top_score+judge_entailment,63.50979118920296,1.36,55.43994246494247,1.4633333333333334,46.0,-10.009740259740248,-1.5366666666666666,37.88606546579212,54.7082757982758
3,answer_stable_seq+ce_top_score+judge_entailment,63.50979118920296,1.36,55.43994246494247,1.4633333333333334,46.0,-10.009740259740248,-1.5366666666666666,37.88606546579212,54.7082757982758
4,answer_stable+answer_stable_f1+ce_top_score+judge_entailment,63.50979118920296,1.36,55.43994246494247,1.4633333333333334,46.0,-10.009740259740248,-1.5366666666666666,37.88606546579212,54.7082757982758
4,answer_stable+answer_stable_seq+ce_top_score+judge_entailment,63.50979118920296,1.36,55.43994246494247,1.4633333333333334,46.0,-10.009740259740248,-1.5366666666666666,37.88606546579212,54.7082757982758
4,answer_stable_f1+answer_stable_seq+ce_top_score+judge_entailment,63.50979118920296,1.36,55.43994246494247,1.4633333333333334,46.0,-10.009740259740248,-1.5366666666666666,37.88606546579212,54.7082757982758
5,answer_stable+answer_stable_f1+answer_stable_seq+ce_top_score+judge_entailment,63.50979118920296,1.36,55.43994246494247,1.4633333333333334,46.0,-10.009740259740248,-1.5366666666666666,37.88606546579212,54.7082757982758
2,ce_top_score+gap,62.355029284441045,2.05,55.43627946127946,1.81,45.33333333333333,-10.013403263403255,-1.19,30.627778707889206,54.53127946127946
3,top_score_z_intra+ce_top_score+gap,62.355029284441045,2.02,55.261676286676284,1.7433333333333334,45.33333333333333,-10.188006438006433,-1.2566666666666666,31.69885829063649,54.390009620009614
4,answer_stable_f1+calibrated_conf+ce_top_score+judge_entailment,62.50979118920296,1.34,55.25105357605358,1.4066666666666667,45.666666666666664,-10.198629148629138,-1.5933333333333333,39.27800017254994,54.547720242720246
4,answer_stable_seq+calibrated_conf+ce_top_score+judge_entailment,62.50979118920296,1.34,55.25105357605358,1.4066666666666667,45.666666666666664,-10.198629148629138,-1.5933333333333333,39.27800017254994,54.547720242720246
5,answer_stable+answer_stable_f1+calibrated_conf+ce_top_score+judge_entailment,62.50979118920296,1.34,55.25105357605358,1.4066666666666667,45.666666666666664,-10.198629148629138,-1.5933333333333333,39.27800017254994,54.547720242720246
5,answer_stable+answer_stable_seq+calibrated_conf+ce_top_score+judge_entailment,62.50979118920296,1.34,55.25105357605358,1.4066666666666667,45.666666666666664,-10.198629148629138,-1.5933333333333333,39.27800017254994,54.547720242720246
5,answer_stable_f1+answer_stable_seq+calibrated_conf+ce_top_score+judge_entailment,62.50979118920296,1.34,55.25105357605358,1.4066666666666667,45.666666666666664,-10.198629148629138,-1.5933333333333333,39.27800017254994,54.547720242720246
5,answer_stable_f1+calibrated_conf+overlap_signal+ce_top_score+judge_entailment,62.50979118920296,1.34,55.25105357605358,1.4066666666666667,45.666666666666664,-10.198629148629138,-1.5933333333333333,39.27800017254994,54.547720242720246
5,answer_stable_seq+calibrated_conf+overlap_signal+ce_top_score+judge_entailment,62.50979118920296,1.34,55.25105357605358,1.4066666666666667,45.666666666666664,-10.198629148629138,-1.5933333333333333,39.27800017254994,54.547720242720246
6,answer_stable+answer_stable_f1+answer_stable_seq+calibrated_conf+ce_top_score+judge_entailment,62.50979118920296,1.34,55.25105357605358,1.4066666666666667,45.666666666666664,-10.198629148629138,-1.5933333333333333,39.27800017254994,54.547720242720246
6,answer_stable+answer_stable_f1+calibrated_conf+overlap_signal+ce_top_score+judge_entailment,62.50979118920296,1.34,55.25105357605358,1.4066666666666667,45.666666666666664,-10.198629148629138,-1.5933333333333333,39.27800017254994,54.547720242720246
6,answer_stable+answer_stable_seq+calibrated_conf+overlap_signal+ce_top_score+judge_entailment,62.50979118920296,1.34,55.25105357605358,1.4066666666666667,45.666666666666664,-10.198629148629138,-1.5933333333333333,39.27800017254994,54.547720242720246
6,answer_stable_f1+answer_stable_seq+calibrated_conf+overlap_signal+ce_top_score+judge_entailment,62.50979118920296,1.34,55.25105357605358,1.4066666666666667,45.666666666666664,-10.198629148629138,-1.5933333333333333,39.27800017254994,54.547720242720246
7,answer_stable+answer_stable_f1+answer_stable_seq+calibrated_conf+overlap_signal+ce_top_score+judge_entailment,62.50979118920296,1.34,55.25105357605358,1.4066666666666667,45.666666666666664,-10.198629148629138,-1.5933333333333333,39.27800017254994,54.547720242720246
3,answer_stable+calibrated_conf+gap,61.50979118920296,1.43,55.24946627446627,1.3333333333333333,45.33333333333333,-10.200216450216445,-1.6666666666666667,41.437099705849704,54.58279960779961
4,answer_stable+calibrated_conf+overlap_signal+gap,61.50979118920296,1.43,55.24946627446627,1.3333333333333333,45.33333333333333,-10.200216450216445,-1.6666666666666667,41.437099705849704,54.58279960779961
3,calibrated_conf+overlap_signal+gap,61.50979118920296,1.44,55.24946627446627,1.34,45.33333333333333,-10.200216450216445,-1.66,41.230944980944976,54.57946627446627
2,calibrated_conf+gap,61.50979118920296,1.45,55.24946627446627,1.35,45.33333333333333,-10.200216450216445,-1.65,40.92553057367872,54.574466274466275
3,overlap_signal+top_score_z_intra+judge_entailment,61.59312452253629,1.38,55.21088263588264,1.3466666666666667,45.33333333333333,-10.238800088800076,-1.6533333333333333,40.99818017516038,54.53754930254931
3,answer_stable+top_score_z_intra+judge_entailment,62.59312452253628,1.31,55.13994246494246,1.31,45.33333333333333,-10.30974025974026,-1.69,42.09155913354386,54.484942464942456
4,answer_stable+calibrated_conf+top_score_z_intra+gap,61.50979118920296,1.39,55.0748630998631,1.3066666666666666,45.33333333333333,-10.374819624819615,-1.6933333333333334,42.14912992336462,54.421529766529765
4,answer_stable_f1+calibrated_conf+top_score_z_intra+gap,61.50979118920296,1.39,55.0748630998631,1.3066666666666666,45.33333333333333,-10.374819624819615,-1.6933333333333334,42.14912992336462,54.421529766529765
4,answer_stable_seq+calibrated_conf+top_score_z_intra+gap,61.50979118920296,1.39,55.0748630998631,1.3066666666666666,45.33333333333333,-10.374819624819615,-1.6933333333333334,42.14912992336462,54.421529766529765
5,answer_stable+answer_stable_f1+calibrated_conf+top_score_z_intra+gap,61.50979118920296,1.39,55.0748630998631,1.3066666666666666,45.33333333333333,-10.374819624819615,-1.6933333333333334,42.14912992336462,54.421529766529765
5,answer_stable+answer_stable_seq+calibrated_conf+top_score_z_intra+gap,61.50979118920296,1.39,55.0748630998631,1.3066666666666666,45.33333333333333,-10.374819624819615,-1.6933333333333334,42.14912992336462,54.421529766529765
5,answer_stable+calibrated_conf+overlap_signal+top_score_z_intra+gap,61.50979118920296,1.39,55.0748630998631,1.3066666666666666,45.33333333333333,-10.374819624819615,-1.6933333333333334,42.14912992336462,54.421529766529765
5,answer_stable_f1+answer_stable_seq+calibrated_conf+top_score_z_intra+gap,61.50979118920296,1.39,55.0748630998631,1.3066666666666666,45.33333333333333,-10.374819624819615,-1.6933333333333334,42.14912992336462,54.421529766529765
5,answer_stable_f1+calibrated_conf+overlap_signal+top_score_z_intra+gap,61.50979118920296,1.39,55.0748630998631,1.3066666666666666,45.33333333333333,-10.374819624819615,-1.6933333333333334,42.14912992336462,54.421529766529765
5,answer_stable_seq+calibrated_conf+overlap_signal+top_score_z_intra+gap,61.50979118920296,1.39,55.0748630998631,1.3066666666666666,45.33333333333333,-10.374819624819615,-1.6933333333333334,42.14912992336462,54.421529766529765
6,answer_stable+answer_stable_f1+answer_stable_seq+calibrated_conf+top_score_z_intra+gap,61.50979118920296,1.39,55.0748630998631,1.3066666666666666,45.33333333333333,-10.374819624819615,-1.6933333333333334,42.14912992336462,54.421529766529765
6,answer_stable+answer_stable_f1+calibrated_conf+overlap_signal+top_score_z_intra+gap,61.50979118920296,1.39,55.0748630998631,1.3066666666666666,45.33333333333333,-10.374819624819615,-1.6933333333333334,42.14912992336462,54.421529766529765
6,answer_stable+answer_stable_seq+calibrated_conf+overlap_signal+top_score_z_intra+gap,61.50979118920296,1.39,55.0748630998631,1.3066666666666666,45.33333333333333,-10.374819624819615,-1.6933333333333334,42.14912992336462,54.421529766529765
6,answer_stable_f1+answer_stable_seq+calibrated_conf+overlap_signal+top_score_z_intra+gap,61.50979118920296,1.39,55.0748630998631,1.3066666666666666,45.33333333333333,-10.374819624819615,-1.6933333333333334,42.14912992336462,54.421529766529765
7,answer_stable+answer_stable_f1+answer_stable_seq+calibrated_conf+overlap_signal+top_score_z_intra+gap,61.50979118920296,1.39,55.0748630998631,1.3066666666666666,45.33333333333333,-10.374819624819615,-1.6933333333333334,42.14912992336462,54.421529766529765
4,calibrated_conf+overlap_signal+top_score_z_intra+gap,61.50979118920296,1.4,55.0748630998631,1.3133333333333332,45.33333333333333,-10.374819624819615,-1.6866666666666668,41.93517494913434,54.418196433196435
3,calibrated_conf+top_score_z_intra+gap,61.50979118920296,1.41,55.0748630998631,1.3233333333333333,45.33333333333333,-10.374819624819615,-1.6766666666666667,41.61828445833484,54.41319643319643
3,answer_stable_f1+calibrated_conf+gap,61.50979118920296,1.43,55.05899008399009,1.33,45.33333333333333,-10.390692640692627,-1.67,41.397736905255705,54.39399008399009
3,answer_stable_seq+calibrated_conf+gap,61.50979118920296,1.43,55.05899008399009,1.33,45.33333333333333,-10.390692640692627,-1.67,41.397736905255705,54.39399008399009
4,answer_stable+answer_stable_f1+calibrated_conf+gap,61.50979118920296,1.43,55.05899008399009,1.33,45.33333333333333,-10.390692640692627,-1.67,41.397736905255705,54.39399008399009
4,answer_stable+answer_stable_seq+calibrated_conf+gap,61.50979118920296,1.43,55.05899008399009,1.33,45.33333333333333,-10.390692640692627,-1.67,41.397736905255705,54.39399008399009
4,answer_stable_f1+answer_stable_seq+calibrated_conf+gap,61.50979118920296,1.43,55.05899008399009,1.33,45.33333333333333,-10.390692640692627,-1.67,41.397736905255705,54.39399008399009
4,answer_stable_f1+calibrated_conf+overlap_signal+gap,61.50979118920296,1.43,55.05899008399009,1.33,45.33333333333333,-10.390692640692627,-1.67,41.397736905255705,54.39399008399009
4,answer_stable_seq+calibrated_conf+overlap_signal+gap,61.50979118920296,1.43,55.05899008399009,1.33,45.33333333333333,-10.390692640692627,-1.67,41.397736905255705,54.39399008399009
5,answer_stable+answer_stable_f1+answer_stable_seq+calibrated_conf+gap,61.50979118920296,1.43,55.05899008399009,1.33,45.33333333333333,-10.390692640692627,-1.67,41.397736905255705,54.39399008399009
5,answer_stable+answer_stable_f1+calibrated_conf+overlap_signal+gap,61.50979118920296,1.43,55.05899008399009,1.33,45.33333333333333,-10.390692640692627,-1.67,41.397736905255705,54.39399008399009
5,answer_stable+answer_stable_seq+calibrated_conf+overlap_signal+gap,61.50979118920296,1.43,55.05899008399009,1.33,45.33333333333333,-10.390692640692627,-1.67,41.397736905255705,54.39399008399009
5,answer_stable_f1+answer_stable_seq+calibrated_conf+overlap_signal+gap,61.50979118920296,1.43,55.05899008399009,1.33,45.33333333333333,-10.390692640692627,-1.67,41.397736905255705,54.39399008399009
6,answer_stable+answer_stable_f1+answer_stable_seq+calibrated_conf+overlap_signal+gap,61.50979118920296,1.43,55.05899008399009,1.33,45.33333333333333,-10.390692640692627,-1.67,41.397736905255705,54.39399008399009
3,answer_stable+answer_in_evidence+gap,60.93403361344538,1.2,55.02724405224405,1.2566666666666666,45.0,-10.422438672438666,-1.7433333333333334,43.7882578665072,54.39891071891072
2,answer_in_evidence+gap,60.93403361344538,1.38,54.975962000962,1.4766666666666666,45.0,-10.473720723720717,-1.5233333333333334,37.22977110674628,54.23762866762867
4,answer_stable+answer_in_evidence+top_score_z_intra+ce_top_score,60.93403361344538,1.13,54.938355163355155,1.2166666666666666,44.666666666666664,-10.511327561327562,-1.7833333333333334,45.15481246303164,54.33002183002182
3,overlap_signal+ce_top_score+gap,61.843124522536286,1.48,54.898184223184224,1.5133333333333334,44.666666666666664,-10.551498501498493,-1.4866666666666666,36.276333187126134,54.141517556517556
3,answer_in_evidence+top_score_z_intra+ce_top_score,60.93403361344538,1.27,54.88707311207312,1.3833333333333333,44.666666666666664,-10.562609612609599,-1.6166666666666667,39.67740224969141,54.19540644540645
4,answer_stable+answer_in_evidence+top_score_z_intra+gap,60.93403361344538,1.18,54.852640877640866,1.24,45.0,-10.59704184704185,-1.76,44.23600070777489,54.23264087764087
4,answer_stable+overlap_signal+top_score_z_intra+judge_entailment,61.59312452253629,1.29,54.83994246494246,1.2633333333333334,45.0,-10.609740259740256,-1.7366666666666666,43.40892543399139,54.20827579827579
4,answer_stable_f1+overlap_signal+top_score_z_intra+judge_entailment,61.59312452253629,1.29,54.83994246494246,1.2633333333333334,45.0,-10.609740259740256,-1.7366666666666666,43.40892543399139,54.20827579827579
4,answer_stable_seq+overlap_signal+top_score_z_intra+judge_entailment,61.59312452253629,1.29,54.83994246494246,1.2633333333333334,45.0,-10.609740259740256,-1.7366666666666666,43.40892543399139,54.20827579827579
5,answer_stable+answer_stable_f1+overlap_signal+top_score_z_intra+judge_entailment,61.59312452253629,1.29,54.83994246494246,1.2633333333333334,45.0,-10.609740259740256,-1.7366666666666666,43.40892543399139,54.20827579827579
5,answer_stable+answer_stable_seq+overlap_signal+top_score_z_intra+judge_entailment,61.59312452253629,1.29,54.83994246494246,1.2633333333333334,45.0,-10.609740259740256,-1.7366666666666666,43.40892543399139,54.20827579827579
5,answer_stable_f1+answer_stable_seq+overlap_signal+top_score_z_intra+judge_entailment,61.59312452253629,1.29,54.83994246494246,1.2633333333333334,45.0,-10.609740259740256,-1.7366666666666666,43.40892543399139,54.20827579827579
6,answer_stable+answer_stable_f1+answer_stable_seq+overlap_signal+top_score_z_intra+judge_entailment,61.59312452253629,1.29,54.83994246494246,1.2633333333333334,45.0,-10.609740259740256,-1.7366666666666666,43.40892543399139,54.20827579827579
3,answer_stable+ce_top_score+gap,61.843124522536286,1.36,54.82724405224405,1.36,44.666666666666664,-10.622438672438669,-1.64,40.31415003841474,54.14724405224405
3,answer_stable_f1+top_score_z_intra+judge_entailment,62.59312452253628,1.31,54.80660913160913,1.2866666666666666,45.0,-10.643073593073588,-1.7133333333333334,42.595810205913835,54.1632757982758
3,answer_stable_seq+top_score_z_intra+judge_entailment,62.59312452253628,1.31,54.80660913160913,1.2866666666666666,45.0,-10.643073593073588,-1.7133333333333334,42.595810205913835,54.1632757982758
4,answer_stable+answer_stable_f1+top_score_z_intra+judge_entailment,62.59312452253628,1.31,54.80660913160913,1.2866666666666666,45.0,-10.643073593073588,-1.7133333333333334,42.595810205913835,54.1632757982758
4,answer_stable+answer_stable_seq+top_score_z_intra+judge_entailment,62.59312452253628,1.31,54.80660913160913,1.2866666666666666,45.0,-10.643073593073588,-1.7133333333333334,42.595810205913835,54.1632757982758
4,answer_stable_f1+answer_stable_seq+top_score_z_intra+judge_entailment,62.59312452253628,1.31,54.80660913160913,1.2866666666666666,45.0,-10.643073593073588,-1.7133333333333334,42.595810205913835,54.1632757982758
5,answer_stable+answer_stable_f1+answer_stable_seq+top_score_z_intra+judge_entailment,62.59312452253628,1.31,54.80660913160913,1.2866666666666666,45.0,-10.643073593073588,-1.7133333333333334,42.595810205913835,54.1632757982758
3,answer_in_evidence+top_score_z_intra+gap,60.93403361344538,1.33,54.80135882635883,1.4533333333333334,45.0,-10.648323898323888,-1.5466666666666666,37.707356990613874,54.07469215969216
4,overlap_signal+top_score_z_intra+ce_top_score+gap,61.843124522536286,1.45,54.723581048581046,1.47,44.666666666666664,-10.72610167610167,-1.53,37.22692588338847,53.98858104858105
4,answer_stable+answer_in_evidence+calibrated_conf+gap,60.93403361344538,1.2,54.69391071891072,1.19,44.666666666666664,-10.755772005771995,-1.81,45.961269511689686,54.09891071891072
5,answer_stable+answer_in_evidence+calibrated_conf+overlap_signal+gap,60.93403361344538,1.2,54.69391071891072,1.19,44.666666666666664,-10.755772005771995,-1.81,45.961269511689686,54.09891071891072
4,answer_in_evidence+calibrated_conf+overlap_signal+gap,60.93403361344538,1.2,54.69391071891072,1.1933333333333334,44.666666666666664,-10.755772005771995,-1.8066666666666666,45.832886077299484,54.09724405224406
3,answer_in_evidence+calibrated_conf+gap,60.93403361344538,1.2,54.69391071891072,1.1966666666666668,44.666666666666664,-10.755772005771995,-1.8033333333333332,45.705217870956034,54.095577385577386
4,answer_stable+answer_in_evidence+overlap_signal+gap,60.93403361344538,1.2,54.69391071891072,1.22,44.666666666666664,-10.755772005771995,-1.78,44.83107435976289,54.08391071891072
4,answer_stable+top_score_z_intra+ce_top_score+gap,61.843124522536286,1.33,54.65264087764088,1.3366666666666667,44.666666666666664,-10.79704184704184,-1.6633333333333333,40.88726250197572,53.98430754430754
3,answer_in_evidence+overlap_signal+gap,60.93403361344538,1.24,54.64262866762867,1.3066666666666666,44.666666666666664,-10.807054057054046,-1.6933333333333334,41.81833826604235,53.989295334295335
5,answer_stable+answer_in_evidence+calibrated_conf+top_score_z_intra+ce_top_score,60.93403361344538,1.13,54.605021830021826,1.17,44.333333333333336,-10.84466089466089,-1.83,46.67095882907849,54.020021830021825
5,answer_stable_f1+answer_in_evidence+calibrated_conf+top_score_z_intra+ce_top_score,60.93403361344538,1.13,54.605021830021826,1.17,44.333333333333336,-10.84466089466089,-1.83,46.67095882907849,54.020021830021825
5,answer_stable_seq+answer_in_evidence+calibrated_conf+top_score_z_intra+ce_top_score,60.93403361344538,1.13,54.605021830021826,1.17,44.333333333333336,-10.84466089466089,-1.83,46.67095882907849,54.020021830021825
6,answer_stable+answer_stable_f1+answer_in_evidence+calibrated_conf+top_score_z_intra+ce_top_score,60.93403361344538,1.13,54.605021830021826,1.17,44.333333333333336,-10.84466089466089,-1.83,46.67095882907849,54.020021830021825
6,answer_stable+answer_stable_seq+answer_in_evidence+calibrated_conf+top_score_z_intra+ce_top_score,60.93403361344538,1.13,54.605021830021826,1.17,44.333333333333336,-10.84466089466089,-1.83,46.67095882907849,54.020021830021825
6,answer_stable+answer_in_evidence+calibrated_conf+overlap_signal+top_score_z_intra+ce_top_score,60.93403361344538,1.13,54.605021830021826,1.17,44.333333333333336,-10.84466089466089,-1.83,46.67095882907849,54.020021830021825
6,answer_stable_f1+answer_stable_seq+answer_in_evidence+calibrated_conf+top_score_z_intra+ce_top_score,60.93403361344538,1.13,54.605021830021826,1.17,44.333333333333336,-10.84466089466089,-1.83,46.67095882907849,54.020021830021825
6,answer_stable_f1+answer_in_evidence+calibrated_conf+overlap_signal+top_score_z_intra+ce_top_score,60.93403361344538,1.13,54.605021830021826,1.17,44.333333333333336,-10.84466089466089,-1.83,46.67095882907849,54.020021830021825
6,answer_stable_seq+answer_in_evidence+calibrated_conf+overlap_signal+top_score_z_intra+ce_top_score,60.93403361344538,1.13,54.605021830021826,1.17,44.333333333333336,-10.84466089466089,-1.83,46.67095882907849,54.020021830021825
7,answer_stable+answer_stable_f1+answer_stable_seq+answer_in_evidence+calibrated_conf+top_score_z_intra+ce_top_score,60.93403361344538,1.13,54.605021830021826,1.17,44.333333333333336,-10.84466089466089,-1.83,46.67095882907849,54.020021830021825
7,answer_stable+answer_stable_f1+answer_in_evidence+calibrated_conf+overlap_signal+top_score_z_intra+ce_top_score,60.93403361344538,1.13,54.605021830021826,1.17,44.333333333333336,-10.84466089466089,-1.83,46.67095882907849,54.020021830021825
7,answer_stable+answer_stable_seq+answer_in_evidence+calibrated_conf+overlap_signal+top_score_z_intra+ce_top_score,60.93403361344538,1.13,54.605021830021826,1.17,44.333333333333336,-10.84466089466089,-1.83,46.67095882907849,54.020021830021825
7,answer_stable_f1+answer_stable_seq+answer_in_evidence+calibrated_conf+overlap_signal+top_score_z_intra+ce_top_score,60.93403361344538,1.13,54.605021830021826,1.17,44.333333333333336,-10.84466089466089,-1.83,46.67095882907849,54.020021830021825
8,answer_stable+answer_stable_f1+answer_stable_seq+answer_in_evidence+calibrated_conf+overlap_signal+top_score_z_intra+ce_top_score,60.93403361344538,1.13,54.605021830021826,1.17,44.333333333333336,-10.84466089466089,-1.83,46.67095882907849,54.020021830021825
5,answer_in_evidence+calibrated_conf+overlap_signal+top_score_z_intra+ce_top_score,60.93403361344538,1.13,54.605021830021826,1.1733333333333333,44.333333333333336,-10.84466089466089,-1.8266666666666667,46.53837087785951,54.01835516335516
4,answer_in_evidence+calibrated_conf+top_score_z_intra+ce_top_score,60.93403361344538,1.13,54.605021830021826,1.1766666666666667,44.333333333333336,-10.84466089466089,-1.8233333333333333,46.40653413316302,54.016688496688495
5,answer_stable+answer_in_evidence+overlap_signal+top_score_z_intra+ce_top_score,60.93403361344538,1.13,54.605021830021826,1.1966666666666668,44.333333333333336,-10.84466089466089,-1.8033333333333332,45.630937462413776,54.00668849668849
5,answer_stable_f1+answer_in_evidence+overlap_signal+top_score_z_intra+ce_top_score,60.93403361344538,1.13,54.605021830021826,1.1966666666666668,44.333333333333336,-10.84466089466089,-1.8033333333333332,45.630937462413776,54.00668849668849
5,answer_stable_seq+answer_in_evidence+overlap_signal+top_score_z_intra+ce_top_score,60.93403361344538,1.13,54.605021830021826,1.1966666666666668,44.333333333333336,-10.84466089466089,-1.8033333333333332,45.630937462413776,54.00668849668849
6,answer_stable+answer_stable_f1+answer_in_evidence+overlap_signal+top_score_z_intra+ce_top_score,60.93403361344538,1.13,54.605021830021826,1.1966666666666668,44.333333333333336,-10.84466089466089,-1.8033333333333332,45.630937462413776,54.00668849668849
6,answer_stable+answer_stable_seq+answer_in_evidence+overlap_signal+top_score_z_intra+ce_top_score,60.93403361344538,1.13,54.605021830021826,1.1966666666666668,44.333333333333336,-10.84466089466089,-1.8033333333333332,45.630937462413776,54.00668849668849
6,answer_stable_f1+answer_stable_seq+answer_in_evidence+overlap_signal+top_score_z_intra+ce_top_score,60.93403361344538,1.13,54.605021830021826,1.1966666666666668,44.333333333333336,-10.84466089466089,-1.8033333333333332,45.630937462413776,54.00668849668849
7,answer_stable+answer_stable_f1+answer_stable_seq+answer_in_evidence+overlap_signal+top_score_z_intra+ce_top_score,60.93403361344538,1.13,54.605021830021826,1.1966666666666668,44.333333333333336,-10.84466089466089,-1.8033333333333332,45.630937462413776,54.00668849668849
4,answer_stable_f1+answer_in_evidence+top_score_z_intra+ce_top_score,60.93403361344538,1.13,54.605021830021826,1.2033333333333334,44.333333333333336,-10.84466089466089,-1.7966666666666666,45.37813448478268,54.00335516335516
4,answer_stable_seq+answer_in_evidence+top_score_z_intra+ce_top_score,60.93403361344538,1.13,54.605021830021826,1.2033333333333334,44.333333333333336,-10.84466089466089,-1.7966666666666666,45.37813448478268,54.00335516335516
5,answer_stable+answer_stable_f1+answer_in_evidence+top_score_z_intra+ce_top_score,60.93403361344538,1.13,54.605021830021826,1.2033333333333334,44.333333333333336,-10.84466089466089,-1.7966666666666666,45.37813448478268,54.00335516335516
5,answer_stable+answer_stable_seq+answer_in_evidence+top_score_z_intra+ce_top_score,60.93403361344538,1.13,54.605021830021826,1.2033333333333334,44.333333333333336,-10.84466089466089,-1.7966666666666666,45.37813448478268,54.00335516335516
5,answer_stable_f1+answer_stable_seq+answer_in_evidence+top_score_z_intra+ce_top_score,60.93403361344538,1.13,54.605021830021826,1.2033333333333334,44.333333333333336,-10.84466089466089,-1.7966666666666666,45.37813448478268,54.00335516335516
6,answer_stable+answer_stable_f1+answer_stable_seq+answer_in_evidence+top_score_z_intra+ce_top_score,60.93403361344538,1.13,54.605021830021826,1.2033333333333334,44.333333333333336,-10.84466089466089,-1.7966666666666666,45.37813448478268,54.00335516335516
2,judge_entailment+gap,61.50979118920296,1.58,54.55850168350168,1.5133333333333334,45.0,-10.891181041181035,-1.4866666666666666,36.05187335914208,53.801835016835014
4,answer_in_evidence+overlap_signal+top_score_z_intra+ce_top_score,60.93403361344538,1.16,54.55373977873978,1.2766666666666666,44.333333333333336,-10.895942945942934,-1.7233333333333334,42.73138886063168,53.91540644540645
4,answer_stable+overlap_signal+ce_top_score+gap,61.843124522536286,1.33,54.52724405224405,1.3133333333333332,44.333333333333336,-10.922438672438666,-1.6866666666666668,41.51820613115029,53.870577385577384
3,top_score_z_intra+ce_top_score+judge_entailment,61.50979118920296,1.47,54.52675565175566,1.3933333333333333,44.666666666666664,-10.92292707292706,-1.6066666666666667,39.13403515676244,53.83008898508899
5,answer_stable+answer_in_evidence+calibrated_conf+top_score_z_intra+gap,60.93403361344538,1.18,54.51930754430754,1.1733333333333333,44.666666666666664,-10.93037518037518,-1.8266666666666667,46.46531892980756,53.93264087764087
5,answer_stable_f1+answer_in_evidence+calibrated_conf+top_score_z_intra+gap,60.93403361344538,1.18,54.51930754430754,1.1733333333333333,44.666666666666664,-10.93037518037518,-1.8266666666666667,46.46531892980756,53.93264087764087
5,answer_stable_seq+answer_in_evidence+calibrated_conf+top_score_z_intra+gap,60.93403361344538,1.18,54.51930754430754,1.1733333333333333,44.666666666666664,-10.93037518037518,-1.8266666666666667,46.46531892980756,53.93264087764087
6,answer_stable+answer_stable_f1+answer_in_evidence+calibrated_conf+top_score_z_intra+gap,60.93403361344538,1.18,54.51930754430754,1.1733333333333333,44.666666666666664,-10.93037518037518,-1.8266666666666667,46.46531892980756,53.93264087764087
6,answer_stable+answer_stable_seq+answer_in_evidence+calibrated_conf+top_score_z_intra+gap,60.93403361344538,1.18,54.51930754430754,1.1733333333333333,44.666666666666664,-10.93037518037518,-1.8266666666666667,46.46531892980756,53.93264087764087
6,answer_stable+answer_in_evidence+calibrated_conf+overlap_signal+top_score_z_intra+gap,60.93403361344538,1.18,54.51930754430754,1.1733333333333333,44.666666666666664,-10.93037518037518,-1.8266666666666667,46.46531892980756,53.93264087764087
6,answer_stable_f1+answer_stable_seq+answer_in_evidence+calibrated_conf+top_score_z_intra+gap,60.93403361344538,1.18,54.51930754430754,1.1733333333333333,44.666666666666664,-10.93037518037518,-1.8266666666666667,46.46531892980756,53.93264087764087
6,answer_stable_f1+answer_in_evidence+calibrated_conf+overlap_signal+top_score_z_intra+gap,60.93403361344538,1.18,54.51930754430754,1.1733333333333333,44.666666666666664,-10.93037518037518,-1.8266666666666667,46.46531892980756,53.93264087764087
6,answer_stable_seq+answer_in_evidence+calibrated_conf+overlap_signal+top_score_z_intra+gap,60.93403361344538,1.18,54.51930754430754,1.1733333333333333,44.666666666666664,-10.93037518037518,-1.8266666666666667,46.46531892980756,53.93264087764087
7,answer_stable+answer_stable_f1+answer_stable_seq+answer_in_evidence+calibrated_conf+top_score_z_intra+gap,60.93403361344538,1.18,54.51930754430754,1.1733333333333333,44.666666666666664,-10.93037518037518,-1.8266666666666667,46.46531892980756,53.93264087764087
7,answer_stable+answer_stable_f1+answer_in_evidence+calibrated_conf+overlap_signal+top_score_z_intra+gap,60.93403361344538,1.18,54.51930754430754,1.1733333333333333,44.666666666666664,-10.93037518037518,-1.8266666666666667,46.46531892980756,53.93264087764087
7,answer_stable+answer_stable_seq+answer_in_evidence+calibrated_conf+overlap_signal+top_score_z_intra+gap,60.93403361344538,1.18,54.51930754430754,1.1733333333333333,44.666666666666664,-10.93037518037518,-1.8266666666666667,46.46531892980756,53.93264087764087
7,answer_stable_f1+answer_stable_seq+answer_in_evidence+calibrated_conf+overlap_signal+top_score_z_intra+gap,60.93403361344538,1.18,54.51930754430754,1.1733333333333333,44.666666666666664,-10.93037518037518,-1.8266666666666667,46.46531892980756,53.93264087764087
8,answer_stable+answer_stable_f1+answer_stable_seq+answer_in_evidence+calibrated_conf+overlap_signal+top_score_z_intra+gap,60.93403361344538,1.18,54.51930754430754,1.1733333333333333,44.666666666666664,-10.93037518037518,-1.8266666666666667,46.46531892980756,53.93264087764087
5,answer_in_evidence+calibrated_conf+overlap_signal+top_score_z_intra+gap,60.93403361344538,1.18,54.51930754430754,1.1766666666666667,44.666666666666664,-10.93037518037518,-1.8233333333333333,46.33368913113954,53.930974210974206
4,answer_in_evidence+calibrated_conf+top_score_z_intra+gap,60.93403361344538,1.18,54.51930754430754,1.18,44.666666666666664,-10.93037518037518,-1.82,46.20280300365046,53.929307544307534
5,answer_stable+answer_in_evidence+overlap_signal+top_score_z_intra+gap,60.93403361344538,1.18,54.51930754430754,1.2033333333333334,44.666666666666664,-10.93037518037518,-1.7966666666666666,45.306903776432854,53.91764087764087
5,answer_stable_f1+answer_in_evidence+overlap_signal+top_score_z_intra+gap,60.93403361344538,1.18,54.51930754430754,1.2033333333333334,44.666666666666664,-10.93037518037518,-1.7966666666666666,45.306903776432854,53.91764087764087
5,answer_stable_seq+answer_in_evidence+overlap_signal+top_score_z_intra+gap,60.93403361344538,1.18,54.51930754430754,1.2033333333333334,44.666666666666664,-10.93037518037518,-1.7966666666666666,45.306903776432854,53.91764087764087
6,answer_stable+answer_stable_f1+answer_in_evidence+overlap_signal+top_score_z_intra+gap,60.93403361344538,1.18,54.51930754430754,1.2033333333333334,44.666666666666664,-10.93037518037518,-1.7966666666666666,45.306903776432854,53.91764087764087
6,answer_stable+answer_stable_seq+answer_in_evidence+overlap_signal+top_score_z_intra+gap,60.93403361344538,1.18,54.51930754430754,1.2033333333333334,44.666666666666664,-10.93037518037518,-1.7966666666666666,45.306903776432854,53.91764087764087
6,answer_stable_f1+answer_stable_seq+answer_in_evidence+overlap_signal+top_score_z_intra+gap,60.93403361344538,1.18,54.51930754430754,1.2033333333333334,44.666666666666664,-10.93037518037518,-1.7966666666666666,45.306903776432854,53.91764087764087
7,answer_stable+answer_stable_f1+answer_stable_seq+answer_in_evidence+overlap_signal+top_score_z_intra+gap,60.93403361344538,1.18,54.51930754430754,1.2033333333333334,44.666666666666664,-10.93037518037518,-1.7966666666666666,45.306903776432854,53.91764087764087
4,answer_stable_f1+answer_in_evidence+top_score_z_intra+gap,60.93403361344538,1.18,54.51930754430754,1.2166666666666666,44.666666666666664,-10.93037518037518,-1.7833333333333334,44.81038976244456,53.9109742109742
4,answer_stable_seq+answer_in_evidence+top_score_z_intra+gap,60.93403361344538,1.18,54.51930754430754,1.2166666666666666,44.666666666666664,-10.93037518037518,-1.7833333333333334,44.81038976244456,53.9109742109742
5,answer_stable+answer_stable_f1+answer_in_evidence+top_score_z_intra+gap,60.93403361344538,1.18,54.51930754430754,1.2166666666666666,44.666666666666664,-10.93037518037518,-1.7833333333333334,44.81038976244456,53.9109742109742
5,answer_stable+answer_stable_seq+answer_in_evidence+top_score_z_intra+gap,60.93403361344538,1.18,54.51930754430754,1.2166666666666666,44.666666666666664,-10.93037518037518,-1.7833333333333334,44.81038976244456,53.9109742109742
5,answer_stable_f1+answer_stable_seq+answer_in_evidence+top_score_z_intra+gap,60.93403361344538,1.18,54.51930754430754,1.2166666666666666,44.666666666666664,-10.93037518037518,-1.7833333333333334,44.81038976244456,53.9109742109742
6,answer_stable+answer_stable_f1+answer_stable_seq+answer_in_evidence+top_score_z_intra+gap,60.93403361344538,1.18,54.51930754430754,1.2166666666666666,44.666666666666664,-10.93037518037518,-1.7833333333333334,44.81038976244456,53.9109742109742
4,answer_stable_f1+answer_in_evidence+calibrated_conf+gap,60.93403361344538,1.2,54.503434528434525,1.1866666666666668,44.666666666666664,-10.946248196248192,-1.8133333333333332,45.92986055766954,53.91010119510119
4,answer_stable_seq+answer_in_evidence+calibrated_conf+gap,60.93403361344538,1.2,54.503434528434525,1.1866666666666668,44.666666666666664,-10.946248196248192,-1.8133333333333332,45.92986055766954,53.91010119510119
5,answer_stable+answer_stable_f1+answer_in_evidence+calibrated_conf+gap,60.93403361344538,1.2,54.503434528434525,1.1866666666666668,44.666666666666664,-10.946248196248192,-1.8133333333333332,45.92986055766954,53.91010119510119
5,answer_stable+answer_stable_seq+answer_in_evidence+calibrated_conf+gap,60.93403361344538,1.2,54.503434528434525,1.1866666666666668,44.666666666666664,-10.946248196248192,-1.8133333333333332,45.92986055766954,53.91010119510119
5,answer_stable_f1+answer_stable_seq+answer_in_evidence+calibrated_conf+gap,60.93403361344538,1.2,54.503434528434525,1.1866666666666668,44.666666666666664,-10.946248196248192,-1.8133333333333332,45.92986055766954,53.91010119510119
5,answer_stable_f1+answer_in_evidence+calibrated_conf+overlap_signal+gap,60.93403361344538,1.2,54.503434528434525,1.1866666666666668,44.666666666666664,-10.946248196248192,-1.8133333333333332,45.92986055766954,53.91010119510119
5,answer_stable_seq+answer_in_evidence+calibrated_conf+overlap_signal+gap,60.93403361344538,1.2,54.503434528434525,1.1866666666666668,44.666666666666664,-10.946248196248192,-1.8133333333333332,45.92986055766954,53.91010119510119
6,answer_stable+answer_stable_f1+answer_stable_seq+answer_in_evidence+calibrated_conf+gap,60.93403361344538,1.2,54.503434528434525,1.1866666666666668,44.666666666666664,-10.946248196248192,-1.8133333333333332,45.92986055766954,53.91010119510119
6,answer_stable+answer_stable_f1+answer_in_evidence+calibrated_conf+overlap_signal+gap,60.93403361344538,1.2,54.503434528434525,1.1866666666666668,44.666666666666664,-10.946248196248192,-1.8133333333333332,45.92986055766954,53.91010119510119
6,answer_stable+answer_stable_seq+answer_in_evidence+calibrated_conf+overlap_signal+gap,60.93403361344538,1.2,54.503434528434525,1.1866666666666668,44.666666666666664,-10.946248196248192,-1.8133333333333332,45.92986055766954,53.91010119510119
6,answer_stable_f1+answer_stable_seq+answer_in_evidence+calibrated_conf+overlap_signal+gap,60.93403361344538,1.2,54.503434528434525,1.1866666666666668,44.666666666666664,-10.946248196248192,-1.8133333333333332,45.92986055766954,53.91010119510119
7,answer_stable+answer_stable_f1+answer_stable_seq+answer_in_evidence+calibrated_conf+overlap_signal+gap,60.93403361344538,1.2,54.503434528434525,1.1866666666666668,44.666666666666664,-10.946248196248192,-1.8133333333333332,45.92986055766954,53.91010119510119
4,answer_stable_f1+answer_in_evidence+overlap_signal+gap,60.93403361344538,1.2,54.503434528434525,1.2166666666666666,44.666666666666664,-10.946248196248192,-1.7833333333333334,44.79734344802838,53.89510119510119
4,answer_stable_seq+answer_in_evidence+overlap_signal+gap,60.93403361344538,1.2,54.503434528434525,1.2166666666666666,44.666666666666664,-10.946248196248192,-1.7833333333333334,44.79734344802838,53.89510119510119
5,answer_stable+answer_stable_f1+answer_in_evidence+overlap_signal+gap,60.93403361344538,1.2,54.503434528434525,1.2166666666666666,44.666666666666664,-10.946248196248192,-1.7833333333333334,44.79734344802838,53.89510119510119
5,answer_stable+answer_stable_seq+answer_in_evidence+overlap_signal+gap,60.93403361344538,1.2,54.503434528434525,1.2166666666666666,44.666666666666664,-10.946248196248192,-1.7833333333333334,44.79734344802838,53.89510119510119
5,answer_stable_f1+answer_stable_seq+answer_in_evidence+overlap_signal+gap,60.93403361344538,1.2,54.503434528434525,1.2166666666666666,44.666666666666664,-10.946248196248192,-1.7833333333333334,44.79734344802838,53.89510119510119
6,answer_stable+answer_stable_f1+answer_stable_seq+answer_in_evidence+overlap_signal+gap,60.93403361344538,1.2,54.503434528434525,1.2166666666666666,44.666666666666664,-10.946248196248192,-1.7833333333333334,44.79734344802838,53.89510119510119
3,answer_stable_f1+answer_in_evidence+gap,60.93403361344538,1.2,54.503434528434525,1.23,44.666666666666664,-10.946248196248192,-1.77,44.31173538897116,53.88843452843452
3,answer_stable_seq+answer_in_evidence+gap,60.93403361344538,1.2,54.503434528434525,1.23,44.666666666666664,-10.946248196248192,-1.77,44.31173538897116,53.88843452843452
4,answer_stable+answer_stable_f1+answer_in_evidence+gap,60.93403361344538,1.2,54.503434528434525,1.23,44.666666666666664,-10.946248196248192,-1.77,44.31173538897116,53.88843452843452
4,answer_stable+answer_stable_seq+answer_in_evidence+gap,60.93403361344538,1.2,54.503434528434525,1.23,44.666666666666664,-10.946248196248192,-1.77,44.31173538897116,53.88843452843452
4,answer_stable_f1+answer_stable_seq+answer_in_evidence+gap,60.93403361344538,1.2,54.503434528434525,1.23,44.666666666666664,-10.946248196248192,-1.77,44.31173538897116,53.88843452843452
5,answer_stable+answer_stable_f1+answer_stable_seq+answer_in_evidence+gap,60.93403361344538,1.2,54.503434528434525,1.23,44.666666666666664,-10.946248196248192,-1.77,44.31173538897116,53.88843452843452
4,answer_in_evidence+overlap_signal+top_score_z_intra+gap,60.93403361344538,1.22,54.46802549302549,1.2866666666666666,44.666666666666664,-10.981657231657223,-1.7133333333333334,42.33266230027888,53.82469215969216
4,answer_stable+calibrated_conf+top_score_z_intra+judge_entailment,60.59312452253629,1.28,54.395498020498025,1.2366666666666666,44.666666666666664,-11.054184704184692,-1.7633333333333334,43.985577914149346,53.77716468716469
4,answer_stable_f1+calibrated_conf+top_score_z_intra+judge_entailment,60.59312452253629,1.28,54.395498020498025,1.2366666666666666,44.666666666666664,-11.054184704184692,-1.7633333333333334,43.985577914149346,53.77716468716469
4,answer_stable_seq+calibrated_conf+top_score_z_intra+judge_entailment,60.59312452253629,1.28,54.395498020498025,1.2366666666666666,44.666666666666664,-11.054184704184692,-1.7633333333333334,43.985577914149346,53.77716468716469
5,answer_stable+answer_stable_f1+calibrated_conf+top_score_z_intra+judge_entailment,60.59312452253629,1.28,54.395498020498025,1.2366666666666666,44.666666666666664,-11.054184704184692,-1.7633333333333334,43.985577914149346,53.77716468716469
5,answer_stable+answer_stable_seq+calibrated_conf+top_score_z_intra+judge_entailment,60.59312452253629,1.28,54.395498020498025,1.2366666666666666,44.666666666666664,-11.054184704184692,-1.7633333333333334,43.985577914149346,53.77716468716469
5,answer_stable+calibrated_conf+overlap_signal+top_score_z_intra+judge_entailment,60.59312452253629,1.28,54.395498020498025,1.2366666666666666,44.666666666666664,-11.054184704184692,-1.7633333333333334,43.985577914149346,53.77716468716469
5,answer_stable_f1+answer_stable_seq+calibrated_conf+top_score_z_intra+judge_entailment,60.59312452253629,1.28,54.395498020498025,1.2366666666666666,44.666666666666664,-11.054184704184692,-1.7633333333333334,43.985577914149346,53.77716468716469
5,answer_stable_f1+calibrated_conf+overlap_signal+top_score_z_intra+judge_entailment,60.59312452253629,1.28,54.395498020498025,1.2366666666666666,44.666666666666664,-11.054184704184692,-1.7633333333333334,43.985577914149346,53.77716468716469
5,answer_stable_seq+calibrated_conf+overlap_signal+top_score_z_intra+judge_entailment,60.59312452253629,1.28,54.395498020498025,1.2366666666666666,44.666666666666664,-11.054184704184692,-1.7633333333333334,43.985577914149346,53.77716468716469
6,answer_stable+answer_stable_f1+answer_stable_seq+calibrated_conf+top_score_z_intra+judge_entailment,60.59312452253629,1.28,54.395498020498025,1.2366666666666666,44.666666666666664,-11.054184704184692,-1.7633333333333334,43.985577914149346,53.77716468716469
6,answer_stable+answer_stable_f1+calibrated_conf+overlap_signal+top_score_z_intra+judge_entailment,60.59312452253629,1.28,54.395498020498025,1.2366666666666666,44.666666666666664,-11.054184704184692,-1.7633333333333334,43.985577914149346,53.77716468716469
6,answer_stable+answer_stable_seq+calibrated_conf+overlap_signal+top_score_z_intra+judge_entailment,60.59312452253629,1.28,54.395498020498025,1.2366666666666666,44.666666666666664,-11.054184704184692,-1.7633333333333334,43.985577914149346,53.77716468716469
6,answer_stable_f1+answer_stable_seq+calibrated_conf+overlap_signal+top_score_z_intra+judge_entailment,60.59312452253629,1.28,54.395498020498025,1.2366666666666666,44.666666666666664,-11.054184704184692,-1.7633333333333334,43.985577914149346,53.77716468716469
7,answer_stable+answer_stable_f1+answer_stable_seq+calibrated_conf+overlap_signal+top_score_z_intra+judge_entailment,60.59312452253629,1.28,54.395498020498025,1.2366666666666666,44.666666666666664,-11.054184704184692,-1.7633333333333334,43.985577914149346,53.77716468716469
4,calibrated_conf+overlap_signal+top_score_z_intra+judge_entailment,60.59312452253629,1.29,54.395498020498025,1.2433333333333334,44.666666666666664,-11.054184704184692,-1.7566666666666666,43.74973031139251,53.773831353831355
3,calibrated_conf+top_score_z_intra+judge_entailment,60.59312452253629,1.3,54.395498020498025,1.25,44.666666666666664,-11.054184704184692,-1.75,43.51639841639842,53.770498020498025
3,top_score_z_intra+judge_entailment+gap,61.50979118920296,1.55,54.38389850889851,1.4566666666666668,45.0,-11.065784215784205,-1.5433333333333332,37.33448410221865,53.65556517556518
5,answer_stable_f1+overlap_signal+top_score_z_intra+ce_top_score+gap,61.843124522536286,1.3,54.352640877640866,1.2866666666666666,44.333333333333336,-11.09704184704185,-1.7133333333333334,42.24298513806285,53.709307544307535
5,answer_stable_seq+overlap_signal+top_score_z_intra+ce_top_score+gap,61.843124522536286,1.3,54.352640877640866,1.2866666666666666,44.333333333333336,-11.09704184704185,-1.7133333333333334,42.24298513806285,53.709307544307535
6,answer_stable+answer_stable_f1+overlap_signal+top_score_z_intra+ce_top_score+gap,61.843124522536286,1.3,54.352640877640866,1.2866666666666666,44.333333333333336,-11.09704184704185,-1.7133333333333334,42.24298513806285,53.709307544307535
6,answer_stable+answer_stable_seq+overlap_signal+top_score_z_intra+ce_top_score+gap,61.843124522536286,1.3,54.352640877640866,1.2866666666666666,44.333333333333336,-11.09704184704185,-1.7133333333333334,42.24298513806285,53.709307544307535
6,answer_stable_f1+answer_stable_seq+overlap_signal+top_score_z_intra+ce_top_score+gap,61.843124522536286,1.3,54.352640877640866,1.2866666666666666,44.333333333333336,-11.09704184704185,-1.7133333333333334,42.24298513806285,53.709307544307535
7,answer_stable+answer_stable_f1+answer_stable_seq+overlap_signal+top_score_z_intra+ce_top_score+gap,61.843124522536286,1.3,54.352640877640866,1.2866666666666666,44.333333333333336,-11.09704184704185,-1.7133333333333334,42.24298513806285,53.709307544307535
5,answer_stable+overlap_signal+top_score_z_intra+ce_top_score+gap,61.843124522536286,1.3,54.352640877640866,1.29,44.333333333333336,-11.09704184704185,-1.71,42.1338301377061,53.70764087764086
4,answer_stable_f1+overlap_signal+ce_top_score+gap,61.843124522536286,1.33,54.336767861767854,1.3033333333333332,44.333333333333336,-11.112914862914863,-1.6966666666666668,41.69061472769912,53.68510119510119
4,answer_stable_seq+overlap_signal+ce_top_score+gap,61.843124522536286,1.33,54.336767861767854,1.3033333333333332,44.333333333333336,-11.112914862914863,-1.6966666666666668,41.69061472769912,53.68510119510119
5,answer_stable+answer_stable_f1+overlap_signal+ce_top_score+gap,61.843124522536286,1.33,54.336767861767854,1.3033333333333332,44.333333333333336,-11.112914862914863,-1.6966666666666668,41.69061472769912,53.68510119510119
5,answer_stable+answer_stable_seq+overlap_signal+ce_top_score+gap,61.843124522536286,1.33,54.336767861767854,1.3033333333333332,44.333333333333336,-11.112914862914863,-1.6966666666666668,41.69061472769912,53.68510119510119
5,answer_stable_f1+answer_stable_seq+overlap_signal+ce_top_score+gap,61.843124522536286,1.33,54.336767861767854,1.3033333333333332,44.333333333333336,-11.112914862914863,-1.6966666666666668,41.69061472769912,53.68510119510119
6,answer_stable+answer_stable_f1+answer_stable_seq+overlap_signal+ce_top_score+gap,61.843124522536286,1.33,54.336767861767854,1.3033333333333332,44.333333333333336,-11.112914862914863,-1.6966666666666668,41.69061472769912,53.68510119510119
4,answer_stable_f1+top_score_z_intra+ce_top_score+gap,61.843124522536286,1.33,54.31930754430755,1.3133333333333332,44.333333333333336,-11.130375180375168,-1.6866666666666668,41.359878840843315,53.66264087764088
4,answer_stable_seq+top_score_z_intra+ce_top_score+gap,61.843124522536286,1.33,54.31930754430755,1.3133333333333332,44.333333333333336,-11.130375180375168,-1.6866666666666668,41.359878840843315,53.66264087764088
5,answer_stable+answer_stable_f1+top_score_z_intra+ce_top_score+gap,61.843124522536286,1.33,54.31930754430755,1.3133333333333332,44.333333333333336,-11.130375180375168,-1.6866666666666668,41.359878840843315,53.66264087764088
5,answer_stable+answer_stable_seq+top_score_z_intra+ce_top_score+gap,61.843124522536286,1.33,54.31930754430755,1.3133333333333332,44.333333333333336,-11.130375180375168,-1.6866666666666668,41.359878840843315,53.66264087764088
5,answer_stable_f1+answer_stable_seq+top_score_z_intra+ce_top_score+gap,61.843124522536286,1.33,54.31930754430755,1.3133333333333332,44.333333333333336,-11.130375180375168,-1.6866666666666668,41.359878840843315,53.66264087764088
6,answer_stable+answer_stable_f1+answer_stable_seq+top_score_z_intra+ce_top_score+gap,61.843124522536286,1.33,54.31930754430755,1.3133333333333332,44.333333333333336,-11.130375180375168,-1.6866666666666668,41.359878840843315,53.66264087764088
3,answer_stable_f1+ce_top_score+gap,61.843124522536286,1.36,54.30343452843452,1.33,44.333333333333336,-11.146248196248195,-1.67,40.82965002137934,53.63843452843452
3,answer_stable_seq+ce_top_score+gap,61.843124522536286,1.36,54.30343452843452,1.33,44.333333333333336,-11.146248196248195,-1.67,40.82965002137934,53.63843452843452
4,answer_stable+answer_stable_f1+ce_top_score+gap,61.843124522536286,1.36,54.30343452843452,1.33,44.333333333333336,-11.146248196248195,-1.67,40.82965002137934,53.63843452843452
4,answer_stable+answer_stable_seq+ce_top_score+gap,61.843124522536286,1.36,54.30343452843452,1.33,44.333333333333336,-11.146248196248195,-1.67,40.82965002137934,53.63843452843452
4,answer_stable_f1+answer_stable_seq+ce_top_score+gap,61.843124522536286,1.36,54.30343452843452,1.33,44.333333333333336,-11.146248196248195,-1.67,40.82965002137934,53.63843452843452
5,answer_stable+answer_stable_f1+answer_stable_seq+ce_top_score+gap,61.843124522536286,1.36,54.30343452843452,1.33,44.333333333333336,-11.146248196248195,-1.67,40.82965002137934,53.63843452843452
4,answer_stable+calibrated_conf+ce_top_score+gap,61.843124522536286,1.31,54.0827996077996,1.2433333333333334,44.0,-11.366883116883116,-1.7566666666666666,43.498230247559995,53.46113294113293
5,answer_stable+calibrated_conf+overlap_signal+ce_top_score+gap,61.843124522536286,1.31,54.0827996077996,1.2433333333333334,44.0,-11.366883116883116,-1.7566666666666666,43.498230247559995,53.46113294113293
4,calibrated_conf+overlap_signal+ce_top_score+gap,61.843124522536286,1.32,54.0827996077996,1.25,44.0,-11.366883116883116,-1.75,43.26623968623968,53.4577996077996
3,calibrated_conf+ce_top_score+gap,61.843124522536286,1.33,54.0827996077996,1.2566666666666666,44.0,-11.366883116883116,-1.7433333333333334,43.03671056323576,53.45446627446627
4,answer_stable+answer_in_evidence+ce_top_score+gap,60.93403361344538,1.14,54.02724405224405,1.2066666666666668,44.0,-11.422438672438666,-1.7933333333333332,44.77395915931827,53.42391071891072
3,answer_in_evidence+ce_top_score+gap,60.93403361344538,1.25,53.975962000962,1.3633333333333333,44.0,-11.473720723720717,-1.6366666666666667,39.59117017185477,53.294295334295334
4,answer_stable+answer_in_evidence+ce_top_score+judge_entailment,60.43403361344538,1.21,53.928831353831356,1.25,44.333333333333336,-11.52085137085136,-1.75,43.14306508306508,53.303831353831356
3,overlap_signal+judge_entailment+gap,59.843124522536286,1.35,53.92516835016835,1.3166666666666667,44.333333333333336,-11.524514374514368,-1.6833333333333333,40.955824063419,53.26683501683502
5,answer_stable+calibrated_conf+top_score_z_intra+ce_top_score+gap,61.843124522536286,1.28,53.90819643319643,1.2233333333333334,44.0,-11.541486291486287,-1.7766666666666666,44.06664558571915,53.296529766529765
5,answer_stable_f1+calibrated_conf+top_score_z_intra+ce_top_score+gap,61.843124522536286,1.28,53.90819643319643,1.2233333333333334,44.0,-11.541486291486287,-1.7766666666666666,44.06664558571915,53.296529766529765
5,answer_stable_seq+calibrated_conf+top_score_z_intra+ce_top_score+gap,61.843124522536286,1.28,53.90819643319643,1.2233333333333334,44.0,-11.541486291486287,-1.7766666666666666,44.06664558571915,53.296529766529765
6,answer_stable+answer_stable_f1+calibrated_conf+top_score_z_intra+ce_top_score+gap,61.843124522536286,1.28,53.90819643319643,1.2233333333333334,44.0,-11.541486291486287,-1.7766666666666666,44.06664558571915,53.296529766529765
6,answer_stable+answer_stable_seq+calibrated_conf+top_score_z_intra+ce_top_score+gap,61.843124522536286,1.28,53.90819643319643,1.2233333333333334,44.0,-11.541486291486287,-1.7766666666666666,44.06664558571915,53.296529766529765
6,answer_stable+calibrated_conf+overlap_signal+top_score_z_intra+ce_top_score+gap,61.843124522536286,1.28,53.90819643319643,1.2233333333333334,44.0,-11.541486291486287,-1.7766666666666666,44.06664558571915,53.296529766529765
6,answer_stable_f1+answer_stable_seq+calibrated_conf+top_score_z_intra+ce_top_score+gap,61.843124522536286,1.28,53.90819643319643,1.2233333333333334,44.0,-11.541486291486287,-1.7766666666666666,44.06664558571915,53.296529766529765
6,answer_stable_f1+calibrated_conf+overlap_signal+top_score_z_intra+ce_top_score+gap,61.843124522536286,1.28,53.90819643319643,1.2233333333333334,44.0,-11.541486291486287,-1.7766666666666666,44.06664558571915,53.296529766529765
6,answer_stable_seq+calibrated_conf+overlap_signal+top_score_z_intra+ce_top_score+gap,61.843124522536286,1.28,53.90819643319643,1.2233333333333334,44.0,-11.541486291486287,-1.7766666666666666,44.06664558571915,53.296529766529765
7,answer_stable+answer_stable_f1+answer_stable_seq+calibrated_conf+top_score_z_intra+ce_top_score+gap,61.843124522536286,1.28,53.90819643319643,1.2233333333333334,44.0,-11.541486291486287,-1.7766666666666666,44.06664558571915,53.296529766529765
7,answer_stable+answer_stable_f1+calibrated_conf+overlap_signal+top_score_z_intra+ce_top_score+gap,61.843124522536286,1.28,53.90819643319643,1.2233333333333334,44.0,-11.541486291486287,-1.7766666666666666,44.06664558571915,53.296529766529765
7,answer_stable+answer_stable_seq+calibrated_conf+overlap_signal+top_score_z_intra+ce_top_score+gap,61.843124522536286,1.28,53.90819643319643,1.2233333333333334,44.0,-11.541486291486287,-1.7766666666666666,44.06664558571915,53.296529766529765
7,answer_stable_f1+answer_stable_seq+calibrated_conf+overlap_signal+top_score_z_intra+ce_top_score+gap,61.843124522536286,1.28,53.90819643319643,1.2233333333333334,44.0,-11.541486291486287,-1.7766666666666666,44.06664558571915,53.296529766529765
8,answer_stable+answer_stable_f1+answer_stable_seq+calibrated_conf+overlap_signal+top_score_z_intra+ce_top_score+gap,61.843124522536286,1.28,53.90819643319643,1.2233333333333334,44.0,-11.541486291486287,-1.7766666666666666,44.06664558571915,53.296529766529765
5,calibrated_conf+overlap_signal+top_score_z_intra+ce_top_score+gap,61.843124522536286,1.29,53.90819643319643,1.23,44.0,-11.541486291486287,-1.77,43.82780197820848,53.29319643319643
4,calibrated_conf+top_score_z_intra+ce_top_score+gap,61.843124522536286,1.3,53.90819643319643,1.2366666666666666,44.0,-11.541486291486287,-1.7633333333333334,43.591533503932425,53.2898630998631
4,overlap_signal+top_score_z_intra+ce_top_score+judge_entailment,60.843124522536286,1.27,53.893422318422324,1.29,44.0,-11.556260406260392,-1.71,41.777846758466914,53.24842231842232
4,answer_stable_f1+calibrated_conf+ce_top_score+gap,61.843124522536286,1.31,53.89232341732342,1.24,44.0,-11.557359307359299,-1.76,43.46155114300276,53.27232341732342
4,answer_stable_seq+calibrated_conf+ce_top_score+gap,61.843124522536286,1.31,53.89232341732342,1.24,44.0,-11.557359307359299,-1.76,43.46155114300276,53.27232341732342
5,answer_stable+answer_stable_f1+calibrated_conf+ce_top_score+gap,61.843124522536286,1.31,53.89232341732342,1.24,44.0,-11.557359307359299,-1.76,43.46155114300276,53.27232341732342
5,answer_stable+answer_stable_seq+calibrated_conf+ce_top_score+gap,61.843124522536286,1.31,53.89232341732342,1.24,44.0,-11.557359307359299,-1.76,43.46155114300276,53.27232341732342
5,answer_stable_f1+answer_stable_seq+calibrated_conf+ce_top_score+gap,61.843124522536286,1.31,53.89232341732342,1.24,44.0,-11.557359307359299,-1.76,43.46155114300276,53.27232341732342
5,answer_stable_f1+calibrated_conf+overlap_signal+ce_top_score+gap,61.843124522536286,1.31,53.89232341732342,1.24,44.0,-11.557359307359299,-1.76,43.46155114300276,53.27232341732342
5,answer_stable_seq+calibrated_conf+overlap_signal+ce_top_score+gap,61.843124522536286,1.31,53.89232341732342,1.24,44.0,-11.557359307359299,-1.76,43.46155114300276,53.27232341732342
6,answer_stable+answer_stable_f1+answer_stable_seq+calibrated_conf+ce_top_score+gap,61.843124522536286,1.31,53.89232341732342,1.24,44.0,-11.557359307359299,-1.76,43.46155114300276,53.27232341732342
6,answer_stable+answer_stable_f1+calibrated_conf+overlap_signal+ce_top_score+gap,61.843124522536286,1.31,53.89232341732342,1.24,44.0,-11.557359307359299,-1.76,43.46155114300276,53.27232341732342
6,answer_stable+answer_stable_seq+calibrated_conf+overlap_signal+ce_top_score+gap,61.843124522536286,1.31,53.89232341732342,1.24,44.0,-11.557359307359299,-1.76,43.46155114300276,53.27232341732342
6,answer_stable_f1+answer_stable_seq+calibrated_conf+overlap_signal+ce_top_score+gap,61.843124522536286,1.31,53.89232341732342,1.24,44.0,-11.557359307359299,-1.76,43.46155114300276,53.27232341732342
7,answer_stable+answer_stable_f1+answer_stable_seq+calibrated_conf+overlap_signal+ce_top_score+gap,61.843124522536286,1.31,53.89232341732342,1.24,44.0,-11.557359307359299,-1.76,43.46155114300276,53.27232341732342
3,answer_stable+judge_entailment+gap,60.843124522536286,1.29,53.85422817922818,1.2766666666666666,44.333333333333336,-11.595454545454537,-1.7233333333333334,42.18346854769832,53.215894845894844
5,answer_stable+answer_in_evidence+top_score_z_intra+ce_top_score+gap,60.93403361344538,1.12,53.852640877640866,1.19,44.0,-11.59704184704185,-1.81,45.25432006524443,53.25764087764087
4,answer_stable+top_score_z_intra+ce_top_score+judge_entailment,60.843124522536286,1.21,53.82248214748214,1.2266666666666666,44.0,-11.627200577200576,-1.7733333333333334,43.87702348979523,53.209148814148804
4,answer_in_evidence+top_score_z_intra+ce_top_score+gap,60.93403361344538,1.23,53.80135882635882,1.34,44.0,-11.648323898323895,-1.66,40.15026778086479,53.13135882635882
4,overlap_signal+top_score_z_intra+judge_entailment+gap,59.843124522536286,1.33,53.75056517556518,1.28,44.333333333333336,-11.699117549117538,-1.72,41.9926290434103,53.11056517556518
4,answer_stable+answer_in_evidence+top_score_z_intra+judge_entailment,58.93403361344538,1.15,53.72089484589484,1.18,44.333333333333336,-11.728787878787877,-1.82,45.52618207279224,53.13089484589484
5,answer_stable+answer_in_evidence+calibrated_conf+ce_top_score+gap,60.93403361344538,1.14,53.69391071891072,1.1633333333333333,43.666666666666664,-11.755772005771995,-1.8366666666666667,46.15522411367684,53.11224405224406
6,answer_stable+answer_in_evidence+calibrated_conf+overlap_signal+ce_top_score+gap,60.93403361344538,1.14,53.69391071891072,1.1633333333333333,43.666666666666664,-11.755772005771995,-1.8366666666666667,46.15522411367684,53.11224405224406
5,answer_in_evidence+calibrated_conf+overlap_signal+ce_top_score+gap,60.93403361344538,1.14,53.69391071891072,1.1666666666666667,43.666666666666664,-11.755772005771995,-1.8333333333333333,46.023352044780616,53.110577385577386
4,answer_in_evidence+calibrated_conf+ce_top_score+gap,60.93403361344538,1.14,53.69391071891072,1.17,43.666666666666664,-11.755772005771995,-1.83,45.89223138368438,53.10891071891072
5,answer_stable+answer_in_evidence+overlap_signal+ce_top_score+gap,60.93403361344538,1.14,53.69391071891072,1.1866666666666668,43.666666666666664,-11.755772005771995,-1.8133333333333332,45.24767757211578,53.10057738557739
4,answer_stable+top_score_z_intra+judge_entailment+gap,60.843124522536286,1.27,53.67962500462501,1.2533333333333334,44.333333333333336,-11.770057720057707,-1.7466666666666666,42.82948803560506,53.052958337958344
3,answer_in_evidence+top_score_z_intra+judge_entailment,58.93403361344538,1.31,53.669612794612796,1.2933333333333332,44.333333333333336,-11.78006993006992,-1.7066666666666668,41.497123294803714,53.02294612794613
4,answer_in_evidence+overlap_signal+ce_top_score+gap,60.93403361344538,1.15,53.642628667628664,1.2633333333333334,43.666666666666664,-11.807054057054053,-1.7366666666666666,42.461183641922425,53.010962000961996
5,answer_stable+answer_in_evidence+calibrated_conf+ce_top_score+judge_entailment,60.43403361344538,1.21,53.59549802049802,1.23,44.0,-11.854184704184696,-1.77,43.57357562642115,52.98049802049802
6,answer_stable+answer_in_evidence+calibrated_conf+overlap_signal+ce_top_score+judge_entailment,60.43403361344538,1.21,53.59549802049802,1.23,44.0,-11.854184704184696,-1.77,43.57357562642115,52.98049802049802
5,answer_in_evidence+calibrated_conf+overlap_signal+ce_top_score+judge_entailment,60.43403361344538,1.21,53.59549802049802,1.2333333333333334,44.0,-11.854184704184696,-1.7666666666666666,43.4558092058092,52.97883135383135
4,answer_in_evidence+calibrated_conf+ce_top_score+judge_entailment,60.43403361344538,1.21,53.59549802049802,1.2366666666666666,44.0,-11.854184704184696,-1.7633333333333334,43.338677644607564,52.97716468716469
5,answer_stable+answer_in_evidence+overlap_signal+ce_top_score+judge_entailment,60.43403361344538,1.21,53.59549802049802,1.24,44.0,-11.854184704184696,-1.76,43.22217582298227,52.97549802049802
3,answer_in_evidence+ce_top_score+judge_entailment,60.83403361344537,1.34,53.5775493025493,1.3866666666666667,44.0,-11.872133422133416,-1.6133333333333333,38.63765574703074,52.884215969215965
3,ce_top_score+judge_entailment+gap,60.50979118920296,1.44,53.55850168350168,1.3866666666666667,44.0,-11.891181041181035,-1.6133333333333333,38.62391948329448,52.86516835016835
4,answer_stable+overlap_signal+judge_entailment+gap,59.843124522536286,1.27,53.55422817922818,1.2366666666666666,44.0,-11.895454545454534,-1.7633333333333334,43.305305805305814,52.93589484589485
5,answer_stable+overlap_signal+top_score_z_intra+ce_top_score+judge_entailment,60.843124522536286,1.21,53.52248214748215,1.2066666666666668,43.666666666666664,-11.927200577200566,-1.7933333333333332,44.355648188521116,52.91914881414882
5,answer_stable_f1+overlap_signal+top_score_z_intra+ce_top_score+judge_entailment,60.843124522536286,1.21,53.52248214748215,1.2066666666666668,43.666666666666664,-11.927200577200566,-1.7933333333333332,44.355648188521116,52.91914881414882
5,answer_stable_seq+overlap_signal+top_score_z_intra+ce_top_score+judge_entailment,60.843124522536286,1.21,53.52248214748215,1.2066666666666668,43.666666666666664,-11.927200577200566,-1.7933333333333332,44.355648188521116,52.91914881414882
6,answer_stable+answer_stable_f1+overlap_signal+top_score_z_intra+ce_top_score+judge_entailment,60.843124522536286,1.21,53.52248214748215,1.2066666666666668,43.666666666666664,-11.927200577200566,-1.7933333333333332,44.355648188521116,52.91914881414882
6,answer_stable+answer_stable_seq+overlap_signal+top_score_z_intra+ce_top_score+judge_entailment,60.843124522536286,1.21,53.52248214748215,1.2066666666666668,43.666666666666664,-11.927200577200566,-1.7933333333333332,44.355648188521116,52.91914881414882
6,answer_stable_f1+answer_stable_seq+overlap_signal+top_score_z_intra+ce_top_score+judge_entailment,60.843124522536286,1.21,53.52248214748215,1.2066666666666668,43.666666666666664,-11.927200577200566,-1.7933333333333332,44.355648188521116,52.91914881414882
7,answer_stable+answer_stable_f1+answer_stable_seq+overlap_signal+top_score_z_intra+ce_top_score+judge_entailment,60.843124522536286,1.21,53.52248214748215,1.2066666666666668,43.666666666666664,-11.927200577200566,-1.7933333333333332,44.355648188521116,52.91914881414882
6,answer_stable+answer_in_evidence+calibrated_conf+top_score_z_intra+ce_top_score+gap,60.93403361344538,1.12,53.51930754430754,1.1466666666666667,43.666666666666664,-11.93037518037518,-1.8533333333333333,46.67381471887285,52.94597421097421
6,answer_stable_f1+answer_in_evidence+calibrated_conf+top_score_z_intra+ce_top_score+gap,60.93403361344538,1.12,53.51930754430754,1.1466666666666667,43.666666666666664,-11.93037518037518,-1.8533333333333333,46.67381471887285,52.94597421097421
6,answer_stable_seq+answer_in_evidence+calibrated_conf+top_score_z_intra+ce_top_score+gap,60.93403361344538,1.12,53.51930754430754,1.1466666666666667,43.666666666666664,-11.93037518037518,-1.8533333333333333,46.67381471887285,52.94597421097421
7,answer_stable+answer_stable_f1+answer_in_evidence+calibrated_conf+top_score_z_intra+ce_top_score+gap,60.93403361344538,1.12,53.51930754430754,1.1466666666666667,43.666666666666664,-11.93037518037518,-1.8533333333333333,46.67381471887285,52.94597421097421
7,answer_stable+answer_stable_seq+answer_in_evidence+calibrated_conf+top_score_z_intra+ce_top_score+gap,60.93403361344538,1.12,53.51930754430754,1.1466666666666667,43.666666666666664,-11.93037518037518,-1.8533333333333333,46.67381471887285,52.94597421097421
7,answer_stable+answer_in_evidence+calibrated_conf+overlap_signal+top_score_z_intra+ce_top_score+gap,60.93403361344538,1.12,53.51930754430754,1.1466666666666667,43.666666666666664,-11.93037518037518,-1.8533333333333333,46.67381471887285,52.94597421097421
7,answer_stable_f1+answer_stable_seq+answer_in_evidence+calibrated_conf+top_score_z_intra+ce_top_score+gap,60.93403361344538,1.12,53.51930754430754,1.1466666666666667,43.666666666666664,-11.93037518037518,-1.8533333333333333,46.67381471887285,52.94597421097421
7,answer_stable_f1+answer_in_evidence+calibrated_conf+overlap_signal+top_score_z_intra+ce_top_score+gap,60.93403361344538,1.12,53.51930754430754,1.1466666666666667,43.666666666666664,-11.93037518037518,-1.8533333333333333,46.67381471887285,52.94597421097421
7,answer_stable_seq+answer_in_evidence+calibrated_conf+overlap_signal+top_score_z_intra+ce_top_score+gap,60.93403361344538,1.12,53.51930754430754,1.1466666666666667,43.666666666666664,-11.93037518037518,-1.8533333333333333,46.67381471887285,52.94597421097421
8,answer_stable+answer_stable_f1+answer_stable_seq+answer_in_evidence+calibrated_conf+top_score_z_intra+ce_top_score+gap,60.93403361344538,1.12,53.51930754430754,1.1466666666666667,43.666666666666664,-11.93037518037518,-1.8533333333333333,46.67381471887285,52.94597421097421
8,answer_stable+answer_stable_f1+answer_in_evidence+calibrated_conf+overlap_signal+top_score_z_intra+ce_top_score+gap,60.93403361344538,1.12,53.51930754430754,1.1466666666666667,43.666666666666664,-11.93037518037518,-1.8533333333333333,46.67381471887285,52.94597421097421
8,answer_stable+answer_stable_seq+answer_in_evidence+calibrated_conf+overlap_signal+top_score_z_intra+ce_top_score+gap,60.93403361344538,1.12,53.51930754430754,1.1466666666666667,43.666666666666664,-11.93037518037518,-1.8533333333333333,46.67381471887285,52.94597421097421
8,answer_stable_f1+answer_stable_seq+answer_in_evidence+calibrated_conf+overlap_signal+top_score_z_intra+ce_top_score+gap,60.93403361344538,1.12,53.51930754430754,1.1466666666666667,43.666666666666664,-11.93037518037518,-1.8533333333333333,46.67381471887285,52.94597421097421
9,answer_stable+answer_stable_f1+answer_stable_seq+answer_in_evidence+calibrated_conf+overlap_signal+top_score_z_intra+ce_top_score+gap,60.93403361344538,1.12,53.51930754430754,1.1466666666666667,43.666666666666664,-11.93037518037518,-1.8533333333333333,46.67381471887285,52.94597421097421
6,answer_in_evidence+calibrated_conf+overlap_signal+top_score_z_intra+ce_top_score+gap,60.93403361344538,1.12,53.51930754430754,1.15,43.666666666666664,-11.93037518037518,-1.85,46.53852829939786,52.944307544307534
5,answer_in_evidence+calibrated_conf+top_score_z_intra+ce_top_score+gap,60.93403361344538,1.12,53.51930754430754,1.1533333333333333,43.666666666666664,-11.93037518037518,-1.8466666666666667,46.40402388234757,52.94264087764087
6,answer_stable+answer_in_evidence+overlap_signal+top_score_z_intra+ce_top_score+gap,60.93403361344538,1.12,53.51930754430754,1.17,43.666666666666664,-11.93037518037518,-1.83,45.742997901117555,52.934307544307536
6,answer_stable_f1+answer_in_evidence+overlap_signal+top_score_z_intra+ce_top_score+gap,60.93403361344538,1.12,53.51930754430754,1.17,43.666666666666664,-11.93037518037518,-1.83,45.742997901117555,52.934307544307536
6,answer_stable_seq+answer_in_evidence+overlap_signal+top_score_z_intra+ce_top_score+gap,60.93403361344538,1.12,53.51930754430754,1.17,43.666666666666664,-11.93037518037518,-1.83,45.742997901117555,52.934307544307536
7,answer_stable+answer_stable_f1+answer_in_evidence+overlap_signal+top_score_z_intra+ce_top_score+gap,60.93403361344538,1.12,53.51930754430754,1.17,43.666666666666664,-11.93037518037518,-1.83,45.742997901117555,52.934307544307536
7,answer_stable+answer_stable_seq+answer_in_evidence+overlap_signal+top_score_z_intra+ce_top_score+gap,60.93403361344538,1.12,53.51930754430754,1.17,43.666666666666664,-11.93037518037518,-1.83,45.742997901117555,52.934307544307536
7,answer_stable_f1+answer_stable_seq+answer_in_evidence+overlap_signal+top_score_z_intra+ce_top_score+gap,60.93403361344538,1.12,53.51930754430754,1.17,43.666666666666664,-11.93037518037518,-1.83,45.742997901117555,52.934307544307536
8,answer_stable+answer_stable_f1+answer_stable_seq+answer_in_evidence+overlap_signal+top_score_z_intra+ce_top_score+gap,60.93403361344538,1.12,53.51930754430754,1.17,43.666666666666664,-11.93037518037518,-1.83,45.742997901117555,52.934307544307536
5,answer_stable_f1+answer_in_evidence+top_score_z_intra+ce_top_score+gap,60.93403361344538,1.12,53.51930754430754,1.1766666666666667,43.666666666666664,-11.93037518037518,-1.8233333333333333,45.483830774199035,52.930974210974206
5,answer_stable_seq+answer_in_evidence+top_score_z_intra+ce_top_score+gap,60.93403361344538,1.12,53.51930754430754,1.1766666666666667,43.666666666666664,-11.93037518037518,-1.8233333333333333,45.483830774199035,52.930974210974206
6,answer_stable+answer_stable_f1+answer_in_evidence+top_score_z_intra+ce_top_score+gap,60.93403361344538,1.12,53.51930754430754,1.1766666666666667,43.666666666666664,-11.93037518037518,-1.8233333333333333,45.483830774199035,52.930974210974206
6,answer_stable+answer_stable_seq+answer_in_evidence+top_score_z_intra+ce_top_score+gap,60.93403361344538,1.12,53.51930754430754,1.1766666666666667,43.666666666666664,-11.93037518037518,-1.8233333333333333,45.483830774199035,52.930974210974206
6,answer_stable_f1+answer_stable_seq+answer_in_evidence+top_score_z_intra+ce_top_score+gap,60.93403361344538,1.12,53.51930754430754,1.1766666666666667,43.666666666666664,-11.93037518037518,-1.8233333333333333,45.483830774199035,52.930974210974206
7,answer_stable+answer_stable_f1+answer_stable_seq+answer_in_evidence+top_score_z_intra+ce_top_score+gap,60.93403361344538,1.12,53.51930754430754,1.1766666666666667,43.666666666666664,-11.93037518037518,-1.8233333333333333,45.483830774199035,52.930974210974206
5,answer_stable_f1+answer_in_evidence+calibrated_conf+ce_top_score+gap,60.93403361344538,1.14,53.503434528434525,1.16,43.666666666666664,-11.946248196248192,-1.84,46.12365045554701,52.92343452843453
5,answer_stable_seq+answer_in_evidence+calibrated_conf+ce_top_score+gap,60.93403361344538,1.14,53.503434528434525,1.16,43.666666666666664,-11.946248196248192,-1.84,46.12365045554701,52.92343452843453
6,answer_stable+answer_stable_f1+answer_in_evidence+calibrated_conf+ce_top_score+gap,60.93403361344538,1.14,53.503434528434525,1.16,43.666666666666664,-11.946248196248192,-1.84,46.12365045554701,52.92343452843453
6,answer_stable+answer_stable_seq+answer_in_evidence+calibrated_conf+ce_top_score+gap,60.93403361344538,1.14,53.503434528434525,1.16,43.666666666666664,-11.946248196248192,-1.84,46.12365045554701,52.92343452843453
6,answer_stable_f1+answer_stable_seq+answer_in_evidence+calibrated_conf+ce_top_score+gap,60.93403361344538,1.14,53.503434528434525,1.16,43.666666666666664,-11.946248196248192,-1.84,46.12365045554701,52.92343452843453
6,answer_stable_f1+answer_in_evidence+calibrated_conf+overlap_signal+ce_top_score+gap,60.93403361344538,1.14,53.503434528434525,1.16,43.666666666666664,-11.946248196248192,-1.84,46.12365045554701,52.92343452843453
6,answer_stable_seq+answer_in_evidence+calibrated_conf+overlap_signal+ce_top_score+gap,60.93403361344538,1.14,53.503434528434525,1.16,43.666666666666664,-11.946248196248192,-1.84,46.12365045554701,52.92343452843453
7,answer_stable+answer_stable_f1+answer_stable_seq+answer_in_evidence+calibrated_conf+ce_top_score+gap,60.93403361344538,1.14,53.503434528434525,1.16,43.666666666666664,-11.946248196248192,-1.84,46.12365045554701,52.92343452843453
7,answer_stable+answer_stable_f1+answer_in_evidence+calibrated_conf+overlap_signal+ce_top_score+gap,60.93403361344538,1.14,53.503434528434525,1.16,43.666666666666664,-11.946248196248192,-1.84,46.12365045554701,52.92343452843453
7,answer_stable+answer_stable_seq+answer_in_evidence+calibrated_conf+overlap_signal+ce_top_score+gap,60.93403361344538,1.14,53.503434528434525,1.16,43.666666666666664,-11.946248196248192,-1.84,46.12365045554701,52.92343452843453
7,answer_stable_f1+answer_stable_seq+answer_in_evidence+calibrated_conf+overlap_signal+ce_top_score+gap,60.93403361344538,1.14,53.503434528434525,1.16,43.666666666666664,-11.946248196248192,-1.84,46.12365045554701,52.92343452843453
8,answer_stable+answer_stable_f1+answer_stable_seq+answer_in_evidence+calibrated_conf+overlap_signal+ce_top_score+gap,60.93403361344538,1.14,53.503434528434525,1.16,43.666666666666664,-11.946248196248192,-1.84,46.12365045554701,52.92343452843453
5,answer_stable_f1+answer_in_evidence+overlap_signal+ce_top_score+gap,60.93403361344538,1.14,53.503434528434525,1.1833333333333333,43.666666666666664,-11.946248196248192,-1.8166666666666667,45.21417002402917,52.911767861767856
5,answer_stable_seq+answer_in_evidence+overlap_signal+ce_top_score+gap,60.93403361344538,1.14,53.503434528434525,1.1833333333333333,43.666666666666664,-11.946248196248192,-1.8166666666666667,45.21417002402917,52.911767861767856
6,answer_stable+answer_stable_f1+answer_in_evidence+overlap_signal+ce_top_score+gap,60.93403361344538,1.14,53.503434528434525,1.1833333333333333,43.666666666666664,-11.946248196248192,-1.8166666666666667,45.21417002402917,52.911767861767856
6,answer_stable+answer_stable_seq+answer_in_evidence+overlap_signal+ce_top_score+gap,60.93403361344538,1.14,53.503434528434525,1.1833333333333333,43.666666666666664,-11.946248196248192,-1.8166666666666667,45.21417002402917,52.911767861767856
6,answer_stable_f1+answer_stable_seq+answer_in_evidence+overlap_signal+ce_top_score+gap,60.93403361344538,1.14,53.503434528434525,1.1833333333333333,43.666666666666664,-11.946248196248192,-1.8166666666666667,45.21417002402917,52.911767861767856
7,answer_stable+answer_stable_f1+answer_stable_seq+answer_in_evidence+overlap_signal+ce_top_score+gap,60.93403361344538,1.14,53.503434528434525,1.1833333333333333,43.666666666666664,-11.946248196248192,-1.8166666666666667,45.21417002402917,52.911767861767856
4,answer_stable_f1+answer_in_evidence+ce_top_score+gap,60.93403361344538,1.14,53.503434528434525,1.19,43.666666666666664,-11.946248196248192,-1.81,44.960869351625654,52.908434528434526
4,answer_stable_seq+answer_in_evidence+ce_top_score+gap,60.93403361344538,1.14,53.503434528434525,1.19,43.666666666666664,-11.946248196248192,-1.81,44.960869351625654,52.908434528434526
5,answer_stable+answer_stable_f1+answer_in_evidence+ce_top_score+gap,60.93403361344538,1.14,53.503434528434525,1.19,43.666666666666664,-11.946248196248192,-1.81,44.960869351625654,52.908434528434526
5,answer_stable+answer_stable_seq+answer_in_evidence+ce_top_score+gap,60.93403361344538,1.14,53.503434528434525,1.19,43.666666666666664,-11.946248196248192,-1.81,44.960869351625654,52.908434528434526
5,answer_stable_f1+answer_stable_seq+answer_in_evidence+ce_top_score+gap,60.93403361344538,1.14,53.503434528434525,1.19,43.666666666666664,-11.946248196248192,-1.81,44.960869351625654,52.908434528434526
6,answer_stable+answer_stable_f1+answer_stable_seq+answer_in_evidence+ce_top_score+gap,60.93403361344538,1.14,53.503434528434525,1.19,43.666666666666664,-11.946248196248192,-1.81,44.960869351625654,52.908434528434526
4,answer_stable_f1+top_score_z_intra+ce_top_score+judge_entailment,60.843124522536286,1.21,53.48914881414881,1.2166666666666666,43.666666666666664,-11.960533910533904,-1.7833333333333334,43.96368395683464,52.88081548081548
4,answer_stable_seq+top_score_z_intra+ce_top_score+judge_entailment,60.843124522536286,1.21,53.48914881414881,1.2166666666666666,43.666666666666664,-11.960533910533904,-1.7833333333333334,43.96368395683464,52.88081548081548
5,answer_stable+answer_stable_f1+top_score_z_intra+ce_top_score+judge_entailment,60.843124522536286,1.21,53.48914881414881,1.2166666666666666,43.666666666666664,-11.960533910533904,-1.7833333333333334,43.96368395683464,52.88081548081548
5,answer_stable+answer_stable_seq+top_score_z_intra+ce_top_score+judge_entailment,60.843124522536286,1.21,53.48914881414881,1.2166666666666666,43.666666666666664,-11.960533910533904,-1.7833333333333334,43.96368395683464,52.88081548081548
5,answer_stable_f1+answer_stable_seq+top_score_z_intra+ce_top_score+judge_entailment,60.843124522536286,1.21,53.48914881414881,1.2166666666666666,43.666666666666664,-11.960533910533904,-1.7833333333333334,43.96368395683464,52.88081548081548
6,answer_stable+answer_stable_f1+answer_stable_seq+top_score_z_intra+ce_top_score+judge_entailment,60.843124522536286,1.21,53.48914881414881,1.2166666666666666,43.666666666666664,-11.960533910533904,-1.7833333333333334,43.96368395683464,52.88081548081548
5,answer_in_evidence+overlap_signal+top_score_z_intra+ce_top_score+gap,60.93403361344538,1.13,53.46802549302549,1.2433333333333334,43.666666666666664,-11.981657231657223,-1.7566666666666666,43.00377385498029,52.84635882635882
5,answer_stable_f1+answer_in_evidence+calibrated_conf+ce_top_score+judge_entailment,60.43403361344538,1.21,53.40502183002182,1.2266666666666666,44.0,-12.044660894660893,-1.7733333333333334,43.536702578822144,52.791688496688494
5,answer_stable_seq+answer_in_evidence+calibrated_conf+ce_top_score+judge_entailment,60.43403361344538,1.21,53.40502183002182,1.2266666666666666,44.0,-12.044660894660893,-1.7733333333333334,43.536702578822144,52.791688496688494
6,answer_stable+answer_stable_f1+answer_in_evidence+calibrated_conf+ce_top_score+judge_entailment,60.43403361344538,1.21,53.40502183002182,1.2266666666666666,44.0,-12.044660894660893,-1.7733333333333334,43.536702578822144,52.791688496688494
6,answer_stable+answer_stable_seq+answer_in_evidence+calibrated_conf+ce_top_score+judge_entailment,60.43403361344538,1.21,53.40502183002182,1.2266666666666666,44.0,-12.044660894660893,-1.7733333333333334,43.536702578822144,52.791688496688494
6,answer_stable_f1+answer_stable_seq+answer_in_evidence+calibrated_conf+ce_top_score+judge_entailment,60.43403361344538,1.21,53.40502183002182,1.2266666666666666,44.0,-12.044660894660893,-1.7733333333333334,43.536702578822144,52.791688496688494
6,answer_stable_f1+answer_in_evidence+calibrated_conf+overlap_signal+ce_top_score+judge_entailment,60.43403361344538,1.21,53.40502183002182,1.2266666666666666,44.0,-12.044660894660893,-1.7733333333333334,43.536702578822144,52.791688496688494
6,answer_stable_seq+answer_in_evidence+calibrated_conf+overlap_signal+ce_top_score+judge_entailment,60.43403361344538,1.21,53.40502183002182,1.2266666666666666,44.0,-12.044660894660893,-1.7733333333333334,43.536702578822144,52.791688496688494
7,answer_stable+answer_stable_f1+answer_stable_seq+answer_in_evidence+calibrated_conf+ce_top_score+judge_entailment,60.43403361344538,1.21,53.40502183002182,1.2266666666666666,44.0,-12.044660894660893,-1.7733333333333334,43.536702578822144,52.791688496688494
7,answer_stable+answer_stable_f1+answer_in_evidence+calibrated_conf+overlap_signal+ce_top_score+judge_entailment,60.43403361344538,1.21,53.40502183002182,1.2266666666666666,44.0,-12.044660894660893,-1.7733333333333334,43.536702578822144,52.791688496688494
7,answer_stable+answer_stable_seq+answer_in_evidence+calibrated_conf+overlap_signal+ce_top_score+judge_entailment,60.43403361344538,1.21,53.40502183002182,1.2266666666666666,44.0,-12.044660894660893,-1.7733333333333334,43.536702578822144,52.791688496688494
7,answer_stable_f1+answer_stable_seq+answer_in_evidence+calibrated_conf+overlap_signal+ce_top_score+judge_entailment,60.43403361344538,1.21,53.40502183002182,1.2266666666666666,44.0,-12.044660894660893,-1.7733333333333334,43.536702578822144,52.791688496688494
8,answer_stable+answer_stable_f1+answer_stable_seq+answer_in_evidence+calibrated_conf+overlap_signal+ce_top_score+judge_entailment,60.43403361344538,1.21,53.40502183002182,1.2266666666666666,44.0,-12.044660894660893,-1.7733333333333334,43.536702578822144,52.791688496688494
5,answer_stable_f1+answer_in_evidence+overlap_signal+ce_top_score+judge_entailment,60.43403361344538,1.21,53.40502183002182,1.2366666666666666,44.0,-12.044660894660893,-1.7633333333333334,43.18465377090714,52.78668849668849
5,answer_stable_seq+answer_in_evidence+overlap_signal+ce_top_score+judge_entailment,60.43403361344538,1.21,53.40502183002182,1.2366666666666666,44.0,-12.044660894660893,-1.7633333333333334,43.18465377090714,52.78668849668849
6,answer_stable+answer_stable_f1+answer_in_evidence+overlap_signal+ce_top_score+judge_entailment,60.43403361344538,1.21,53.40502183002182,1.2366666666666666,44.0,-12.044660894660893,-1.7633333333333334,43.18465377090714,52.78668849668849
6,answer_stable+answer_stable_seq+answer_in_evidence+overlap_signal+ce_top_score+judge_entailment,60.43403361344538,1.21,53.40502183002182,1.2366666666666666,44.0,-12.044660894660893,-1.7633333333333334,43.18465377090714,52.78668849668849
6,answer_stable_f1+answer_stable_seq+answer_in_evidence+overlap_signal+ce_top_score+judge_entailment,60.43403361344538,1.21,53.40502183002182,1.2366666666666666,44.0,-12.044660894660893,-1.7633333333333334,43.18465377090714,52.78668849668849
7,answer_stable+answer_stable_f1+answer_stable_seq+answer_in_evidence+overlap_signal+ce_top_score+judge_entailment,60.43403361344538,1.21,53.40502183002182,1.2366666666666666,44.0,-12.044660894660893,-1.7633333333333334,43.18465377090714,52.78668849668849
4,answer_stable_f1+answer_in_evidence+ce_top_score+judge_entailment,60.43403361344538,1.21,53.40502183002182,1.24,44.0,-12.044660894660893,-1.76,43.068565991953086,52.785021830021826
4,answer_stable_seq+answer_in_evidence+ce_top_score+judge_entailment,60.43403361344538,1.21,53.40502183002182,1.24,44.0,-12.044660894660893,-1.76,43.068565991953086,52.785021830021826
5,answer_stable+answer_stable_f1+answer_in_evidence+ce_top_score+judge_entailment,60.43403361344538,1.21,53.40502183002182,1.24,44.0,-12.044660894660893,-1.76,43.068565991953086,52.785021830021826
5,answer_stable+answer_stable_seq+answer_in_evidence+ce_top_score+judge_entailment,60.43403361344538,1.21,53.40502183002182,1.24,44.0,-12.044660894660893,-1.76,43.068565991953086,52.785021830021826
5,answer_stable_f1+answer_stable_seq+answer_in_evidence+ce_top_score+judge_entailment,60.43403361344538,1.21,53.40502183002182,1.24,44.0,-12.044660894660893,-1.76,43.068565991953086,52.785021830021826
6,answer_stable+answer_stable_f1+answer_stable_seq+answer_in_evidence+ce_top_score+judge_entailment,60.43403361344538,1.21,53.40502183002182,1.24,44.0,-12.044660894660893,-1.76,43.068565991953086,52.785021830021826
5,answer_stable+answer_in_evidence+calibrated_conf+top_score_z_intra+judge_entailment,58.93403361344538,1.15,53.38756151256151,1.15,44.0,-12.062121212121205,-1.85,46.423966532662185,52.81256151256151
5,answer_stable_f1+answer_in_evidence+calibrated_conf+top_score_z_intra+judge_entailment,58.93403361344538,1.15,53.38756151256151,1.15,44.0,-12.062121212121205,-1.85,46.423966532662185,52.81256151256151
5,answer_stable_seq+answer_in_evidence+calibrated_conf+top_score_z_intra+judge_entailment,58.93403361344538,1.15,53.38756151256151,1.15,44.0,-12.062121212121205,-1.85,46.423966532662185,52.81256151256151
6,answer_stable+answer_stable_f1+answer_in_evidence+calibrated_conf+top_score_z_intra+judge_entailment,58.93403361344538,1.15,53.38756151256151,1.15,44.0,-12.062121212121205,-1.85,46.423966532662185,52.81256151256151
6,answer_stable+answer_stable_seq+answer_in_evidence+calibrated_conf+top_score_z_intra+judge_entailment,58.93403361344538,1.15,53.38756151256151,1.15,44.0,-12.062121212121205,-1.85,46.423966532662185,52.81256151256151
6,answer_stable+answer_in_evidence+calibrated_conf+overlap_signal+top_score_z_intra+judge_entailment,58.93403361344538,1.15,53.38756151256151,1.15,44.0,-12.062121212121205,-1.85,46.423966532662185,52.81256151256151
6,answer_stable_f1+answer_stable_seq+answer_in_evidence+calibrated_conf+top_score_z_intra+judge_entailment,58.93403361344538,1.15,53.38756151256151,1.15,44.0,-12.062121212121205,-1.85,46.423966532662185,52.81256151256151
6,answer_stable_f1+answer_in_evidence+calibrated_conf+overlap_signal+top_score_z_intra+judge_entailment,58.93403361344538,1.15,53.38756151256151,1.15,44.0,-12.062121212121205,-1.85,46.423966532662185,52.81256151256151
6,answer_stable_seq+answer_in_evidence+calibrated_conf+overlap_signal+top_score_z_intra+judge_entailment,58.93403361344538,1.15,53.38756151256151,1.15,44.0,-12.062121212121205,-1.85,46.423966532662185,52.81256151256151
7,answer_stable+answer_stable_f1+answer_stable_seq+answer_in_evidence+calibrated_conf+top_score_z_intra+judge_entailment,58.93403361344538,1.15,53.38756151256151,1.15,44.0,-12.062121212121205,-1.85,46.423966532662185,52.81256151256151
7,answer_stable+answer_stable_f1+answer_in_evidence+calibrated_conf+overlap_signal+top_score_z_intra+judge_entailment,58.93403361344538,1.15,53.38756151256151,1.15,44.0,-12.062121212121205,-1.85,46.423966532662185,52.81256151256151
7,answer_stable+answer_stable_seq+answer_in_evidence+calibrated_conf+overlap_signal+top_score_z_intra+judge_entailment,58.93403361344538,1.15,53.38756151256151,1.15,44.0,-12.062121212121205,-1.85,46.423966532662185,52.81256151256151
7,answer_stable_f1+answer_stable_seq+answer_in_evidence+calibrated_conf+overlap_signal+top_score_z_intra+judge_entailment,58.93403361344538,1.15,53.38756151256151,1.15,44.0,-12.062121212121205,-1.85,46.423966532662185,52.81256151256151
8,answer_stable+answer_stable_f1+answer_stable_seq+answer_in_evidence+calibrated_conf+overlap_signal+top_score_z_intra+judge_entailment,58.93403361344538,1.15,53.38756151256151,1.15,44.0,-12.062121212121205,-1.85,46.423966532662185,52.81256151256151
5,answer_in_evidence+calibrated_conf+overlap_signal+top_score_z_intra+judge_entailment,58.93403361344538,1.15,53.38756151256151,1.1533333333333333,44.0,-12.062121212121205,-1.8466666666666667,46.28979321898397,52.81089484589484
4,answer_in_evidence+calibrated_conf+top_score_z_intra+judge_entailment,58.93403361344538,1.15,53.38756151256151,1.1566666666666667,44.0,-12.062121212121205,-1.8433333333333333,46.1563932385258,52.80922817922818
5,answer_stable+answer_in_evidence+overlap_signal+top_score_z_intra+judge_entailment,58.93403361344538,1.15,53.38756151256151,1.1566666666666667,44.0,-12.062121212121205,-1.8433333333333333,46.1563932385258,52.80922817922818
5,answer_stable_f1+answer_in_evidence+overlap_signal+top_score_z_intra+judge_entailment,58.93403361344538,1.15,53.38756151256151,1.1566666666666667,44.0,-12.062121212121205,-1.8433333333333333,46.1563932385258,52.80922817922818
5,answer_stable_seq+answer_in_evidence+overlap_signal+top_score_z_intra+judge_entailment,58.93403361344538,1.15,53.38756151256151,1.1566666666666667,44.0,-12.062121212121205,-1.8433333333333333,46.1563932385258,52.80922817922818
6,answer_stable+answer_stable_f1+answer_in_evidence+overlap_signal+top_score_z_intra+judge_entailment,58.93403361344538,1.15,53.38756151256151,1.1566666666666667,44.0,-12.062121212121205,-1.8433333333333333,46.1563932385258,52.80922817922818
6,answer_stable+answer_stable_seq+answer_in_evidence+overlap_signal+top_score_z_intra+judge_entailment,58.93403361344538,1.15,53.38756151256151,1.1566666666666667,44.0,-12.062121212121205,-1.8433333333333333,46.1563932385258,52.80922817922818
6,answer_stable_f1+answer_stable_seq+answer_in_evidence+overlap_signal+top_score_z_intra+judge_entailment,58.93403361344538,1.15,53.38756151256151,1.1566666666666667,44.0,-12.062121212121205,-1.8433333333333333,46.1563932385258,52.80922817922818
7,answer_stable+answer_stable_f1+answer_stable_seq+answer_in_evidence+overlap_signal+top_score_z_intra+judge_entailment,58.93403361344538,1.15,53.38756151256151,1.1566666666666667,44.0,-12.062121212121205,-1.8433333333333333,46.1563932385258,52.80922817922818
4,answer_stable_f1+answer_in_evidence+top_score_z_intra+judge_entailment,58.93403361344538,1.15,53.38756151256151,1.1633333333333333,44.0,-12.062121212121205,-1.8366666666666667,45.89188668701563,52.80589484589485
4,answer_stable_seq+answer_in_evidence+top_score_z_intra+judge_entailment,58.93403361344538,1.15,53.38756151256151,1.1633333333333333,44.0,-12.062121212121205,-1.8366666666666667,45.89188668701563,52.80589484589485
5,answer_stable+answer_stable_f1+answer_in_evidence+top_score_z_intra+judge_entailment,58.93403361344538,1.15,53.38756151256151,1.1633333333333333,44.0,-12.062121212121205,-1.8366666666666667,45.89188668701563,52.80589484589485
5,answer_stable+answer_stable_seq+answer_in_evidence+top_score_z_intra+judge_entailment,58.93403361344538,1.15,53.38756151256151,1.1633333333333333,44.0,-12.062121212121205,-1.8366666666666667,45.89188668701563,52.80589484589485
5,answer_stable_f1+answer_stable_seq+answer_in_evidence+top_score_z_intra+judge_entailment,58.93403361344538,1.15,53.38756151256151,1.1633333333333333,44.0,-12.062121212121205,-1.8366666666666667,45.89188668701563,52.80589484589485
6,answer_stable+answer_stable_f1+answer_stable_seq+answer_in_evidence+top_score_z_intra+judge_entailment,58.93403361344538,1.15,53.38756151256151,1.1633333333333333,44.0,-12.062121212121205,-1.8366666666666667,45.89188668701563,52.80589484589485
4,answer_stable+answer_in_evidence+judge_entailment+gap,58.93403361344538,1.16,53.38756151256151,1.17,44.0,-12.062121212121205,-1.83,45.630394455180785,52.80256151256151
4,top_score_z_intra+ce_top_score+judge_entailment+gap,60.50979118920296,1.42,53.38389850889851,1.3433333333333333,44.0,-12.065784215784205,-1.6566666666666667,39.73987482051999,52.712231842231844
5,answer_stable+overlap_signal+top_score_z_intra+judge_entailment+gap,59.843124522536286,1.25,53.379625004625,1.2133333333333334,44.0,-12.070057720057719,-1.7866666666666666,43.99419643238324,52.77295833795833
5,answer_stable_f1+overlap_signal+top_score_z_intra+judge_entailment+gap,59.843124522536286,1.25,53.379625004625,1.2133333333333334,44.0,-12.070057720057719,-1.7866666666666666,43.99419643238324,52.77295833795833
5,answer_stable_seq+overlap_signal+top_score_z_intra+judge_entailment+gap,59.843124522536286,1.25,53.379625004625,1.2133333333333334,44.0,-12.070057720057719,-1.7866666666666666,43.99419643238324,52.77295833795833
6,answer_stable+answer_stable_f1+overlap_signal+top_score_z_intra+judge_entailment+gap,59.843124522536286,1.25,53.379625004625,1.2133333333333334,44.0,-12.070057720057719,-1.7866666666666666,43.99419643238324,52.77295833795833
6,answer_stable+answer_stable_seq+overlap_signal+top_score_z_intra+judge_entailment+gap,59.843124522536286,1.25,53.379625004625,1.2133333333333334,44.0,-12.070057720057719,-1.7866666666666666,43.99419643238324,52.77295833795833
6,answer_stable_f1+answer_stable_seq+overlap_signal+top_score_z_intra+judge_entailment+gap,59.843124522536286,1.25,53.379625004625,1.2133333333333334,44.0,-12.070057720057719,-1.7866666666666666,43.99419643238324,52.77295833795833
7,answer_stable+answer_stable_f1+answer_stable_seq+overlap_signal+top_score_z_intra+judge_entailment+gap,59.843124522536286,1.25,53.379625004625,1.2133333333333334,44.0,-12.070057720057719,-1.7866666666666666,43.99419643238324,52.77295833795833
4,answer_stable_f1+overlap_signal+judge_entailment+gap,59.843124522536286,1.27,53.36375198875199,1.2333333333333334,44.0,-12.085930735930724,-1.7666666666666666,43.26790701790702,52.747085322085326
4,answer_stable_seq+overlap_signal+judge_entailment+gap,59.843124522536286,1.27,53.36375198875199,1.2333333333333334,44.0,-12.085930735930724,-1.7666666666666666,43.26790701790702,52.747085322085326
5,answer_stable+answer_stable_f1+overlap_signal+judge_entailment+gap,59.843124522536286,1.27,53.36375198875199,1.2333333333333334,44.0,-12.085930735930724,-1.7666666666666666,43.26790701790702,52.747085322085326
5,answer_stable+answer_stable_seq+overlap_signal+judge_entailment+gap,59.843124522536286,1.27,53.36375198875199,1.2333333333333334,44.0,-12.085930735930724,-1.7666666666666666,43.26790701790702,52.747085322085326
5,answer_stable_f1+answer_stable_seq+overlap_signal+judge_entailment+gap,59.843124522536286,1.27,53.36375198875199,1.2333333333333334,44.0,-12.085930735930724,-1.7666666666666666,43.26790701790702,52.747085322085326
6,answer_stable+answer_stable_f1+answer_stable_seq+overlap_signal+judge_entailment+gap,59.843124522536286,1.27,53.36375198875199,1.2333333333333334,44.0,-12.085930735930724,-1.7666666666666666,43.26790701790702,52.747085322085326
4,answer_stable_f1+top_score_z_intra+judge_entailment+gap,60.843124522536286,1.27,53.34629167129167,1.2333333333333334,44.0,-12.10339105339105,-1.7666666666666666,43.25375000375,52.729625004625
4,answer_stable_seq+top_score_z_intra+judge_entailment+gap,60.843124522536286,1.27,53.34629167129167,1.2333333333333334,44.0,-12.10339105339105,-1.7666666666666666,43.25375000375,52.729625004625
5,answer_stable+answer_stable_f1+top_score_z_intra+judge_entailment+gap,60.843124522536286,1.27,53.34629167129167,1.2333333333333334,44.0,-12.10339105339105,-1.7666666666666666,43.25375000375,52.729625004625
5,answer_stable+answer_stable_seq+top_score_z_intra+judge_entailment+gap,60.843124522536286,1.27,53.34629167129167,1.2333333333333334,44.0,-12.10339105339105,-1.7666666666666666,43.25375000375,52.729625004625
5,answer_stable_f1+answer_stable_seq+top_score_z_intra+judge_entailment+gap,60.843124522536286,1.27,53.34629167129167,1.2333333333333334,44.0,-12.10339105339105,-1.7666666666666666,43.25375000375,52.729625004625
6,answer_stable+answer_stable_f1+answer_stable_seq+top_score_z_intra+judge_entailment+gap,60.843124522536286,1.27,53.34629167129167,1.2333333333333334,44.0,-12.10339105339105,-1.7666666666666666,43.25375000375,52.729625004625
4,answer_in_evidence+overlap_signal+top_score_z_intra+judge_entailment,58.93403361344538,1.2,53.33627946127947,1.1833333333333333,44.0,-12.11340326340325,-1.8166666666666667,45.07291222079955,52.7446127946128
3,answer_in_evidence+judge_entailment+gap,58.93403361344538,1.32,53.33627946127947,1.27,44.0,-12.11340326340325,-1.73,41.99707044195234,52.70127946127947
3,answer_stable_f1+judge_entailment+gap,60.843124522536286,1.29,53.330418655418654,1.2533333333333334,44.0,-12.119264069264062,-1.7466666666666666,42.55086594847233,52.70375198875199
3,answer_stable_seq+judge_entailment+gap,60.843124522536286,1.29,53.330418655418654,1.2533333333333334,44.0,-12.119264069264062,-1.7466666666666666,42.55086594847233,52.70375198875199
4,answer_stable+answer_stable_f1+judge_entailment+gap,60.843124522536286,1.29,53.330418655418654,1.2533333333333334,44.0,-12.119264069264062,-1.7466666666666666,42.55086594847233,52.70375198875199
4,answer_stable+answer_stable_seq+judge_entailment+gap,60.843124522536286,1.29,53.330418655418654,1.2533333333333334,44.0,-12.119264069264062,-1.7466666666666666,42.55086594847233,52.70375198875199
4,answer_stable_f1+answer_stable_seq+judge_entailment+gap,60.843124522536286,1.29,53.330418655418654,1.2533333333333334,44.0,-12.119264069264062,-1.7466666666666666,42.55086594847233,52.70375198875199
5,answer_stable+answer_stable_f1+answer_stable_seq+judge_entailment+gap,60.843124522536286,1.29,53.330418655418654,1.2533333333333334,44.0,-12.119264069264062,-1.7466666666666666,42.55086594847233,52.70375198875199
5,answer_stable+answer_in_evidence+top_score_z_intra+judge_entailment+gap,58.93403361344538,1.14,53.21295833795834,1.1533333333333333,44.0,-12.236724386724376,-1.8466666666666667,46.13840318320087,52.63629167129167
4,answer_in_evidence+top_score_z_intra+judge_entailment+gap,58.93403361344538,1.29,53.16167628667628,1.2466666666666666,44.0,-12.288006438006434,-1.7533333333333334,42.6430558449275,52.53834295334295
4,answer_stable+calibrated_conf+judge_entailment+gap,58.843124522536286,1.26,53.10978373478373,1.21,43.666666666666664,-12.339898989898984,-1.79,43.89238325188738,52.504783734783736
5,answer_stable+calibrated_conf+overlap_signal+judge_entailment+gap,58.843124522536286,1.26,53.10978373478373,1.21,43.666666666666664,-12.339898989898984,-1.79,43.89238325188738,52.504783734783736
4,calibrated_conf+overlap_signal+judge_entailment+gap,58.843124522536286,1.27,53.10978373478373,1.2166666666666666,43.666666666666664,-12.339898989898984,-1.7833333333333334,43.65187704228801,52.5014504014504
3,calibrated_conf+judge_entailment+gap,58.843124522536286,1.28,53.10978373478373,1.2233333333333334,43.666666666666664,-12.339898989898984,-1.7766666666666666,43.41399215377417,52.49811706811707
5,answer_stable+calibrated_conf+top_score_z_intra+ce_top_score+judge_entailment,60.843124522536286,1.21,53.078037703037694,1.1833333333333333,43.333333333333336,-12.371645021645023,-1.8166666666666667,44.854679749045935,52.486371036371025
5,answer_stable_f1+calibrated_conf+top_score_z_intra+ce_top_score+judge_entailment,60.843124522536286,1.21,53.078037703037694,1.1833333333333333,43.333333333333336,-12.371645021645023,-1.8166666666666667,44.854679749045935,52.486371036371025
5,answer_stable_seq+calibrated_conf+top_score_z_intra+ce_top_score+judge_entailment,60.843124522536286,1.21,53.078037703037694,1.1833333333333333,43.333333333333336,-12.371645021645023,-1.8166666666666667,44.854679749045935,52.486371036371025
6,answer_stable+answer_stable_f1+calibrated_conf+top_score_z_intra+ce_top_score+judge_entailment,60.843124522536286,1.21,53.078037703037694,1.1833333333333333,43.333333333333336,-12.371645021645023,-1.8166666666666667,44.854679749045935,52.486371036371025
6,answer_stable+answer_stable_seq+calibrated_conf+top_score_z_intra+ce_top_score+judge_entailment,60.843124522536286,1.21,53.078037703037694,1.1833333333333333,43.333333333333336,-12.371645021645023,-1.8166666666666667,44.854679749045935,52.486371036371025
6,answer_stable+calibrated_conf+overlap_signal+top_score_z_intra+ce_top_score+judge_entailment,60.843124522536286,1.21,53.078037703037694,1.1833333333333333,43.333333333333336,-12.371645021645023,-1.8166666666666667,44.854679749045935,52.486371036371025
6,answer_stable_f1+answer_stable_seq+calibrated_conf+top_score_z_intra+ce_top_score+judge_entailment,60.843124522536286,1.21,53.078037703037694,1.1833333333333333,43.333333333333336,-12.371645021645023,-1.8166666666666667,44.854679749045935,52.486371036371025
6,answer_stable_f1+calibrated_conf+overlap_signal+top_score_z_intra+ce_top_score+judge_entailment,60.843124522536286,1.21,53.078037703037694,1.1833333333333333,43.333333333333336,-12.371645021645023,-1.8166666666666667,44.854679749045935,52.486371036371025
6,answer_stable_seq+calibrated_conf+overlap_signal+top_score_z_intra+ce_top_score+judge_entailment,60.843124522536286,1.21,53.078037703037694,1.1833333333333333,43.333333333333336,-12.371645021645023,-1.8166666666666667,44.854679749045935,52.486371036371025
7,answer_stable+answer_stable_f1+answer_stable_seq+calibrated_conf+top_score_z_intra+ce_top_score+judge_entailment,60.843124522536286,1.21,53.078037703037694,1.1833333333333333,43.333333333333336,-12.371645021645023,-1.8166666666666667,44.854679749045935,52.486371036371025
7,answer_stable+answer_stable_f1+calibrated_conf+overlap_signal+top_score_z_intra+ce_top_score+judge_entailment,60.843124522536286,1.21,53.078037703037694,1.1833333333333333,43.333333333333336,-12.371645021645023,-1.8166666666666667,44.854679749045935,52.486371036371025
7,answer_stable+answer_stable_seq+calibrated_conf+overlap_signal+top_score_z_intra+ce_top_score+judge_entailment,60.843124522536286,1.21,53.078037703037694,1.1833333333333333,43.333333333333336,-12.371645021645023,-1.8166666666666667,44.854679749045935,52.486371036371025
7,answer_stable_f1+answer_stable_seq+calibrated_conf+overlap_signal+top_score_z_intra+ce_top_score+judge_entailment,60.843124522536286,1.21,53.078037703037694,1.1833333333333333,43.333333333333336,-12.371645021645023,-1.8166666666666667,44.854679749045935,52.486371036371025
8,answer_stable+answer_stable_f1+answer_stable_seq+calibrated_conf+overlap_signal+top_score_z_intra+ce_top_score+judge_entailment,60.843124522536286,1.21,53.078037703037694,1.1833333333333333,43.333333333333336,-12.371645021645023,-1.8166666666666667,44.854679749045935,52.486371036371025
5,calibrated_conf+overlap_signal+top_score_z_intra+ce_top_score+judge_entailment,60.843124522536286,1.22,53.078037703037694,1.19,43.333333333333336,-12.371645021645023,-1.81,44.60339302776277,52.483037703037695
4,calibrated_conf+top_score_z_intra+ce_top_score+judge_entailment,60.843124522536286,1.23,53.078037703037694,1.1966666666666668,43.333333333333336,-12.371645021645023,-1.8033333333333332,44.354906158527314,52.47970436970436
4,answer_in_evidence+overlap_signal+ce_top_score+judge_entailment,60.83403361344537,1.24,53.0775493025493,1.3,43.666666666666664,-12.372133422133416,-1.7,40.82888407888407,52.4275493025493
5,answer_stable+answer_in_evidence+calibrated_conf+judge_entailment+gap,58.93403361344538,1.16,53.05422817922818,1.1433333333333333,43.666666666666664,-12.395454545454534,-1.8566666666666667,46.403115025564006,52.48256151256152
6,answer_stable+answer_in_evidence+calibrated_conf+overlap_signal+judge_entailment+gap,58.93403361344538,1.16,53.05422817922818,1.1433333333333333,43.666666666666664,-12.395454545454534,-1.8566666666666667,46.403115025564006,52.48256151256152
5,answer_in_evidence+calibrated_conf+overlap_signal+judge_entailment+gap,58.93403361344538,1.16,53.05422817922818,1.1466666666666667,43.666666666666664,-12.395454545454534,-1.8533333333333333,46.268222249326904,52.48089484589485
4,answer_in_evidence+calibrated_conf+judge_entailment+gap,58.93403361344538,1.16,53.05422817922818,1.15,43.666666666666664,-12.395454545454534,-1.85,46.134111460198426,52.47922817922818
5,answer_stable+answer_in_evidence+overlap_signal+judge_entailment+gap,58.93403361344538,1.16,53.05422817922818,1.15,43.666666666666664,-12.395454545454534,-1.85,46.134111460198426,52.47922817922818
4,answer_in_evidence+overlap_signal+judge_entailment+gap,58.93403361344538,1.2,53.002946127946124,1.1766666666666667,43.666666666666664,-12.446736596736592,-1.8233333333333333,45.04499670930265,52.41461279461279
5,answer_stable+calibrated_conf+top_score_z_intra+judge_entailment+gap,58.843124522536286,1.24,52.93518056018055,1.1866666666666668,43.666666666666664,-12.514502164502169,-1.8133333333333332,44.60829822487125,52.341847226847214
5,answer_stable_f1+calibrated_conf+top_score_z_intra+judge_entailment+gap,58.843124522536286,1.24,52.93518056018055,1.1866666666666668,43.666666666666664,-12.514502164502169,-1.8133333333333332,44.60829822487125,52.341847226847214
5,answer_stable_seq+calibrated_conf+top_score_z_intra+judge_entailment+gap,58.843124522536286,1.24,52.93518056018055,1.1866666666666668,43.666666666666664,-12.514502164502169,-1.8133333333333332,44.60829822487125,52.341847226847214
6,answer_stable+answer_stable_f1+calibrated_conf+top_score_z_intra+judge_entailment+gap,58.843124522536286,1.24,52.93518056018055,1.1866666666666668,43.666666666666664,-12.514502164502169,-1.8133333333333332,44.60829822487125,52.341847226847214
6,answer_stable+answer_stable_seq+calibrated_conf+top_score_z_intra+judge_entailment+gap,58.843124522536286,1.24,52.93518056018055,1.1866666666666668,43.666666666666664,-12.514502164502169,-1.8133333333333332,44.60829822487125,52.341847226847214
6,answer_stable+calibrated_conf+overlap_signal+top_score_z_intra+judge_entailment+gap,58.843124522536286,1.24,52.93518056018055,1.1866666666666668,43.666666666666664,-12.514502164502169,-1.8133333333333332,44.60829822487125,52.341847226847214
6,answer_stable_f1+answer_stable_seq+calibrated_conf+top_score_z_intra+judge_entailment+gap,58.843124522536286,1.24,52.93518056018055,1.1866666666666668,43.666666666666664,-12.514502164502169,-1.8133333333333332,44.60829822487125,52.341847226847214
6,answer_stable_f1+calibrated_conf+overlap_signal+top_score_z_intra+judge_entailment+gap,58.843124522536286,1.24,52.93518056018055,1.1866666666666668,43.666666666666664,-12.514502164502169,-1.8133333333333332,44.60829822487125,52.341847226847214
6,answer_stable_seq+calibrated_conf+overlap_signal+top_score_z_intra+judge_entailment+gap,58.843124522536286,1.24,52.93518056018055,1.1866666666666668,43.666666666666664,-12.514502164502169,-1.8133333333333332,44.60829822487125,52.341847226847214
7,answer_stable+answer_stable_f1+answer_stable_seq+calibrated_conf+top_score_z_intra+judge_entailment+gap,58.843124522536286,1.24,52.93518056018055,1.1866666666666668,43.666666666666664,-12.514502164502169,-1.8133333333333332,44.60829822487125,52.341847226847214
7,answer_stable+answer_stable_f1+calibrated_conf+overlap_signal+top_score_z_intra+judge_entailment+gap,58.843124522536286,1.24,52.93518056018055,1.1866666666666668,43.666666666666664,-12.514502164502169,-1.8133333333333332,44.60829822487125,52.341847226847214
7,answer_stable+answer_stable_seq+calibrated_conf+overlap_signal+top_score_z_intra+judge_entailment+gap,58.843124522536286,1.24,52.93518056018055,1.1866666666666668,43.666666666666664,-12.514502164502169,-1.8133333333333332,44.60829822487125,52.341847226847214
7,answer_stable_f1+answer_stable_seq+calibrated_conf+overlap_signal+top_score_z_intra+judge_entailment+gap,58.843124522536286,1.24,52.93518056018055,1.1866666666666668,43.666666666666664,-12.514502164502169,-1.8133333333333332,44.60829822487125,52.341847226847214
8,answer_stable+answer_stable_f1+answer_stable_seq+calibrated_conf+overlap_signal+top_score_z_intra+judge_entailment+gap,58.843124522536286,1.24,52.93518056018055,1.1866666666666668,43.666666666666664,-12.514502164502169,-1.8133333333333332,44.60829822487125,52.341847226847214
5,calibrated_conf+overlap_signal+top_score_z_intra+judge_entailment+gap,58.843124522536286,1.25,52.93518056018055,1.1933333333333334,43.666666666666664,-12.514502164502169,-1.8066666666666666,44.3590898548999,52.338513893513884
4,calibrated_conf+top_score_z_intra+judge_entailment+gap,58.843124522536286,1.26,52.93518056018055,1.2,43.666666666666664,-12.514502164502169,-1.8,44.11265046681712,52.33518056018055
4,overlap_signal+ce_top_score+judge_entailment+gap,59.843124522536286,1.25,52.92516835016835,1.2766666666666666,43.333333333333336,-12.524514374514368,-1.7233333333333334,41.4557454439961,52.28683501683501
4,answer_stable_f1+calibrated_conf+judge_entailment+gap,58.843124522536286,1.26,52.91930754430755,1.2066666666666668,43.666666666666664,-12.530375180375167,-1.7933333333333332,43.85577973285156,52.31597421097422
4,answer_stable_seq+calibrated_conf+judge_entailment+gap,58.843124522536286,1.26,52.91930754430755,1.2066666666666668,43.666666666666664,-12.530375180375167,-1.7933333333333332,43.85577973285156,52.31597421097422
5,answer_stable+answer_stable_f1+calibrated_conf+judge_entailment+gap,58.843124522536286,1.26,52.91930754430755,1.2066666666666668,43.666666666666664,-12.530375180375167,-1.7933333333333332,43.85577973285156,52.31597421097422
5,answer_stable+answer_stable_seq+calibrated_conf+judge_entailment+gap,58.843124522536286,1.26,52.91930754430755,1.2066666666666668,43.666666666666664,-12.530375180375167,-1.7933333333333332,43.85577973285156,52.31597421097422
5,answer_stable_f1+answer_stable_seq+calibrated_conf+judge_entailment+gap,58.843124522536286,1.26,52.91930754430755,1.2066666666666668,43.666666666666664,-12.530375180375167,-1.7933333333333332,43.85577973285156,52.31597421097422
5,answer_stable_f1+calibrated_conf+overlap_signal+judge_entailment+gap,58.843124522536286,1.26,52.91930754430755,1.2066666666666668,43.666666666666664,-12.530375180375167,-1.7933333333333332,43.85577973285156,52.31597421097422
5,answer_stable_seq+calibrated_conf+overlap_signal+judge_entailment+gap,58.843124522536286,1.26,52.91930754430755,1.2066666666666668,43.666666666666664,-12.530375180375167,-1.7933333333333332,43.85577973285156,52.31597421097422
6,answer_stable+answer_stable_f1+answer_stable_seq+calibrated_conf+judge_entailment+gap,58.843124522536286,1.26,52.91930754430755,1.2066666666666668,43.666666666666664,-12.530375180375167,-1.7933333333333332,43.85577973285156,52.31597421097422
6,answer_stable+answer_stable_f1+calibrated_conf+overlap_signal+judge_entailment+gap,58.843124522536286,1.26,52.91930754430755,1.2066666666666668,43.666666666666664,-12.530375180375167,-1.7933333333333332,43.85577973285156,52.31597421097422
6,answer_stable+answer_stable_seq+calibrated_conf+overlap_signal+judge_entailment+gap,58.843124522536286,1.26,52.91930754430755,1.2066666666666668,43.666666666666664,-12.530375180375167,-1.7933333333333332,43.85577973285156,52.31597421097422
6,answer_stable_f1+answer_stable_seq+calibrated_conf+overlap_signal+judge_entailment+gap,58.843124522536286,1.26,52.91930754430755,1.2066666666666668,43.666666666666664,-12.530375180375167,-1.7933333333333332,43.85577973285156,52.31597421097422
7,answer_stable+answer_stable_f1+answer_stable_seq+calibrated_conf+overlap_signal+judge_entailment+gap,58.843124522536286,1.26,52.91930754430755,1.2066666666666668,43.666666666666664,-12.530375180375167,-1.7933333333333332,43.85577973285156,52.31597421097422
6,answer_stable+answer_in_evidence+calibrated_conf+top_score_z_intra+judge_entailment+gap,58.93403361344538,1.14,52.879625004625005,1.1266666666666667,43.666666666666664,-12.570057720057711,-1.8733333333333333,46.9345784064719,52.31629167129167
6,answer_stable_f1+answer_in_evidence+calibrated_conf+top_score_z_intra+judge_entailment+gap,58.93403361344538,1.14,52.879625004625005,1.1266666666666667,43.666666666666664,-12.570057720057711,-1.8733333333333333,46.9345784064719,52.31629167129167
6,answer_stable_seq+answer_in_evidence+calibrated_conf+top_score_z_intra+judge_entailment+gap,58.93403361344538,1.14,52.879625004625005,1.1266666666666667,43.666666666666664,-12.570057720057711,-1.8733333333333333,46.9345784064719,52.31629167129167
7,answer_stable+answer_stable_f1+answer_in_evidence+calibrated_conf+top_score_z_intra+judge_entailment+gap,58.93403361344538,1.14,52.879625004625005,1.1266666666666667,43.666666666666664,-12.570057720057711,-1.8733333333333333,46.9345784064719,52.31629167129167
7,answer_stable+answer_stable_seq+answer_in_evidence+calibrated_conf+top_score_z_intra+judge_entailment+gap,58.93403361344538,1.14,52.879625004625005,1.1266666666666667,43.666666666666664,-12.570057720057711,-1.8733333333333333,46.9345784064719,52.31629167129167
7,answer_stable+answer_in_evidence+calibrated_conf+overlap_signal+top_score_z_intra+judge_entailment+gap,58.93403361344538,1.14,52.879625004625005,1.1266666666666667,43.666666666666664,-12.570057720057711,-1.8733333333333333,46.9345784064719,52.31629167129167
7,answer_stable_f1+answer_stable_seq+answer_in_evidence+calibrated_conf+top_score_z_intra+judge_entailment+gap,58.93403361344538,1.14,52.879625004625005,1.1266666666666667,43.666666666666664,-12.570057720057711,-1.8733333333333333,46.9345784064719,52.31629167129167
7,answer_stable_f1+answer_in_evidence+calibrated_conf+overlap_signal+top_score_z_intra+judge_entailment+gap,58.93403361344538,1.14,52.879625004625005,1.1266666666666667,43.666666666666664,-12.570057720057711,-1.8733333333333333,46.9345784064719,52.31629167129167
7,answer_stable_seq+answer_in_evidence+calibrated_conf+overlap_signal+top_score_z_intra+judge_entailment+gap,58.93403361344538,1.14,52.879625004625005,1.1266666666666667,43.666666666666664,-12.570057720057711,-1.8733333333333333,46.9345784064719,52.31629167129167
8,answer_stable+answer_stable_f1+answer_stable_seq+answer_in_evidence+calibrated_conf+top_score_z_intra+judge_entailment+gap,58.93403361344538,1.14,52.879625004625005,1.1266666666666667,43.666666666666664,-12.570057720057711,-1.8733333333333333,46.9345784064719,52.31629167129167
8,answer_stable+answer_stable_f1+answer_in_evidence+calibrated_conf+overlap_signal+top_score_z_intra+judge_entailment+gap,58.93403361344538,1.14,52.879625004625005,1.1266666666666667,43.666666666666664,-12.570057720057711,-1.8733333333333333,46.9345784064719,52.31629167129167
8,answer_stable+answer_stable_seq+answer_in_evidence+calibrated_conf+overlap_signal+top_score_z_intra+judge_entailment+gap,58.93403361344538,1.14,52.879625004625005,1.1266666666666667,43.666666666666664,-12.570057720057711,-1.8733333333333333,46.9345784064719,52.31629167129167
8,answer_stable_f1+answer_stable_seq+answer_in_evidence+calibrated_conf+overlap_signal+top_score_z_intra+judge_entailment+gap,58.93403361344538,1.14,52.879625004625005,1.1266666666666667,43.666666666666664,-12.570057720057711,-1.8733333333333333,46.9345784064719,52.31629167129167
9,answer_stable+answer_stable_f1+answer_stable_seq+answer_in_evidence+calibrated_conf+overlap_signal+top_score_z_intra+judge_entailment+gap,58.93403361344538,1.14,52.879625004625005,1.1266666666666667,43.666666666666664,-12.570057720057711,-1.8733333333333333,46.9345784064719,52.31629167129167
6,answer_in_evidence+calibrated_conf+overlap_signal+top_score_z_intra+judge_entailment+gap,58.93403361344538,1.14,52.879625004625005,1.13,43.666666666666664,-12.570057720057711,-1.87,46.796128322677,52.31462500462501
5,answer_in_evidence+calibrated_conf+top_score_z_intra+judge_entailment+gap,58.93403361344538,1.14,52.879625004625005,1.1333333333333333,43.666666666666664,-12.570057720057711,-1.8666666666666667,46.65849265113971,52.312958337958335
6,answer_stable+answer_in_evidence+overlap_signal+top_score_z_intra+judge_entailment+gap,58.93403361344538,1.14,52.879625004625005,1.1333333333333333,43.666666666666664,-12.570057720057711,-1.8666666666666667,46.65849265113971,52.312958337958335
6,answer_stable_f1+answer_in_evidence+overlap_signal+top_score_z_intra+judge_entailment+gap,58.93403361344538,1.14,52.879625004625005,1.1333333333333333,43.666666666666664,-12.570057720057711,-1.8666666666666667,46.65849265113971,52.312958337958335
6,answer_stable_seq+answer_in_evidence+overlap_signal+top_score_z_intra+judge_entailment+gap,58.93403361344538,1.14,52.879625004625005,1.1333333333333333,43.666666666666664,-12.570057720057711,-1.8666666666666667,46.65849265113971,52.312958337958335
7,answer_stable+answer_stable_f1+answer_in_evidence+overlap_signal+top_score_z_intra+judge_entailment+gap,58.93403361344538,1.14,52.879625004625005,1.1333333333333333,43.666666666666664,-12.570057720057711,-1.8666666666666667,46.65849265113971,52.312958337958335
7,answer_stable+answer_stable_seq+answer_in_evidence+overlap_signal+top_score_z_intra+judge_entailment+gap,58.93403361344538,1.14,52.879625004625005,1.1333333333333333,43.666666666666664,-12.570057720057711,-1.8666666666666667,46.65849265113971,52.312958337958335
7,answer_stable_f1+answer_stable_seq+answer_in_evidence+overlap_signal+top_score_z_intra+judge_entailment+gap,58.93403361344538,1.14,52.879625004625005,1.1333333333333333,43.666666666666664,-12.570057720057711,-1.8666666666666667,46.65849265113971,52.312958337958335
8,answer_stable+answer_stable_f1+answer_stable_seq+answer_in_evidence+overlap_signal+top_score_z_intra+judge_entailment+gap,58.93403361344538,1.14,52.879625004625005,1.1333333333333333,43.666666666666664,-12.570057720057711,-1.8666666666666667,46.65849265113971,52.312958337958335
5,answer_stable_f1+answer_in_evidence+top_score_z_intra+judge_entailment+gap,58.93403361344538,1.14,52.879625004625005,1.14,43.666666666666664,-12.570057720057711,-1.86,46.385635968969304,52.309625004625005
5,answer_stable_seq+answer_in_evidence+top_score_z_intra+judge_entailment+gap,58.93403361344538,1.14,52.879625004625005,1.14,43.666666666666664,-12.570057720057711,-1.86,46.385635968969304,52.309625004625005
6,answer_stable+answer_stable_f1+answer_in_evidence+top_score_z_intra+judge_entailment+gap,58.93403361344538,1.14,52.879625004625005,1.14,43.666666666666664,-12.570057720057711,-1.86,46.385635968969304,52.309625004625005
6,answer_stable+answer_stable_seq+answer_in_evidence+top_score_z_intra+judge_entailment+gap,58.93403361344538,1.14,52.879625004625005,1.14,43.666666666666664,-12.570057720057711,-1.86,46.385635968969304,52.309625004625005
6,answer_stable_f1+answer_stable_seq+answer_in_evidence+top_score_z_intra+judge_entailment+gap,58.93403361344538,1.14,52.879625004625005,1.14,43.666666666666664,-12.570057720057711,-1.86,46.385635968969304,52.309625004625005
7,answer_stable+answer_stable_f1+answer_stable_seq+answer_in_evidence+top_score_z_intra+judge_entailment+gap,58.93403361344538,1.14,52.879625004625005,1.14,43.666666666666664,-12.570057720057711,-1.86,46.385635968969304,52.309625004625005
5,answer_stable_f1+answer_in_evidence+calibrated_conf+judge_entailment+gap,58.93403361344538,1.16,52.86375198875199,1.14,43.666666666666664,-12.585930735930724,-1.86,46.37171227083508,52.29375198875199
5,answer_stable_seq+answer_in_evidence+calibrated_conf+judge_entailment+gap,58.93403361344538,1.16,52.86375198875199,1.14,43.666666666666664,-12.585930735930724,-1.86,46.37171227083508,52.29375198875199
6,answer_stable+answer_stable_f1+answer_in_evidence+calibrated_conf+judge_entailment+gap,58.93403361344538,1.16,52.86375198875199,1.14,43.666666666666664,-12.585930735930724,-1.86,46.37171227083508,52.29375198875199
6,answer_stable+answer_stable_seq+answer_in_evidence+calibrated_conf+judge_entailment+gap,58.93403361344538,1.16,52.86375198875199,1.14,43.666666666666664,-12.585930735930724,-1.86,46.37171227083508,52.29375198875199
6,answer_stable_f1+answer_stable_seq+answer_in_evidence+calibrated_conf+judge_entailment+gap,58.93403361344538,1.16,52.86375198875199,1.14,43.666666666666664,-12.585930735930724,-1.86,46.37171227083508,52.29375198875199
6,answer_stable_f1+answer_in_evidence+calibrated_conf+overlap_signal+judge_entailment+gap,58.93403361344538,1.16,52.86375198875199,1.14,43.666666666666664,-12.585930735930724,-1.86,46.37171227083508,52.29375198875199
6,answer_stable_seq+answer_in_evidence+calibrated_conf+overlap_signal+judge_entailment+gap,58.93403361344538,1.16,52.86375198875199,1.14,43.666666666666664,-12.585930735930724,-1.86,46.37171227083508,52.29375198875199
7,answer_stable+answer_stable_f1+answer_stable_seq+answer_in_evidence+calibrated_conf+judge_entailment+gap,58.93403361344538,1.16,52.86375198875199,1.14,43.666666666666664,-12.585930735930724,-1.86,46.37171227083508,52.29375198875199
7,answer_stable+answer_stable_f1+answer_in_evidence+calibrated_conf+overlap_signal+judge_entailment+gap,58.93403361344538,1.16,52.86375198875199,1.14,43.666666666666664,-12.585930735930724,-1.86,46.37171227083508,52.29375198875199
7,answer_stable+answer_stable_seq+answer_in_evidence+calibrated_conf+overlap_signal+judge_entailment+gap,58.93403361344538,1.16,52.86375198875199,1.14,43.666666666666664,-12.585930735930724,-1.86,46.37171227083508,52.29375198875199
7,answer_stable_f1+answer_stable_seq+answer_in_evidence+calibrated_conf+overlap_signal+judge_entailment+gap,58.93403361344538,1.16,52.86375198875199,1.14,43.666666666666664,-12.585930735930724,-1.86,46.37171227083508,52.29375198875199
8,answer_stable+answer_stable_f1+answer_stable_seq+answer_in_evidence+calibrated_conf+overlap_signal+judge_entailment+gap,58.93403361344538,1.16,52.86375198875199,1.14,43.666666666666664,-12.585930735930724,-1.86,46.37171227083508,52.29375198875199
5,answer_stable_f1+answer_in_evidence+overlap_signal+judge_entailment+gap,58.93403361344538,1.16,52.86375198875199,1.1466666666666667,43.666666666666664,-12.585930735930724,-1.8533333333333333,46.10210929251627,52.29041865541866
5,answer_stable_seq+answer_in_evidence+overlap_signal+judge_entailment+gap,58.93403361344538,1.16,52.86375198875199,1.1466666666666667,43.666666666666664,-12.585930735930724,-1.8533333333333333,46.10210929251627,52.29041865541866
6,answer_stable+answer_stable_f1+answer_in_evidence+overlap_signal+judge_entailment+gap,58.93403361344538,1.16,52.86375198875199,1.1466666666666667,43.666666666666664,-12.585930735930724,-1.8533333333333333,46.10210929251627,52.29041865541866
6,answer_stable+answer_stable_seq+answer_in_evidence+overlap_signal+judge_entailment+gap,58.93403361344538,1.16,52.86375198875199,1.1466666666666667,43.666666666666664,-12.585930735930724,-1.8533333333333333,46.10210929251627,52.29041865541866
6,answer_stable_f1+answer_stable_seq+answer_in_evidence+overlap_signal+judge_entailment+gap,58.93403361344538,1.16,52.86375198875199,1.1466666666666667,43.666666666666664,-12.585930735930724,-1.8533333333333333,46.10210929251627,52.29041865541866
7,answer_stable+answer_stable_f1+answer_stable_seq+answer_in_evidence+overlap_signal+judge_entailment+gap,58.93403361344538,1.16,52.86375198875199,1.1466666666666667,43.666666666666664,-12.585930735930724,-1.8533333333333333,46.10210929251627,52.29041865541866
4,answer_stable_f1+answer_in_evidence+judge_entailment+gap,58.93403361344538,1.16,52.86375198875199,1.1533333333333333,43.666666666666664,-12.585930735930724,-1.8466666666666667,45.835623111634675,52.287085322085325
4,answer_stable_seq+answer_in_evidence+judge_entailment+gap,58.93403361344538,1.16,52.86375198875199,1.1533333333333333,43.666666666666664,-12.585930735930724,-1.8466666666666667,45.835623111634675,52.287085322085325
5,answer_stable+answer_stable_f1+answer_in_evidence+judge_entailment+gap,58.93403361344538,1.16,52.86375198875199,1.1533333333333333,43.666666666666664,-12.585930735930724,-1.8466666666666667,45.835623111634675,52.287085322085325
5,answer_stable+answer_stable_seq+answer_in_evidence+judge_entailment+gap,58.93403361344538,1.16,52.86375198875199,1.1533333333333333,43.666666666666664,-12.585930735930724,-1.8466666666666667,45.835623111634675,52.287085322085325
5,answer_stable_f1+answer_stable_seq+answer_in_evidence+judge_entailment+gap,58.93403361344538,1.16,52.86375198875199,1.1533333333333333,43.666666666666664,-12.585930735930724,-1.8466666666666667,45.835623111634675,52.287085322085325
6,answer_stable+answer_stable_f1+answer_stable_seq+answer_in_evidence+judge_entailment+gap,58.93403361344538,1.16,52.86375198875199,1.1533333333333333,43.666666666666664,-12.585930735930724,-1.8466666666666667,45.835623111634675,52.287085322085325
4,answer_stable+ce_top_score+judge_entailment+gap,59.843124522536286,1.2,52.85422817922818,1.2166666666666666,43.333333333333336,-12.595454545454537,-1.7833333333333334,43.44183138018755,52.245894845894846
5,answer_in_evidence+overlap_signal+top_score_z_intra+judge_entailment+gap,58.93403361344538,1.18,52.82834295334295,1.1566666666666667,43.666666666666664,-12.62133977133977,-1.8433333333333333,45.6729189798354,52.250009620009614
5,overlap_signal+top_score_z_intra+ce_top_score+judge_entailment+gap,59.843124522536286,1.23,52.75056517556518,1.2433333333333334,43.333333333333336,-12.699117549117538,-1.7566666666666666,42.42672802324277,52.12889850889851
5,answer_stable+top_score_z_intra+ce_top_score+judge_entailment+gap,59.843124522536286,1.18,52.67962500462501,1.1966666666666668,43.333333333333336,-12.770057720057707,-1.8033333333333332,44.021970755954044,52.08129167129167
5,answer_stable+overlap_signal+ce_top_score+judge_entailment+gap,59.843124522536286,1.2,52.55422817922818,1.1966666666666668,43.0,-12.895454545454534,-1.8033333333333332,43.9171823224748,51.955894845894846
5,answer_stable+answer_in_evidence+top_score_z_intra+ce_top_score+judge_entailment,58.93403361344538,1.11,52.498672623672626,1.1266666666666667,43.0,-12.951010101010091,-1.8733333333333333,46.596454991425404,51.93533929033929
4,answer_in_evidence+top_score_z_intra+ce_top_score+judge_entailment,58.93403361344538,1.23,52.447390572390574,1.19,43.0,-13.002292152292142,-1.81,44.0734374557904,51.852390572390576
5,answer_stable+answer_in_evidence+ce_top_score+judge_entailment+gap,58.93403361344538,1.12,52.38756151256151,1.1333333333333333,43.0,-13.062121212121205,-1.8666666666666667,46.22431898167192,51.82089484589484
6,answer_stable+overlap_signal+top_score_z_intra+ce_top_score+judge_entailment+gap,59.843124522536286,1.18,52.379625004625005,1.1766666666666667,43.0,-13.070057720057711,-1.8233333333333333,44.51526204359065,51.791291671291674
6,answer_stable_f1+overlap_signal+top_score_z_intra+ce_top_score+judge_entailment+gap,59.843124522536286,1.18,52.379625004625005,1.1766666666666667,43.0,-13.070057720057711,-1.8233333333333333,44.51526204359065,51.791291671291674
6,answer_stable_seq+overlap_signal+top_score_z_intra+ce_top_score+judge_entailment+gap,59.843124522536286,1.18,52.379625004625005,1.1766666666666667,43.0,-13.070057720057711,-1.8233333333333333,44.51526204359065,51.791291671291674
7,answer_stable+answer_stable_f1+overlap_signal+top_score_z_intra+ce_top_score+judge_entailment+gap,59.843124522536286,1.18,52.379625004625005,1.1766666666666667,43.0,-13.070057720057711,-1.8233333333333333,44.51526204359065,51.791291671291674
7,answer_stable+answer_stable_seq+overlap_signal+top_score_z_intra+ce_top_score+judge_entailment+gap,59.843124522536286,1.18,52.379625004625005,1.1766666666666667,43.0,-13.070057720057711,-1.8233333333333333,44.51526204359065,51.791291671291674
7,answer_stable_f1+answer_stable_seq+overlap_signal+top_score_z_intra+ce_top_score+judge_entailment+gap,59.843124522536286,1.18,52.379625004625005,1.1766666666666667,43.0,-13.070057720057711,-1.8233333333333333,44.51526204359065,51.791291671291674
8,answer_stable+answer_stable_f1+answer_stable_seq+overlap_signal+top_score_z_intra+ce_top_score+judge_entailment+gap,59.843124522536286,1.18,52.379625004625005,1.1766666666666667,43.0,-13.070057720057711,-1.8233333333333333,44.51526204359065,51.791291671291674
5,answer_stable_f1+overlap_signal+ce_top_score+judge_entailment+gap,59.843124522536286,1.2,52.36375198875199,1.1933333333333334,43.0,-13.085930735930724,-1.8066666666666666,43.88023909671955,51.76708532208533
5,answer_stable_seq+overlap_signal+ce_top_score+judge_entailment+gap,59.843124522536286,1.2,52.36375198875199,1.1933333333333334,43.0,-13.085930735930724,-1.8066666666666666,43.88023909671955,51.76708532208533
6,answer_stable+answer_stable_f1+overlap_signal+ce_top_score+judge_entailment+gap,59.843124522536286,1.2,52.36375198875199,1.1933333333333334,43.0,-13.085930735930724,-1.8066666666666666,43.88023909671955,51.76708532208533
6,answer_stable+answer_stable_seq+overlap_signal+ce_top_score+judge_entailment+gap,59.843124522536286,1.2,52.36375198875199,1.1933333333333334,43.0,-13.085930735930724,-1.8066666666666666,43.88023909671955,51.76708532208533
6,answer_stable_f1+answer_stable_seq+overlap_signal+ce_top_score+judge_entailment+gap,59.843124522536286,1.2,52.36375198875199,1.1933333333333334,43.0,-13.085930735930724,-1.8066666666666666,43.88023909671955,51.76708532208533
7,answer_stable+answer_stable_f1+answer_stable_seq+overlap_signal+ce_top_score+judge_entailment+gap,59.843124522536286,1.2,52.36375198875199,1.1933333333333334,43.0,-13.085930735930724,-1.8066666666666666,43.88023909671955,51.76708532208533
5,answer_stable_f1+top_score_z_intra+ce_top_score+judge_entailment+gap,59.843124522536286,1.18,52.34629167129167,1.1866666666666668,43.0,-13.10339105339105,-1.8133333333333332,44.11204354322331,51.75295833795833
5,answer_stable_seq+top_score_z_intra+ce_top_score+judge_entailment+gap,59.843124522536286,1.18,52.34629167129167,1.1866666666666668,43.0,-13.10339105339105,-1.8133333333333332,44.11204354322331,51.75295833795833
6,answer_stable+answer_stable_f1+top_score_z_intra+ce_top_score+judge_entailment+gap,59.843124522536286,1.18,52.34629167129167,1.1866666666666668,43.0,-13.10339105339105,-1.8133333333333332,44.11204354322331,51.75295833795833
6,answer_stable+answer_stable_seq+top_score_z_intra+ce_top_score+judge_entailment+gap,59.843124522536286,1.18,52.34629167129167,1.1866666666666668,43.0,-13.10339105339105,-1.8133333333333332,44.11204354322331,51.75295833795833
6,answer_stable_f1+answer_stable_seq+top_score_z_intra+ce_top_score+judge_entailment+gap,59.843124522536286,1.18,52.34629167129167,1.1866666666666668,43.0,-13.10339105339105,-1.8133333333333332,44.11204354322331,51.75295833795833
7,answer_stable+answer_stable_f1+answer_stable_seq+top_score_z_intra+ce_top_score+judge_entailment+gap,59.843124522536286,1.18,52.34629167129167,1.1866666666666668,43.0,-13.10339105339105,-1.8133333333333332,44.11204354322331,51.75295833795833
4,answer_in_evidence+ce_top_score+judge_entailment+gap,58.93403361344538,1.23,52.33627946127947,1.2,43.0,-13.11340326340325,-1.8,43.61356621773289,51.736279461279466
4,answer_stable_f1+ce_top_score+judge_entailment+gap,59.843124522536286,1.2,52.33041865541866,1.2033333333333334,43.0,-13.119264069264055,-1.7966666666666666,43.48788253912908,51.728751988751995
4,answer_stable_seq+ce_top_score+judge_entailment+gap,59.843124522536286,1.2,52.33041865541866,1.2033333333333334,43.0,-13.119264069264055,-1.7966666666666666,43.48788253912908,51.728751988751995
5,answer_stable+answer_stable_f1+ce_top_score+judge_entailment+gap,59.843124522536286,1.2,52.33041865541866,1.2033333333333334,43.0,-13.119264069264055,-1.7966666666666666,43.48788253912908,51.728751988751995
5,answer_stable+answer_stable_seq+ce_top_score+judge_entailment+gap,59.843124522536286,1.2,52.33041865541866,1.2033333333333334,43.0,-13.119264069264055,-1.7966666666666666,43.48788253912908,51.728751988751995
5,answer_stable_f1+answer_stable_seq+ce_top_score+judge_entailment+gap,59.843124522536286,1.2,52.33041865541866,1.2033333333333334,43.0,-13.119264069264055,-1.7966666666666666,43.48788253912908,51.728751988751995
6,answer_stable+answer_stable_f1+answer_stable_seq+ce_top_score+judge_entailment+gap,59.843124522536286,1.2,52.33041865541866,1.2033333333333334,43.0,-13.119264069264055,-1.7966666666666666,43.48788253912908,51.728751988751995
6,answer_stable+answer_in_evidence+top_score_z_intra+ce_top_score+judge_entailment+gap,58.93403361344538,1.1,52.21295833795834,1.1166666666666667,43.0,-13.236724386724376,-1.8833333333333333,46.75787313847015,51.65462500462501
6,answer_stable+answer_in_evidence+calibrated_conf+top_score_z_intra+ce_top_score+judge_entailment,58.93403361344538,1.11,52.16533929033928,1.1133333333333333,42.66666666666667,-13.284343434343434,-1.8866666666666667,46.85509517096343,51.60867262367262
6,answer_stable_f1+answer_in_evidence+calibrated_conf+top_score_z_intra+ce_top_score+judge_entailment,58.93403361344538,1.11,52.16533929033928,1.1133333333333333,42.66666666666667,-13.284343434343434,-1.8866666666666667,46.85509517096343,51.60867262367262
6,answer_stable_seq+answer_in_evidence+calibrated_conf+top_score_z_intra+ce_top_score+judge_entailment,58.93403361344538,1.11,52.16533929033928,1.1133333333333333,42.66666666666667,-13.284343434343434,-1.8866666666666667,46.85509517096343,51.60867262367262
7,answer_stable+answer_stable_f1+answer_in_evidence+calibrated_conf+top_score_z_intra+ce_top_score+judge_entailment,58.93403361344538,1.11,52.16533929033928,1.1133333333333333,42.66666666666667,-13.284343434343434,-1.8866666666666667,46.85509517096343,51.60867262367262
7,answer_stable+answer_stable_seq+answer_in_evidence+calibrated_conf+top_score_z_intra+ce_top_score+judge_entailment,58.93403361344538,1.11,52.16533929033928,1.1133333333333333,42.66666666666667,-13.284343434343434,-1.8866666666666667,46.85509517096343,51.60867262367262
7,answer_stable+answer_in_evidence+calibrated_conf+overlap_signal+top_score_z_intra+ce_top_score+judge_entailment,58.93403361344538,1.11,52.16533929033928,1.1133333333333333,42.66666666666667,-13.284343434343434,-1.8866666666666667,46.85509517096343,51.60867262367262
7,answer_stable_f1+answer_stable_seq+answer_in_evidence+calibrated_conf+top_score_z_intra+ce_top_score+judge_entailment,58.93403361344538,1.11,52.16533929033928,1.1133333333333333,42.66666666666667,-13.284343434343434,-1.8866666666666667,46.85509517096343,51.60867262367262
7,answer_stable_f1+answer_in_evidence+calibrated_conf+overlap_signal+top_score_z_intra+ce_top_score+judge_entailment,58.93403361344538,1.11,52.16533929033928,1.1133333333333333,42.66666666666667,-13.284343434343434,-1.8866666666666667,46.85509517096343,51.60867262367262
7,answer_stable_seq+answer_in_evidence+calibrated_conf+overlap_signal+top_score_z_intra+ce_top_score+judge_entailment,58.93403361344538,1.11,52.16533929033928,1.1133333333333333,42.66666666666667,-13.284343434343434,-1.8866666666666667,46.85509517096343,51.60867262367262
8,answer_stable+answer_stable_f1+answer_stable_seq+answer_in_evidence+calibrated_conf+top_score_z_intra+ce_top_score+judge_entailment,58.93403361344538,1.11,52.16533929033928,1.1133333333333333,42.66666666666667,-13.284343434343434,-1.8866666666666667,46.85509517096343,51.60867262367262
8,answer_stable+answer_stable_f1+answer_in_evidence+calibrated_conf+overlap_signal+top_score_z_intra+ce_top_score+judge_entailment,58.93403361344538,1.11,52.16533929033928,1.1133333333333333,42.66666666666667,-13.284343434343434,-1.8866666666666667,46.85509517096343,51.60867262367262
8,answer_stable+answer_stable_seq+answer_in_evidence+calibrated_conf+overlap_signal+top_score_z_intra+ce_top_score+judge_entailment,58.93403361344538,1.11,52.16533929033928,1.1133333333333333,42.66666666666667,-13.284343434343434,-1.8866666666666667,46.85509517096343,51.60867262367262
8,answer_stable_f1+answer_stable_seq+answer_in_evidence+calibrated_conf+overlap_signal+top_score_z_intra+ce_top_score+judge_entailment,58.93403361344538,1.11,52.16533929033928,1.1133333333333333,42.66666666666667,-13.284343434343434,-1.8866666666666667,46.85509517096343,51.60867262367262
9,answer_stable+answer_stable_f1+answer_stable_seq+answer_in_evidence+calibrated_conf+overlap_signal+top_score_z_intra+ce_top_score+judge_entailment,58.93403361344538,1.11,52.16533929033928,1.1133333333333333,42.66666666666667,-13.284343434343434,-1.8866666666666667,46.85509517096343,51.60867262367262
6,answer_stable+answer_in_evidence+overlap_signal+top_score_z_intra+ce_top_score+judge_entailment,58.93403361344538,1.11,52.16533929033928,1.1166666666666667,42.66666666666667,-13.284343434343434,-1.8833333333333333,46.71522921522921,51.60700595700595
6,answer_stable_f1+answer_in_evidence+overlap_signal+top_score_z_intra+ce_top_score+judge_entailment,58.93403361344538,1.11,52.16533929033928,1.1166666666666667,42.66666666666667,-13.284343434343434,-1.8833333333333333,46.71522921522921,51.60700595700595
6,answer_stable_seq+answer_in_evidence+overlap_signal+top_score_z_intra+ce_top_score+judge_entailment,58.93403361344538,1.11,52.16533929033928,1.1166666666666667,42.66666666666667,-13.284343434343434,-1.8833333333333333,46.71522921522921,51.60700595700595
6,answer_in_evidence+calibrated_conf+overlap_signal+top_score_z_intra+ce_top_score+judge_entailment,58.93403361344538,1.11,52.16533929033928,1.1166666666666667,42.66666666666667,-13.284343434343434,-1.8833333333333333,46.71522921522921,51.60700595700595
7,answer_stable+answer_stable_f1+answer_in_evidence+overlap_signal+top_score_z_intra+ce_top_score+judge_entailment,58.93403361344538,1.11,52.16533929033928,1.1166666666666667,42.66666666666667,-13.284343434343434,-1.8833333333333333,46.71522921522921,51.60700595700595
7,answer_stable+answer_stable_seq+answer_in_evidence+overlap_signal+top_score_z_intra+ce_top_score+judge_entailment,58.93403361344538,1.11,52.16533929033928,1.1166666666666667,42.66666666666667,-13.284343434343434,-1.8833333333333333,46.71522921522921,51.60700595700595
7,answer_stable_f1+answer_stable_seq+answer_in_evidence+overlap_signal+top_score_z_intra+ce_top_score+judge_entailment,58.93403361344538,1.11,52.16533929033928,1.1166666666666667,42.66666666666667,-13.284343434343434,-1.8833333333333333,46.71522921522921,51.60700595700595
8,answer_stable+answer_stable_f1+answer_stable_seq+answer_in_evidence+overlap_signal+top_score_z_intra+ce_top_score+judge_entailment,58.93403361344538,1.11,52.16533929033928,1.1166666666666667,42.66666666666667,-13.284343434343434,-1.8833333333333333,46.71522921522921,51.60700595700595
5,answer_stable_f1+answer_in_evidence+top_score_z_intra+ce_top_score+judge_entailment,58.93403361344538,1.11,52.16533929033928,1.12,42.66666666666667,-13.284343434343434,-1.88,46.57619579494578,51.60533929033928
5,answer_stable_seq+answer_in_evidence+top_score_z_intra+ce_top_score+judge_entailment,58.93403361344538,1.11,52.16533929033928,1.12,42.66666666666667,-13.284343434343434,-1.88,46.57619579494578,51.60533929033928
5,answer_in_evidence+calibrated_conf+top_score_z_intra+ce_top_score+judge_entailment,58.93403361344538,1.11,52.16533929033928,1.12,42.66666666666667,-13.284343434343434,-1.88,46.57619579494578,51.60533929033928
6,answer_stable+answer_stable_f1+answer_in_evidence+top_score_z_intra+ce_top_score+judge_entailment,58.93403361344538,1.11,52.16533929033928,1.12,42.66666666666667,-13.284343434343434,-1.88,46.57619579494578,51.60533929033928
6,answer_stable+answer_stable_seq+answer_in_evidence+top_score_z_intra+ce_top_score+judge_entailment,58.93403361344538,1.11,52.16533929033928,1.12,42.66666666666667,-13.284343434343434,-1.88,46.57619579494578,51.60533929033928
6,answer_stable_f1+answer_stable_seq+answer_in_evidence+top_score_z_intra+ce_top_score+judge_entailment,58.93403361344538,1.11,52.16533929033928,1.12,42.66666666666667,-13.284343434343434,-1.88,46.57619579494578,51.60533929033928
7,answer_stable+answer_stable_f1+answer_stable_seq+answer_in_evidence+top_score_z_intra+ce_top_score+judge_entailment,58.93403361344538,1.11,52.16533929033928,1.12,42.66666666666667,-13.284343434343434,-1.88,46.57619579494578,51.60533929033928
5,answer_in_evidence+top_score_z_intra+ce_top_score+judge_entailment+gap,58.93403361344538,1.21,52.16167628667628,1.1766666666666667,43.0,-13.288006438006434,-1.8233333333333333,44.330036504257464,51.57334295334295
5,answer_in_evidence+overlap_signal+top_score_z_intra+ce_top_score+judge_entailment,58.93403361344538,1.13,52.11405723905723,1.1433333333333333,42.66666666666667,-13.335625485625485,-1.8566666666666667,45.580808080808076,51.542390572390566
5,answer_stable+calibrated_conf+ce_top_score+judge_entailment+gap,59.843124522536286,1.2,52.10978373478373,1.1733333333333333,42.66666666666667,-13.339898989898984,-1.8266666666666667,44.411747501236135,51.52311706811707
6,answer_stable+calibrated_conf+overlap_signal+ce_top_score+judge_entailment+gap,59.843124522536286,1.2,52.10978373478373,1.1733333333333333,42.66666666666667,-13.339898989898984,-1.8266666666666667,44.411747501236135,51.52311706811707
5,calibrated_conf+overlap_signal+ce_top_score+judge_entailment+gap,59.843124522536286,1.21,52.10978373478373,1.18,42.66666666666667,-13.339898989898984,-1.82,44.16083367354554,51.51978373478373
4,calibrated_conf+ce_top_score+judge_entailment+gap,59.843124522536286,1.22,52.10978373478373,1.1866666666666668,42.66666666666667,-13.339898989898984,-1.8133333333333332,43.91273910234584,51.5164504014504
6,answer_stable+answer_in_evidence+calibrated_conf+ce_top_score+judge_entailment+gap,58.93403361344538,1.12,52.054228179228176,1.12,42.66666666666667,-13.395454545454541,-1.88,46.47698944573944,51.49422817922817
7,answer_stable+answer_in_evidence+calibrated_conf+overlap_signal+ce_top_score+judge_entailment+gap,58.93403361344538,1.12,52.054228179228176,1.12,42.66666666666667,-13.395454545454541,-1.88,46.47698944573944,51.49422817922817
6,answer_stable+answer_in_evidence+overlap_signal+ce_top_score+judge_entailment+gap,58.93403361344538,1.12,52.054228179228176,1.1233333333333333,42.66666666666667,-13.395454545454541,-1.8766666666666667,46.33907553047019,51.49256151256151
6,answer_in_evidence+calibrated_conf+overlap_signal+ce_top_score+judge_entailment+gap,58.93403361344538,1.12,52.054228179228176,1.1233333333333333,42.66666666666667,-13.395454545454541,-1.8766666666666667,46.33907553047019,51.49256151256151
5,answer_in_evidence+calibrated_conf+ce_top_score+judge_entailment+gap,58.93403361344538,1.12,52.054228179228176,1.1266666666666667,42.66666666666667,-13.395454545454541,-1.8733333333333333,46.20197767387116,51.49089484589484
5,answer_in_evidence+overlap_signal+ce_top_score+judge_entailment+gap,58.93403361344538,1.13,52.00294612794614,1.15,42.66666666666667,-13.446736596736578,-1.85,45.21995315473578,51.427946127946136
6,answer_stable+calibrated_conf+top_score_z_intra+ce_top_score+judge_entailment+gap,59.843124522536286,1.18,51.93518056018056,1.1533333333333333,42.66666666666667,-13.514502164502154,-1.8466666666666667,45.0305033758791,51.358513893513894
6,answer_stable_f1+calibrated_conf+top_score_z_intra+ce_top_score+judge_entailment+gap,59.843124522536286,1.18,51.93518056018056,1.1533333333333333,42.66666666666667,-13.514502164502154,-1.8466666666666667,45.0305033758791,51.358513893513894
6,answer_stable_seq+calibrated_conf+top_score_z_intra+ce_top_score+judge_entailment+gap,59.843124522536286,1.18,51.93518056018056,1.1533333333333333,42.66666666666667,-13.514502164502154,-1.8466666666666667,45.0305033758791,51.358513893513894
7,answer_stable+answer_stable_f1+calibrated_conf+top_score_z_intra+ce_top_score+judge_entailment+gap,59.843124522536286,1.18,51.93518056018056,1.1533333333333333,42.66666666666667,-13.514502164502154,-1.8466666666666667,45.0305033758791,51.358513893513894
7,answer_stable+answer_stable_seq+calibrated_conf+top_score_z_intra+ce_top_score+judge_entailment+gap,59.843124522536286,1.18,51.93518056018056,1.1533333333333333,42.66666666666667,-13.514502164502154,-1.8466666666666667,45.0305033758791,51.358513893513894
7,answer_stable+calibrated_conf+overlap_signal+top_score_z_intra+ce_top_score+judge_entailment+gap,59.843124522536286,1.18,51.93518056018056,1.1533333333333333,42.66666666666667,-13.514502164502154,-1.8466666666666667,45.0305033758791,51.358513893513894
7,answer_stable_f1+answer_stable_seq+calibrated_conf+top_score_z_intra+ce_top_score+judge_entailment+gap,59.843124522536286,1.18,51.93518056018056,1.1533333333333333,42.66666666666667,-13.514502164502154,-1.8466666666666667,45.0305033758791,51.358513893513894
7,answer_stable_f1+calibrated_conf+overlap_signal+top_score_z_intra+ce_top_score+judge_entailment+gap,59.843124522536286,1.18,51.93518056018056,1.1533333333333333,42.66666666666667,-13.514502164502154,-1.8466666666666667,45.0305033758791,51.358513893513894
7,answer_stable_seq+calibrated_conf+overlap_signal+top_score_z_intra+ce_top_score+judge_entailment+gap,59.843124522536286,1.18,51.93518056018056,1.1533333333333333,42.66666666666667,-13.514502164502154,-1.8466666666666667,45.0305033758791,51.358513893513894
8,answer_stable+answer_stable_f1+answer_stable_seq+calibrated_conf+top_score_z_intra+ce_top_score+judge_entailment+gap,59.843124522536286,1.18,51.93518056018056,1.1533333333333333,42.66666666666667,-13.514502164502154,-1.8466666666666667,45.0305033758791,51.358513893513894
8,answer_stable+answer_stable_f1+calibrated_conf+overlap_signal+top_score_z_intra+ce_top_score+judge_entailment+gap,59.843124522536286,1.18,51.93518056018056,1.1533333333333333,42.66666666666667,-13.514502164502154,-1.8466666666666667,45.0305033758791,51.358513893513894
8,answer_stable+answer_stable_seq+calibrated_conf+overlap_signal+top_score_z_intra+ce_top_score+judge_entailment+gap,59.843124522536286,1.18,51.93518056018056,1.1533333333333333,42.66666666666667,-13.514502164502154,-1.8466666666666667,45.0305033758791,51.358513893513894
8,answer_stable_f1+answer_stable_seq+calibrated_conf+overlap_signal+top_score_z_intra+ce_top_score+judge_entailment+gap,59.843124522536286,1.18,51.93518056018056,1.1533333333333333,42.66666666666667,-13.514502164502154,-1.8466666666666667,45.0305033758791,51.358513893513894
9,answer_stable+answer_stable_f1+answer_stable_seq+calibrated_conf+overlap_signal+top_score_z_intra+ce_top_score+judge_entailment+gap,59.843124522536286,1.18,51.93518056018056,1.1533333333333333,42.66666666666667,-13.514502164502154,-1.8466666666666667,45.0305033758791,51.358513893513894
6,calibrated_conf+overlap_signal+top_score_z_intra+ce_top_score+judge_entailment+gap,59.843124522536286,1.19,51.93518056018056,1.16,42.66666666666667,-13.514502164502154,-1.84,44.77170737946601,51.355180560180564
5,calibrated_conf+top_score_z_intra+ce_top_score+judge_entailment+gap,59.843124522536286,1.2,51.93518056018056,1.1666666666666667,42.66666666666667,-13.514502164502154,-1.8333333333333333,44.51586905158334,51.35184722684723
5,answer_stable_f1+calibrated_conf+ce_top_score+judge_entailment+gap,59.843124522536286,1.2,51.91930754430755,1.17,42.66666666666667,-13.530375180375167,-1.83,44.3754765335962,51.33430754430755
5,answer_stable_seq+calibrated_conf+ce_top_score+judge_entailment+gap,59.843124522536286,1.2,51.91930754430755,1.17,42.66666666666667,-13.530375180375167,-1.83,44.3754765335962,51.33430754430755
6,answer_stable+answer_stable_f1+calibrated_conf+ce_top_score+judge_entailment+gap,59.843124522536286,1.2,51.91930754430755,1.17,42.66666666666667,-13.530375180375167,-1.83,44.3754765335962,51.33430754430755
6,answer_stable+answer_stable_seq+calibrated_conf+ce_top_score+judge_entailment+gap,59.843124522536286,1.2,51.91930754430755,1.17,42.66666666666667,-13.530375180375167,-1.83,44.3754765335962,51.33430754430755
6,answer_stable_f1+answer_stable_seq+calibrated_conf+ce_top_score+judge_entailment+gap,59.843124522536286,1.2,51.91930754430755,1.17,42.66666666666667,-13.530375180375167,-1.83,44.3754765335962,51.33430754430755
6,answer_stable_f1+calibrated_conf+overlap_signal+ce_top_score+judge_entailment+gap,59.843124522536286,1.2,51.91930754430755,1.17,42.66666666666667,-13.530375180375167,-1.83,44.3754765335962,51.33430754430755
6,answer_stable_seq+calibrated_conf+overlap_signal+ce_top_score+judge_entailment+gap,59.843124522536286,1.2,51.91930754430755,1.17,42.66666666666667,-13.530375180375167,-1.83,44.3754765335962,51.33430754430755
7,answer_stable+answer_stable_f1+answer_stable_seq+calibrated_conf+ce_top_score+judge_entailment+gap,59.843124522536286,1.2,51.91930754430755,1.17,42.66666666666667,-13.530375180375167,-1.83,44.3754765335962,51.33430754430755
7,answer_stable+answer_stable_f1+calibrated_conf+overlap_signal+ce_top_score+judge_entailment+gap,59.843124522536286,1.2,51.91930754430755,1.17,42.66666666666667,-13.530375180375167,-1.83,44.3754765335962,51.33430754430755
7,answer_stable+answer_stable_seq+calibrated_conf+overlap_signal+ce_top_score+judge_entailment+gap,59.843124522536286,1.2,51.91930754430755,1.17,42.66666666666667,-13.530375180375167,-1.83,44.3754765335962,51.33430754430755
7,answer_stable_f1+answer_stable_seq+calibrated_conf+overlap_signal+ce_top_score+judge_entailment+gap,59.843124522536286,1.2,51.91930754430755,1.17,42.66666666666667,-13.530375180375167,-1.83,44.3754765335962,51.33430754430755
8,answer_stable+answer_stable_f1+answer_stable_seq+calibrated_conf+overlap_signal+ce_top_score+judge_entailment+gap,59.843124522536286,1.2,51.91930754430755,1.17,42.66666666666667,-13.530375180375167,-1.83,44.3754765335962,51.33430754430755
7,answer_stable+answer_in_evidence+calibrated_conf+top_score_z_intra+ce_top_score+judge_entailment+gap,58.93403361344538,1.1,51.879625004625005,1.1033333333333333,42.66666666666667,-13.570057720057711,-1.8966666666666667,47.02080816129155,51.327958337958336
7,answer_stable_f1+answer_in_evidence+calibrated_conf+top_score_z_intra+ce_top_score+judge_entailment+gap,58.93403361344538,1.1,51.879625004625005,1.1033333333333333,42.66666666666667,-13.570057720057711,-1.8966666666666667,47.02080816129155,51.327958337958336
7,answer_stable_seq+answer_in_evidence+calibrated_conf+top_score_z_intra+ce_top_score+judge_entailment+gap,58.93403361344538,1.1,51.879625004625005,1.1033333333333333,42.66666666666667,-13.570057720057711,-1.8966666666666667,47.02080816129155,51.327958337958336
8,answer_stable+answer_stable_f1+answer_in_evidence+calibrated_conf+top_score_z_intra+ce_top_score+judge_entailment+gap,58.93403361344538,1.1,51.879625004625005,1.1033333333333333,42.66666666666667,-13.570057720057711,-1.8966666666666667,47.02080816129155,51.327958337958336
8,answer_stable+answer_stable_seq+answer_in_evidence+calibrated_conf+top_score_z_intra+ce_top_score+judge_entailment+gap,58.93403361344538,1.1,51.879625004625005,1.1033333333333333,42.66666666666667,-13.570057720057711,-1.8966666666666667,47.02080816129155,51.327958337958336
8,answer_stable+answer_in_evidence+calibrated_conf+overlap_signal+top_score_z_intra+ce_top_score+judge_entailment+gap,58.93403361344538,1.1,51.879625004625005,1.1033333333333333,42.66666666666667,-13.570057720057711,-1.8966666666666667,47.02080816129155,51.327958337958336
8,answer_stable_f1+answer_stable_seq+answer_in_evidence+calibrated_conf+top_score_z_intra+ce_top_score+judge_entailment+gap,58.93403361344538,1.1,51.879625004625005,1.1033333333333333,42.66666666666667,-13.570057720057711,-1.8966666666666667,47.02080816129155,51.327958337958336
8,answer_stable_f1+answer_in_evidence+calibrated_conf+overlap_signal+top_score_z_intra+ce_top_score+judge_entailment+gap,58.93403361344538,1.1,51.879625004625005,1.1033333333333333,42.66666666666667,-13.570057720057711,-1.8966666666666667,47.02080816129155,51.327958337958336
8,answer_stable_seq+answer_in_evidence+calibrated_conf+overlap_signal+top_score_z_intra+ce_top_score+judge_entailment+gap,58.93403361344538,1.1,51.879625004625005,1.1033333333333333,42.66666666666667,-13.570057720057711,-1.8966666666666667,47.02080816129155,51.327958337958336
9,answer_stable+answer_stable_f1+answer_stable_seq+answer_in_evidence+calibrated_conf+top_score_z_intra+ce_top_score+judge_entailment+gap,58.93403361344538,1.1,51.879625004625005,1.1033333333333333,42.66666666666667,-13.570057720057711,-1.8966666666666667,47.02080816129155,51.327958337958336
9,answer_stable+answer_stable_f1+answer_in_evidence+calibrated_conf+overlap_signal+top_score_z_intra+ce_top_score+judge_entailment+gap,58.93403361344538,1.1,51.879625004625005,1.1033333333333333,42.66666666666667,-13.570057720057711,-1.8966666666666667,47.02080816129155,51.327958337958336
9,answer_stable+answer_stable_seq+answer_in_evidence+calibrated_conf+overlap_signal+top_score_z_intra+ce_top_score+judge_entailment+gap,58.93403361344538,1.1,51.879625004625005,1.1033333333333333,42.66666666666667,-13.570057720057711,-1.8966666666666667,47.02080816129155,51.327958337958336
9,answer_stable_f1+answer_stable_seq+answer_in_evidence+calibrated_conf+overlap_signal+top_score_z_intra+ce_top_score+judge_entailment+gap,58.93403361344538,1.1,51.879625004625005,1.1033333333333333,42.66666666666667,-13.570057720057711,-1.8966666666666667,47.02080816129155,51.327958337958336
10,answer_stable+answer_stable_f1+answer_stable_seq+answer_in_evidence+calibrated_conf+overlap_signal+top_score_z_intra+ce_top_score+judge_entailment+gap,58.93403361344538,1.1,51.879625004625005,1.1033333333333333,42.66666666666667,-13.570057720057711,-1.8966666666666667,47.02080816129155,51.327958337958336
7,answer_stable+answer_in_evidence+overlap_signal+top_score_z_intra+ce_top_score+judge_entailment+gap,58.93403361344538,1.1,51.879625004625005,1.1066666666666667,42.66666666666667,-13.570057720057711,-1.8933333333333333,46.87917922104669,51.32629167129167
7,answer_stable_f1+answer_in_evidence+overlap_signal+top_score_z_intra+ce_top_score+judge_entailment+gap,58.93403361344538,1.1,51.879625004625005,1.1066666666666667,42.66666666666667,-13.570057720057711,-1.8933333333333333,46.87917922104669,51.32629167129167
7,answer_stable_seq+answer_in_evidence+overlap_signal+top_score_z_intra+ce_top_score+judge_entailment+gap,58.93403361344538,1.1,51.879625004625005,1.1066666666666667,42.66666666666667,-13.570057720057711,-1.8933333333333333,46.87917922104669,51.32629167129167
7,answer_in_evidence+calibrated_conf+overlap_signal+top_score_z_intra+ce_top_score+judge_entailment+gap,58.93403361344538,1.1,51.879625004625005,1.1066666666666667,42.66666666666667,-13.570057720057711,-1.8933333333333333,46.87917922104669,51.32629167129167
8,answer_stable+answer_stable_f1+answer_in_evidence+overlap_signal+top_score_z_intra+ce_top_score+judge_entailment+gap,58.93403361344538,1.1,51.879625004625005,1.1066666666666667,42.66666666666667,-13.570057720057711,-1.8933333333333333,46.87917922104669,51.32629167129167
8,answer_stable+answer_stable_seq+answer_in_evidence+overlap_signal+top_score_z_intra+ce_top_score+judge_entailment+gap,58.93403361344538,1.1,51.879625004625005,1.1066666666666667,42.66666666666667,-13.570057720057711,-1.8933333333333333,46.87917922104669,51.32629167129167
8,answer_stable_f1+answer_stable_seq+answer_in_evidence+overlap_signal+top_score_z_intra+ce_top_score+judge_entailment+gap,58.93403361344538,1.1,51.879625004625005,1.1066666666666667,42.66666666666667,-13.570057720057711,-1.8933333333333333,46.87917922104669,51.32629167129167
9,answer_stable+answer_stable_f1+answer_stable_seq+answer_in_evidence+overlap_signal+top_score_z_intra+ce_top_score+judge_entailment+gap,58.93403361344538,1.1,51.879625004625005,1.1066666666666667,42.66666666666667,-13.570057720057711,-1.8933333333333333,46.87917922104669,51.32629167129167
6,answer_stable_f1+answer_in_evidence+top_score_z_intra+ce_top_score+judge_entailment+gap,58.93403361344538,1.1,51.879625004625005,1.11,42.66666666666667,-13.570057720057711,-1.89,46.73840090506757,51.324625004625005
6,answer_stable_seq+answer_in_evidence+top_score_z_intra+ce_top_score+judge_entailment+gap,58.93403361344538,1.1,51.879625004625005,1.11,42.66666666666667,-13.570057720057711,-1.89,46.73840090506757,51.324625004625005
6,answer_in_evidence+calibrated_conf+top_score_z_intra+ce_top_score+judge_entailment+gap,58.93403361344538,1.1,51.879625004625005,1.11,42.66666666666667,-13.570057720057711,-1.89,46.73840090506757,51.324625004625005
7,answer_stable+answer_stable_f1+answer_in_evidence+top_score_z_intra+ce_top_score+judge_entailment+gap,58.93403361344538,1.1,51.879625004625005,1.11,42.66666666666667,-13.570057720057711,-1.89,46.73840090506757,51.324625004625005
7,answer_stable+answer_stable_seq+answer_in_evidence+top_score_z_intra+ce_top_score+judge_entailment+gap,58.93403361344538,1.1,51.879625004625005,1.11,42.66666666666667,-13.570057720057711,-1.89,46.73840090506757,51.324625004625005
7,answer_stable_f1+answer_stable_seq+answer_in_evidence+top_score_z_intra+ce_top_score+judge_entailment+gap,58.93403361344538,1.1,51.879625004625005,1.11,42.66666666666667,-13.570057720057711,-1.89,46.73840090506757,51.324625004625005
8,answer_stable+answer_stable_f1+answer_stable_seq+answer_in_evidence+top_score_z_intra+ce_top_score+judge_entailment+gap,58.93403361344538,1.1,51.879625004625005,1.11,42.66666666666667,-13.570057720057711,-1.89,46.73840090506757,51.324625004625005
6,answer_stable_f1+answer_in_evidence+calibrated_conf+ce_top_score+judge_entailment+gap,58.93403361344538,1.12,51.86375198875199,1.1166666666666667,42.66666666666667,-13.585930735930724,-1.8833333333333333,46.44515103470328,51.30541865541866
6,answer_stable_seq+answer_in_evidence+calibrated_conf+ce_top_score+judge_entailment+gap,58.93403361344538,1.12,51.86375198875199,1.1166666666666667,42.66666666666667,-13.585930735930724,-1.8833333333333333,46.44515103470328,51.30541865541866
7,answer_stable+answer_stable_f1+answer_in_evidence+calibrated_conf+ce_top_score+judge_entailment+gap,58.93403361344538,1.12,51.86375198875199,1.1166666666666667,42.66666666666667,-13.585930735930724,-1.8833333333333333,46.44515103470328,51.30541865541866
7,answer_stable+answer_stable_seq+answer_in_evidence+calibrated_conf+ce_top_score+judge_entailment+gap,58.93403361344538,1.12,51.86375198875199,1.1166666666666667,42.66666666666667,-13.585930735930724,-1.8833333333333333,46.44515103470328,51.30541865541866
7,answer_stable_f1+answer_stable_seq+answer_in_evidence+calibrated_conf+ce_top_score+judge_entailment+gap,58.93403361344538,1.12,51.86375198875199,1.1166666666666667,42.66666666666667,-13.585930735930724,-1.8833333333333333,46.44515103470328,51.30541865541866
7,answer_stable_f1+answer_in_evidence+calibrated_conf+overlap_signal+ce_top_score+judge_entailment+gap,58.93403361344538,1.12,51.86375198875199,1.1166666666666667,42.66666666666667,-13.585930735930724,-1.8833333333333333,46.44515103470328,51.30541865541866
7,answer_stable_seq+answer_in_evidence+calibrated_conf+overlap_signal+ce_top_score+judge_entailment+gap,58.93403361344538,1.12,51.86375198875199,1.1166666666666667,42.66666666666667,-13.585930735930724,-1.8833333333333333,46.44515103470328,51.30541865541866
8,answer_stable+answer_stable_f1+answer_stable_seq+answer_in_evidence+calibrated_conf+ce_top_score+judge_entailment+gap,58.93403361344538,1.12,51.86375198875199,1.1166666666666667,42.66666666666667,-13.585930735930724,-1.8833333333333333,46.44515103470328,51.30541865541866
8,answer_stable+answer_stable_f1+answer_in_evidence+calibrated_conf+overlap_signal+ce_top_score+judge_entailment+gap,58.93403361344538,1.12,51.86375198875199,1.1166666666666667,42.66666666666667,-13.585930735930724,-1.8833333333333333,46.44515103470328,51.30541865541866
8,answer_stable+answer_stable_seq+answer_in_evidence+calibrated_conf+overlap_signal+ce_top_score+judge_entailment+gap,58.93403361344538,1.12,51.86375198875199,1.1166666666666667,42.66666666666667,-13.585930735930724,-1.8833333333333333,46.44515103470328,51.30541865541866
8,answer_stable_f1+answer_stable_seq+answer_in_evidence+calibrated_conf+overlap_signal+ce_top_score+judge_entailment+gap,58.93403361344538,1.12,51.86375198875199,1.1166666666666667,42.66666666666667,-13.585930735930724,-1.8833333333333333,46.44515103470328,51.30541865541866
9,answer_stable+answer_stable_f1+answer_stable_seq+answer_in_evidence+calibrated_conf+overlap_signal+ce_top_score+judge_entailment+gap,58.93403361344538,1.12,51.86375198875199,1.1166666666666667,42.66666666666667,-13.585930735930724,-1.8833333333333333,46.44515103470328,51.30541865541866
6,answer_stable_f1+answer_in_evidence+overlap_signal+ce_top_score+judge_entailment+gap,58.93403361344538,1.12,51.86375198875199,1.12,42.66666666666667,-13.585930735930724,-1.88,46.30692141852856,51.30375198875199
6,answer_stable_seq+answer_in_evidence+overlap_signal+ce_top_score+judge_entailment+gap,58.93403361344538,1.12,51.86375198875199,1.12,42.66666666666667,-13.585930735930724,-1.88,46.30692141852856,51.30375198875199
7,answer_stable+answer_stable_f1+answer_in_evidence+overlap_signal+ce_top_score+judge_entailment+gap,58.93403361344538,1.12,51.86375198875199,1.12,42.66666666666667,-13.585930735930724,-1.88,46.30692141852856,51.30375198875199
7,answer_stable+answer_stable_seq+answer_in_evidence+overlap_signal+ce_top_score+judge_entailment+gap,58.93403361344538,1.12,51.86375198875199,1.12,42.66666666666667,-13.585930735930724,-1.88,46.30692141852856,51.30375198875199
7,answer_stable_f1+answer_stable_seq+answer_in_evidence+overlap_signal+ce_top_score+judge_entailment+gap,58.93403361344538,1.12,51.86375198875199,1.12,42.66666666666667,-13.585930735930724,-1.88,46.30692141852856,51.30375198875199
8,answer_stable+answer_stable_f1+answer_stable_seq+answer_in_evidence+overlap_signal+ce_top_score+judge_entailment+gap,58.93403361344538,1.12,51.86375198875199,1.12,42.66666666666667,-13.585930735930724,-1.88,46.30692141852856,51.30375198875199
5,answer_stable_f1+answer_in_evidence+ce_top_score+judge_entailment+gap,58.93403361344538,1.12,51.86375198875199,1.1233333333333333,42.66666666666667,-13.585930735930724,-1.8766666666666667,46.169512156159044,51.302085322085325
5,answer_stable_seq+answer_in_evidence+ce_top_score+judge_entailment+gap,58.93403361344538,1.12,51.86375198875199,1.1233333333333333,42.66666666666667,-13.585930735930724,-1.8766666666666667,46.169512156159044,51.302085322085325
6,answer_stable+answer_stable_f1+answer_in_evidence+ce_top_score+judge_entailment+gap,58.93403361344538,1.12,51.86375198875199,1.1233333333333333,42.66666666666667,-13.585930735930724,-1.8766666666666667,46.169512156159044,51.302085322085325
6,answer_stable+answer_stable_seq+answer_in_evidence+ce_top_score+judge_entailment+gap,58.93403361344538,1.12,51.86375198875199,1.1233333333333333,42.66666666666667,-13.585930735930724,-1.8766666666666667,46.169512156159044,51.302085322085325
6,answer_stable_f1+answer_stable_seq+answer_in_evidence+ce_top_score+judge_entailment+gap,58.93403361344538,1.12,51.86375198875199,1.1233333333333333,42.66666666666667,-13.585930735930724,-1.8766666666666667,46.169512156159044,51.302085322085325
7,answer_stable+answer_stable_f1+answer_stable_seq+answer_in_evidence+ce_top_score+judge_entailment+gap,58.93403361344538,1.12,51.86375198875199,1.1233333333333333,42.66666666666667,-13.585930735930724,-1.8766666666666667,46.169512156159044,51.302085322085325
6,answer_in_evidence+overlap_signal+top_score_z_intra+ce_top_score+judge_entailment+gap,58.93403361344538,1.11,51.828342953342954,1.13,42.66666666666667,-13.621339771339763,-1.87,45.86579022419731,51.263342953342956
