size,n_groups,max_group_size,formula,has_margin,has_answer_stable,tune_f1,tune_calls,eval_f1,eval_em,eval_calls,eval_triggered,diff_f1_vs_as,ci_as_lo,ci_as_hi,diff_calls_vs_as,diff_f1_vs_famA,ci_famA_lo,ci_famA_hi,diff_f1_vs_k3,ci_k3_lo,ci_k3_hi
4,1,4,as&gap&mrg&ovl,1,1,69.00574229691877,4.33,62.16010702260702,51.66666666666667,4.3966666666666665,94,10.650595238095239,7.237212301587302,14.215605158730158,1.9066666666666667,2.7984126984126987,0.6888492063492063,5.076190476190476,8.878373015873017,5.777256944444444,12.239608134920637
5,1,5,as&cnf&gap&mrg&ovl,1,1,69.00574229691877,4.33,62.16010702260702,51.66666666666667,4.3966666666666665,94,10.650595238095239,7.237212301587302,14.215605158730158,1.9066666666666667,2.7984126984126987,0.6888492063492063,5.076190476190476,8.878373015873017,5.777256944444444,12.239608134920637
4,1,4,as&mrg&ovl&tzi,1,1,68.57717086834734,4.44,62.16010702260702,51.66666666666667,4.476666666666667,82,10.650595238095239,7.237212301587302,14.215605158730158,1.9866666666666666,2.7984126984126987,0.6888492063492063,5.076190476190476,8.878373015873017,5.777256944444444,12.239608134920637
5,1,5,as&cnf&mrg&ovl&tzi,1,1,68.57717086834734,4.44,62.16010702260702,51.66666666666667,4.476666666666667,82,10.650595238095239,7.237212301587302,14.215605158730158,1.9866666666666666,2.7984126984126987,0.6888492063492063,5.076190476190476,8.878373015873017,5.777256944444444,12.239608134920637
5,1,5,as&gap&mrg&ovl&tzi,1,1,68.57717086834734,4.44,62.16010702260702,51.66666666666667,4.483333333333333,80,10.650595238095239,7.237212301587302,14.215605158730158,1.9933333333333334,2.7984126984126987,0.6888492063492063,5.076190476190476,8.878373015873017,5.777256944444444,12.239608134920637
6,1,6,as&cnf&gap&mrg&ovl&tzi,1,1,68.57717086834734,4.44,62.16010702260702,51.66666666666667,4.483333333333333,80,10.650595238095239,7.237212301587302,14.215605158730158,1.9933333333333334,2.7984126984126987,0.6888492063492063,5.076190476190476,8.878373015873017,5.777256944444444,12.239608134920637
3,1,3,as&mrg&ovl,1,1,69.00574229691877,3.96,62.10455146705146,51.66666666666667,4.1066666666666665,141,10.595039682539682,7.182539682539682,14.154037698412699,1.6166666666666667,2.742857142857143,0.6332936507936507,4.9893253968253966,8.82281746031746,5.721701388888889,12.18405257936508
4,1,4,as&cnf&mrg&ovl,1,1,69.00574229691877,3.98,62.10455146705146,51.66666666666667,4.1066666666666665,141,10.595039682539682,7.182539682539682,14.154037698412699,1.6166666666666667,2.742857142857143,0.6332936507936507,4.9893253968253966,8.82281746031746,5.721701388888889,12.18405257936508
2,1,2,mrg&ovl,1,0,68.07240896358543,3.57,61.97121813371814,52.0,3.8733333333333335,158,10.461706349206349,7.110625,14.046264880952384,1.3833333333333333,2.60952380952381,0.543531746031746,4.8331746031746015,8.689484126984127,5.512500000000001,12.177733134920635
3,1,3,cnf&mrg&ovl,1,0,69.00574229691877,3.62,61.97121813371814,52.0,3.8733333333333335,158,10.461706349206349,7.110625,14.046264880952384,1.3833333333333333,2.60952380952381,0.543531746031746,4.8331746031746015,8.689484126984127,5.512500000000001,12.177733134920635
3,1,3,gap&mrg&ovl,1,0,69.00574229691877,4.17,61.693440355940346,51.66666666666667,4.256666666666667,104,10.183928571428572,6.7246875,13.68313988095238,1.7666666666666666,2.3317460317460315,0.22841269841269835,4.633333333333334,8.411706349206352,5.321046626984128,11.924920634920632
4,1,4,cnf&gap&mrg&ovl,1,0,69.00574229691877,4.17,61.693440355940346,51.66666666666667,4.256666666666667,104,10.183928571428572,6.7246875,13.68313988095238,1.7666666666666666,2.3317460317460315,0.22841269841269835,4.633333333333334,8.411706349206352,5.321046626984128,11.924920634920632
3,1,3,mrg&ovl&tzi,1,0,68.57717086834734,4.27,61.693440355940346,51.66666666666667,4.36,90,10.183928571428572,6.7246875,13.68313988095238,1.87,2.3317460317460315,0.22841269841269835,4.633333333333334,8.411706349206352,5.321046626984128,11.924920634920632
4,1,4,cnf&mrg&ovl&tzi,1,0,68.57717086834734,4.27,61.693440355940346,51.66666666666667,4.36,90,10.183928571428572,6.7246875,13.68313988095238,1.87,2.3317460317460315,0.22841269841269835,4.633333333333334,8.411706349206352,5.321046626984128,11.924920634920632
4,1,4,gap&mrg&ovl&tzi,1,0,68.57717086834734,4.3,61.693440355940346,51.66666666666667,4.37,88,10.183928571428572,6.7246875,13.68313988095238,1.88,2.3317460317460315,0.22841269841269835,4.633333333333334,8.411706349206352,5.321046626984128,11.924920634920632
5,1,5,cnf&gap&mrg&ovl&tzi,1,0,68.57717086834734,4.3,61.693440355940346,51.66666666666667,4.37,88,10.183928571428572,6.7246875,13.68313988095238,1.88,2.3317460317460315,0.22841269841269835,4.633333333333334,8.411706349206352,5.321046626984128,11.924920634920632
2,1,2,mrg&tzi,1,0,69.34859943977591,3.74,60.582329244829246,50.33333333333333,3.61,140,9.07281746031746,5.889965277777779,12.502058531746032,1.12,1.2206349206349205,-1.3904761904761906,3.796904761904761,7.300595238095238,4.6044841269841275,10.528804563492061
3,1,3,gap&mrg&tzi,1,0,69.34859943977591,3.81,60.582329244829246,50.33333333333333,3.6233333333333335,138,9.07281746031746,5.889965277777779,12.502058531746032,1.1333333333333333,1.2206349206349205,-1.3904761904761906,3.796904761904761,7.300595238095238,4.6044841269841275,10.528804563492061
3,1,3,as&gap&mrg,1,1,69.00574229691877,4.02,60.493440355940365,50.0,3.9433333333333334,145,8.98392857142857,5.867499999999999,12.337465277777776,1.4533333333333334,1.1317460317460317,-1.3667063492063496,3.5875396825396826,7.21170634920635,4.5066468253968255,10.355863095238096
4,1,4,as&cnf&gap&mrg,1,1,69.00574229691877,4.02,60.493440355940365,50.0,3.9466666666666668,144,8.98392857142857,5.867499999999999,12.337465277777776,1.4566666666666668,1.1317460317460317,-1.3667063492063496,3.5875396825396826,7.21170634920635,4.5066468253968255,10.355863095238096
3,1,3,as&mrg&tzi,1,1,68.57717086834734,4.17,60.493440355940365,50.0,4.06,128,8.98392857142857,5.867499999999999,12.337465277777776,1.57,1.1317460317460317,-1.3667063492063496,3.5875396825396826,7.21170634920635,4.5066468253968255,10.355863095238096
4,1,4,as&cnf&mrg&tzi,1,1,68.57717086834734,4.17,60.493440355940365,50.0,4.0633333333333335,127,8.98392857142857,5.867499999999999,12.337465277777776,1.5733333333333333,1.1317460317460317,-1.3667063492063496,3.5875396825396826,7.21170634920635,4.5066468253968255,10.355863095238096
4,1,4,as&gap&mrg&tzi,1,1,68.57717086834734,4.2,60.493440355940365,50.0,4.066666666666666,126,8.98392857142857,5.867499999999999,12.337465277777776,1.5766666666666667,1.1317460317460317,-1.3667063492063496,3.5875396825396826,7.21170634920635,4.5066468253968255,10.355863095238096
5,1,5,as&cnf&gap&mrg&tzi,1,1,68.57717086834734,4.2,60.493440355940365,50.0,4.07,125,8.98392857142857,5.867499999999999,12.337465277777776,1.58,1.1317460317460317,-1.3667063492063496,3.5875396825396826,7.21170634920635,4.5066468253968255,10.355863095238096
2,1,2,as&mrg,1,1,69.00574229691877,3.47,60.4378848003848,50.0,3.5,211,8.928373015873015,5.841205357142858,12.225987103174601,1.01,1.0761904761904761,-1.4021825396825398,3.54313492063492,7.156150793650792,4.45467757936508,10.273095238095237
3,1,3,as&cnf&mrg,1,1,69.00574229691877,3.49,60.4378848003848,50.0,3.5033333333333334,210,8.928373015873015,5.841205357142858,12.225987103174601,1.0133333333333334,1.0761904761904761,-1.4021825396825398,3.54313492063492,7.156150793650792,4.45467757936508,10.273095238095237
1,1,1,mrg,1,0,66.843837535014,2.62,60.402314814814815,50.0,2.723333333333333,234,8.89280303030303,5.3410709776334775,12.402225829725829,0.23333333333333334,1.0406204906204903,-1.7729292929292928,3.7724621212121208,7.120580808080808,4.085451388888889,10.345185786435787
3,1,3,cnf&gap&mrg,1,0,69.00574229691877,3.76,60.02677368927368,50.0,3.743333333333333,155,8.517261904761906,5.287217261904762,11.814097222222221,1.2533333333333334,0.6650793650793649,-1.907301587301587,3.143412698412698,6.745039682539683,4.0828125,9.915749007936506
3,1,3,cnf&mrg&tzi,1,0,68.57717086834734,3.91,60.02677368927368,50.0,3.9033333333333333,136,8.517261904761906,5.287217261904762,11.814097222222221,1.4133333333333333,0.6650793650793649,-1.907301587301587,3.143412698412698,6.745039682539683,4.0828125,9.915749007936506
4,1,4,cnf&gap&mrg&tzi,1,0,68.57717086834734,3.97,60.02677368927368,50.0,3.9166666666666665,134,8.517261904761906,5.287217261904762,11.814097222222221,1.4266666666666667,0.6650793650793649,-1.907301587301587,3.143412698412698,6.745039682539683,4.0828125,9.915749007936506
2,1,2,gap&mrg,1,0,68.77717086834734,3.53,59.9831228956229,49.666666666666664,3.4266666666666667,159,8.473611111111111,5.253020833333334,11.809345238095236,0.9366666666666666,0.6214285714285714,-2.0796031746031747,3.1909523809523805,6.701388888888888,3.7156845238095233,9.947331349206348
2,1,2,cnf&mrg,1,0,68.00574229691877,3.01,59.97121813371814,50.0,3.15,228,8.461706349206349,5.033333333333333,12.06309523809524,0.66,0.6095238095238095,-1.9126984126984123,3.1132936507936484,6.689484126984127,3.861944444444444,9.850570436507935
3,1,3,as&gap&ovl,0,1,68.00574229691877,4.16,59.94899591149591,49.666666666666664,4.033333333333333,132,8.439484126984127,5.275039682539682,11.610466269841268,1.5433333333333332,0.5873015873015871,-1.4780555555555555,2.632341269841269,6.667261904761905,3.8613194444444434,10.022926587301585
4,1,4,as&cnf&gap&ovl,0,1,68.00574229691877,4.16,59.94899591149591,49.666666666666664,4.046666666666667,131,8.439484126984127,5.275039682539682,11.610466269841268,1.5566666666666666,0.5873015873015871,-1.4780555555555555,2.632341269841269,6.667261904761905,3.8613194444444434,10.022926587301585
4,1,4,as&gap&ovl&tzi,0,1,68.57717086834734,4.32,59.94899591149591,49.666666666666664,4.163333333333333,114,8.439484126984127,5.281785714285714,11.639677579365076,1.6733333333333333,0.5873015873015871,-1.6781349206349205,2.8095238095238098,6.667261904761905,3.7409176587301594,10.155396825396823
5,1,5,as&cnf&gap&ovl&tzi,0,1,68.57717086834734,4.32,59.94899591149591,49.666666666666664,4.176666666666667,113,8.439484126984127,5.281785714285714,11.639677579365076,1.6866666666666668,0.5873015873015871,-1.6781349206349205,2.8095238095238098,6.667261904761905,3.7409176587301594,10.155396825396823
3,1,3,as&ovl&tzi,0,1,68.57717086834734,4.3,59.615662578162585,49.333333333333336,4.14,117,8.106150793650793,5.064136904761904,11.278100198412696,1.65,0.25396825396825384,-1.970634920634921,2.388373015873015,6.3339285714285705,3.564136904761904,9.602827380952379
4,1,4,as&cnf&ovl&tzi,0,1,68.57717086834734,4.3,59.615662578162585,49.333333333333336,4.153333333333333,116,8.106150793650793,5.064136904761904,11.278100198412696,1.6633333333333333,0.25396825396825384,-1.970634920634921,2.388373015873015,6.3339285714285705,3.564136904761904,9.602827380952379
5,2,3,as&gap&ovl|mrg&tzi,1,1,68.77717086834734,3.47,58.704551467051466,48.66666666666667,3.23,179,7.195039682539682,4.350128968253968,10.157063492063493,0.74,-0.6571428571428574,-3.013571428571429,1.5989682539682537,5.42281746031746,2.793938492063492,8.404389880952381
6,2,4,as&cnf&gap&ovl|mrg&tzi,1,1,68.77717086834734,3.47,58.704551467051466,48.66666666666667,3.236666666666667,179,7.195039682539682,4.350128968253968,10.157063492063493,0.7466666666666667,-0.6571428571428574,-3.013571428571429,1.5989682539682537,5.42281746031746,2.793938492063492,8.404389880952381
2,1,2,as&ovl,0,1,66.00574229691877,3.39,58.5378848003848,48.66666666666667,3.5366666666666666,199,7.028373015873016,4.139171626984127,9.850401785714286,1.0466666666666666,-0.8238095238095239,-2.881190476190476,1.1746825396825396,5.256150793650793,2.4347222222222222,8.443487103174602
3,1,3,as&cnf&ovl,0,1,66.00574229691877,3.43,58.5378848003848,48.66666666666667,3.5533333333333332,198,7.028373015873016,4.139171626984127,9.850401785714286,1.0633333333333332,-0.8238095238095239,-2.881190476190476,1.1746825396825396,5.256150793650793,2.4347222222222222,8.443487103174602
4,2,3,as&gap&ovl|mrg,1,1,66.843837535014,2.49,58.524537037037035,48.333333333333336,2.4366666666666665,258,7.015025252525252,3.6667911255411254,10.140721951659451,-0.05333333333333334,-0.8371572871572872,-3.589325396825397,1.658432539682539,5.242803030303031,2.322997835497836,8.337055826118323
5,2,4,as&cnf&gap&ovl|mrg,1,1,66.843837535014,2.49,58.524537037037035,48.333333333333336,2.4433333333333334,258,7.015025252525252,3.6667911255411254,10.140721951659451,-0.04666666666666667,-0.8371572871572872,-3.589325396825397,1.658432539682539,5.242803030303031,2.322997835497836,8.337055826118323
5,2,4,as&gap&ovl&tzi|mrg,1,1,66.843837535014,2.51,58.524537037037035,48.333333333333336,2.473333333333333,255,7.015025252525252,3.5117266414141417,10.198379779942279,-0.016666666666666666,-0.837157287157287,-3.812480158730158,1.7502831890331885,5.24280303030303,2.057388618326118,8.321791125541125
6,2,5,as&cnf&gap&ovl&tzi|mrg,1,1,66.843837535014,2.51,58.524537037037035,48.333333333333336,2.48,255,7.015025252525252,3.5117266414141417,10.198379779942279,-0.01,-0.837157287157287,-3.812480158730158,1.7502831890331885,5.24280303030303,2.057388618326118,8.321791125541125
4,2,3,as&ovl&tzi|mrg,1,1,66.843837535014,2.51,58.19120370370371,48.0,2.46,256,6.681691919191919,3.154588744588744,9.866205357142857,-0.03,-1.1704906204906205,-4.0171518759018765,1.3235245310245303,4.909469696969696,1.8662188852813848,7.889927849927851
5,2,4,as&cnf&ovl&tzi|mrg,1,1,66.843837535014,2.51,58.19120370370371,48.0,2.466666666666667,256,6.681691919191919,3.154588744588744,9.866205357142857,-0.023333333333333334,-1.1704906204906205,-4.0171518759018765,1.3235245310245303,4.909469696969696,1.8662188852813848,7.889927849927851
6,2,3,as&gap&ovl|cnf&mrg&tzi,1,1,68.00574229691877,3.64,58.1489959114959,48.333333333333336,3.49,178,6.639484126984127,3.594955357142857,9.504796626984128,1.0,-1.2126984126984128,-3.55829365079365,0.9878571428571421,4.867261904761905,2.223576388888889,7.790124007936507
5,2,3,as&gap&ovl|cnf&mrg,1,1,67.00574229691877,2.87,58.09344035594036,48.333333333333336,2.83,255,6.583928571428571,3.366388888888889,9.823695436507936,0.34,-1.2682539682539684,-3.6349999999999993,0.9447222222222218,4.811706349206349,2.1673412698412697,7.745456349206349
6,2,4,as&gap&ovl&tzi|cnf&mrg,1,1,68.00574229691877,2.9,58.09344035594036,48.333333333333336,2.8666666666666667,252,6.583928571428571,3.239136904761905,9.976264880952382,0.37666666666666665,-1.2682539682539682,-3.891587301587301,1.0878968253968249,4.811706349206349,2.034667658730159,7.808234126984122
2,1,2,gap&ovl,0,0,68.00574229691877,3.97,58.09344035594036,48.66666666666667,3.75,153,6.583928571428571,3.099667658730159,9.71594246031746,1.26,-1.2682539682539682,-3.2783333333333338,0.7227380952380947,4.811706349206349,2.114102182539683,7.93826388888889
3,1,3,gap&ovl&tzi,0,0,68.57717086834734,4.13,58.09344035594036,48.66666666666667,3.92,132,6.583928571428571,3.0737748015873017,10.017574404761904,1.43,-1.2682539682539684,-3.401626984126984,0.7984126984126985,4.811706349206349,1.9779563492063494,7.924429563492064
6,2,3,as&ovl&tzi|cnf&gap&mrg,1,1,69.00574229691877,3.63,57.81566257816257,48.0,3.4366666666666665,182,6.306150793650795,3.416899801587301,9.361512896825397,0.9466666666666667,-1.5460317460317463,-4.112738095238096,0.6970634920634917,4.5339285714285715,1.9212996031746032,7.550218253968254
5,2,3,as&ovl&tzi|gap&mrg,1,1,68.77717086834734,3.4,57.77201178451179,47.66666666666667,3.1533333333333333,183,6.2625,3.1611706349206354,9.318680555555554,0.6633333333333333,-1.5896825396825396,-4.1125,0.7750198412698401,4.490277777777778,1.6402430555555556,7.478591269841268
6,2,4,as&cnf&ovl&tzi|gap&mrg,1,1,68.77717086834734,3.4,57.77201178451179,47.66666666666667,3.16,183,6.2625,3.1611706349206354,9.318680555555554,0.67,-1.5896825396825396,-4.1125,0.7750198412698401,4.490277777777778,1.6402430555555556,7.478591269841268
5,2,3,as&ovl&tzi|cnf&mrg,1,1,68.00574229691877,2.9,57.76010702260703,48.0,2.8533333333333335,253,6.250595238095237,2.936428571428571,9.49535714285714,0.36333333333333334,-1.6015873015873014,-4.091666666666667,0.6780555555555551,4.478373015873015,1.8234176587301587,7.4725545634920625
3,1,3,cnf&gap&ovl,0,0,68.00574229691877,3.97,57.76010702260703,48.333333333333336,3.756666666666667,153,6.250595238095237,2.8078720238095234,9.588015873015872,1.2666666666666666,-1.6015873015873014,-3.7031746031746033,0.46507936507936504,4.478373015873015,1.839191468253968,7.444474206349206
2,1,2,ovl&tzi,0,0,68.57717086834734,4.1,57.76010702260703,48.333333333333336,3.8966666666666665,135,6.250595238095237,2.7423412698412704,9.546264880952378,1.4066666666666667,-1.601587301587302,-3.691587301587302,0.32174603174603067,4.478373015873015,1.7844444444444445,7.504980158730159
4,1,4,cnf&gap&ovl&tzi,0,0,68.57717086834734,4.13,57.76010702260703,48.333333333333336,3.9266666666666667,132,6.250595238095237,2.721264880952381,9.684727182539682,1.4366666666666668,-1.601587301587302,-3.8275396825396832,0.5635317460317459,4.478373015873015,1.7733829365079365,7.532881944444444
4,2,2,gap&ovl|mrg&tzi,1,0,68.77717086834734,3.44,57.6489959114959,48.0,3.0766666666666667,188,6.139484126984128,3.0549454365079365,9.338566468253967,0.5866666666666667,-1.7126984126984126,-3.9936507936507937,0.5878968253968249,4.3672619047619055,1.8956944444444446,7.239002976190475
3,2,2,gap&ovl|mrg,1,0,66.843837535014,2.46,57.46898148148147,47.66666666666667,2.3066666666666666,265,5.959469696969696,2.5459744769119768,9.10416351010101,-0.18333333333333332,-1.8927128427128428,-4.589722222222222,0.4565873015873011,4.187247474747475,1.2926064213564212,7.087186147186146
4,2,3,gap&ovl&tzi|mrg,1,0,66.843837535014,2.48,57.46898148148147,47.66666666666667,2.36,261,5.959469696969696,2.354146825396825,9.121636904761903,-0.13,-1.8927128427128428,-4.656228354978355,0.6748033910533909,4.187247474747474,1.1332494588744588,7.104157196969697
3,1,3,cnf&ovl&tzi,0,0,68.57717086834734,4.1,57.4267736892737,48.0,3.9033333333333333,135,5.917261904761904,2.4488095238095244,9.345952380952381,1.4133333333333333,-1.9349206349206352,-4.090674603174603,0.0955952380952377,4.145039682539682,1.4874206349206351,7.006448412698413
5,2,3,cnf&gap&ovl|mrg&tzi,1,0,68.77717086834734,3.44,57.31566257816257,47.66666666666667,3.08,188,5.806150793650794,2.6962053571428575,8.940233134920632,0.59,-2.046031746031746,-4.502738095238095,0.4124999999999987,4.0339285714285715,1.5886259920634922,6.866924603174603
4,2,2,as&ovl|mrg&tzi,1,1,66.77717086834733,2.72,57.29344035594035,47.66666666666667,2.743333333333333,244,5.7839285714285715,3.1438343253968255,8.466547619047619,0.25333333333333335,-2.068253968253969,-4.333333333333334,0.1545634920634914,4.011706349206349,1.3116369047619048,6.955019841269841
5,2,3,as&ovl|gap&mrg&tzi,1,1,66.77717086834733,2.77,57.29344035594035,47.66666666666667,2.7466666666666666,244,5.7839285714285715,3.1438343253968255,8.466547619047619,0.25666666666666665,-2.068253968253969,-4.333333333333334,0.1545634920634914,4.011706349206349,1.3116369047619048,6.955019841269841
5,2,3,as&cnf&ovl|mrg&tzi,1,1,66.77717086834733,2.76,57.29344035594035,47.66666666666667,2.7533333333333334,244,5.7839285714285715,3.1438343253968255,8.466547619047619,0.2633333333333333,-2.068253968253969,-4.333333333333334,0.1545634920634914,4.011706349206349,1.3116369047619048,6.955019841269841
6,2,3,as&cnf&ovl|gap&mrg&tzi,1,1,66.77717086834733,2.81,57.29344035594035,47.66666666666667,2.756666666666667,244,5.7839285714285715,3.1438343253968255,8.466547619047619,0.26666666666666666,-2.068253968253969,-4.333333333333334,0.1545634920634914,4.011706349206349,1.3116369047619048,6.955019841269841
3,2,2,as&ovl|mrg,1,1,64.843837535014,2.19,57.16898148148148,47.333333333333336,2.263333333333333,272,5.659469696969696,2.4837175324675322,8.659780393217892,-0.22666666666666666,-2.192712842712843,-4.975984848484848,0.3745652958152929,3.8872474747474746,0.9149314574314573,6.877794462481962
4,2,3,as&cnf&ovl|mrg,1,1,64.843837535014,2.21,57.16898148148148,47.333333333333336,2.2733333333333334,272,5.659469696969696,2.4837175324675322,8.659780393217892,-0.21666666666666667,-2.192712842712843,-4.975984848484848,0.3745652958152929,3.8872474747474746,0.9149314574314573,6.877794462481962
4,2,3,cnf&gap&ovl|mrg,1,0,66.843837535014,2.46,57.13564814814814,47.333333333333336,2.31,265,5.626136363636363,2.073555194805195,8.923472222222223,-0.18,-2.226046176046176,-4.94050505050505,0.12029942279942239,3.8539141414141413,1.0560736832611832,6.6368849206349205
3,2,2,mrg|ovl&tzi,1,0,66.843837535014,2.48,57.13564814814814,47.333333333333336,2.3466666666666667,262,5.626136363636363,2.0248336038961043,8.967550505050504,-0.14333333333333334,-2.226046176046176,-4.947215007215007,0.28517135642135627,3.853914141414141,0.975052308802309,6.772109938672438
5,2,4,cnf&gap&ovl&tzi|mrg,1,0,66.843837535014,2.48,57.13564814814814,47.333333333333336,2.3633333333333333,261,5.626136363636363,1.8607823773448773,8.97761002886003,-0.12666666666666668,-2.226046176046176,-5.05053391053391,0.34198953823953765,3.853914141414141,0.9586544011544013,6.67938988095238
5,2,3,cnf&mrg&tzi|gap&ovl,1,0,68.00574229691877,3.6,57.09344035594036,47.66666666666667,3.33,187,5.583928571428571,2.4749355158730157,8.69642857142857,0.84,-2.268253968253968,-4.493690476190476,0.010674603174602166,3.8117063492063488,1.3669791666666664,6.655897817460317
5,2,3,as&mrg&tzi|gap&ovl,1,1,68.00574229691877,3.72,57.09344035594036,47.66666666666667,3.3833333333333333,185,5.583928571428571,2.4749355158730157,8.69642857142857,0.8933333333333333,-2.268253968253968,-4.493690476190476,0.010674603174602166,3.8117063492063488,1.3669791666666664,6.655897817460317
6,2,4,as&cnf&mrg&tzi|gap&ovl,1,1,68.00574229691877,3.72,57.09344035594036,47.66666666666667,3.3866666666666667,185,5.583928571428571,2.4749355158730157,8.69642857142857,0.8966666666666666,-2.268253968253968,-4.493690476190476,0.010674603174602166,3.8117063492063488,1.3669791666666664,6.655897817460317
1,1,1,ovl,0,0,64.643837535014,2.96,57.0394721019721,48.0,3.1066666666666665,229,5.529960317460318,2.362777777777778,8.493422619047621,0.6166666666666667,-2.3222222222222224,-4.088888888888889,-0.8888888888888888,3.7577380952380954,1.118829365079365,6.860684523809524
4,2,2,cnf&mrg|gap&ovl,1,0,67.00574229691877,2.83,57.037884800384795,47.66666666666667,2.6933333333333334,262,5.528373015873015,2.247018849206349,8.752152777777777,0.20333333333333334,-2.323809523809524,-4.422301587301587,-0.154484126984128,3.756150793650793,1.2501041666666668,6.6272619047619035
5,2,3,cnf&mrg|gap&ovl&tzi,1,0,68.00574229691877,2.86,57.037884800384795,47.66666666666667,2.7466666666666666,258,5.528373015873015,2.05687003968254,8.897743055555555,0.25666666666666665,-2.323809523809524,-4.667222222222223,0.04555555555555439,3.756150793650793,1.0666666666666667,6.782693452380953
4,2,2,as&mrg|gap&ovl,1,1,68.00574229691877,3.14,57.037884800384795,47.66666666666667,2.9166666666666665,252,5.528373015873015,2.3643799603174607,8.638353174603173,0.4266666666666667,-2.323809523809524,-4.560555555555556,-0.012380952380952772,3.756150793650793,1.3225595238095238,6.584905753968254
5,2,3,as&cnf&mrg|gap&ovl,1,1,68.00574229691877,3.16,57.037884800384795,47.66666666666667,2.92,252,5.528373015873015,2.3643799603174607,8.638353174603173,0.43,-2.323809523809524,-4.560555555555556,-0.012380952380952772,3.756150793650793,1.3225595238095238,6.584905753968254
5,2,3,as&mrg|gap&ovl&tzi,1,1,69.00574229691877,3.18,57.037884800384795,47.66666666666667,2.993333333333333,247,5.528373015873015,2.334409722222222,8.749241071428573,0.5033333333333333,-2.323809523809524,-4.768293650793652,0.12019841269841139,3.756150793650793,1.1725744047619047,6.7894990079365085
6,2,3,as&cnf&mrg|gap&ovl&tzi,1,1,69.00574229691877,3.2,57.037884800384795,47.66666666666667,2.9966666666666666,247,5.528373015873015,2.334409722222222,8.749241071428573,0.5066666666666667,-2.323809523809524,-4.768293650793652,0.12019841269841139,3.756150793650793,1.1725744047619047,6.7894990079365085
4,2,3,cnf&ovl&tzi|mrg,1,0,66.843837535014,2.48,56.802314814814814,47.0,2.35,262,5.29280303030303,1.643790133477633,8.644613095238096,-0.14,-2.559379509379509,-5.356262626262627,-0.023032106782107552,3.520580808080808,0.6864177489177491,6.318123647186146
5,2,3,cnf&gap&mrg|ovl&tzi,1,0,69.00574229691877,3.58,56.76010702260703,47.333333333333336,3.316666666666667,188,5.250595238095237,2.1834573412698415,8.37235615079365,0.8266666666666667,-2.6015873015873017,-5.024047619047619,-0.32436507936508197,3.4783730158730153,0.9671230158730159,6.32952876984127
6,2,3,as&mrg&tzi|cnf&gap&ovl,1,1,68.00574229691877,3.72,56.76010702260703,47.333333333333336,3.39,185,5.250595238095237,2.1420734126984127,8.395873015873015,0.9,-2.6015873015873017,-4.946587301587301,-0.3229365079365087,3.4783730158730153,1.068000992063492,6.172658730158729
5,2,3,as&gap&mrg|ovl&tzi,1,1,69.00574229691877,3.7,56.76010702260703,47.333333333333336,3.4133333333333336,184,5.250595238095237,2.1834573412698415,8.37235615079365,0.9233333333333333,-2.6015873015873017,-5.024047619047619,-0.32436507936508197,3.4783730158730153,0.9671230158730159,6.32952876984127
6,2,4,as&cnf&gap&mrg|ovl&tzi,1,1,69.00574229691877,3.7,56.76010702260703,47.333333333333336,3.4166666666666665,184,5.250595238095237,2.1834573412698415,8.37235615079365,0.9266666666666666,-2.6015873015873017,-5.024047619047619,-0.32436507936508197,3.4783730158730153,0.9671230158730159,6.32952876984127
4,2,2,as&ovl|cnf&mrg,1,1,65.00574229691877,2.54,56.7378848003848,47.333333333333336,2.6433333333333335,271,5.228373015873015,2.2224255952380956,8.026438492063491,0.15333333333333332,-2.6238095238095243,-4.979603174603175,-0.6263888888888897,3.456150793650793,0.7897569444444447,6.4392410714285715
5,2,3,as&ovl|cnf&gap&mrg,1,1,66.00574229691877,2.85,56.7378848003848,47.333333333333336,2.9266666666666667,249,5.228373015873015,2.4930952380952385,7.813412698412696,0.43666666666666665,-2.6238095238095243,-4.922777777777777,-0.5793650793650793,3.456150793650793,0.9162301587301586,6.289806547619047
5,2,3,as&ovl|cnf&mrg&tzi,1,1,66.00574229691877,2.89,56.7378848003848,47.333333333333336,3.0033333333333334,243,5.228373015873015,2.4930952380952385,7.813412698412696,0.5133333333333333,-2.6238095238095243,-4.922777777777777,-0.5793650793650793,3.456150793650793,0.9162301587301586,6.289806547619047
6,2,4,as&ovl|cnf&gap&mrg&tzi,1,1,66.00574229691877,2.93,56.7378848003848,47.333333333333336,3.006666666666667,243,5.228373015873015,2.4930952380952385,7.813412698412696,0.5166666666666667,-2.6238095238095243,-4.922777777777777,-0.5793650793650793,3.456150793650793,0.9162301587301586,6.289806547619047
4,2,2,gap&mrg|ovl&tzi,1,0,68.77717086834734,3.36,56.716456228956226,47.0,3.04,189,5.206944444444444,1.9373809523809522,8.398834325396825,0.55,-2.645238095238095,-5.178888888888888,-0.2773015873015878,3.4347222222222222,0.7168700396825396,6.340138888888889
4,2,2,cnf&mrg|ovl&tzi,1,0,68.00574229691877,2.86,56.704551467051466,47.333333333333336,2.7333333333333334,259,5.195039682539682,1.7108333333333332,8.420873015873013,0.24333333333333335,-2.657142857142857,-4.9034126984126996,-0.3571031746031747,3.4228174603174595,0.8387748015873017,6.278194444444445
5,2,3,as&mrg|cnf&gap&ovl,1,1,68.00574229691877,3.14,56.704551467051466,47.333333333333336,2.9233333333333333,252,5.195039682539682,2.088938492063492,8.339449404761904,0.43333333333333335,-2.657142857142857,-5.024047619047619,-0.33488095238095245,3.4228174603174595,1.0179166666666666,6.115714285714286
4,2,2,as&mrg|ovl&tzi,1,1,69.00574229691877,3.15,56.704551467051466,47.333333333333336,2.9766666666666666,248,5.195039682539682,2.0973015873015872,8.31391865079365,0.4866666666666667,-2.657142857142857,-5.07781746031746,-0.38079365079365257,3.4228174603174595,0.9503968253968255,6.27987103174603
5,2,3,as&cnf&mrg|ovl&tzi,1,1,69.00574229691877,3.17,56.704551467051466,47.333333333333336,2.98,248,5.195039682539682,2.0973015873015872,8.31391865079365,0.49,-2.657142857142857,-5.07781746031746,-0.38079365079365257,3.4228174603174595,0.9503968253968255,6.27987103174603
6,2,4,as&mrg|cnf&gap&ovl&tzi,1,1,69.00574229691877,3.18,56.704551467051466,47.333333333333336,3.0,247,5.195039682539682,1.9624702380952386,8.457316468253968,0.51,-2.657142857142857,-5.18047619047619,-0.11265873015873024,3.4228174603174595,0.9057093253968255,6.131790674603174
4,2,2,as&ovl|gap&mrg,1,1,66.77717086834733,2.63,56.694234006734014,47.0,2.6433333333333335,250,5.184722222222222,2.3921378968253975,7.950649801587298,0.15333333333333332,-2.667460317460317,-4.989900793650793,-0.45295634920634936,3.4125,0.5958333333333331,6.387946428571429
5,2,3,as&cnf&ovl|gap&mrg,1,1,66.77717086834733,2.67,56.694234006734014,47.0,2.6533333333333333,250,5.184722222222222,2.3921378968253975,7.950649801587298,0.16333333333333333,-2.667460317460317,-4.989900793650793,-0.45295634920634936,3.4125,0.5958333333333331,6.387946428571429
2,1,2,cnf&ovl,0,0,65.57717086834734,3.03,56.68232924482924,47.66666666666667,3.12,229,5.17281746031746,1.9215773809523808,8.229449404761903,0.63,-2.679365079365079,-4.546309523809524,-1.0999999999999999,3.400595238095238,0.8059771825396825,6.474499007936507
3,2,2,mrg&tzi|ovl,1,0,65.41526610644257,2.46,56.595027657527666,47.333333333333336,2.4433333333333334,262,5.085515873015873,2.128606150793651,8.061870039682539,-0.04666666666666667,-2.766666666666667,-4.700833333333334,-0.8333333333333334,3.3132936507936512,0.7153521825396825,6.316934523809523
4,2,3,gap&mrg&tzi|ovl,1,0,65.41526610644257,2.5,56.595027657527666,47.333333333333336,2.4466666666666668,262,5.085515873015873,2.128606150793651,8.061870039682539,-0.043333333333333335,-2.766666666666667,-4.700833333333334,-0.8333333333333334,3.3132936507936512,0.7153521825396825,6.316934523809523
6,2,3,as&gap&mrg|cnf&ovl&tzi,1,1,69.00574229691877,3.7,56.4267736892737,47.0,3.42,184,4.917261904761904,1.7217013888888886,8.210396825396824,0.93,-2.934920634920635,-5.400039682539683,-0.6219444444444447,3.1450396825396827,0.6173214285714286,5.8550297619047615
5,2,3,cnf&ovl&tzi|gap&mrg,1,0,68.77717086834734,3.36,56.3831228956229,46.666666666666664,3.0433333333333334,189,4.873611111111111,1.5693849206349209,8.140461309523808,0.5533333333333333,-2.978571428571429,-5.746269841269841,-0.48811507936508014,3.1013888888888888,0.38354662698412695,5.917619047619047
5,2,3,as&mrg|cnf&ovl&tzi,1,1,69.00574229691877,3.15,56.37121813371814,47.0,2.9833333333333334,248,4.861706349206349,1.683531746031746,8.15502976190476,0.49333333333333335,-2.9904761904761905,-5.422777777777778,-0.6682539682539682,3.0894841269841264,0.5730208333333333,5.756299603174604
5,2,4,as&cnf&gap&tzi|mrg,1,1,63.72619047619047,2.31,56.28009259259259,46.666666666666664,2.2666666666666666,268,4.770580808080807,1.7290449134199133,7.676001082251081,-0.22333333333333333,-3.0816017316017317,-6.339635642135642,0.20954365079365092,2.9983585858585857,0.02422123015873028,6.476446158008657
4,2,2,cnf&ovl|mrg&tzi,1,0,66.34859943977591,2.53,56.2378848003848,47.0,2.453333333333333,262,4.728373015873015,1.7330555555555558,7.759320436507935,-0.03666666666666667,-3.123809523809524,-5.157380952380953,-1.0,2.9561507936507936,0.3893105158730159,5.747445436507936
5,2,3,cnf&ovl|gap&mrg&tzi,1,0,66.34859943977591,2.57,56.2378848003848,47.0,2.4566666666666666,262,4.728373015873015,1.7330555555555558,7.759320436507935,-0.03333333333333333,-3.123809523809524,-5.157380952380953,-1.0,2.9561507936507936,0.3893105158730159,5.747445436507936
4,2,3,as&gap&tzi|mrg,1,1,63.72619047619047,2.31,56.21342592592593,46.33333333333333,2.25,269,4.703914141414141,1.606269841269841,7.606746482683984,-0.24,-3.148268398268398,-6.3928517316017315,0.14301948051948046,2.9316919191919184,-0.042445436507936446,6.37602858946609
4,1,4,as&cnf&gap&tzi,0,1,65.45952380952382,3.83,56.1331228956229,46.33333333333333,3.54,170,4.623611111111111,2.3553472222222225,7.2046874999999995,1.05,-3.228571428571429,-6.000396825396825,-0.216626984126985,2.8513888888888883,0.10288194444444453,5.884479166666667
5,2,3,as&cnf&gap|mrg&tzi,1,1,63.6595238095238,3.17,56.12677368927369,46.666666666666664,2.933333333333333,202,4.617261904761905,2.4599553571428574,6.950664682539682,0.44333333333333336,-3.234920634920635,-6.090515873015874,-0.26642857142857157,2.845039682539683,-0.025034722222222135,6.209950396825396
2,2,1,mrg|ovl,1,0,64.41526610644257,2.1,56.11342592592592,46.666666666666664,2.08,283,4.6039141414141405,1.1923448773448775,7.690004960317459,-0.41,-3.248268398268398,-5.824117965367965,-0.9586273448773454,2.8316919191919188,0.03944805194805203,5.632688943001442
3,1,3,as&gap&tzi,0,1,65.45952380952382,3.83,56.06645622895623,46.0,3.506666666666667,172,4.5569444444444445,2.355347222222222,7.203020833333334,1.0166666666666666,-3.2952380952380955,-6.066944444444444,-0.2755555555555564,2.7847222222222223,0.08090277777777792,5.736111111111109
4,2,2,as&gap|mrg&tzi,1,1,63.6595238095238,3.17,56.06010702260702,46.33333333333333,2.9166666666666665,203,4.550595238095238,2.4058382936507936,6.904603174603174,0.4266666666666667,-3.301587301587302,-6.146309523809523,-0.2899206349206356,2.7783730158730156,-0.11469742063492051,6.0844692460317455
3,2,2,as&mrg|ovl,1,1,64.643837535014,2.58,56.0394721019721,47.0,2.59,276,4.529960317460318,1.437981150793651,7.361979166666666,0.1,-3.3222222222222224,-5.278888888888888,-1.5,2.757738095238095,0.2767460317460319,5.68562003968254
4,2,3,as&cnf&mrg|ovl,1,1,64.643837535014,2.58,56.0394721019721,47.0,2.5933333333333333,276,4.529960317460318,1.437981150793651,7.361979166666666,0.10333333333333333,-3.3222222222222224,-5.278888888888888,-1.5,2.757738095238095,0.2767460317460319,5.68562003968254
4,2,3,cnf&gap&mrg|ovl,1,0,64.643837535014,2.57,56.0394721019721,47.0,2.6433333333333335,265,4.529960317460318,1.437981150793651,7.361979166666666,0.15333333333333332,-3.3222222222222224,-5.278888888888888,-1.5,2.757738095238095,0.2767460317460319,5.68562003968254
4,2,3,cnf&mrg&tzi|ovl,1,0,64.643837535014,2.62,56.0394721019721,47.0,2.6966666666666668,261,4.529960317460318,1.437981150793651,7.361979166666666,0.20666666666666667,-3.3222222222222224,-5.278888888888888,-1.5,2.757738095238095,0.2767460317460319,5.68562003968254
5,2,4,cnf&gap&mrg&tzi|ovl,1,0,64.643837535014,2.65,56.0394721019721,47.0,2.7,261,4.529960317460318,1.437981150793651,7.361979166666666,0.21,-3.3222222222222224,-5.278888888888888,-1.5,2.757738095238095,0.2767460317460319,5.68562003968254
4,2,3,as&gap&mrg|ovl,1,1,64.643837535014,2.68,56.0394721019721,47.0,2.716666666666667,262,4.529960317460318,1.437981150793651,7.361979166666666,0.22666666666666666,-3.3222222222222224,-5.278888888888888,-1.5,2.757738095238095,0.2767460317460319,5.68562003968254
5,2,4,as&cnf&gap&mrg|ovl,1,1,64.643837535014,2.68,56.0394721019721,47.0,2.72,262,4.529960317460318,1.437981150793651,7.361979166666666,0.23,-3.3222222222222224,-5.278888888888888,-1.5,2.757738095238095,0.2767460317460319,5.68562003968254
4,2,3,as&mrg&tzi|ovl,1,1,64.643837535014,2.71,56.0394721019721,47.0,2.7466666666666666,259,4.529960317460318,1.437981150793651,7.361979166666666,0.25666666666666665,-3.3222222222222224,-5.278888888888888,-1.5,2.757738095238095,0.2767460317460319,5.68562003968254
5,2,4,as&gap&mrg&tzi|ovl,1,1,64.643837535014,2.74,56.0394721019721,47.0,2.7466666666666666,259,4.529960317460318,1.437981150793651,7.361979166666666,0.25666666666666665,-3.3222222222222224,-5.278888888888888,-1.5,2.757738095238095,0.2767460317460319,5.68562003968254
5,2,4,as&cnf&mrg&tzi|ovl,1,1,64.643837535014,2.71,56.0394721019721,47.0,2.75,259,4.529960317460318,1.437981150793651,7.361979166666666,0.26,-3.3222222222222224,-5.278888888888888,-1.5,2.757738095238095,0.2767460317460319,5.68562003968254
6,2,5,as&cnf&gap&mrg&tzi|ovl,1,1,64.643837535014,2.74,56.0394721019721,47.0,2.75,259,4.529960317460318,1.437981150793651,7.361979166666666,0.26,-3.3222222222222224,-5.278888888888888,-1.5,2.757738095238095,0.2767460317460319,5.68562003968254
3,2,2,gap&mrg|ovl,1,0,65.41526610644257,2.36,55.995821308321304,46.666666666666664,2.3666666666666667,266,4.486309523809524,1.504871031746032,7.4999206349206355,-0.12333333333333334,-3.365873015873016,-5.533333333333334,-1.4308730158730174,2.714087301587302,-0.0504464285714284,5.613938492063491
4,2,3,as&cnf&gap|mrg,1,1,61.72619047619047,2.27,55.94675925925926,46.33333333333333,2.18,275,4.437247474747474,1.66112509018759,7.153915494227994,-0.31,-3.414935064935065,-6.547162698412699,-0.19459235209235315,2.6650252525252522,-0.2797763347763347,6.231109758297258
6,2,4,as&cnf&gap&tzi|mrg&ovl,1,1,64.95476190476191,3.01,55.94423400673401,46.666666666666664,2.98,241,4.434722222222223,1.8992013888888888,7.069687500000001,0.49,-3.4174603174603178,-6.278333333333333,-0.46666666666666673,2.6624999999999996,-0.1658333333333333,5.953159722222223
3,2,2,as&gap|mrg,1,1,61.72619047619047,2.27,55.88009259259259,46.0,2.1633333333333336,276,4.370580808080807,1.5930420274170278,7.016189123376622,-0.32666666666666666,-3.4816017316017316,-6.613822150072149,-0.21586219336219348,2.598358585858586,-0.3464714105339105,6.0976920995671
5,2,3,as&gap&tzi|mrg&ovl,1,1,64.95476190476191,3.01,55.877567340067344,46.33333333333333,2.9466666666666668,243,4.368055555555555,1.843888888888889,7.003888888888888,0.45666666666666667,-3.484126984126984,-6.344563492063491,-0.5328174603174608,2.595833333333333,-0.1894097222222221,5.897465277777777
6,2,3,as&gap&tzi|cnf&mrg&ovl,1,1,65.88809523809525,3.06,55.877567340067344,46.33333333333333,2.9466666666666668,243,4.368055555555555,1.843888888888889,7.003888888888888,0.45666666666666667,-3.484126984126984,-6.344563492063491,-0.5328174603174608,2.595833333333333,-0.1894097222222221,5.897465277777777
3,1,3,as&cnf&gap,0,1,62.88809523809523,3.57,55.79978956228956,46.0,3.32,198,4.290277777777778,2.3553819444444444,6.490312499999998,0.83,-3.561904761904762,-6.507499999999999,-0.6258730158730169,2.518055555555555,-0.22513888888888883,5.690590277777777
3,2,2,cnf&ovl|mrg,1,0,64.41526610644257,2.12,55.78009259259259,46.33333333333333,2.0866666666666664,283,4.270580808080808,0.8475216450216453,7.429047619047618,-0.4033333333333333,-3.5816017316017317,-6.225510461760462,-1.2096789321789327,2.4983585858585853,-0.18256718975468975,5.185288149350649
2,1,2,as&gap,0,1,62.88809523809523,3.57,55.7331228956229,45.666666666666664,3.2866666666666666,200,4.223611111111111,2.3455555555555554,6.4672222222222215,0.7966666666666666,-3.628571428571429,-6.6001587301587294,-0.6945634920634928,2.451388888888889,-0.30569444444444466,5.6239236111111115
3,2,2,cnf&mrg|ovl,1,0,64.643837535014,2.43,55.706138768638766,46.666666666666664,2.4466666666666668,282,4.196626984126984,1.0105158730158734,7.192256944444445,-0.043333333333333335,-3.6555555555555554,-5.722499999999999,-1.8333333333333333,2.4244047619047615,-0.07716269841269856,5.178665674603175
4,2,2,as&mrg|cnf&ovl,1,1,65.57717086834734,2.63,55.68232924482924,46.666666666666664,2.6033333333333335,276,4.17281746031746,1.0275049603174606,7.128566468253969,0.11333333333333333,-3.6793650793650796,-5.724047619047619,-1.7222222222222219,2.4005952380952382,-0.08343750000000003,5.108437499999999
5,2,3,as&gap&mrg|cnf&ovl,1,1,65.57717086834734,2.75,55.68232924482924,46.666666666666664,2.73,262,4.17281746031746,1.0275049603174606,7.128566468253969,0.24,-3.6793650793650796,-5.724047619047619,-1.7222222222222219,2.4005952380952382,-0.08343750000000003,5.108437499999999
5,2,3,as&mrg&tzi|cnf&ovl,1,1,65.57717086834734,2.78,55.68232924482924,46.666666666666664,2.76,259,4.17281746031746,1.0275049603174606,7.128566468253969,0.27,-3.6793650793650796,-5.724047619047619,-1.7222222222222219,2.4005952380952382,-0.08343750000000003,5.108437499999999
6,2,4,as&gap&mrg&tzi|cnf&ovl,1,1,65.57717086834734,2.81,55.68232924482924,46.666666666666664,2.76,259,4.17281746031746,1.0275049603174606,7.128566468253969,0.27,-3.6793650793650796,-5.724047619047619,-1.7222222222222219,2.4005952380952382,-0.08343750000000003,5.108437499999999
4,2,2,cnf&ovl|gap&mrg,1,0,66.34859943977591,2.43,55.63867845117845,46.33333333333333,2.3766666666666665,266,4.129166666666666,0.9722470238095237,7.213015873015872,-0.11333333333333333,-3.7230158730158722,-5.945277777777779,-1.56686507936508,2.3569444444444443,-0.38617559523809536,5.145059523809524
4,2,3,as&cnf&tzi|mrg,1,1,63.72619047619047,2.31,55.61342592592592,46.0,2.25,269,4.103914141414141,1.1433112373737375,6.839181547619047,-0.24,-3.7482683982683986,-7.046998556998557,-0.6257287157287161,2.331691919191919,-0.7922064393939391,5.619151785714285
5,2,3,as&cnf&gap|mrg&ovl,1,1,61.95476190476191,2.88,55.61090067340068,46.33333333333333,2.8533333333333335,253,4.101388888888889,1.8804861111111113,6.389444444444443,0.36333333333333334,-3.7507936507936512,-6.5778968253968255,-0.8766666666666678,2.329166666666666,-0.3598611111111109,5.567569444444443
3,2,2,as&tzi|mrg,1,1,63.72619047619047,2.31,55.54675925925926,45.666666666666664,2.2333333333333334,270,4.037247474747474,1.0771965187590187,6.778981782106783,-0.25666666666666665,-3.8149350649350646,-7.078667027417028,-0.6654509379509387,2.2650252525252523,-0.8403995310245308,5.584874639249639
5,2,3,as&gap&tzi|cnf&mrg,1,1,64.88809523809525,2.7,55.54423400673401,46.0,2.6233333333333335,267,4.034722222222222,1.399826388888889,6.679965277777777,0.13333333333333333,-3.817460317460317,-6.800555555555555,-0.6823015873015872,2.2624999999999997,-0.49614583333333334,5.463020833333332
4,2,2,as&gap|mrg&ovl,1,1,61.95476190476191,2.88,55.54423400673401,46.0,2.82,255,4.034722222222222,1.843611111111111,6.344722222222223,0.33,-3.817460317460317,-6.616587301587303,-0.9353174603174617,2.2624999999999997,-0.4321180555555555,5.5368055555555555
5,2,3,as&gap|cnf&mrg&ovl,1,1,62.88809523809523,2.93,55.54423400673401,46.0,2.82,255,4.034722222222222,1.843611111111111,6.344722222222223,0.33,-3.817460317460317,-6.616587301587303,-0.9353174603174617,2.2624999999999997,-0.4321180555555555,5.5368055555555555
3,1,3,as&cnf&tzi,0,1,65.45952380952382,3.78,55.46645622895623,45.666666666666664,3.51,173,3.9569444444444444,1.725763888888889,6.388923611111112,1.02,-3.895238095238096,-6.849484126984128,-0.9565476190476195,2.184722222222222,-0.6668055555555554,5.341736111111111
2,1,2,as&tzi,0,1,65.45952380952382,3.78,55.39978956228957,45.33333333333333,3.4766666666666666,175,3.890277777777778,1.6666666666666667,6.314409722222221,0.9866666666666667,-3.9619047619047625,-6.927142857142858,-1.0015873015873016,2.1180555555555554,-0.6935069444444444,5.277951388888888
6,2,3,as&cnf&gap|mrg&ovl&tzi,1,1,62.88809523809523,3.45,55.3331228956229,46.0,3.2466666666666666,201,3.823611111111111,1.6902430555555559,6.100902777777777,0.7566666666666667,-4.028571428571429,-6.966904761904762,-1.0347619047619054,2.051388888888889,-0.7218055555555557,5.290277777777778
5,2,3,as&cnf&tzi|mrg&ovl,1,1,64.95476190476191,2.98,55.277567340067336,46.0,2.96,242,3.7680555555555557,1.3997222222222223,6.333958333333333,0.47,-4.084126984126985,-6.9669444444444455,-1.234444444444445,1.9958333333333331,-0.9084027777777776,5.194618055555555
5,2,3,as&gap|cnf&mrg&tzi,1,1,62.88809523809523,3.34,55.26645622895623,45.666666666666664,3.1566666666666667,203,3.756944444444444,1.6100000000000003,6.036597222222221,0.6666666666666666,-4.095238095238096,-6.992341269841269,-1.1325396825396832,1.984722222222222,-0.7642013888888888,5.2404166666666665
5,2,3,as&gap|mrg&ovl&tzi,1,1,62.88809523809523,3.45,55.26645622895623,45.666666666666664,3.2133333333333334,203,3.756944444444444,1.6100000000000003,6.036597222222221,0.7233333333333334,-4.095238095238096,-6.992341269841269,-1.1325396825396832,1.984722222222222,-0.7642013888888888,5.2404166666666665
6,2,4,as&gap|cnf&mrg&ovl&tzi,1,1,62.88809523809523,3.45,55.26645622895623,45.666666666666664,3.2133333333333334,203,3.756944444444444,1.6100000000000003,6.036597222222221,0.7233333333333334,-4.095238095238096,-6.992341269841269,-1.1325396825396832,1.984722222222222,-0.7642013888888888,5.2404166666666665
4,2,2,as&gap|cnf&mrg,1,1,61.88809523809523,2.65,55.21090067340067,45.666666666666664,2.5366666666666666,274,3.701388888888889,1.3997569444444444,6.279687499999999,0.04666666666666667,-4.150793650793651,-6.988452380952381,-1.1904365079365078,1.9291666666666665,-0.7269444444444442,5.094548611111112
4,2,2,as&tzi|mrg&ovl,1,1,64.95476190476191,2.98,55.21090067340067,45.666666666666664,2.9266666666666667,244,3.701388888888889,1.3236111111111113,6.271041666666667,0.43666666666666665,-4.150793650793651,-7.028849206349206,-1.3272619047619059,1.9291666666666665,-0.937673611111111,5.129305555555556
5,2,3,as&tzi|cnf&mrg&ovl,1,1,65.88809523809525,3.03,55.21090067340067,45.666666666666664,2.9266666666666667,244,3.701388888888889,1.3236111111111113,6.271041666666667,0.43666666666666665,-4.150793650793651,-7.028849206349206,-1.3272619047619059,1.9291666666666665,-0.937673611111111,5.129305555555556
5,2,3,as&cnf&tzi|gap&mrg,1,1,65.6595238095238,3.17,55.194234006734014,45.666666666666664,2.94,196,3.684722222222222,1.1854017857142856,6.190714285714286,0.45,-4.167460317460318,-7.245456349206349,-1.2330555555555558,1.9124999999999999,-1.15234623015873,5.129429563492064
4,2,2,as&tzi|gap&mrg,1,1,65.6595238095238,3.17,55.127567340067344,45.33333333333333,2.9233333333333333,197,3.618055555555556,1.1134871031746032,6.085858134920634,0.43333333333333335,-4.234126984126984,-7.301845238095238,-1.344642857142858,1.8458333333333334,-1.247390873015873,5.044578373015873
6,3,3,as&cnf&gap|mrg|ovl&tzi,1,1,61.72619047619047,2.26,55.11342592592592,45.666666666666664,2.1033333333333335,276,3.6039141414141413,0.7408617424242423,6.380363906926406,-0.38666666666666666,-4.248268398268398,-7.214285714285714,-1.3267965367965378,1.831691919191919,-1.2051091269841272,5.081980970418469
6,3,3,as&cnf&tzi|gap&ovl|mrg,1,1,63.72619047619047,2.28,55.11342592592592,45.666666666666664,2.1333333333333333,273,3.6039141414141413,0.6740034271284272,6.38417252886003,-0.3566666666666667,-4.248268398268398,-7.257792207792208,-1.3585497835497835,1.831691919191919,-1.1837973484848487,4.938416305916306
5,3,2,as&gap|mrg|ovl&tzi,1,1,61.72619047619047,2.26,55.04675925925926,45.33333333333333,2.0933333333333333,277,3.5372474747474745,0.6419412878787877,6.259608585858585,-0.39666666666666667,-4.3149350649350655,-7.25614357864358,-1.3607305194805193,1.7650252525252523,-1.291859668109668,4.960402236652236
6,3,3,as&gap|cnf&ovl&tzi|mrg,1,1,61.72619047619047,2.26,55.04675925925926,45.33333333333333,2.0933333333333333,277,3.5372474747474745,0.6419412878787877,6.259608585858585,-0.39666666666666667,-4.3149350649350655,-7.25614357864358,-1.3607305194805193,1.7650252525252523,-1.291859668109668,4.960402236652236
5,3,2,as&tzi|gap&ovl|mrg,1,1,63.72619047619047,2.28,55.04675925925926,45.33333333333333,2.1233333333333335,274,3.5372474747474745,0.6083270202020201,6.313929022366523,-0.36666666666666664,-4.3149350649350655,-7.317494588744589,-1.381942640692641,1.7650252525252523,-1.2174905303030303,4.867872474747474
6,3,3,as&tzi|cnf&gap&ovl|mrg,1,1,63.72619047619047,2.28,55.04675925925926,45.33333333333333,2.1233333333333335,274,3.5372474747474745,0.6083270202020201,6.313929022366523,-0.36666666666666664,-4.3149350649350655,-7.317494588744589,-1.381942640692641,1.7650252525252523,-1.2174905303030303,4.867872474747474
6,2,3,as&cnf&tzi|gap&mrg&ovl,1,1,65.88809523809525,3.56,54.99978956228957,45.666666666666664,3.3333333333333335,190,3.4902777777777776,1.1232986111111112,5.868402777777778,0.8433333333333334,-4.361904761904762,-7.222896825396824,-1.3488492063492066,1.7180555555555552,-1.131875,4.835277777777777
5,2,3,as&tzi|cnf&gap&mrg,1,1,65.88809523809525,3.4,54.9331228956229,45.33333333333333,3.1866666666666665,197,3.423611111111111,1.0664583333333335,5.868055555555556,0.6966666666666667,-4.428571428571429,-7.289722222222222,-1.4216666666666669,1.6513888888888888,-1.1972916666666669,4.745868055555556
5,2,3,as&tzi|gap&mrg&ovl,1,1,65.88809523809525,3.56,54.9331228956229,45.33333333333333,3.3,192,3.423611111111111,1.0664583333333335,5.868055555555556,0.81,-4.428571428571429,-7.289722222222222,-1.4216666666666669,1.6513888888888888,-1.1972916666666669,4.745868055555556
6,2,4,as&tzi|cnf&gap&mrg&ovl,1,1,65.88809523809525,3.56,54.9331228956229,45.33333333333333,3.3,192,3.423611111111111,1.0664583333333335,5.868055555555556,0.81,-4.428571428571429,-7.289722222222222,-1.4216666666666669,1.6513888888888888,-1.1972916666666669,4.745868055555556
4,2,2,as&tzi|cnf&mrg,1,1,64.88809523809525,2.7,54.877567340067344,45.33333333333333,2.6066666666666665,268,3.3680555555555554,0.8246874999999999,5.958819444444444,0.11666666666666667,-4.484126984126984,-7.516626984126984,-1.5701984126984136,1.5958333333333332,-1.2547569444444444,4.713055555555555
6,3,3,as&cnf&gap|mrg&tzi|ovl,1,1,60.29761904761906,2.18,54.57280543530544,45.666666666666664,2.2066666666666666,276,3.0632936507936512,0.8964335317460319,5.367817460317459,-0.2833333333333333,-4.788888888888889,-7.333333333333333,-2.2213888888888893,1.2910714285714286,-1.437142857142857,4.231780753968254
5,3,2,as&gap|mrg&tzi|ovl,1,1,60.29761904761906,2.18,54.50613876863877,45.33333333333333,2.1966666666666668,277,2.9966269841269844,0.8122668650793651,5.301150793650792,-0.29333333333333333,-4.855555555555555,-7.389166666666666,-2.3333333333333335,1.2244047619047622,-1.503809523809524,4.182157738095238
5,2,3,as&cnf&gap|ovl&tzi,0,1,62.88809523809523,3.42,54.49978956228957,45.33333333333333,3.15,203,2.990277777777778,0.6764236111111112,5.269722222222222,0.66,-4.861904761904762,-7.451904761904762,-1.9886507936507938,1.2180555555555554,-1.3042013888888888,3.9724305555555564
5,2,3,as&cnf&tzi|gap&ovl,0,1,64.88809523809525,3.5,54.49978956228957,45.33333333333333,3.1933333333333334,196,2.990277777777778,0.6458333333333335,5.412534722222222,0.7033333333333334,-4.8619047619047615,-7.450873015873016,-2.215753968253968,1.2180555555555554,-1.4883680555555556,4.0228125
6,3,2,as&gap|cnf&ovl|mrg&tzi,1,1,61.230952380952374,2.25,54.482329244829245,45.33333333333333,2.203333333333333,277,2.97281746031746,0.811076388888889,5.282777777777778,-0.2866666666666667,-4.879365079365079,-7.3999999999999995,-2.35654761904762,1.2005952380952383,-1.5209920634920635,4.158348214285714
4,2,2,as&gap|ovl&tzi,0,1,62.88809523809523,3.42,54.4331228956229,45.0,3.13,204,2.9236111111111107,0.5553472222222222,5.212777777777777,0.64,-4.928571428571429,-7.544880952380952,-2.0549206349206353,1.151388888888889,-1.3544444444444443,3.862222222222221
5,2,3,as&gap|cnf&ovl&tzi,0,1,62.88809523809523,3.42,54.4331228956229,45.0,3.13,204,2.9236111111111107,0.5553472222222222,5.212777777777777,0.64,-4.928571428571429,-7.544880952380952,-2.0549206349206353,1.151388888888889,-1.3544444444444443,3.862222222222221
4,2,2,as&tzi|gap&ovl,0,1,64.88809523809525,3.5,54.4331228956229,45.0,3.1733333333333333,197,2.923611111111111,0.5442361111111109,5.3125,0.6833333333333333,-4.928571428571429,-7.516587301587302,-2.2824206349206353,1.151388888888889,-1.5930555555555554,3.9562152777777775
5,2,3,as&tzi|cnf&gap&ovl,0,1,64.88809523809525,3.5,54.4331228956229,45.0,3.1733333333333333,197,2.923611111111111,0.5442361111111109,5.3125,0.6833333333333333,-4.928571428571429,-7.516587301587302,-2.2824206349206353,1.151388888888889,-1.5930555555555554,3.9562152777777775
6,3,4,as&cnf&gap&tzi|mrg|ovl,1,1,61.29761904761906,1.92,54.424537037037034,45.33333333333333,1.9233333333333333,290,2.9150252525252522,0.04913239538239541,5.616037608225108,-0.5666666666666667,-4.937157287157286,-7.747099567099565,-2.0582918470418474,1.1428030303030303,-1.660189844877345,4.090263347763347
6,3,2,as&gap|cnf&mrg|ovl&tzi,1,1,61.88809523809523,2.63,54.377567340067344,45.0,2.46,275,2.8680555555555554,0.34420138888888885,5.414166666666665,-0.03,-4.984126984126984,-7.477777777777776,-2.2278571428571436,1.0958333333333334,-1.4754861111111108,3.857048611111111
6,3,2,as&tzi|cnf&mrg|gap&ovl,1,1,63.88809523809525,2.65,54.377567340067344,45.0,2.49,272,2.8680555555555554,0.3555555555555555,5.411180555555556,0.0,-4.984126984126984,-7.589126984126985,-2.3839682539682543,1.0958333333333334,-1.4723263888888887,3.8854166666666656
5,3,3,as&gap&tzi|mrg|ovl,1,1,61.29761904761906,1.92,54.35787037037038,45.0,1.9133333333333333,291,2.848358585858586,-0.030358495670995706,5.550324675324675,-0.5766666666666667,-5.003823953823954,-7.7698214285714275,-2.1542225829725834,1.0761363636363637,-1.7265751262626263,3.9725437409812407
6,3,3,as&gap&tzi|cnf&ovl|mrg,1,1,61.29761904761906,1.94,54.35787037037038,45.0,1.9166666666666667,291,2.848358585858586,-0.030358495670995706,5.550324675324675,-0.5733333333333334,-5.003823953823954,-7.7698214285714275,-2.1542225829725834,1.0761363636363637,-1.7265751262626263,3.9725437409812407
4,2,3,cnf&gap&tzi|mrg,1,0,60.72619047619047,2.23,54.22453703703704,45.0,2.16,269,2.7150252525252525,-1.0821374458874458,5.936176046176045,-0.33,-5.137157287157287,-8.682656926406926,-1.6238834776334792,0.9428030303030305,-2.2607877886002883,4.056996302308802
5,2,4,as&cnf&gap&tzi|ovl,0,1,61.52619047619048,2.54,54.112487974987964,45.33333333333333,2.58,269,2.6029761904761908,0.3384722222222223,4.926785714285714,0.09,-5.249206349206348,-7.544801587301587,-2.754444444444445,0.8307539682539685,-1.7194196428571427,3.7712351190476188
5,3,3,as&cnf&gap|mrg|ovl,1,1,59.29761904761905,1.9,54.091203703703705,45.0,1.88,293,2.5816919191919188,-0.15092893217893227,5.160059523809523,-0.61,-5.2704906204906194,-8.263551587301588,-2.401978715728716,0.8094696969696968,-2.142732233044733,3.8586160714285693
5,3,3,as&cnf&tzi|mrg|ovl,1,1,61.29761904761906,1.92,54.091203703703705,45.0,1.92,290,2.5816919191919188,-0.1662874278499277,5.170661976911977,-0.57,-5.2704906204906194,-8.190829725829724,-2.4341035353535365,0.8094696969696968,-2.208272005772006,3.8586160714285693
4,2,2,cnf&gap|mrg&tzi,1,0,60.659523809523805,3.08,54.07121813371813,45.0,2.77,203,2.5617063492063488,-0.6213888888888888,5.4323462301587275,0.28,-5.2904761904761894,-8.638373015873016,-2.02452380952381,0.7894841269841274,-2.0183184523809525,3.804097222222222
4,2,3,as&gap&tzi|ovl,0,1,61.52619047619048,2.54,54.04582130832131,45.0,2.56,270,2.5363095238095235,0.25503472222222223,4.869915674603174,0.07,-5.315873015873016,-7.625873015873016,-2.799444444444445,0.764087301587302,-1.7547817460317454,3.645873015873016
4,3,2,as&gap|mrg|ovl,1,1,59.29761904761905,1.9,54.024537037037035,44.666666666666664,1.87,294,2.5150252525252523,-0.23273989898989883,5.100423881673881,-0.62,-5.337157287157287,-8.349482323232325,-2.5246410533910537,0.7428030303030303,-2.198162878787879,3.7803661616161612
5,3,2,as&gap|cnf&ovl|mrg,1,1,59.29761904761905,1.92,54.024537037037035,44.666666666666664,1.8733333333333333,294,2.5150252525252523,-0.23273989898989883,5.100423881673881,-0.6166666666666667,-5.337157287157287,-8.349482323232325,-2.5246410533910537,0.7428030303030303,-2.198162878787879,3.7803661616161612
4,3,2,as&tzi|mrg|ovl,1,1,61.29761904761906,1.92,54.024537037037035,44.666666666666664,1.91,291,2.5150252525252523,-0.2644751082251082,5.1233270202020185,-0.58,-5.337157287157287,-8.3015386002886,-2.524990981240981,0.7428030303030303,-2.2690074855699858,3.765714285714286
5,3,2,as&tzi|cnf&ovl|mrg,1,1,61.29761904761906,1.94,54.024537037037035,44.666666666666664,1.9133333333333333,291,2.5150252525252523,-0.2644751082251082,5.1233270202020185,-0.5766666666666667,-5.337157287157287,-8.3015386002886,-2.524990981240981,0.7428030303030303,-2.2690074855699858,3.765714285714286
5,2,3,as&gap&tzi|cnf&ovl,0,1,62.4595238095238,2.61,54.02201178451179,45.0,2.566666666666667,270,2.5124999999999997,0.2344097222222224,4.845833333333333,0.07666666666666666,-5.339682539682539,-7.649960317460318,-2.812380952380953,0.740277777777778,-1.767777777777778,3.6236111111111113
6,3,3,as&cnf&tzi|gap&mrg|ovl,1,1,62.297619047619044,2.15,53.973599086099085,45.0,2.203333333333333,273,2.4640873015873015,0.16090773809523815,4.879583333333332,-0.2866666666666667,-5.388095238095237,-8.077777777777778,-2.721150793650794,0.6918650793650796,-2.1406646825396822,3.744479166666666
5,3,2,as&tzi|gap&mrg|ovl,1,1,62.297619047619044,2.15,53.906932419432415,44.666666666666664,2.1933333333333334,274,2.397420634920635,0.09521825396825402,4.786800595238094,-0.2966666666666667,-5.454761904761905,-8.155793650793651,-2.788015873015873,0.6251984126984128,-2.1835168650793646,3.65875496031746
5,3,2,cnf&gap|mrg|ovl&tzi,1,0,58.72619047619047,2.18,53.89120370370372,44.666666666666664,2.04,277,2.381691919191919,-0.8990431096681094,5.367945526695526,-0.45,-5.4704906204906205,-9.0706727994228,-2.212380952380953,0.6094696969696967,-2.593887987012987,3.6758220598845592
6,3,3,as&ovl&tzi|cnf&gap|mrg,1,1,58.72619047619047,2.18,53.89120370370372,44.666666666666664,2.04,277,2.381691919191919,-0.8990431096681094,5.367945526695526,-0.45,-5.4704906204906205,-9.0706727994228,-2.212380952380953,0.6094696969696967,-2.593887987012987,3.6758220598845592
5,3,2,cnf&tzi|gap&ovl|mrg,1,0,60.72619047619047,2.21,53.89120370370372,44.666666666666664,2.0866666666666664,274,2.381691919191919,-0.9501190476190474,5.357350288600289,-0.4033333333333333,-5.4704906204906205,-8.992752525252525,-2.0715440115440122,0.6094696969696969,-2.658842442279942,3.707559974747474
6,3,3,as&gap&ovl|cnf&tzi|mrg,1,1,60.72619047619047,2.21,53.89120370370372,44.666666666666664,2.1033333333333335,273,2.381691919191919,-0.9501190476190474,5.357350288600289,-0.38666666666666666,-5.4704906204906205,-8.992752525252525,-2.0715440115440122,0.6094696969696969,-2.658842442279942,3.707559974747474
3,2,2,cnf&gap|mrg,1,0,58.72619047619047,2.18,53.8912037037037,44.666666666666664,2.0566666666666666,276,2.381691919191919,-1.0146906565656568,5.415271464646464,-0.43333333333333335,-5.4704906204906205,-9.0706727994228,-2.0926370851370857,0.6094696969696967,-2.476001533189033,3.6533387445887437
5,2,3,cnf&gap&tzi|mrg&ovl,1,0,61.95476190476191,2.84,53.88867845117845,45.0,2.8,243,2.3791666666666664,-0.9111111111111112,5.58034722222222,0.31,-5.473015873015872,-8.73531746031746,-2.071150793650794,0.6069444444444447,-2.346076388888889,3.595868055555556
6,3,2,as&tzi|cnf&ovl|gap&mrg,1,1,63.230952380952374,2.22,53.88312289562289,44.666666666666664,2.2,274,2.373611111111111,0.08092757936507948,4.746726190476188,-0.29,-5.478571428571428,-8.198690476190476,-2.8085912698412696,0.6013888888888889,-2.1943650793650797,3.634632936507937
5,3,2,as&tzi|cnf&gap|mrg,1,1,58.72619047619047,2.18,53.82453703703705,44.333333333333336,2.033333333333333,277,2.3150252525252526,-0.9506286075036072,5.282950036075036,-0.45666666666666667,-5.537157287157286,-9.074754689754691,-2.23588383838384,0.5428030303030303,-2.715530753968254,3.769131944444444
5,3,2,as&gap|cnf&tzi|mrg,1,1,58.72619047619047,2.19,53.82453703703705,44.333333333333336,2.05,277,2.3150252525252526,-0.9506286075036072,5.282950036075036,-0.44,-5.537157287157286,-9.074754689754691,-2.23588383838384,0.5428030303030303,-2.715530753968254,3.769131944444444
4,2,3,as&cnf&gap|ovl,0,1,59.52619047619048,2.44,53.779154641654635,45.0,2.5,276,2.2696428571428573,0.09948412698412695,4.534955357142858,0.01,-5.582539682539682,-8.043174603174602,-3.0375396825396828,0.49742063492063515,-2.170530753968254,3.4599206349206337
4,2,3,as&cnf&tzi|ovl,0,1,61.52619047619048,2.51,53.779154641654635,45.0,2.5733333333333333,269,2.2696428571428573,0.09205853174603187,4.538497023809523,0.08333333333333333,-5.582539682539682,-8.168888888888889,-3.1108333333333333,0.49742063492063515,-2.163249007936508,3.5142658730158725
6,3,3,as&gap&tzi|cnf&mrg|ovl,1,1,61.52619047619048,2.25,53.71248797498798,44.666666666666664,2.26,291,2.2029761904761904,-0.1210714285714285,4.616155753968253,-0.23,-5.649206349206349,-8.098531746031746,-3.135317460317461,0.43075396825396856,-2.1124553571428573,3.163725198412698
6,3,3,as&gap|cnf&mrg&tzi|ovl,1,1,59.52619047619048,2.34,53.71248797498798,44.666666666666664,2.43,277,2.2029761904761904,0.0791220238095239,4.446413690476191,-0.06,-5.649206349206349,-8.11638888888889,-3.104603174603175,0.43075396825396856,-2.2518998015873013,3.354975198412698
6,3,3,as&tzi|cnf&gap&mrg|ovl,1,1,61.52619047619048,2.36,53.71248797498798,44.666666666666664,2.45,274,2.2029761904761904,0.054801587301587414,4.447455357142856,-0.04,-5.649206349206349,-8.210793650793649,-3.1713095238095237,0.43075396825396856,-2.2626091269841266,3.35500992063492
3,2,2,as&gap|ovl,0,1,59.52619047619048,2.44,53.71248797498798,44.666666666666664,2.48,277,2.2029761904761904,0.0791220238095239,4.446413690476191,-0.01,-5.649206349206349,-8.11638888888889,-3.104603174603175,0.43075396825396856,-2.2518998015873013,3.354975198412698
3,2,2,as&tzi|ovl,0,1,61.52619047619048,2.51,53.71248797498798,44.666666666666664,2.5533333333333332,270,2.2029761904761904,0.054801587301587414,4.447455357142856,0.06333333333333334,-5.649206349206349,-8.210793650793649,-3.1713095238095237,0.43075396825396856,-2.2626091269841266,3.35500992063492
4,2,2,as&gap|cnf&ovl,0,1,60.459523809523795,2.51,53.688678451178454,44.666666666666664,2.486666666666667,277,2.1791666666666663,0.04718750000000002,4.422604166666666,-0.0033333333333333335,-5.673015873015872,-8.139880952380953,-3.1109523809523805,0.40694444444444466,-2.2989236111111113,3.318784722222222
4,2,2,as&tzi|cnf&ovl,0,1,62.4595238095238,2.58,53.688678451178454,44.666666666666664,2.56,270,2.1791666666666663,0.03250000000000008,4.423124999999999,0.07,-5.673015873015872,-8.212936507936508,-3.194960317460318,0.40694444444444466,-2.299201388888889,3.3188194444444443
3,1,3,cnf&gap&tzi,0,0,62.45952380952382,3.57,53.61090067340067,44.666666666666664,3.296666666666667,173,2.1013888888888888,-1.1991666666666667,5.326111111111109,0.8066666666666666,-5.75079365079365,-9.023690476190476,-2.331349206349207,0.32916666666666694,-2.5826736111111113,3.3373263888888878
3,2,2,cnf&tzi|mrg,1,0,60.72619047619047,2.23,53.55787037037039,44.333333333333336,2.1433333333333335,270,2.0483585858585855,-1.5826465548340551,5.170381944444443,-0.3466666666666667,-5.8038239538239536,-9.529834054834053,-2.4255266955266963,0.27613636363636385,-3.0256213924963924,3.3939073773448762
4,2,2,cnf&gap|mrg&ovl,1,0,58.95476190476191,2.7,53.55534511784512,44.666666666666664,2.6366666666666667,255,2.0458333333333334,-1.0769097222222221,5.033368055555557,0.14666666666666667,-5.806349206349206,-8.97468253968254,-2.4599603174603177,0.27361111111111136,-2.601354166666667,3.3445486111111116
5,2,3,as&mrg|cnf&gap&tzi,1,1,62.88809523809525,2.84,53.55534511784512,44.666666666666664,2.7266666666666666,258,2.0458333333333334,-1.3319444444444444,5.314166666666666,0.23666666666666666,-5.806349206349206,-9.081071428571427,-2.3704365079365086,0.2736111111111114,-2.667881944444445,3.2911111111111104
6,2,3,as&mrg&ovl|cnf&gap&tzi,1,1,62.88809523809525,3.09,53.55534511784512,44.666666666666664,2.92,234,2.0458333333333334,-1.3319444444444444,5.314166666666666,0.43,-5.806349206349206,-9.081071428571427,-2.3704365079365086,0.2736111111111114,-2.667881944444445,3.2911111111111104
6,3,2,as&tzi|cnf&gap|mrg&ovl,1,1,58.95476190476191,2.67,53.48867845117845,44.333333333333336,2.5966666666666667,256,1.9791666666666665,-0.9669791666666665,4.725277777777777,0.10666666666666667,-5.873015873015873,-9.035277777777779,-2.7793253968253966,0.20694444444444485,-2.7435763888888887,3.5084375000000003
6,3,2,as&gap|cnf&tzi|mrg&ovl,1,1,58.95476190476191,2.68,53.48867845117845,44.333333333333336,2.6333333333333333,256,1.9791666666666665,-0.9669791666666665,4.725277777777777,0.14333333333333334,-5.873015873015873,-9.035277777777779,-2.7793253968253966,0.20694444444444485,-2.7435763888888887,3.5084375000000003
5,3,2,as&gap|cnf&mrg|ovl,1,1,59.52619047619048,2.23,53.379154641654644,44.333333333333336,2.216666666666667,294,1.8696428571428572,-0.4877728174603174,4.178333333333333,-0.2733333333333333,-5.982539682539683,-8.376468253968254,-3.3547222222222226,0.0974206349206352,-2.5014484126984127,2.9407142857142854
5,3,2,as&tzi|cnf&mrg|ovl,1,1,61.52619047619048,2.25,53.379154641654644,44.333333333333336,2.256666666666667,291,1.8696428571428572,-0.4514930555555553,4.2016567460317455,-0.23333333333333334,-5.982539682539683,-8.489166666666668,-3.5047619047619047,0.0974206349206352,-2.5192460317460315,2.974310515873015
5,3,2,cnf&gap|mrg&tzi|ovl,1,0,57.29761904761905,2.1,53.35058321308321,44.666666666666664,2.1333333333333333,277,1.8410714285714287,-1.005426587301587,4.656463293650794,-0.3566666666666667,-6.011111111111111,-8.978055555555557,-2.987500000000001,0.06884920634920648,-2.9603720238095232,3.1855406746031747
4,2,2,cnf&gap|ovl&tzi,0,0,59.88809523809523,3.27,53.27756734006734,44.333333333333336,2.99,204,1.7680555555555553,-1.2097569444444445,4.490520833333333,0.5,-6.084126984126984,-9.341468253968253,-2.8944047619047626,-0.004166666666666355,-2.773715277777778,2.9182986111111107
5,2,3,as&ovl&tzi|cnf&gap,0,1,59.88809523809523,3.28,53.27756734006734,44.333333333333336,2.99,204,1.7680555555555553,-1.2097569444444445,4.490520833333333,0.5,-6.084126984126984,-9.341468253968253,-2.8944047619047626,-0.004166666666666355,-2.773715277777778,2.9182986111111107
5,2,3,as&mrg&tzi|cnf&gap,1,1,59.88809523809523,3.27,53.27756734006734,44.333333333333336,3.01,203,1.7680555555555553,-1.2788888888888885,4.668333333333333,0.52,-6.084126984126984,-9.505079365079364,-2.646666666666669,-0.00416666666666643,-2.779027777777778,2.9285069444444436
5,2,3,cnf&gap|mrg&ovl&tzi,1,0,59.88809523809523,3.27,53.27756734006734,44.333333333333336,3.01,203,1.7680555555555553,-1.2788888888888885,4.668333333333333,0.52,-6.084126984126984,-9.505079365079364,-2.646666666666669,-0.00416666666666643,-2.779027777777778,2.9285069444444436
6,2,4,as&mrg&ovl&tzi|cnf&gap,1,1,59.88809523809523,3.3,53.27756734006734,44.333333333333336,3.013333333333333,203,1.7680555555555553,-1.2788888888888885,4.668333333333333,0.5233333333333333,-6.084126984126984,-9.505079365079364,-2.646666666666669,-0.00416666666666643,-2.779027777777778,2.9285069444444436
2,1,2,cnf&gap,0,0,59.88809523809523,3.3,53.27756734006734,44.333333333333336,3.02,201,1.7680555555555553,-1.2788888888888885,4.668333333333333,0.53,-6.084126984126984,-9.505079365079364,-2.646666666666669,-0.00416666666666643,-2.779027777777778,2.9285069444444436
4,2,2,cnf&tzi|gap&ovl,0,0,61.88809523809524,3.35,53.27756734006734,44.333333333333336,3.09,197,1.7680555555555553,-1.2097222222222221,4.501458333333333,0.6,-6.084126984126984,-9.27174603174603,-2.871428571428572,-0.004166666666666355,-2.8848611111111113,3.053576388888888
5,2,3,as&gap&ovl|cnf&tzi,0,1,61.88809523809524,3.35,53.27756734006734,44.333333333333336,3.13,194,1.7680555555555553,-1.2097222222222221,4.501458333333333,0.64,-6.084126984126984,-9.27174603174603,-2.871428571428572,-0.004166666666666355,-2.8848611111111113,3.053576388888888
6,3,2,as&mrg|cnf&gap|ovl&tzi,1,1,59.88809523809523,2.72,53.22201178451179,44.333333333333336,2.55,268,1.7124999999999997,-1.2433680555555555,4.448854166666666,0.06,-6.139682539682539,-9.41126984126984,-2.9138095238095247,-0.059722222222221934,-2.789166666666667,2.862743055555555
4,2,2,as&mrg|cnf&gap,1,1,59.88809523809523,2.75,53.22201178451179,44.333333333333336,2.5733333333333333,267,1.7124999999999997,-1.3549305555555555,4.524999999999999,0.08333333333333333,-6.139682539682539,-9.518531746031744,-2.702222222222224,-0.059722222222221934,-2.883854166666667,2.8855208333333326
6,3,2,as&mrg|cnf&tzi|gap&ovl,1,1,61.88809523809524,2.77,53.22201178451179,44.333333333333336,2.62,264,1.7124999999999997,-1.2308680555555553,4.461319444444444,0.13,-6.139682539682539,-9.31956349206349,-2.926666666666667,-0.059722222222221934,-2.971249999999999,3.001944444444444
5,2,3,as&mrg&ovl|cnf&gap,1,1,59.88809523809523,2.93,53.22201178451179,44.333333333333336,2.73,248,1.7124999999999997,-1.3549305555555555,4.524999999999999,0.24,-6.139682539682539,-9.518531746031744,-2.702222222222224,-0.059722222222221934,-2.883854166666667,2.8855208333333326
4,2,2,cnf&tzi|mrg&ovl,1,0,61.95476190476191,2.81,53.22201178451179,44.333333333333336,2.78,244,1.7124999999999997,-1.5122222222222224,4.7792361111111115,0.29,-6.139682539682539,-9.512341269841269,-2.877500000000002,-0.059722222222221934,-3.054722222222222,2.870624999999999
4,2,2,as&tzi|cnf&gap,0,1,59.88809523809523,3.25,53.21090067340067,44.0,2.97,204,1.7013888888888888,-1.2108680555555553,4.333368055555556,0.48,-6.150793650793651,-9.312698412698412,-2.9305555555555585,-0.07083333333333294,-2.9833680555555553,2.968159722222223
4,2,2,as&gap|cnf&tzi,0,1,59.88809523809523,3.25,53.21090067340067,44.0,3.026666666666667,204,1.7013888888888888,-1.2108680555555553,4.333368055555556,0.5366666666666666,-6.150793650793651,-9.312698412698412,-2.9305555555555585,-0.07083333333333294,-2.9833680555555553,2.968159722222223
5,3,3,cnf&gap&tzi|mrg|ovl,1,0,58.29761904761905,1.85,53.20231481481482,44.333333333333336,1.8766666666666667,291,1.6928030303030301,-1.5049517496392495,4.788896103896103,-0.6133333333333333,-6.159379509379509,-9.449837662337663,-2.7784090909090913,-0.07941919191919193,-3.2791549422799418,2.925913149350649
6,3,3,as&ovl|cnf&gap&tzi|mrg,1,1,58.726190476190474,1.91,53.20231481481482,44.333333333333336,1.9466666666666668,286,1.6928030303030301,-1.5049517496392495,4.788896103896103,-0.5433333333333333,-6.159379509379509,-9.449837662337663,-2.7784090909090913,-0.07941919191919193,-3.2791549422799418,2.925913149350649
4,2,2,cnf&tzi|gap&mrg,1,0,62.65952380952381,3.08,53.13867845117846,44.0,2.8333333333333335,197,1.6291666666666662,-1.7259027777777773,4.777867063492063,0.3433333333333333,-6.223015873015872,-9.689166666666667,-2.8578769841269844,-0.14305555555555519,-3.1349404761904758,3.0067658730158717
6,3,2,as&ovl|cnf&gap|mrg&tzi,1,1,58.659523809523805,2.33,52.99344035594036,44.333333333333336,2.28,268,1.4839285714285715,-1.2908382936507934,4.097782738095237,-0.21,-6.368253968253969,-9.479642857142858,-3.267579365079367,-0.28829365079365077,-3.2542013888888888,2.7006894841269835
5,2,3,as&gap&mrg|cnf&tzi,1,1,62.88809523809525,3.33,52.94423400673401,44.0,3.14,195,1.4347222222222222,-1.766909722222222,4.423993055555554,0.65,-6.417460317460318,-9.915912698412697,-3.0850000000000035,-0.3374999999999998,-3.2891319444444447,2.466701388888888
5,2,3,cnf&tzi|gap&mrg&ovl,1,0,62.88809523809525,3.38,52.94423400673401,44.0,3.1533333333333333,192,1.4347222222222222,-1.766909722222222,4.423993055555554,0.6633333333333333,-6.417460317460318,-9.915912698412697,-3.0850000000000035,-0.3374999999999998,-3.2891319444444447,2.466701388888888
6,2,4,as&gap&mrg&ovl|cnf&tzi,1,1,62.88809523809525,3.4,52.94423400673401,44.0,3.18,190,1.4347222222222222,-1.766909722222222,4.423993055555554,0.69,-6.417460317460318,-9.915912698412697,-3.0850000000000035,-0.3374999999999998,-3.2891319444444447,2.466701388888888
2,1,2,cnf&tzi,0,0,62.45952380952382,3.51,52.94423400673401,44.0,3.2666666666666666,176,1.4347222222222222,-1.766909722222222,4.423993055555554,0.7766666666666666,-6.417460317460318,-9.915912698412697,-3.0850000000000035,-0.3374999999999998,-3.2891319444444447,2.466701388888888
6,3,3,as&mrg|cnf&gap&tzi|ovl,1,1,58.52619047619048,2.24,52.89026575276575,44.333333333333336,2.316666666666667,287,1.3807539682539687,-1.584598214285714,4.103010912698413,-0.17333333333333334,-6.471428571428571,-9.327658730158731,-3.388730158730159,-0.39146825396825385,-3.2546825396825394,2.5560069444444435
4,2,3,cnf&gap&tzi|ovl,0,0,58.52619047619048,2.4,52.89026575276575,44.333333333333336,2.4766666666666666,270,1.3807539682539687,-1.584598214285714,4.103010912698413,-0.013333333333333334,-6.471428571428571,-9.327658730158731,-3.388730158730159,-0.39146825396825385,-3.2546825396825394,2.5560069444444435
4,2,2,as&mrg|cnf&tzi,1,1,62.88809523809525,2.81,52.88867845117845,44.0,2.703333333333333,259,1.3791666666666664,-1.8327777777777776,4.382604166666666,0.21333333333333335,-6.473015873015872,-9.94654761904762,-3.141944444444447,-0.39305555555555527,-3.2891319444444447,2.4097569444444447
5,2,3,as&mrg&ovl|cnf&tzi,1,1,62.88809523809525,3.03,52.88867845117845,44.0,2.8966666666666665,235,1.3791666666666664,-1.8327777777777776,4.382604166666666,0.4066666666666667,-6.473015873015872,-9.94654761904762,-3.141944444444447,-0.39305555555555527,-3.2891319444444447,2.4097569444444447
4,3,2,cnf&gap|mrg|ovl,1,0,56.29761904761905,1.82,52.868981481481484,44.0,1.8266666666666667,294,1.3594696969696969,-1.823430735930736,4.292695256132757,-0.6633333333333333,-6.492712842712842,-9.83405844155844,-3.1506457431457426,-0.41275252525252526,-3.6124882756132752,2.6758022186147183
4,3,2,cnf&tzi|mrg|ovl,1,0,58.29761904761905,1.85,52.868981481481484,44.0,1.8733333333333333,291,1.3594696969696969,-1.8877692099567098,4.267142857142856,-0.6166666666666667,-6.492712842712842,-9.870631313131312,-3.1838077200577213,-0.41275252525252515,-3.758235028860028,2.7044218975468963
5,3,2,as&ovl|cnf&gap|mrg,1,1,56.726190476190474,1.88,52.868981481481484,44.0,1.88,290,1.3594696969696969,-1.823430735930736,4.292695256132757,-0.61,-6.492712842712842,-9.83405844155844,-3.1506457431457426,-0.41275252525252526,-3.6124882756132752,2.6758022186147183
5,3,2,as&ovl|cnf&tzi|mrg,1,1,58.726190476190474,1.91,52.868981481481484,44.0,1.9433333333333334,286,1.3594696969696969,-1.8877692099567098,4.267142857142856,-0.5466666666666666,-6.492712842712842,-9.870631313131312,-3.1838077200577213,-0.41275252525252515,-3.758235028860028,2.7044218975468963
6,4,2,as&tzi|cnf&gap|mrg|ovl,1,1,56.29761904761905,1.82,52.80231481481481,43.666666666666664,1.82,294,1.2928030303030302,-1.8868348665223664,4.060200216450217,-0.67,-6.559379509379508,-9.983629148629152,-3.2375721500721504,-0.4794191919191917,-3.994199134199135,2.8455672799422795
6,4,2,as&gap|cnf&tzi|mrg|ovl,1,1,56.29761904761905,1.83,52.80231481481481,43.666666666666664,1.8266666666666667,294,1.2928030303030302,-1.8868348665223664,4.060200216450217,-0.6633333333333333,-6.559379509379508,-9.983629148629152,-3.2375721500721504,-0.4794191919191917,-3.994199134199135,2.8455672799422795
5,3,2,cnf&tzi|gap&mrg|ovl,1,0,59.29761904761905,2.08,52.751376863876864,44.0,2.1566666666666667,274,1.2418650793650794,-1.731165674603175,4.020099206349205,-0.3333333333333333,-6.610317460317459,-9.79922619047619,-3.4330555555555557,-0.5303571428571426,-3.689047619047619,2.6366369047619043
5,3,2,as&mrg|cnf&gap|ovl,1,1,56.52619047619047,2.19,52.55693241943242,44.0,2.24,291,1.0474206349206352,-1.7626537698412694,3.7698809523809524,-0.25,-6.804761904761904,-9.687460317460319,-3.7640079365079377,-0.7248015873015872,-3.6557936507936506,2.2474603174603174
5,3,2,as&mrg|cnf&tzi|ovl,1,1,58.52619047619048,2.24,52.55693241943242,44.0,2.31,287,1.0474206349206352,-1.74234126984127,3.738239087301587,-0.18,-6.804761904761904,-9.872261904761904,-3.7701984126984134,-0.7248015873015872,-3.6748412698412705,2.2896230158730155
6,3,3,as&mrg&tzi|cnf&gap|ovl,1,1,56.52619047619047,2.26,52.55693241943242,44.0,2.3666666666666667,277,1.0474206349206352,-1.7626537698412694,3.7698809523809524,-0.12333333333333334,-6.804761904761904,-9.687460317460319,-3.7640079365079377,-0.7248015873015872,-3.6557936507936506,2.2474603174603174
3,2,2,cnf&gap|ovl,0,0,56.52619047619047,2.29,52.55693241943242,44.0,2.37,277,1.0474206349206352,-1.7626537698412694,3.7698809523809524,-0.12,-6.804761904761904,-9.687460317460319,-3.7640079365079377,-0.7248015873015872,-3.6557936507936506,2.2474603174603174
6,3,3,as&gap&mrg|cnf&tzi|ovl,1,1,58.52619047619048,2.31,52.55693241943242,44.0,2.4366666666666665,273,1.0474206349206352,-1.74234126984127,3.738239087301587,-0.05333333333333334,-6.804761904761904,-9.872261904761904,-3.7701984126984134,-0.7248015873015872,-3.6748412698412705,2.2896230158730155
3,2,2,cnf&tzi|ovl,0,0,58.52619047619048,2.37,52.55693241943242,44.0,2.47,270,1.0474206349206352,-1.74234126984127,3.738239087301587,-0.02,-6.804761904761904,-9.872261904761904,-3.7701984126984134,-0.7248015873015872,-3.6748412698412705,2.2896230158730155
5,2,3,as&ovl|cnf&gap&tzi,0,1,59.88809523809523,2.64,52.533122895622895,44.0,2.6633333333333336,258,1.0236111111111112,-2.0,3.679027777777777,0.17333333333333334,-6.828571428571428,-9.68436507936508,-3.688650793650794,-0.748611111111111,-3.4490277777777774,2.1921180555555555
5,3,2,as&tzi|cnf&gap|ovl,0,1,56.52619047619047,2.26,52.490265752765744,43.666666666666664,2.35,277,0.9807539682539683,-1.6859126984126984,3.5510367063492048,-0.14,-6.87142857142857,-9.96047619047619,-3.86468253968254,-0.7914682539682537,-3.817738095238095,2.305768849206349
5,3,2,as&gap|cnf&tzi|ovl,0,1,56.52619047619047,2.27,52.490265752765744,43.666666666666664,2.3766666666666665,277,0.9807539682539683,-1.6859126984126984,3.5510367063492048,-0.11333333333333333,-6.87142857142857,-9.96047619047619,-3.86468253968254,-0.7914682539682537,-3.817738095238095,2.305768849206349
6,3,2,as&ovl|cnf&tzi|gap&mrg,1,1,60.659523809523805,2.31,52.39423400673401,43.666666666666664,2.32,264,0.8847222222222223,-2.0828918650793655,3.5613938492063486,-0.17,-6.967460317460317,-10.25704365079365,-3.736170634920635,-0.8875,-3.960421626984127,2.2032539682539687
4,2,2,as&ovl|cnf&gap,0,1,57.888095238095225,2.53,52.19978956228957,43.666666666666664,2.5166666666666666,268,0.690277777777778,-2.1344097222222222,3.248055555555555,0.02666666666666667,-7.161904761904761,-10.069484126984127,-4.012301587301588,-1.0819444444444444,-3.8760069444444443,1.7915277777777756
4,2,2,as&ovl|cnf&tzi,0,1,59.88809523809523,2.6,52.19978956228957,43.666666666666664,2.6566666666666667,258,0.690277777777778,-2.0563888888888884,3.1930555555555538,0.16666666666666666,-7.161904761904762,-10.19563492063492,-3.996746031746032,-1.0819444444444444,-4.032395833333333,1.8587499999999983
4,2,2,as&cnf|mrg&tzi,1,1,59.159523809523805,2.2,51.90316257816258,43.0,2.1566666666666667,298,0.3936507936507936,-0.3999999999999999,1.438333333333333,-0.3333333333333333,-7.458531746031745,-10.660089285714285,-4.042812500000002,-1.3785714285714286,-4.54079365079365,2.032083333333332
5,2,3,as&cnf|gap&mrg&tzi,1,1,59.159523809523805,2.22,51.90316257816258,43.0,2.1566666666666667,298,0.3936507936507936,-0.3999999999999999,1.438333333333333,-0.3333333333333333,-7.458531746031745,-10.660089285714285,-4.042812500000002,-1.3785714285714286,-4.54079365079365,2.032083333333332
3,2,2,as|mrg&tzi,1,1,59.159523809523805,2.16,51.8364959114959,42.66666666666667,2.1333333333333333,299,0.326984126984127,-0.41126984126984123,1.3345238095238086,-0.3566666666666667,-7.525198412698413,-10.72814484126984,-4.112465277777777,-1.445238095238095,-4.6505753968253964,1.9770238095238086
4,2,3,as|gap&mrg&tzi,1,1,59.159523809523805,2.18,51.8364959114959,42.66666666666667,2.1333333333333333,299,0.326984126984127,-0.41126984126984123,1.3345238095238086,-0.3566666666666667,-7.525198412698413,-10.72814484126984,-4.112465277777777,-1.445238095238095,-4.6505753968253964,1.9770238095238086
3,2,2,as&cnf|mrg,1,1,57.226190476190474,1.87,51.7787037037037,42.66666666666667,1.8866666666666667,299,0.2691919191919191,-1.5064303751803751,1.9545905483405475,-0.6033333333333334,-7.5829906204906194,-11.06896148989899,-4.026967442279943,-1.503030303030303,-4.917564935064935,1.97172619047619
5,3,2,as&cnf|mrg&tzi|ovl,1,1,58.79761904761905,1.99,51.76030543530544,43.0,1.9533333333333334,299,0.2507936507936509,-1.2447222222222223,1.7952777777777775,-0.5366666666666666,-7.60138888888889,-10.525,-4.6121875,-1.5214285714285714,-4.714583333333334,2.0081547619047617
6,3,3,as&cnf|gap&mrg&tzi|ovl,1,1,58.79761904761905,2.0,51.76030543530544,43.0,1.9533333333333334,299,0.2507936507936509,-1.2447222222222223,1.7952777777777775,-0.5366666666666666,-7.60138888888889,-10.525,-4.6121875,-1.5214285714285714,-4.714583333333334,2.0081547619047617
2,2,1,as|mrg,1,1,57.226190476190474,1.85,51.71203703703704,42.333333333333336,1.8633333333333333,300,0.20252525252525239,-1.5730970418470418,1.8826785714285712,-0.6266666666666667,-7.649657287157287,-11.104664051226552,-4.113686868686872,-1.5696969696969696,-5.0051587301587315,1.8284361471861452
4,3,2,as|mrg&tzi|ovl,1,1,58.79761904761905,1.99,51.69363876863877,42.66666666666667,1.94,300,0.18412698412698417,-1.2985714285714285,1.6785317460317453,-0.55,-7.668055555555556,-10.633368055555556,-4.6788541666666665,-1.5880952380952378,-4.742559523809524,1.8537103174603171
5,3,3,as|gap&mrg&tzi|ovl,1,1,58.79761904761905,2.0,51.69363876863877,42.66666666666667,1.94,300,0.18412698412698417,-1.2985714285714285,1.6785317460317453,-0.55,-7.668055555555556,-10.633368055555556,-4.6788541666666665,-1.5880952380952378,-4.742559523809524,1.8537103174603171
5,3,2,as|cnf&ovl|mrg&tzi,1,1,59.730952380952374,2.03,51.66982924482924,42.66666666666667,1.9433333333333334,300,0.16031746031746033,-1.3222222222222222,1.6604761904761904,-0.5466666666666666,-7.691865079365079,-10.669925595238094,-4.713963293650794,-1.611904761904762,-4.789583333333333,1.8276388888888884
6,3,3,as|cnf&ovl|gap&mrg&tzi,1,1,59.730952380952374,2.04,51.66982924482924,42.66666666666667,1.9433333333333334,300,0.16031746031746033,-1.3222222222222222,1.6604761904761904,-0.5466666666666666,-7.691865079365079,-10.669925595238094,-4.713963293650794,-1.611904761904762,-4.789583333333333,1.8276388888888884
2,1,2,as&cnf,0,1,58.388095238095225,2.55,51.57617845117844,42.333333333333336,2.53,296,0.06666666666666665,0.0,0.19999999999999996,0.04,-7.785515873015872,-11.105863095238098,-4.409012896825397,-1.7055555555555553,-4.722777777777778,1.5008333333333326
1,1,1,as,0,1,58.388095238095225,2.51,51.50951178451179,42.0,2.49,298,0.0,0.0,0.0,0.0,-7.8521825396825395,-11.28247023809524,-4.478774801587302,-1.7722222222222221,-4.763055555555555,1.4006944444444438
4,2,2,as&cnf|mrg&ovl,1,1,57.45476190476191,2.32,51.44284511784512,42.66666666666667,2.3866666666666667,298,-0.06666666666666665,-0.8222222222222223,0.9224999999999997,-0.10333333333333333,-7.918849206349206,-11.038214285714286,-4.6435714285714305,-1.8388888888888886,-4.928055555555555,1.4891666666666663
6,3,2,as&cnf|gap&ovl|mrg&tzi,1,1,59.159523809523805,2.19,51.40316257816258,42.66666666666667,2.0633333333333335,298,-0.10634920634920637,-1.4116666666666666,1.2342460317460309,-0.4266666666666667,-7.9585317460317455,-11.070873015873014,-4.867371031746033,-1.8785714285714283,-5.011666666666667,1.4456746031746024
3,2,2,as|mrg&ovl,1,1,57.45476190476191,2.3,51.376178451178454,42.333333333333336,2.3466666666666667,300,-0.1333333333333333,-0.9333333333333332,0.8444444444444443,-0.14333333333333334,-7.985515873015872,-11.058447420634922,-4.67250496031746,-1.9055555555555552,-4.950555555555555,1.3837499999999998
4,2,3,as|cnf&mrg&ovl,1,1,58.388095238095225,2.33,51.376178451178454,42.333333333333336,2.3466666666666667,300,-0.1333333333333333,-0.9333333333333332,0.8444444444444443,-0.14333333333333334,-7.985515873015872,-11.058447420634922,-4.67250496031746,-1.9055555555555552,-4.950555555555555,1.3837499999999998
5,3,2,as|gap&ovl|mrg&tzi,1,1,59.159523809523805,2.15,51.3364959114959,42.333333333333336,2.046666666666667,299,-0.173015873015873,-1.4288888888888889,1.1604761904761902,-0.44333333333333336,-8.025198412698412,-11.139260912698411,-4.934037698412698,-1.945238095238095,-5.034246031746031,1.3432936507936504
6,3,3,as|cnf&gap&ovl|mrg&tzi,1,1,59.159523809523805,2.15,51.3364959114959,42.333333333333336,2.046666666666667,299,-0.173015873015873,-1.4288888888888889,1.1604761904761902,-0.44333333333333336,-8.025198412698412,-11.139260912698411,-4.934037698412698,-1.945238095238095,-5.034246031746031,1.3432936507936504
4,2,2,as&cnf|gap&mrg,1,1,59.159523809523805,2.16,51.303956228956224,42.333333333333336,2.0933333333333333,298,-0.2055555555555556,-1.4970238095238095,0.936785714285714,-0.39666666666666667,-8.057738095238093,-11.405734126984129,-4.4895684523809525,-1.9777777777777776,-5.371884920634921,1.4287103174603168
4,3,2,as&cnf|mrg|ovl,1,1,57.79761904761905,1.79,51.2787037037037,42.333333333333336,1.7733333333333334,299,-0.23080808080808082,-2.2222781385281385,1.610420274170274,-0.7166666666666667,-8.08299062049062,-11.388954725829725,-4.749597763347763,-2.0030303030303025,-5.267233044733046,1.2966558441558442
5,3,2,as&cnf|gap&ovl|mrg,1,1,57.226190476190474,1.86,51.2787037037037,42.333333333333336,1.8133333333333332,299,-0.23080808080808082,-2.2222781385281385,1.610420274170274,-0.6766666666666666,-8.08299062049062,-11.388954725829725,-4.749597763347763,-2.0030303030303025,-5.267233044733046,1.2966558441558442
5,3,2,as&cnf|mrg|ovl&tzi,1,1,57.226190476190474,1.86,51.2787037037037,42.333333333333336,1.8233333333333333,299,-0.23080808080808082,-2.2222781385281385,1.610420274170274,-0.6666666666666666,-8.08299062049062,-11.388954725829725,-4.749597763347763,-2.0030303030303025,-5.267233044733046,1.2966558441558442
6,3,3,as&cnf|gap&ovl&tzi|mrg,1,1,57.226190476190474,1.86,51.2787037037037,42.333333333333336,1.8233333333333333,299,-0.23080808080808082,-2.2222781385281385,1.610420274170274,-0.6666666666666666,-8.08299062049062,-11.388954725829725,-4.749597763347763,-2.0030303030303025,-5.267233044733046,1.2966558441558442
3,2,2,as|gap&mrg,1,1,59.159523809523805,2.12,51.237289562289554,42.0,2.07,299,-0.27222222222222225,-1.507996031746032,0.8391269841269838,-0.42,-8.12440476190476,-11.43422123015873,-4.593764880952382,-2.0444444444444443,-5.434682539682539,1.3699007936507936
3,3,1,as|mrg|ovl,1,1,57.79761904761905,1.79,51.21203703703704,42.0,1.76,300,-0.2974747474747475,-2.236616161616161,1.5443091630591623,-0.73,-8.149657287157288,-11.493744588744587,-4.8343781565656565,-2.0696969696969694,-5.332233044733044,1.17080266955267
4,3,2,as|cnf&ovl|mrg,1,1,57.79761904761905,1.8,51.21203703703704,42.0,1.76,300,-0.2974747474747475,-2.236616161616161,1.5443091630591623,-0.73,-8.149657287157288,-11.493744588744587,-4.8343781565656565,-2.0696969696969694,-5.332233044733044,1.17080266955267
4,3,2,as|gap&ovl|mrg,1,1,57.226190476190474,1.84,51.21203703703704,42.0,1.7966666666666666,300,-0.2974747474747475,-2.236616161616161,1.5443091630591623,-0.6933333333333334,-8.149657287157288,-11.493744588744587,-4.8343781565656565,-2.0696969696969694,-5.332233044733044,1.17080266955267
5,3,3,as|cnf&gap&ovl|mrg,1,1,57.226190476190474,1.84,51.21203703703704,42.0,1.7966666666666666,300,-0.2974747474747475,-2.236616161616161,1.5443091630591623,-0.6933333333333334,-8.149657287157288,-11.493744588744587,-4.8343781565656565,-2.0696969696969694,-5.332233044733044,1.17080266955267
4,3,2,as|mrg|ovl&tzi,1,1,57.226190476190474,1.84,51.21203703703704,42.0,1.8066666666666666,300,-0.2974747474747475,-2.236616161616161,1.5443091630591623,-0.6833333333333333,-8.149657287157288,-11.493744588744587,-4.8343781565656565,-2.0696969696969694,-5.332233044733044,1.17080266955267
5,3,3,as|cnf&ovl&tzi|mrg,1,1,57.226190476190474,1.84,51.21203703703704,42.0,1.8066666666666666,300,-0.2974747474747475,-2.236616161616161,1.5443091630591623,-0.6833333333333333,-8.149657287157288,-11.493744588744587,-4.8343781565656565,-2.0696969696969694,-5.332233044733044,1.17080266955267
5,3,3,as|gap&ovl&tzi|mrg,1,1,57.226190476190474,1.84,51.21203703703704,42.0,1.8066666666666666,300,-0.2974747474747475,-2.236616161616161,1.5443091630591623,-0.6833333333333333,-8.149657287157288,-11.493744588744587,-4.8343781565656565,-2.0696969696969694,-5.332233044733044,1.17080266955267
6,3,4,as|cnf&gap&ovl&tzi|mrg,1,1,57.226190476190474,1.84,51.21203703703704,42.0,1.8066666666666666,300,-0.2974747474747475,-2.236616161616161,1.5443091630591623,-0.6833333333333333,-8.149657287157288,-11.493744588744587,-4.8343781565656565,-2.0696969696969694,-5.332233044733044,1.17080266955267
5,3,2,as&cnf|gap&mrg|ovl,1,1,58.79761904761905,1.94,51.161099086099085,42.333333333333336,1.91,299,-0.34841269841269834,-2.0845833333333332,1.3844246031746028,-0.58,-8.200595238095238,-11.310684523809524,-4.999146825396827,-2.1206349206349207,-5.358035714285713,1.5112301587301586
5,2,3,as&cnf|gap&mrg&ovl,1,1,58.388095238095225,2.46,51.10951178451179,42.333333333333336,2.4466666666666668,297,-0.4,-1.0222222222222221,0.06666666666666665,-0.043333333333333335,-8.252182539682538,-11.594092261904763,-4.938214285714286,-2.172222222222222,-5.139722222222222,0.8780555555555554
5,2,3,as&cnf|mrg&ovl&tzi,1,1,58.388095238095225,2.45,51.10951178451179,42.333333333333336,2.466666666666667,297,-0.4,-1.0222222222222221,0.06666666666666665,-0.023333333333333334,-8.252182539682538,-11.594092261904763,-4.938214285714286,-2.172222222222222,-5.139722222222222,0.8780555555555554
6,2,4,as&cnf|gap&mrg&ovl&tzi,1,1,58.388095238095225,2.46,51.10951178451179,42.333333333333336,2.466666666666667,297,-0.4,-1.0222222222222221,0.06666666666666665,-0.023333333333333334,-8.252182539682538,-11.594092261904763,-4.938214285714286,-2.172222222222222,-5.139722222222222,0.8780555555555554
4,3,2,as|gap&mrg|ovl,1,1,58.79761904761905,1.94,51.09443241943242,42.0,1.8966666666666667,300,-0.41507936507936505,-2.11781746031746,1.2612301587301586,-0.5933333333333334,-8.267261904761906,-11.392152777777778,-5.098392857142858,-2.1873015873015875,-5.423869047619047,1.409623015873015
5,3,2,as|cnf&ovl|gap&mrg,1,1,59.730952380952374,1.98,51.0706228956229,42.0,1.9,300,-0.43888888888888894,-2.1534722222222222,1.2375595238095238,-0.59,-8.291071428571428,-11.393263888888887,-5.100520833333334,-2.211111111111111,-5.456785714285715,1.409623015873015
3,2,2,as|cnf&mrg,1,1,57.388095238095225,2.2,51.042845117845125,42.0,2.223333333333333,300,-0.4666666666666666,-1.4666666666666666,0.7000000000000001,-0.26666666666666666,-8.318849206349205,-11.528497023809523,-5.0008333333333335,-2.2388888888888885,-5.183472222222222,0.9559722222222218
4,2,3,as|cnf&gap&mrg,1,1,58.388095238095225,2.34,51.042845117845125,42.0,2.3333333333333335,299,-0.4666666666666666,-1.0783333333333334,0.0,-0.15666666666666668,-8.318849206349205,-11.662425595238096,-4.938214285714286,-2.2388888888888885,-5.239027777777778,0.8116666666666661
4,2,3,as|cnf&mrg&tzi,1,1,58.388095238095225,2.33,51.042845117845125,42.0,2.3733333333333335,299,-0.4666666666666666,-1.0783333333333334,0.0,-0.11666666666666667,-8.318849206349205,-11.662425595238096,-4.938214285714286,-2.2388888888888885,-5.239027777777778,0.8116666666666661
5,2,4,as|cnf&gap&mrg&tzi,1,1,58.388095238095225,2.34,51.042845117845125,42.0,2.3733333333333335,299,-0.4666666666666666,-1.0783333333333334,0.0,-0.11666666666666667,-8.318849206349205,-11.662425595238096,-4.938214285714286,-2.2388888888888885,-5.239027777777778,0.8116666666666661
4,2,3,as|gap&mrg&ovl,1,1,58.388095238095225,2.42,51.042845117845125,42.0,2.4066666666666667,299,-0.4666666666666666,-1.0783333333333334,0.0,-0.08333333333333333,-8.318849206349205,-11.662425595238096,-4.938214285714286,-2.2388888888888885,-5.239027777777778,0.8116666666666661
5,2,4,as|cnf&gap&mrg&ovl,1,1,58.388095238095225,2.42,51.042845117845125,42.0,2.4066666666666667,299,-0.4666666666666666,-1.0783333333333334,0.0,-0.08333333333333333,-8.318849206349205,-11.662425595238096,-4.938214285714286,-2.2388888888888885,-5.239027777777778,0.8116666666666661
4,2,3,as|mrg&ovl&tzi,1,1,58.388095238095225,2.41,51.042845117845125,42.0,2.4266666666666667,299,-0.4666666666666666,-1.0783333333333334,0.0,-0.06333333333333334,-8.318849206349205,-11.662425595238096,-4.938214285714286,-2.2388888888888885,-5.239027777777778,0.8116666666666661
5,2,4,as|cnf&mrg&ovl&tzi,1,1,58.388095238095225,2.41,51.042845117845125,42.0,2.4266666666666667,299,-0.4666666666666666,-1.0783333333333334,0.0,-0.06333333333333334,-8.318849206349205,-11.662425595238096,-4.938214285714286,-2.2388888888888885,-5.239027777777778,0.8116666666666661
5,2,4,as|gap&mrg&ovl&tzi,1,1,58.388095238095225,2.42,51.042845117845125,42.0,2.4266666666666667,299,-0.4666666666666666,-1.0783333333333334,0.0,-0.06333333333333334,-8.318849206349205,-11.662425595238096,-4.938214285714286,-2.2388888888888885,-5.239027777777778,0.8116666666666661
6,2,5,as|cnf&gap&mrg&ovl&tzi,1,1,58.388095238095225,2.42,51.042845117845125,42.0,2.4266666666666667,299,-0.4666666666666666,-1.0783333333333334,0.0,-0.06333333333333334,-8.318849206349205,-11.662425595238096,-4.938214285714286,-2.2388888888888885,-5.239027777777778,0.8116666666666661
3,2,2,as&cnf|ovl,0,1,58.02619047619048,2.22,50.96665464165464,42.333333333333336,2.243333333333333,299,-0.5428571428571428,-1.9982539682539682,0.786428571428571,-0.24666666666666667,-8.395039682539682,-11.51579861111111,-5.437733134920634,-2.315079365079365,-5.2357539682539675,0.966706349206349
5,3,3,as|cnf&gap&mrg|ovl,1,1,58.02619047619048,2.15,50.89998797498797,42.0,2.1533333333333333,300,-0.6095238095238095,-2.0619444444444444,0.7011904761904751,-0.33666666666666667,-8.461706349206349,-11.573055555555557,-5.531468253968255,-2.3817460317460313,-5.2931349206349205,0.8866071428571428
5,3,3,as|cnf&mrg&tzi|ovl,1,1,58.02619047619048,2.15,50.89998797498797,42.0,2.1733333333333333,300,-0.6095238095238095,-2.0619444444444444,0.7011904761904751,-0.31666666666666665,-8.461706349206349,-11.573055555555557,-5.531468253968255,-2.3817460317460313,-5.2931349206349205,0.8866071428571428
6,3,4,as|cnf&gap&mrg&tzi|ovl,1,1,58.02619047619048,2.15,50.89998797498797,42.0,2.1733333333333333,300,-0.6095238095238095,-2.0619444444444444,0.7011904761904751,-0.31666666666666665,-8.461706349206349,-11.573055555555557,-5.531468253968255,-2.3817460317460313,-5.2931349206349205,0.8866071428571428
2,2,1,as|ovl,0,1,58.02619047619048,2.22,50.89998797498797,42.0,2.22,300,-0.6095238095238095,-2.0619444444444444,0.7011904761904751,-0.27,-8.461706349206349,-11.573055555555557,-5.531468253968255,-2.3817460317460313,-5.2931349206349205,0.8866071428571428
3,2,2,as|cnf&ovl,0,1,58.95952380952381,2.26,50.876178451178454,42.0,2.223333333333333,300,-0.6333333333333333,-2.0999999999999996,0.6783333333333328,-0.26666666666666666,-8.48551587301587,-11.606309523809525,-5.549122023809523,-2.405555555555555,-5.322361111111111,0.8666666666666666
6,4,2,as|cnf&gap|mrg&tzi|ovl,1,1,55.79761904761905,1.91,50.80474987974988,42.0,1.8733333333333333,300,-0.7047619047619047,-2.9667063492063495,1.3016269841269843,-0.6166666666666667,-8.556944444444444,-11.946145833333334,-5.088888888888889,-2.4769841269841266,-5.734761904761905,0.9683730158730157
6,3,2,as&cnf|gap&mrg|ovl&tzi,1,1,59.159523809523805,2.14,50.803956228956224,42.0,2.03,298,-0.7055555555555555,-2.366111111111111,0.7876984126984123,-0.46,-8.557738095238095,-11.648273809523808,-5.305773809523809,-2.477777777777778,-5.754543650793651,0.8707341269841259
5,3,2,as|gap&mrg|ovl&tzi,1,1,59.159523809523805,2.1,50.737289562289554,41.66666666666667,2.013333333333333,299,-0.7722222222222224,-2.4286309523809524,0.703333333333333,-0.4766666666666667,-8.624404761904762,-11.714940476190476,-5.356626984126984,-2.5444444444444443,-5.810575396825398,0.8205753968253963
6,3,3,as|cnf&ovl&tzi|gap&mrg,1,1,59.159523809523805,2.1,50.737289562289554,41.66666666666667,2.013333333333333,299,-0.7722222222222224,-2.4286309523809524,0.703333333333333,-0.4766666666666667,-8.624404761904762,-11.714940476190476,-5.356626984126984,-2.5444444444444443,-5.810575396825398,0.8205753968253963
4,2,2,as&cnf|gap&ovl,0,1,58.388095238095225,2.43,50.60951178451178,42.0,2.3533333333333335,298,-0.8999999999999999,-2.155555555555556,0.06666666666666665,-0.13666666666666666,-8.752182539682538,-11.93670138888889,-5.753735119047619,-2.672222222222222,-5.75625,0.44444444444444453
4,2,2,as&cnf|ovl&tzi,0,1,58.388095238095225,2.42,50.60951178451178,42.0,2.3833333333333333,298,-0.8999999999999999,-2.155555555555556,0.06666666666666665,-0.10666666666666667,-8.752182539682538,-11.93670138888889,-5.753735119047619,-2.672222222222222,-5.75625,0.44444444444444453
5,2,3,as&cnf|gap&ovl&tzi,0,1,58.388095238095225,2.43,50.60951178451178,42.0,2.3833333333333333,298,-0.8999999999999999,-2.155555555555556,0.06666666666666665,-0.10666666666666667,-8.752182539682538,-11.93670138888889,-5.753735119047619,-2.672222222222222,-5.75625,0.44444444444444453
4,3,2,as|cnf&mrg|ovl,1,1,58.02619047619048,2.12,50.56665464165464,41.66666666666667,2.1066666666666665,300,-0.9428571428571427,-2.4446428571428576,0.43670634920634926,-0.38333333333333336,-8.795039682539683,-11.895679563492063,-5.733973214285715,-2.7150793650793648,-5.634206349206349,0.3350198412698412
5,3,2,as|cnf&mrg|gap&ovl,1,1,57.388095238095225,2.18,50.542845117845125,41.66666666666667,2.15,300,-0.9666666666666667,-2.4558333333333335,0.42222222222222217,-0.34,-8.818849206349205,-11.933373015873014,-5.7345684523809535,-2.7388888888888885,-5.678472222222221,0.27277777777777734
5,3,2,as|cnf&mrg|ovl&tzi,1,1,57.388095238095225,2.18,50.542845117845125,41.66666666666667,2.16,300,-0.9666666666666667,-2.4558333333333335,0.42222222222222217,-0.33,-8.818849206349205,-11.933373015873014,-5.7345684523809535,-2.7388888888888885,-5.678472222222221,0.27277777777777734
6,3,3,as|cnf&mrg|gap&ovl&tzi,1,1,57.388095238095225,2.18,50.542845117845125,41.66666666666667,2.16,300,-0.9666666666666667,-2.4558333333333335,0.42222222222222217,-0.33,-8.818849206349205,-11.933373015873014,-5.7345684523809535,-2.7388888888888885,-5.678472222222221,0.27277777777777734
6,3,3,as|cnf&gap&mrg|ovl&tzi,1,1,58.388095238095225,2.31,50.542845117845125,41.66666666666667,2.27,299,-0.9666666666666667,-2.222222222222222,0.0,-0.22,-8.818849206349206,-12.003368055555555,-5.818878968253968,-2.7388888888888885,-5.756666666666666,0.2948611111111108
6,3,3,as|cnf&mrg&tzi|gap&ovl,1,1,58.388095238095225,2.31,50.542845117845125,41.66666666666667,2.28,299,-0.9666666666666667,-2.222222222222222,0.0,-0.21,-8.818849206349206,-12.003368055555555,-5.818878968253968,-2.7388888888888885,-5.756666666666666,0.2948611111111108
3,2,2,as|gap&ovl,0,1,58.388095238095225,2.39,50.542845117845125,41.66666666666667,2.3266666666666667,299,-0.9666666666666667,-2.222222222222222,0.0,-0.16333333333333333,-8.818849206349206,-12.003368055555555,-5.818878968253968,-2.7388888888888885,-5.756666666666666,0.2948611111111108
4,2,3,as|cnf&gap&ovl,0,1,58.388095238095225,2.39,50.542845117845125,41.66666666666667,2.3266666666666667,299,-0.9666666666666667,-2.222222222222222,0.0,-0.16333333333333333,-8.818849206349206,-12.003368055555555,-5.818878968253968,-2.7388888888888885,-5.756666666666666,0.2948611111111108
3,2,2,as|ovl&tzi,0,1,58.388095238095225,2.38,50.542845117845125,41.66666666666667,2.3566666666666665,299,-0.9666666666666667,-2.222222222222222,0.0,-0.13333333333333333,-8.818849206349206,-12.003368055555555,-5.818878968253968,-2.7388888888888885,-5.756666666666666,0.2948611111111108
4,2,3,as|cnf&ovl&tzi,0,1,58.388095238095225,2.38,50.542845117845125,41.66666666666667,2.3566666666666665,299,-0.9666666666666667,-2.222222222222222,0.0,-0.13333333333333333,-8.818849206349206,-12.003368055555555,-5.818878968253968,-2.7388888888888885,-5.756666666666666,0.2948611111111108
4,2,3,as|gap&ovl&tzi,0,1,58.388095238095225,2.39,50.542845117845125,41.66666666666667,2.3566666666666665,299,-0.9666666666666667,-2.222222222222222,0.0,-0.13333333333333333,-8.818849206349206,-12.003368055555555,-5.818878968253968,-2.7388888888888885,-5.756666666666666,0.2948611111111108
5,2,4,as|cnf&gap&ovl&tzi,0,1,58.388095238095225,2.39,50.542845117845125,41.66666666666667,2.3566666666666665,299,-0.9666666666666667,-2.222222222222222,0.0,-0.13333333333333333,-8.818849206349206,-12.003368055555555,-5.818878968253968,-2.7388888888888885,-5.756666666666666,0.2948611111111108
5,3,2,as|cnf&gap|mrg&tzi,1,1,56.159523809523805,2.07,50.44760702260703,41.66666666666667,1.98,299,-1.061904761904762,-3.251230158730159,0.803333333333333,-0.51,-8.914087301587301,-12.401701388888892,-5.326939484126984,-2.834126984126984,-6.0968849206349205,0.4835912698412696
5,4,2,as|cnf&gap|mrg|ovl,1,1,54.79761904761905,1.71,50.32314814814814,41.333333333333336,1.7133333333333334,300,-1.1863636363636365,-3.820178571428571,1.002085137085137,-0.7766666666666666,-9.038546176046175,-12.721705447330445,-5.259285714285715,-2.958585858585858,-6.5553084415584415,0.44462662337662295
5,4,2,as|cnf&tzi|mrg|ovl,1,1,54.79761904761905,1.72,50.32314814814814,41.333333333333336,1.72,300,-1.1863636363636365,-3.820178571428571,1.002085137085137,-0.77,-9.038546176046175,-12.721705447330445,-5.259285714285715,-2.958585858585858,-6.5553084415584415,0.44462662337662295
6,4,3,as|cnf&gap&tzi|mrg|ovl,1,1,54.79761904761905,1.72,50.32314814814814,41.333333333333336,1.72,300,-1.1863636363636365,-3.820178571428571,1.002085137085137,-0.77,-9.038546176046175,-12.721705447330445,-5.259285714285715,-2.958585858585858,-6.5553084415584415,0.44462662337662295
4,3,2,as|cnf&gap|mrg,1,1,54.226190476190474,1.76,50.32314814814814,41.333333333333336,1.75,300,-1.1863636363636365,-3.820178571428571,1.002085137085137,-0.74,-9.038546176046175,-12.721705447330445,-5.259285714285715,-2.958585858585858,-6.5553084415584415,0.44462662337662295
6,4,2,as|cnf&gap|mrg|ovl&tzi,1,1,54.226190476190474,1.76,50.32314814814814,41.333333333333336,1.75,300,-1.1863636363636365,-3.820178571428571,1.002085137085137,-0.74,-9.038546176046175,-12.721705447330445,-5.259285714285715,-2.958585858585858,-6.5553084415584415,0.44462662337662295
6,4,2,as|cnf&tzi|gap&ovl|mrg,1,1,54.226190476190474,1.77,50.32314814814814,41.333333333333336,1.7566666666666666,300,-1.1863636363636365,-3.820178571428571,1.002085137085137,-0.7333333333333333,-9.038546176046175,-12.721705447330445,-5.259285714285715,-2.958585858585858,-6.5553084415584415,0.44462662337662295
4,3,2,as|cnf&tzi|mrg,1,1,54.226190476190474,1.77,50.32314814814814,41.333333333333336,1.7666666666666666,300,-1.1863636363636365,-3.820178571428571,1.002085137085137,-0.7233333333333334,-9.038546176046175,-12.721705447330445,-5.259285714285715,-2.958585858585858,-6.5553084415584415,0.44462662337662295
5,3,3,as|cnf&gap&tzi|mrg,1,1,54.226190476190474,1.77,50.32314814814814,41.333333333333336,1.7666666666666666,300,-1.1863636363636365,-3.820178571428571,1.002085137085137,-0.7233333333333334,-9.038546176046175,-12.721705447330445,-5.259285714285715,-2.958585858585858,-6.5553084415584415,0.44462662337662295
6,4,2,as|cnf&tzi|gap&mrg|ovl,1,1,55.79761904761905,1.87,50.20554353054354,41.333333333333336,1.8566666666666667,300,-1.3039682539682538,-3.7224801587301584,0.7482738095238088,-0.6333333333333333,-9.156150793650793,-12.688695436507935,-5.465684523809525,-3.076190476190476,-6.6702579365079355,0.5589484126984119
4,3,2,as|cnf&gap|ovl,0,1,55.026190476190486,2.07,50.01109908609907,41.333333333333336,2.0966666666666667,300,-1.4984126984126984,-3.5955555555555554,0.46825396825396837,-0.3933333333333333,-9.350595238095236,-12.755952380952381,-5.901071428571428,-3.2706349206349197,-6.42063492063492,0.028472222222221562
4,3,2,as|cnf&tzi|ovl,0,1,55.026190476190486,2.08,50.01109908609907,41.333333333333336,2.1233333333333335,300,-1.4984126984126984,-3.5955555555555554,0.46825396825396837,-0.36666666666666664,-9.350595238095236,-12.755952380952381,-5.901071428571428,-3.2706349206349197,-6.42063492063492,0.028472222222221562
5,3,3,as|cnf&gap&tzi|ovl,0,1,55.026190476190486,2.08,50.01109908609907,41.333333333333336,2.1233333333333335,300,-1.4984126984126984,-3.5955555555555554,0.46825396825396837,-0.36666666666666664,-9.350595238095236,-12.755952380952381,-5.901071428571428,-3.2706349206349197,-6.42063492063492,0.028472222222221562
5,3,2,as|cnf&gap|mrg&ovl,1,1,54.45476190476191,2.12,49.98728956228956,41.333333333333336,2.1433333333333335,300,-1.5222222222222221,-3.6338888888888894,0.44444444444444453,-0.3466666666666667,-9.374404761904762,-12.76079861111111,-5.9235267857142855,-3.2944444444444443,-6.444444444444445,0.028472222222221562
5,3,2,as|cnf&tzi|mrg&ovl,1,1,54.45476190476191,2.13,49.98728956228956,41.333333333333336,2.18,300,-1.5222222222222221,-3.6338888888888894,0.44444444444444453,-0.31,-9.374404761904762,-12.76079861111111,-5.9235267857142855,-3.2944444444444443,-6.444444444444445,0.028472222222221562
6,3,3,as|cnf&gap&tzi|mrg&ovl,1,1,54.45476190476191,2.13,49.98728956228956,41.333333333333336,2.18,300,-1.5222222222222221,-3.6338888888888894,0.44444444444444453,-0.31,-9.374404761904762,-12.76079861111111,-5.9235267857142855,-3.2944444444444443,-6.444444444444445,0.028472222222221562
5,3,2,as|cnf&tzi|gap&mrg,1,1,56.159523809523805,2.03,49.848400673400675,41.0,1.9733333333333334,299,-1.6611111111111112,-4.0558531746031745,0.26230158730158704,-0.5166666666666667,-9.51329365079365,-13.227678571428573,-5.826299603174603,-3.4333333333333327,-6.934126984126984,-0.04972222222222314
3,2,2,as|cnf&gap,0,1,55.38809523809524,2.24,49.653956228956226,41.0,2.203333333333333,299,-1.8555555555555554,-3.8002777777777776,-0.15500000000000047,-0.2866666666666667,-9.707738095238094,-13.147534722222224,-6.2012648809523805,-3.6277777777777778,-6.889166666666667,-0.42194444444444484
5,3,2,as|cnf&gap|ovl&tzi,0,1,55.38809523809524,2.23,49.653956228956226,41.0,2.203333333333333,299,-1.8555555555555554,-3.8002777777777776,-0.15500000000000047,-0.2866666666666667,-9.707738095238094,-13.147534722222224,-6.2012648809523805,-3.6277777777777778,-6.889166666666667,-0.42194444444444484
6,3,3,as|cnf&gap|mrg&ovl&tzi,1,1,55.38809523809524,2.23,49.653956228956226,41.0,2.203333333333333,299,-1.8555555555555554,-3.8002777777777776,-0.15500000000000047,-0.2866666666666667,-9.707738095238094,-13.147534722222224,-6.2012648809523805,-3.6277777777777778,-6.889166666666667,-0.42194444444444484
5,3,2,as|cnf&tzi|gap&ovl,0,1,55.38809523809524,2.24,49.653956228956226,41.0,2.23,299,-1.8555555555555554,-3.8002777777777776,-0.15500000000000047,-0.26,-9.707738095238094,-13.147534722222224,-6.2012648809523805,-3.6277777777777778,-6.889166666666667,-0.42194444444444484
6,3,3,as|cnf&tzi|gap&mrg&ovl,1,1,55.38809523809524,2.24,49.653956228956226,41.0,2.24,299,-1.8555555555555554,-3.8002777777777776,-0.15500000000000047,-0.25,-9.707738095238094,-13.147534722222224,-6.2012648809523805,-3.6277777777777778,-6.889166666666667,-0.42194444444444484
3,2,2,as|cnf&tzi,0,1,55.38809523809524,2.24,49.653956228956226,41.0,2.26,299,-1.8555555555555554,-3.8002777777777776,-0.15500000000000047,-0.23,-9.707738095238094,-13.147534722222224,-6.2012648809523805,-3.6277777777777778,-6.889166666666667,-0.42194444444444484
4,2,3,as|cnf&gap&tzi,0,1,55.38809523809524,2.25,49.653956228956226,41.0,2.26,299,-1.8555555555555554,-3.8002777777777776,-0.15500000000000047,-0.23,-9.707738095238094,-13.147534722222224,-6.2012648809523805,-3.6277777777777778,-6.889166666666667,-0.42194444444444484
5,4,2,as|cnf|mrg&tzi|ovl,1,1,55.79761904761905,1.85,49.51903559403559,41.0,1.7866666666666666,300,-1.9904761904761905,-4.514682539682541,0.36837301587301574,-0.7033333333333334,-9.84265873015873,-13.387579365079363,-5.98468253968254,-3.7626984126984127,-7.179404761904763,-0.14281746031746131
6,4,3,as|cnf|gap&mrg&tzi|ovl,1,1,55.79761904761905,1.86,49.51903559403559,41.0,1.7866666666666666,300,-1.9904761904761905,-4.514682539682541,0.36837301587301574,-0.7033333333333334,-9.84265873015873,-13.387579365079363,-5.98468253968254,-3.7626984126984127,-7.179404761904763,-0.14281746031746131
6,4,2,as&gap|cnf|mrg&tzi|ovl,1,1,55.79761904761905,1.85,49.51903559403559,41.0,1.79,300,-1.9904761904761905,-4.514682539682541,0.36837301587301574,-0.7,-9.84265873015873,-13.387579365079363,-5.98468253968254,-3.7626984126984127,-7.179404761904763,-0.14281746031746131
4,3,2,as|cnf|mrg&tzi,1,1,55.73095238095237,1.87,49.49522607022607,41.0,1.79,300,-2.0142857142857142,-4.5540079365079364,0.34456349206349196,-0.7,-9.866468253968254,-13.389841269841268,-5.985277777777777,-3.7865079365079364,-7.1800000000000015,-0.14291666666666752
5,3,3,as|cnf|gap&mrg&tzi,1,1,55.73095238095237,1.88,49.49522607022607,41.0,1.79,300,-2.0142857142857142,-4.5540079365079364,0.34456349206349196,-0.7,-9.866468253968254,-13.389841269841268,-5.985277777777777,-3.7865079365079364,-7.1800000000000015,-0.14291666666666752
6,4,2,as|cnf|gap&ovl|mrg&tzi,1,1,55.73095238095237,1.87,49.49522607022607,41.0,1.79,300,-2.0142857142857142,-4.5540079365079364,0.34456349206349196,-0.7,-9.866468253968254,-13.389841269841268,-5.985277777777777,-3.7865079365079364,-7.1800000000000015,-0.14291666666666752
5,3,2,as&gap|cnf|mrg&tzi,1,1,55.73095238095237,1.9,49.49522607022607,41.0,1.7966666666666666,300,-2.0142857142857142,-4.5540079365079364,0.34456349206349196,-0.6933333333333334,-9.866468253968254,-13.389841269841268,-5.985277777777777,-3.7865079365079364,-7.1800000000000015,-0.14291666666666752
3,3,1,as|cnf|mrg,1,1,54.79761904761905,1.69,49.3707671957672,40.666666666666664,1.6766666666666667,300,-2.138744588744589,-4.901756854256854,0.33898448773448725,-0.8133333333333334,-9.990927128427128,-13.79902417027417,-5.927051767676769,-3.9109668109668108,-7.7364790764790765,-0.4820544733044737
4,4,1,as|cnf|mrg|ovl,1,1,54.79761904761905,1.68,49.3707671957672,40.666666666666664,1.6766666666666667,300,-2.138744588744589,-4.901756854256854,0.33898448773448725,-0.8133333333333334,-9.990927128427128,-13.79902417027417,-5.927051767676769,-3.9109668109668108,-7.7364790764790765,-0.4820544733044737
5,4,2,as|cnf|mrg|ovl&tzi,1,1,54.79761904761905,1.69,49.3707671957672,40.666666666666664,1.6766666666666667,300,-2.138744588744589,-4.901756854256854,0.33898448773448725,-0.8133333333333334,-9.990927128427128,-13.79902417027417,-5.927051767676769,-3.9109668109668108,-7.7364790764790765,-0.4820544733044737
5,4,2,as|cnf|gap&ovl|mrg,1,1,54.79761904761905,1.69,49.3707671957672,40.666666666666664,1.6766666666666667,300,-2.138744588744589,-4.901756854256854,0.33898448773448725,-0.8133333333333334,-9.990927128427128,-13.79902417027417,-5.927051767676769,-3.9109668109668108,-7.7364790764790765,-0.4820544733044737
6,4,3,as|cnf|gap&ovl&tzi|mrg,1,1,54.79761904761905,1.69,49.3707671957672,40.666666666666664,1.6766666666666667,300,-2.138744588744589,-4.901756854256854,0.33898448773448725,-0.8133333333333334,-9.990927128427128,-13.79902417027417,-5.927051767676769,-3.9109668109668108,-7.7364790764790765,-0.4820544733044737
5,4,2,as&tzi|cnf|mrg|ovl,1,1,54.79761904761905,1.68,49.3707671957672,40.666666666666664,1.68,300,-2.138744588744589,-4.901756854256854,0.33898448773448725,-0.81,-9.990927128427128,-13.79902417027417,-5.927051767676769,-3.9109668109668108,-7.7364790764790765,-0.4820544733044737
5,4,2,as&gap|cnf|mrg|ovl,1,1,54.79761904761905,1.68,49.3707671957672,40.666666666666664,1.68,300,-2.138744588744589,-4.901756854256854,0.33898448773448725,-0.81,-9.990927128427128,-13.79902417027417,-5.927051767676769,-3.9109668109668108,-7.7364790764790765,-0.4820544733044737
6,4,3,as&gap&tzi|cnf|mrg|ovl,1,1,54.79761904761905,1.68,49.3707671957672,40.666666666666664,1.68,300,-2.138744588744589,-4.901756854256854,0.33898448773448725,-0.81,-9.990927128427128,-13.79902417027417,-5.927051767676769,-3.9109668109668108,-7.7364790764790765,-0.4820544733044737
4,3,2,as&tzi|cnf|mrg,1,1,54.79761904761905,1.7,49.3707671957672,40.666666666666664,1.6833333333333333,300,-2.138744588744589,-4.901756854256854,0.33898448773448725,-0.8066666666666666,-9.990927128427128,-13.79902417027417,-5.927051767676769,-3.9109668109668108,-7.7364790764790765,-0.4820544733044737
4,3,2,as&gap|cnf|mrg,1,1,54.79761904761905,1.7,49.3707671957672,40.666666666666664,1.6833333333333333,300,-2.138744588744589,-4.901756854256854,0.33898448773448725,-0.8066666666666666,-9.990927128427128,-13.79902417027417,-5.927051767676769,-3.9109668109668108,-7.7364790764790765,-0.4820544733044737
5,3,3,as&gap&tzi|cnf|mrg,1,1,54.79761904761905,1.7,49.3707671957672,40.666666666666664,1.6833333333333333,300,-2.138744588744589,-4.901756854256854,0.33898448773448725,-0.8066666666666666,-9.990927128427128,-13.79902417027417,-5.927051767676769,-3.9109668109668108,-7.7364790764790765,-0.4820544733044737
6,4,2,as&gap|cnf|mrg|ovl&tzi,1,1,54.79761904761905,1.7,49.3707671957672,40.666666666666664,1.6833333333333333,300,-2.138744588744589,-4.901756854256854,0.33898448773448725,-0.8066666666666666,-9.990927128427128,-13.79902417027417,-5.927051767676769,-3.9109668109668108,-7.7364790764790765,-0.4820544733044737
6,4,2,as&tzi|cnf|gap&ovl|mrg,1,1,54.79761904761905,1.7,49.3707671957672,40.666666666666664,1.6833333333333333,300,-2.138744588744589,-4.901756854256854,0.33898448773448725,-0.8066666666666666,-9.990927128427128,-13.79902417027417,-5.927051767676769,-3.9109668109668108,-7.7364790764790765,-0.4820544733044737
4,3,2,cnf|mrg&tzi|ovl,1,0,55.79761904761905,1.85,49.252368927368934,41.0,1.7933333333333332,300,-2.257142857142857,-4.85765873015873,0.10785714285714156,-0.6966666666666667,-10.109325396825396,-13.720912698412697,-6.210833333333333,-4.029365079365079,-7.541428571428573,-0.528789682539683
5,3,3,cnf|gap&mrg&tzi|ovl,1,0,55.79761904761905,1.86,49.252368927368934,41.0,1.7933333333333332,300,-2.257142857142857,-4.85765873015873,0.10785714285714156,-0.6966666666666667,-10.109325396825396,-13.720912698412697,-6.210833333333333,-4.029365079365079,-7.541428571428573,-0.528789682539683
5,3,2,as&ovl|cnf|mrg&tzi,1,1,55.73095238095237,1.87,49.22855940355941,41.0,1.7966666666666666,300,-2.280952380952381,-4.87468253968254,0.10666666666666644,-0.6933333333333334,-10.13313492063492,-13.768055555555556,-6.234642857142856,-4.053174603174603,-7.542023809523809,-0.5974801587301594
6,3,3,as&ovl|cnf|gap&mrg&tzi,1,1,55.73095238095237,1.88,49.22855940355941,41.0,1.7966666666666666,300,-2.280952380952381,-4.87468253968254,0.10666666666666644,-0.6933333333333334,-10.13313492063492,-13.768055555555556,-6.234642857142856,-4.053174603174603,-7.542023809523809,-0.5974801587301594
5,3,2,cnf|gap&ovl|mrg&tzi,1,0,55.73095238095237,1.9,49.22855940355941,41.0,1.8,300,-2.280952380952381,-4.87468253968254,0.10666666666666644,-0.69,-10.13313492063492,-13.768055555555556,-6.234642857142856,-4.053174603174603,-7.542023809523809,-0.5974801587301594
6,3,3,as&gap&ovl|cnf|mrg&tzi,1,1,55.73095238095237,1.9,49.22855940355941,41.0,1.8,300,-2.280952380952381,-4.87468253968254,0.10666666666666644,-0.69,-10.13313492063492,-13.768055555555556,-6.234642857142856,-4.053174603174603,-7.542023809523809,-0.5974801587301594
3,3,1,cnf|mrg|ovl,1,0,54.79761904761905,1.68,49.10410052910053,40.666666666666664,1.6833333333333333,300,-2.4054112554112557,-5.346058802308802,0.055101010101010026,-0.8066666666666666,-10.257593795093795,-14.163443813131313,-6.190032467532467,-4.177633477633478,-7.932198773448775,-0.7570580808080817
4,3,2,as&ovl|cnf|mrg,1,1,54.79761904761905,1.69,49.10410052910053,40.666666666666664,1.6833333333333333,300,-2.4054112554112557,-5.346058802308802,0.055101010101010026,-0.8066666666666666,-10.257593795093795,-14.163443813131313,-6.190032467532467,-4.177633477633478,-7.932198773448775,-0.7570580808080817
4,3,2,cnf|mrg|ovl&tzi,1,0,54.79761904761905,1.7,49.10410052910053,40.666666666666664,1.6866666666666668,300,-2.4054112554112557,-5.346058802308802,0.055101010101010026,-0.8033333333333333,-10.257593795093795,-14.163443813131313,-6.190032467532467,-4.177633477633478,-7.932198773448775,-0.7570580808080817
4,3,2,cnf|gap&ovl|mrg,1,0,54.79761904761905,1.7,49.10410052910053,40.666666666666664,1.6866666666666668,300,-2.4054112554112557,-5.346058802308802,0.055101010101010026,-0.8033333333333333,-10.257593795093795,-14.163443813131313,-6.190032467532467,-4.177633477633478,-7.932198773448775,-0.7570580808080817
5,3,3,as&ovl&tzi|cnf|mrg,1,1,54.79761904761905,1.7,49.10410052910053,40.666666666666664,1.6866666666666668,300,-2.4054112554112557,-5.346058802308802,0.055101010101010026,-0.8033333333333333,-10.257593795093795,-14.163443813131313,-6.190032467532467,-4.177633477633478,-7.932198773448775,-0.7570580808080817
5,3,3,as&gap&ovl|cnf|mrg,1,1,54.79761904761905,1.7,49.10410052910053,40.666666666666664,1.6866666666666668,300,-2.4054112554112557,-5.346058802308802,0.055101010101010026,-0.8033333333333333,-10.257593795093795,-14.163443813131313,-6.190032467532467,-4.177633477633478,-7.932198773448775,-0.7570580808080817
5,3,3,cnf|gap&ovl&tzi|mrg,1,0,54.79761904761905,1.7,49.10410052910053,40.666666666666664,1.6866666666666668,300,-2.4054112554112557,-5.346058802308802,0.055101010101010026,-0.8033333333333333,-10.257593795093795,-14.163443813131313,-6.190032467532467,-4.177633477633478,-7.932198773448775,-0.7570580808080817
6,3,4,as&gap&ovl&tzi|cnf|mrg,1,1,54.79761904761905,1.7,49.10410052910053,40.666666666666664,1.6866666666666668,300,-2.4054112554112557,-5.346058802308802,0.055101010101010026,-0.8033333333333333,-10.257593795093795,-14.163443813131313,-6.190032467532467,-4.177633477633478,-7.932198773448775,-0.7570580808080817
5,4,2,as|cnf|gap&mrg|ovl,1,1,55.79761904761905,1.8,48.91982924482925,40.33333333333333,1.7633333333333334,300,-2.58968253968254,-5.233174603174603,-0.061567460317460625,-0.7266666666666667,-10.44186507936508,-14.089722222222223,-6.5138492063492075,-4.361904761904762,-7.961190476190476,-0.9225000000000004
6,4,2,as&tzi|cnf|gap&mrg|ovl,1,1,55.79761904761905,1.8,48.91982924482925,40.33333333333333,1.7666666666666666,300,-2.58968253968254,-5.233174603174603,-0.061567460317460625,-0.7233333333333334,-10.44186507936508,-14.089722222222223,-6.5138492063492075,-4.361904761904762,-7.961190476190476,-0.9225000000000004
4,3,2,as|cnf|gap&mrg,1,1,55.73095238095237,1.82,48.89601972101973,40.33333333333333,1.7666666666666666,300,-2.6134920634920635,-5.235277777777777,-0.08246031746031811,-0.7233333333333334,-10.465674603174604,-14.089722222222223,-6.538253968253968,-4.385714285714286,-7.961765873015872,-0.9261111111111111
6,4,2,as|cnf|gap&mrg|ovl&tzi,1,1,55.73095238095237,1.82,48.89601972101973,40.33333333333333,1.7666666666666666,300,-2.6134920634920635,-5.235277777777777,-0.08246031746031811,-0.7233333333333334,-10.465674603174604,-14.089722222222223,-6.538253968253968,-4.385714285714286,-7.961765873015872,-0.9261111111111111
5,3,2,as&tzi|cnf|gap&mrg,1,1,55.73095238095237,1.85,48.89601972101973,40.33333333333333,1.7733333333333334,300,-2.6134920634920635,-5.235277777777777,-0.08246031746031811,-0.7166666666666667,-10.465674603174604,-14.089722222222223,-6.538253968253968,-4.385714285714286,-7.961765873015872,-0.9261111111111111
3,2,2,cnf|mrg&tzi,1,0,55.73095238095237,1.9,48.89522607022607,40.666666666666664,1.8033333333333332,300,-2.6142857142857143,-5.162857142857144,-0.12035714285714315,-0.6866666666666666,-10.466468253968255,-14.135396825396827,-6.669414682539683,-4.386507936507936,-7.805535714285712,-1.0164484126984128
4,2,3,cnf|gap&mrg&tzi,1,0,55.73095238095237,1.91,48.89522607022607,40.666666666666664,1.8033333333333332,300,-2.6142857142857143,-5.162857142857144,-0.12035714285714315,-0.6866666666666666,-10.466468253968255,-14.135396825396827,-6.669414682539683,-4.386507936507936,-7.805535714285712,-1.0164484126984128
2,2,1,cnf|mrg,1,0,54.79761904761905,1.7,48.77076719576719,40.33333333333333,1.69,300,-2.738744588744589,-5.669161255411255,-0.15189213564213666,-0.8,-10.59092712842713,-14.564822781385283,-6.610703914141415,-4.510966810966812,-8.11281746031746,-1.3048773448773454
3,3,1,as|cnf|ovl,0,1,55.026190476190486,2.01,48.7253848003848,40.33333333333333,2.01,300,-2.7841269841269844,-5.157500000000001,-0.5396825396825395,-0.48,-10.636309523809523,-14.121671626984126,-7.028487103174606,-4.556349206349205,-7.95563492063492,-1.1693055555555565
4,3,2,as&tzi|cnf|ovl,0,1,55.026190476190486,2.01,48.7253848003848,40.33333333333333,2.013333333333333,300,-2.7841269841269844,-5.157500000000001,-0.5396825396825395,-0.4766666666666667,-10.636309523809523,-14.121671626984126,-7.028487103174606,-4.556349206349205,-7.95563492063492,-1.1693055555555565
4,3,2,as&gap|cnf|ovl,0,1,55.026190476190486,2.01,48.7253848003848,40.33333333333333,2.013333333333333,300,-2.7841269841269844,-5.157500000000001,-0.5396825396825395,-0.4766666666666667,-10.636309523809523,-14.121671626984126,-7.028487103174606,-4.556349206349205,-7.95563492063492,-1.1693055555555565
5,3,3,as&gap&tzi|cnf|ovl,0,1,55.026190476190486,2.01,48.7253848003848,40.33333333333333,2.013333333333333,300,-2.7841269841269844,-5.157500000000001,-0.5396825396825395,-0.4766666666666667,-10.636309523809523,-14.121671626984126,-7.028487103174606,-4.556349206349205,-7.95563492063492,-1.1693055555555565
2,2,1,as|cnf,0,1,54.9595238095238,2.03,48.701575276575284,40.33333333333333,2.013333333333333,300,-2.8079365079365077,-5.171507936507937,-0.574325396825397,-0.4766666666666667,-10.660119047619048,-14.168695436507933,-7.0522966269841305,-4.58015873015873,-8.002460317460319,-1.1931150793650804
4,3,2,as|cnf|mrg&ovl,1,1,55.026190476190486,2.02,48.701575276575284,40.33333333333333,2.013333333333333,300,-2.8079365079365077,-5.171507936507937,-0.574325396825397,-0.4766666666666667,-10.660119047619048,-14.168695436507933,-7.0522966269841305,-4.58015873015873,-8.002460317460319,-1.1931150793650804
4,3,2,as|cnf|ovl&tzi,0,1,54.9595238095238,2.03,48.701575276575284,40.33333333333333,2.013333333333333,300,-2.8079365079365077,-5.171507936507937,-0.574325396825397,-0.4766666666666667,-10.660119047619048,-14.168695436507933,-7.0522966269841305,-4.58015873015873,-8.002460317460319,-1.1931150793650804
4,3,2,as|cnf|gap&ovl,0,1,54.9595238095238,2.03,48.701575276575284,40.33333333333333,2.013333333333333,300,-2.8079365079365077,-5.171507936507937,-0.574325396825397,-0.4766666666666667,-10.660119047619048,-14.168695436507933,-7.0522966269841305,-4.58015873015873,-8.002460317460319,-1.1931150793650804
5,3,3,as|cnf|mrg&ovl&tzi,1,1,54.9595238095238,2.03,48.701575276575284,40.33333333333333,2.013333333333333,300,-2.8079365079365077,-5.171507936507937,-0.574325396825397,-0.4766666666666667,-10.660119047619048,-14.168695436507933,-7.0522966269841305,-4.58015873015873,-8.002460317460319,-1.1931150793650804
5,3,3,as|cnf|gap&mrg&ovl,1,1,54.9595238095238,2.03,48.701575276575284,40.33333333333333,2.013333333333333,300,-2.8079365079365077,-5.171507936507937,-0.574325396825397,-0.4766666666666667,-10.660119047619048,-14.168695436507933,-7.0522966269841305,-4.58015873015873,-8.002460317460319,-1.1931150793650804
5,3,3,as|cnf|gap&ovl&tzi,0,1,54.9595238095238,2.03,48.701575276575284,40.33333333333333,2.013333333333333,300,-2.8079365079365077,-5.171507936507937,-0.574325396825397,-0.4766666666666667,-10.660119047619048,-14.168695436507933,-7.0522966269841305,-4.58015873015873,-8.002460317460319,-1.1931150793650804
6,3,4,as|cnf|gap&mrg&ovl&tzi,1,1,54.9595238095238,2.03,48.701575276575284,40.33333333333333,2.013333333333333,300,-2.8079365079365077,-5.171507936507937,-0.574325396825397,-0.4766666666666667,-10.660119047619048,-14.168695436507933,-7.0522966269841305,-4.58015873015873,-8.002460317460319,-1.1931150793650804
3,2,2,as&tzi|cnf,0,1,54.9595238095238,2.06,48.701575276575284,40.33333333333333,2.02,300,-2.8079365079365077,-5.171507936507937,-0.574325396825397,-0.47,-10.660119047619048,-14.168695436507933,-7.0522966269841305,-4.58015873015873,-8.002460317460319,-1.1931150793650804
3,2,2,as&gap|cnf,0,1,54.9595238095238,2.06,48.701575276575284,40.33333333333333,2.02,300,-2.8079365079365077,-5.171507936507937,-0.574325396825397,-0.47,-10.660119047619048,-14.168695436507933,-7.0522966269841305,-4.58015873015873,-8.002460317460319,-1.1931150793650804
4,2,3,as&gap&tzi|cnf,0,1,54.9595238095238,2.06,48.701575276575284,40.33333333333333,2.02,300,-2.8079365079365077,-5.171507936507937,-0.574325396825397,-0.47,-10.660119047619048,-14.168695436507933,-7.0522966269841305,-4.58015873015873,-8.002460317460319,-1.1931150793650804
5,3,2,as&tzi|cnf|mrg&ovl,1,1,55.026190476190486,2.03,48.701575276575284,40.33333333333333,2.02,300,-2.8079365079365077,-5.171507936507937,-0.574325396825397,-0.47,-10.660119047619048,-14.168695436507933,-7.0522966269841305,-4.58015873015873,-8.002460317460319,-1.1931150793650804
5,3,2,as&gap|cnf|mrg&ovl,1,1,55.026190476190486,2.03,48.701575276575284,40.33333333333333,2.02,300,-2.8079365079365077,-5.171507936507937,-0.574325396825397,-0.47,-10.660119047619048,-14.168695436507933,-7.0522966269841305,-4.58015873015873,-8.002460317460319,-1.1931150793650804
5,3,2,as&gap|cnf|ovl&tzi,0,1,54.9595238095238,2.06,48.701575276575284,40.33333333333333,2.02,300,-2.8079365079365077,-5.171507936507937,-0.574325396825397,-0.47,-10.660119047619048,-14.168695436507933,-7.0522966269841305,-4.58015873015873,-8.002460317460319,-1.1931150793650804
5,3,2,as&tzi|cnf|gap&ovl,0,1,54.9595238095238,2.06,48.701575276575284,40.33333333333333,2.02,300,-2.8079365079365077,-5.171507936507937,-0.574325396825397,-0.47,-10.660119047619048,-14.168695436507933,-7.0522966269841305,-4.58015873015873,-8.002460317460319,-1.1931150793650804
6,3,3,as&gap|cnf|mrg&ovl&tzi,1,1,54.9595238095238,2.06,48.701575276575284,40.33333333333333,2.02,300,-2.8079365079365077,-5.171507936507937,-0.574325396825397,-0.47,-10.660119047619048,-14.168695436507933,-7.0522966269841305,-4.58015873015873,-8.002460317460319,-1.1931150793650804
6,3,3,as&tzi|cnf|gap&mrg&ovl,1,1,54.9595238095238,2.06,48.701575276575284,40.33333333333333,2.02,300,-2.8079365079365077,-5.171507936507937,-0.574325396825397,-0.47,-10.660119047619048,-14.168695436507933,-7.0522966269841305,-4.58015873015873,-8.002460317460319,-1.1931150793650804
6,3,3,as&gap&tzi|cnf|mrg&ovl,1,1,55.026190476190486,2.03,48.701575276575284,40.33333333333333,2.02,300,-2.8079365079365077,-5.171507936507937,-0.574325396825397,-0.47,-10.660119047619048,-14.168695436507933,-7.0522966269841305,-4.58015873015873,-8.002460317460319,-1.1931150793650804
4,3,2,cnf|gap&mrg|ovl,1,0,55.79761904761905,1.8,48.65316257816258,40.33333333333333,1.77,300,-2.8563492063492064,-5.549781746031746,-0.39470238095238136,-0.72,-10.708531746031747,-14.430104166666668,-6.731121031746031,-4.628571428571428,-8.181746031746034,-1.1708928571428574
5,3,2,as&ovl|cnf|gap&mrg,1,1,55.73095238095237,1.82,48.629353054353054,40.33333333333333,1.7733333333333334,300,-2.8801587301587306,-5.609007936507936,-0.4189285714285716,-0.7166666666666667,-10.732341269841271,-14.45450892857143,-6.755545634920635,-4.652380952380953,-8.212757936507938,-1.1737500000000003
5,3,2,cnf|gap&mrg|ovl&tzi,1,0,55.73095238095237,1.85,48.629353054353054,40.33333333333333,1.7766666666666666,300,-2.8801587301587306,-5.609007936507936,-0.4189285714285716,-0.7133333333333334,-10.732341269841271,-14.45450892857143,-6.755545634920635,-4.652380952380953,-8.212757936507938,-1.1737500000000003
6,3,3,as&ovl&tzi|cnf|gap&mrg,1,1,55.73095238095237,1.85,48.629353054353054,40.33333333333333,1.7766666666666666,300,-2.8801587301587306,-5.609007936507936,-0.4189285714285716,-0.7133333333333334,-10.732341269841271,-14.45450892857143,-6.755545634920635,-4.652380952380953,-8.212757936507938,-1.1737500000000003
4,3,2,as&mrg|cnf|ovl,1,1,55.026190476190486,2.01,48.45871813371813,40.33333333333333,2.0233333333333334,300,-3.0507936507936506,-5.546230158730159,-0.7438888888888894,-0.4666666666666667,-10.90297619047619,-14.415396825396822,-7.144771825396827,-4.823015873015873,-8.18438492063492,-1.481150793650794
5,3,3,as&mrg&tzi|cnf|ovl,1,1,55.026190476190486,2.01,48.45871813371813,40.33333333333333,2.0233333333333334,300,-3.0507936507936506,-5.546230158730159,-0.7438888888888894,-0.4666666666666667,-10.90297619047619,-14.415396825396822,-7.144771825396827,-4.823015873015873,-8.18438492063492,-1.481150793650794
5,3,3,as&gap&mrg|cnf|ovl,1,1,55.026190476190486,2.01,48.45871813371813,40.33333333333333,2.0233333333333334,300,-3.0507936507936506,-5.546230158730159,-0.7438888888888894,-0.4666666666666667,-10.90297619047619,-14.415396825396822,-7.144771825396827,-4.823015873015873,-8.18438492063492,-1.481150793650794
6,3,4,as&gap&mrg&tzi|cnf|ovl,1,1,55.026190476190486,2.01,48.45871813371813,40.33333333333333,2.0233333333333334,300,-3.0507936507936506,-5.546230158730159,-0.7438888888888894,-0.4666666666666667,-10.90297619047619,-14.415396825396822,-7.144771825396827,-4.823015873015873,-8.18438492063492,-1.481150793650794
2,2,1,cnf|ovl,0,0,55.026190476190486,2.01,48.45871813371813,40.33333333333333,2.026666666666667,300,-3.0507936507936506,-5.546230158730159,-0.7438888888888894,-0.4633333333333333,-10.90297619047619,-14.415396825396822,-7.144771825396827,-4.823015873015873,-8.18438492063492,-1.481150793650794
3,2,2,as&ovl|cnf,0,1,54.9595238095238,2.03,48.43490860990861,40.33333333333333,2.03,300,-3.0746031746031743,-5.574682539682541,-0.792420634920636,-0.46,-10.926785714285714,-14.43924603174603,-7.144771825396827,-4.846825396825397,-8.231210317460318,-1.5043650793650802
5,3,2,as&mrg|cnf|ovl&tzi,1,1,54.9595238095238,2.04,48.43490860990861,40.33333333333333,2.03,300,-3.0746031746031743,-5.574682539682541,-0.792420634920636,-0.46,-10.926785714285714,-14.43924603174603,-7.144771825396827,-4.846825396825397,-8.231210317460318,-1.5043650793650802
5,3,2,as&mrg|cnf|gap&ovl,1,1,54.9595238095238,2.04,48.43490860990861,40.33333333333333,2.03,300,-3.0746031746031743,-5.574682539682541,-0.792420634920636,-0.46,-10.926785714285714,-14.43924603174603,-7.144771825396827,-4.846825396825397,-8.231210317460318,-1.5043650793650802
6,3,3,as&gap&mrg|cnf|ovl&tzi,1,1,54.9595238095238,2.06,48.43490860990861,40.33333333333333,2.03,300,-3.0746031746031743,-5.574682539682541,-0.792420634920636,-0.46,-10.926785714285714,-14.43924603174603,-7.144771825396827,-4.846825396825397,-8.231210317460318,-1.5043650793650802
6,3,3,as&mrg&tzi|cnf|gap&ovl,1,1,54.9595238095238,2.06,48.43490860990861,40.33333333333333,2.03,300,-3.0746031746031743,-5.574682539682541,-0.792420634920636,-0.46,-10.926785714285714,-14.43924603174603,-7.144771825396827,-4.846825396825397,-8.231210317460318,-1.5043650793650802
6,3,3,as&mrg|cnf|gap&ovl&tzi,1,1,54.9595238095238,2.04,48.43490860990861,40.33333333333333,2.03,300,-3.0746031746031743,-5.574682539682541,-0.792420634920636,-0.46,-10.926785714285714,-14.43924603174603,-7.144771825396827,-4.846825396825397,-8.231210317460318,-1.5043650793650802
3,2,2,cnf|ovl&tzi,0,0,54.9595238095238,2.06,48.43490860990861,40.33333333333333,2.033333333333333,300,-3.0746031746031743,-5.574682539682541,-0.792420634920636,-0.45666666666666667,-10.926785714285714,-14.43924603174603,-7.144771825396827,-4.846825396825397,-8.231210317460318,-1.5043650793650802
3,2,2,cnf|gap&ovl,0,0,54.9595238095238,2.06,48.43490860990861,40.33333333333333,2.033333333333333,300,-3.0746031746031743,-5.574682539682541,-0.792420634920636,-0.45666666666666667,-10.926785714285714,-14.43924603174603,-7.144771825396827,-4.846825396825397,-8.231210317460318,-1.5043650793650802
4,2,3,as&ovl&tzi|cnf,0,1,54.9595238095238,2.06,48.43490860990861,40.33333333333333,2.033333333333333,300,-3.0746031746031743,-5.574682539682541,-0.792420634920636,-0.45666666666666667,-10.926785714285714,-14.43924603174603,-7.144771825396827,-4.846825396825397,-8.231210317460318,-1.5043650793650802
4,2,3,as&gap&ovl|cnf,0,1,54.9595238095238,2.06,48.43490860990861,40.33333333333333,2.033333333333333,300,-3.0746031746031743,-5.574682539682541,-0.792420634920636,-0.45666666666666667,-10.926785714285714,-14.43924603174603,-7.144771825396827,-4.846825396825397,-8.231210317460318,-1.5043650793650802
4,2,3,cnf|gap&ovl&tzi,0,0,54.9595238095238,2.06,48.43490860990861,40.33333333333333,2.033333333333333,300,-3.0746031746031743,-5.574682539682541,-0.792420634920636,-0.45666666666666667,-10.926785714285714,-14.43924603174603,-7.144771825396827,-4.846825396825397,-8.231210317460318,-1.5043650793650802
5,2,4,as&gap&ovl&tzi|cnf,0,1,54.9595238095238,2.06,48.43490860990861,40.33333333333333,2.033333333333333,300,-3.0746031746031743,-5.574682539682541,-0.792420634920636,-0.45666666666666667,-10.926785714285714,-14.43924603174603,-7.144771825396827,-4.846825396825397,-8.231210317460318,-1.5043650793650802
3,2,2,cnf|gap&mrg,1,0,55.73095238095237,1.85,48.29601972101972,40.0,1.78,300,-3.2134920634920636,-5.89751984126984,-0.5904563492063494,-0.71,-11.065674603174603,-14.85759424603175,-7.051498015873016,-4.985714285714287,-8.481051587301588,-1.5895634920634922
4,2,2,gap&tzi|mrg&ovl,1,0,55.42619047619047,2.35,48.18579244829245,39.0,2.1966666666666668,243,-3.3237193362193365,-7.983708513708514,0.9446054292929276,-0.29333333333333333,-11.175901875901877,-15.605036075036075,-7.233600288600288,-5.095941558441559,-9.389194173881675,-0.5550946969696973
5,2,3,cnf&mrg&ovl|gap&tzi,1,0,56.35952380952381,2.4,48.18579244829245,39.0,2.1966666666666668,243,-3.3237193362193365,-7.983708513708514,0.9446054292929276,-0.29333333333333333,-11.175901875901877,-15.605036075036075,-7.233600288600288,-5.095941558441559,-9.389194173881675,-0.5550946969696973
3,2,2,as&mrg|cnf,1,1,54.9595238095238,2.04,48.10157527657528,40.0,2.0366666666666666,300,-3.407936507936508,-5.908412698412699,-1.0745634920634937,-0.4533333333333333,-11.260119047619046,-14.743566468253968,-7.539444444444446,-5.18015873015873,-8.361150793650793,-1.9960714285714287
4,2,3,as&mrg&tzi|cnf,1,1,54.9595238095238,2.06,48.10157527657528,40.0,2.0366666666666666,300,-3.407936507936508,-5.908412698412699,-1.0745634920634937,-0.4533333333333333,-11.260119047619046,-14.743566468253968,-7.539444444444446,-5.18015873015873,-8.361150793650793,-1.9960714285714287
4,2,3,as&gap&mrg|cnf,1,1,54.9595238095238,2.06,48.10157527657528,40.0,2.0366666666666666,300,-3.407936507936508,-5.908412698412699,-1.0745634920634937,-0.4533333333333333,-11.260119047619046,-14.743566468253968,-7.539444444444446,-5.18015873015873,-8.361150793650793,-1.9960714285714287
5,2,4,as&gap&mrg&tzi|cnf,1,1,54.9595238095238,2.06,48.10157527657528,40.0,2.0366666666666666,300,-3.407936507936508,-5.908412698412699,-1.0745634920634937,-0.4533333333333333,-11.260119047619046,-14.743566468253968,-7.539444444444446,-5.18015873015873,-8.361150793650793,-1.9960714285714287
1,1,1,cnf,0,0,54.9595238095238,2.06,48.10157527657528,40.0,2.04,300,-3.407936507936508,-5.908412698412699,-1.0745634920634937,-0.45,-11.260119047619046,-14.743566468253968,-7.539444444444446,-5.18015873015873,-8.361150793650793,-1.9960714285714287
3,2,2,cnf|mrg&ovl,1,0,55.026190476190486,2.03,48.10157527657528,40.0,2.04,300,-3.407936507936508,-5.908412698412699,-1.0745634920634937,-0.45,-11.260119047619046,-14.743566468253968,-7.539444444444446,-5.18015873015873,-8.361150793650793,-1.9960714285714287
4,2,3,as&mrg&ovl|cnf,1,1,54.9595238095238,2.04,48.10157527657528,40.0,2.04,300,-3.407936507936508,-5.908412698412699,-1.0745634920634937,-0.45,-11.260119047619046,-14.743566468253968,-7.539444444444446,-5.18015873015873,-8.361150793650793,-1.9960714285714287
4,2,3,cnf|mrg&ovl&tzi,1,0,54.9595238095238,2.06,48.10157527657528,40.0,2.04,300,-3.407936507936508,-5.908412698412699,-1.0745634920634937,-0.45,-11.260119047619046,-14.743566468253968,-7.539444444444446,-5.18015873015873,-8.361150793650793,-1.9960714285714287
4,2,3,cnf|gap&mrg&ovl,1,0,54.9595238095238,2.06,48.10157527657528,40.0,2.04,300,-3.407936507936508,-5.908412698412699,-1.0745634920634937,-0.45,-11.260119047619046,-14.743566468253968,-7.539444444444446,-5.18015873015873,-8.361150793650793,-1.9960714285714287
5,2,4,as&mrg&ovl&tzi|cnf,1,1,54.9595238095238,2.06,48.10157527657528,40.0,2.04,300,-3.407936507936508,-5.908412698412699,-1.0745634920634937,-0.45,-11.260119047619046,-14.743566468253968,-7.539444444444446,-5.18015873015873,-8.361150793650793,-1.9960714285714287
5,2,4,as&gap&mrg&ovl|cnf,1,1,54.9595238095238,2.06,48.10157527657528,40.0,2.04,300,-3.407936507936508,-5.908412698412699,-1.0745634920634937,-0.45,-11.260119047619046,-14.743566468253968,-7.539444444444446,-5.18015873015873,-8.361150793650793,-1.9960714285714287
5,2,4,cnf|gap&mrg&ovl&tzi,1,0,54.9595238095238,2.06,48.10157527657528,40.0,2.04,300,-3.407936507936508,-5.908412698412699,-1.0745634920634937,-0.45,-11.260119047619046,-14.743566468253968,-7.539444444444446,-5.18015873015873,-8.361150793650793,-1.9960714285714287
6,2,5,as&gap&mrg&ovl&tzi|cnf,1,1,54.9595238095238,2.06,48.10157527657528,40.0,2.04,300,-3.407936507936508,-5.908412698412699,-1.0745634920634937,-0.45,-11.260119047619046,-14.743566468253968,-7.539444444444446,-5.18015873015873,-8.361150793650793,-1.9960714285714287
2,1,2,gap&tzi,0,0,55.930952380952384,3.08,47.90801467051467,38.666666666666664,2.6933333333333334,173,-3.6014971139971137,-8.31820707070707,0.5942446789321782,0.20333333333333334,-11.453679653679652,-15.919202741702742,-7.500905483405488,-5.373719336219335,-9.558700847763347,-1.023085768398269
4,2,2,cnf&mrg|gap&tzi,1,0,55.3595238095238,2.12,47.85245911495912,38.666666666666664,1.9266666666666667,267,-3.65705266955267,-8.46888032106782,0.5676384379509374,-0.5633333333333334,-11.509235209235209,-15.908650793650791,-7.3529978354978365,-5.429274891774892,-9.741634650072148,-1.034223033910534
4,2,2,as&mrg|gap&tzi,1,1,56.35952380952381,2.35,47.85245911495912,38.666666666666664,2.1266666666666665,258,-3.65705266955267,-8.35482683982684,0.46333558802308694,-0.36333333333333334,-11.509235209235209,-15.949112554112554,-7.536183261183263,-5.429274891774892,-9.613746843434342,-1.083736922799423
5,2,3,as&cnf&mrg|gap&tzi,1,1,56.35952380952381,2.37,47.85245911495912,38.666666666666664,2.1266666666666665,258,-3.65705266955267,-8.35482683982684,0.46333558802308694,-0.36333333333333334,-11.509235209235209,-15.949112554112554,-7.536183261183263,-5.429274891774892,-9.613746843434342,-1.083736922799423
5,2,3,as&mrg&ovl|gap&tzi,1,1,56.35952380952381,2.6,47.85245911495912,38.666666666666664,2.316666666666667,234,-3.65705266955267,-8.35482683982684,0.46333558802308694,-0.17333333333333334,-11.509235209235209,-15.949112554112554,-7.536183261183263,-5.429274891774892,-9.613746843434342,-1.083736922799423
6,2,4,as&cnf&mrg&ovl|gap&tzi,1,1,56.35952380952381,2.62,47.85245911495912,38.666666666666664,2.316666666666667,234,-3.65705266955267,-8.35482683982684,0.46333558802308694,-0.17333333333333334,-11.509235209235209,-15.949112554112554,-7.536183261183263,-5.429274891774892,-9.613746843434342,-1.083736922799423
3,2,2,gap&tzi|mrg,1,0,53.42619047619047,1.89,47.72800024050024,38.333333333333336,1.7933333333333332,269,-3.781511544011544,-8.812233044733045,0.734935064935064,-0.6966666666666667,-11.633694083694083,-16.430030663780666,-7.316185064935067,-5.553733766233766,-10.017247023809524,-1.0562310606060614
3,2,2,mrg&ovl|tzi,1,0,55.42619047619047,2.3,47.51912578162578,38.333333333333336,2.1666666666666665,244,-3.990386002886003,-8.469632034632035,0.18146915584415577,-0.3233333333333333,-11.842568542568543,-16.242247474747472,-7.893373015873016,-5.762608225108225,-10.182118506493506,-1.4303264790764796
4,2,3,cnf&mrg&ovl|tzi,1,0,56.35952380952381,2.35,47.51912578162578,38.333333333333336,2.1666666666666665,244,-3.990386002886003,-8.469632034632035,0.18146915584415577,-0.3233333333333333,-11.842568542568543,-16.242247474747472,-7.893373015873016,-5.762608225108225,-10.182118506493506,-1.4303264790764796
4,2,3,cnf&gap&mrg|tzi,1,0,56.35952380952381,2.79,47.241348003848,38.0,2.48,197,-4.26816378066378,-8.823815836940835,-0.10082115800865864,-0.01,-12.120346320346318,-16.60420634920635,-8.079556277056279,-6.040386002886002,-10.500607864357866,-1.8050459956709966
3,2,2,gap&ovl|tzi,0,0,55.3595238095238,2.84,47.241348003848,38.0,2.4833333333333334,197,-4.26816378066378,-8.6201443001443,-0.2929365079365095,-0.006666666666666667,-12.120346320346318,-16.574859307359304,-8.196540404040405,-6.040386002886002,-10.508084415584415,-1.9106709956709989
4,2,3,cnf&gap&ovl|tzi,0,0,55.3595238095238,2.84,47.241348003848,38.0,2.4833333333333334,197,-4.26816378066378,-8.6201443001443,-0.2929365079365095,-0.006666666666666667,-12.120346320346318,-16.574859307359304,-8.196540404040405,-6.040386002886002,-10.508084415584415,-1.9106709956709989
4,2,3,as&gap&ovl|tzi,0,1,55.3595238095238,2.84,47.241348003848,38.0,2.5233333333333334,194,-4.26816378066378,-8.6201443001443,-0.2929365079365095,0.03333333333333333,-12.120346320346318,-16.574859307359304,-8.196540404040405,-6.040386002886002,-10.508084415584415,-1.9106709956709989
5,2,4,as&cnf&gap&ovl|tzi,0,1,55.3595238095238,2.84,47.241348003848,38.0,2.5233333333333334,194,-4.26816378066378,-8.6201443001443,-0.2929365079365095,0.03333333333333333,-12.120346320346318,-16.574859307359304,-8.196540404040405,-6.040386002886002,-10.508084415584415,-1.9106709956709989
4,2,3,as&gap&mrg|tzi,1,1,56.35952380952381,2.82,47.241348003848,38.0,2.53,195,-4.26816378066378,-8.823815836940835,-0.10082115800865864,0.04,-12.120346320346318,-16.60420634920635,-8.079556277056279,-6.040386002886002,-10.500607864357866,-1.8050459956709966
5,2,4,as&cnf&gap&mrg|tzi,1,1,56.35952380952381,2.82,47.241348003848,38.0,2.53,195,-4.26816378066378,-8.823815836940835,-0.10082115800865864,0.04,-12.120346320346318,-16.60420634920635,-8.079556277056279,-6.040386002886002,-10.500607864357866,-1.8050459956709966
4,2,3,gap&mrg&ovl|tzi,1,0,56.35952380952381,2.87,47.241348003848,38.0,2.54,192,-4.26816378066378,-8.823815836940835,-0.10082115800865864,0.05,-12.120346320346318,-16.60420634920635,-8.079556277056279,-6.040386002886002,-10.500607864357866,-1.8050459956709966
5,2,4,cnf&gap&mrg&ovl|tzi,1,0,56.35952380952381,2.87,47.241348003848,38.0,2.54,192,-4.26816378066378,-8.823815836940835,-0.10082115800865864,0.05,-12.120346320346318,-16.60420634920635,-8.079556277056279,-6.040386002886002,-10.500607864357866,-1.8050459956709966
5,2,4,as&gap&mrg&ovl|tzi,1,1,56.35952380952381,2.89,47.241348003848,38.0,2.566666666666667,190,-4.26816378066378,-8.823815836940835,-0.10082115800865864,0.07666666666666666,-12.120346320346318,-16.60420634920635,-8.079556277056279,-6.040386002886002,-10.500607864357866,-1.8050459956709966
6,2,5,as&cnf&gap&mrg&ovl|tzi,1,1,56.35952380952381,2.89,47.241348003848,38.0,2.566666666666667,190,-4.26816378066378,-8.823815836940835,-0.10082115800865864,0.07666666666666666,-12.120346320346318,-16.60420634920635,-8.079556277056279,-6.040386002886002,-10.500607864357866,-1.8050459956709966
1,1,1,tzi,0,0,55.930952380952384,3.0,47.241348003848,38.0,2.6533333333333333,176,-4.26816378066378,-8.823815836940835,-0.10082115800865864,0.16333333333333333,-12.120346320346318,-16.60420634920635,-8.079556277056279,-6.040386002886002,-10.500607864357866,-1.8050459956709966
5,3,2,cnf&mrg|gap&ovl|tzi,1,0,54.3595238095238,2.07,47.18579244829245,38.0,1.8466666666666667,272,-4.323719336219336,-8.818994859307358,-0.31242198773448826,-0.6433333333333333,-12.175901875901877,-16.67650432900433,-8.311645021645022,-6.095941558441558,-10.394796626984125,-1.8345039682539692
6,3,3,as&gap&ovl|cnf&mrg|tzi,1,1,54.3595238095238,2.07,47.18579244829245,38.0,1.8633333333333333,271,-4.323719336219336,-8.818994859307358,-0.31242198773448826,-0.6266666666666667,-12.175901875901877,-16.67650432900433,-8.311645021645022,-6.095941558441558,-10.394796626984125,-1.8345039682539692
3,2,2,cnf&mrg|tzi,1,0,55.3595238095238,2.1,47.18579244829245,38.0,1.9,268,-4.323719336219336,-8.980432900432898,-0.16829861111111133,-0.59,-12.175901875901877,-16.67650432900433,-8.239087301587304,-6.095941558441558,-10.427015241702742,-1.8764249639249653
5,3,2,cnf&gap|mrg&ovl|tzi,1,0,52.42619047619047,2.16,47.18579244829245,38.0,2.0033333333333334,256,-4.323719336219336,-8.69751443001443,-0.250541125541126,-0.4866666666666667,-12.175901875901877,-16.614072871572873,-8.257301587301589,-6.095941558441558,-10.488337391774891,-1.5790737734487748
5,3,2,as&mrg|gap&ovl|tzi,1,1,55.3595238095238,2.26,47.18579244829245,38.0,2.0166666666666666,264,-4.323719336219336,-8.779313221500722,-0.37611877705627844,-0.47333333333333333,-12.175901875901877,-16.64041847041847,-8.234087301587302,-6.095941558441558,-10.547029220779221,-1.913448773448774
6,3,3,as&cnf&mrg|gap&ovl|tzi,1,1,55.3595238095238,2.28,47.18579244829245,38.0,2.0166666666666666,264,-4.323719336219336,-8.779313221500722,-0.37611877705627844,-0.47333333333333333,-12.175901875901877,-16.64041847041847,-8.234087301587302,-6.095941558441558,-10.547029220779221,-1.913448773448774
6,3,3,as&mrg|cnf&gap&ovl|tzi,1,1,55.3595238095238,2.26,47.18579244829245,38.0,2.0166666666666666,264,-4.323719336219336,-8.779313221500722,-0.37611877705627844,-0.47333333333333333,-12.175901875901877,-16.64041847041847,-8.234087301587302,-6.095941558441558,-10.547029220779221,-1.913448773448774
5,3,2,as&gap|mrg&ovl|tzi,1,1,52.42619047619047,2.17,47.18579244829245,38.0,2.04,256,-4.323719336219336,-8.69751443001443,-0.250541125541126,-0.45,-12.175901875901877,-16.614072871572873,-8.257301587301589,-6.095941558441558,-10.488337391774891,-1.5790737734487748
6,3,3,as&gap|cnf&mrg&ovl|tzi,1,1,53.359523809523814,2.22,47.18579244829245,38.0,2.04,256,-4.323719336219336,-8.69751443001443,-0.250541125541126,-0.45,-12.175901875901877,-16.614072871572873,-8.257301587301589,-6.095941558441558,-10.488337391774891,-1.5790737734487748
6,3,3,as&cnf&gap|mrg&ovl|tzi,1,1,52.42619047619047,2.17,47.18579244829245,38.0,2.04,256,-4.323719336219336,-8.69751443001443,-0.250541125541126,-0.45,-12.175901875901877,-16.614072871572873,-8.257301587301589,-6.095941558441558,-10.488337391774891,-1.5790737734487748
3,2,2,as&mrg|tzi,1,1,56.35952380952381,2.3,47.18579244829245,38.0,2.0933333333333333,259,-4.323719336219336,-8.823815836940835,-0.18860885642135714,-0.39666666666666667,-12.175901875901877,-16.641291486291486,-8.13573953823954,-6.095941558441558,-10.547029220779221,-1.8884054834054838
4,2,3,as&cnf&mrg|tzi,1,1,56.35952380952381,2.32,47.18579244829245,38.0,2.0933333333333333,259,-4.323719336219336,-8.823815836940835,-0.18860885642135714,-0.39666666666666667,-12.175901875901877,-16.641291486291486,-8.13573953823954,-6.095941558441558,-10.547029220779221,-1.8884054834054838
4,2,3,as&mrg&ovl|tzi,1,1,56.35952380952381,2.52,47.18579244829245,38.0,2.283333333333333,235,-4.323719336219336,-8.823815836940835,-0.18860885642135714,-0.20666666666666667,-12.175901875901877,-16.641291486291486,-8.13573953823954,-6.095941558441558,-10.547029220779221,-1.8884054834054838
5,2,4,as&cnf&mrg&ovl|tzi,1,1,56.35952380952381,2.54,47.18579244829245,38.0,2.283333333333333,235,-4.323719336219336,-8.823815836940835,-0.18860885642135714,-0.20666666666666667,-12.175901875901877,-16.641291486291486,-8.13573953823954,-6.095941558441558,-10.547029220779221,-1.8884054834054838
4,3,2,gap&ovl|mrg|tzi,1,0,53.42619047619047,1.86,47.06133357383357,37.666666666666664,1.7133333333333334,274,-4.448178210678211,-9.244220779220779,-0.22367649711399756,-0.7766666666666666,-12.30036075036075,-16.909132395382397,-8.096654040404044,-6.2204004329004325,-10.776307720057721,-1.7933928571428572
5,3,3,cnf&gap&ovl|mrg|tzi,1,0,53.42619047619047,1.86,47.06133357383357,37.666666666666664,1.7133333333333334,274,-4.448178210678211,-9.244220779220779,-0.22367649711399756,-0.7766666666666666,-12.30036075036075,-16.909132395382397,-8.096654040404044,-6.2204004329004325,-10.776307720057721,-1.7933928571428572
5,3,3,as&gap&ovl|mrg|tzi,1,1,53.42619047619047,1.86,47.06133357383357,37.666666666666664,1.73,273,-4.448178210678211,-9.244220779220779,-0.22367649711399756,-0.76,-12.30036075036075,-16.909132395382397,-8.096654040404044,-6.2204004329004325,-10.776307720057721,-1.7933928571428572
6,3,4,as&cnf&gap&ovl|mrg|tzi,1,1,53.42619047619047,1.86,47.06133357383357,37.666666666666664,1.73,273,-4.448178210678211,-9.244220779220779,-0.22367649711399756,-0.76,-12.30036075036075,-16.909132395382397,-8.096654040404044,-6.2204004329004325,-10.776307720057721,-1.7933928571428572
2,2,1,mrg|tzi,1,0,53.42619047619047,1.88,47.06133357383357,37.666666666666664,1.7666666666666666,270,-4.448178210678211,-9.457799422799424,-0.1753530844155853,-0.7233333333333334,-12.30036075036075,-17.099810606060608,-8.059439033189038,-6.2204004329004325,-10.794545003607507,-1.6994895382395383
3,2,2,cnf&gap|tzi,0,0,53.359523809523814,2.73,46.90801467051467,37.666666666666664,2.3766666666666665,204,-4.601497113997113,-8.946714466089466,-0.7130735930735954,-0.11333333333333333,-12.453679653679654,-16.85219696969697,-8.463174603174604,-6.373719336219335,-10.832961760461762,-2.098579094516594
3,2,2,as&gap|tzi,0,1,53.359523809523814,2.74,46.90801467051467,37.666666666666664,2.433333333333333,204,-4.601497113997113,-8.946714466089466,-0.7130735930735954,-0.056666666666666664,-12.453679653679654,-16.85219696969697,-8.463174603174604,-6.373719336219335,-10.832961760461762,-2.098579094516594
4,2,3,as&cnf&gap|tzi,0,1,53.359523809523814,2.74,46.90801467051467,37.666666666666664,2.433333333333333,204,-4.601497113997113,-8.946714466089466,-0.7130735930735954,-0.056666666666666664,-12.453679653679654,-16.85219696969697,-8.463174603174604,-6.373719336219335,-10.832961760461762,-2.098579094516594
5,3,2,as&mrg|gap&tzi|ovl,1,1,51.99761904761905,1.75,46.85404641654641,38.0,1.7233333333333334,287,-4.655465367965368,-9.071426316738817,-0.6155618686868687,-0.7666666666666667,-12.507647907647906,-16.459455266955267,-8.474062049062049,-6.427687590187589,-10.563719336219338,-2.0853783369408374
6,3,3,as&cnf&mrg|gap&tzi|ovl,1,1,51.99761904761905,1.75,46.85404641654641,38.0,1.7233333333333334,287,-4.655465367965368,-9.071426316738817,-0.6155618686868687,-0.7666666666666667,-12.507647907647906,-16.459455266955267,-8.474062049062049,-6.427687590187589,-10.563719336219338,-2.0853783369408374
3,2,2,gap&tzi|ovl,0,0,51.99761904761905,1.91,46.85404641654641,38.0,1.88,270,-4.655465367965368,-9.071426316738817,-0.6155618686868687,-0.61,-12.507647907647906,-16.459455266955267,-8.474062049062049,-6.427687590187589,-10.563719336219338,-2.0853783369408374
5,3,2,as&gap|cnf&mrg|tzi,1,1,52.359523809523814,2.05,46.85245911495912,37.666666666666664,1.8133333333333332,275,-4.6570526695526695,-9.142722312409813,-0.551093975468977,-0.6766666666666666,-12.509235209235209,-17.107406204906205,-8.532738095238097,-6.429274891774892,-10.728129960317458,-1.986319895382397
5,3,2,as&mrg|cnf&gap|tzi,1,1,53.359523809523814,2.21,46.85245911495912,37.666666666666664,1.94,268,-4.6570526695526695,-9.02279310966811,-0.7691026334776353,-0.55,-12.509235209235209,-16.973751803751806,-8.463174603174604,-6.429274891774892,-10.880362554112555,-2.1287896825396833
6,3,3,as&mrg&ovl|cnf&gap|tzi,1,1,53.359523809523814,2.36,46.85245911495912,37.666666666666664,2.0933333333333333,249,-4.6570526695526695,-9.02279310966811,-0.7691026334776353,-0.39666666666666667,-12.509235209235209,-16.973751803751806,-8.463174603174604,-6.429274891774892,-10.880362554112555,-2.1287896825396833
6,3,2,as&mrg|cnf&ovl|gap&tzi,1,1,52.93095238095238,1.8,46.8302368927369,38.0,1.73,287,-4.679274891774892,-9.085829725829726,-0.63037968975469,-0.76,-12.53145743145743,-16.47795093795094,-8.499462481962484,-6.451497113997114,-10.571176046176047,-2.1001636904761902
4,2,2,cnf&ovl|gap&tzi,0,0,52.93095238095238,1.98,46.8302368927369,38.0,1.8866666666666667,270,-4.679274891774892,-9.085829725829726,-0.63037968975469,-0.6033333333333334,-12.53145743145743,-16.47795093795094,-8.499462481962484,-6.451497113997114,-10.571176046176047,-2.1001636904761902
4,3,2,cnf&gap|mrg|tzi,1,0,51.42619047619047,1.83,46.728000240500236,37.333333333333336,1.6633333333333333,277,-4.781511544011544,-9.421531836219335,-0.670477543290045,-0.8266666666666667,-12.633694083694083,-17.38266053391053,-8.382249278499279,-6.553733766233766,-11.236645021645025,-1.958062770562771
4,3,2,as&gap|mrg|tzi,1,1,51.42619047619047,1.84,46.728000240500236,37.333333333333336,1.68,277,-4.781511544011544,-9.421531836219335,-0.670477543290045,-0.81,-12.633694083694083,-17.38266053391053,-8.382249278499279,-6.553733766233766,-11.236645021645025,-1.958062770562771
5,3,3,as&cnf&gap|mrg|tzi,1,1,51.42619047619047,1.84,46.728000240500236,37.333333333333336,1.68,277,-4.781511544011544,-9.421531836219335,-0.670477543290045,-0.81,-12.633694083694083,-17.38266053391053,-8.382249278499279,-6.553733766233766,-11.236645021645025,-1.958062770562771
3,2,2,gap&mrg|tzi,1,0,55.3595238095238,2.72,46.642141654641655,37.333333333333336,2.4566666666666666,197,-4.867370129870129,-9.5537738997114,-0.6172222222222228,-0.03333333333333333,-12.71955266955267,-17.30102813852814,-8.730692640692645,-6.639592352092351,-11.07319624819625,-2.4248737373737406
5,3,2,cnf&mrg|gap&tzi|ovl,1,0,51.99761904761905,1.69,46.52071308321308,37.666666666666664,1.6266666666666667,291,-4.988798701298702,-9.531689213564214,-1.0104495851370856,-0.8633333333333333,-12.840981240981241,-16.867929292929293,-8.807243867243868,-6.761020923520923,-10.854650523088022,-2.491750090187592
4,3,2,as&mrg|ovl|tzi,1,1,51.99761904761905,1.73,46.52071308321308,37.666666666666664,1.7066666666666668,287,-4.988798701298702,-9.40317234848485,-1.155027507215008,-0.7833333333333333,-12.840981240981241,-17.11891053391053,-8.974639249639251,-6.761020923520923,-11.037098665223663,-2.386028138528139
5,3,3,as&cnf&mrg|ovl|tzi,1,1,51.99761904761905,1.73,46.52071308321308,37.666666666666664,1.7066666666666668,287,-4.988798701298702,-9.40317234848485,-1.155027507215008,-0.7833333333333333,-12.840981240981241,-17.11891053391053,-8.974639249639251,-6.761020923520923,-11.037098665223663,-2.386028138528139
5,3,3,cnf&gap&mrg|ovl|tzi,1,0,51.99761904761905,1.78,46.52071308321308,37.666666666666664,1.8066666666666666,274,-4.988798701298702,-9.40317234848485,-1.155027507215008,-0.6833333333333333,-12.840981240981241,-17.11891053391053,-8.974639249639251,-6.761020923520923,-11.037098665223663,-2.386028138528139
5,3,3,as&gap&mrg|ovl|tzi,1,1,51.99761904761905,1.8,46.52071308321308,37.666666666666664,1.8333333333333333,273,-4.988798701298702,-9.40317234848485,-1.155027507215008,-0.6566666666666666,-12.840981240981241,-17.11891053391053,-8.974639249639251,-6.761020923520923,-11.037098665223663,-2.386028138528139
6,3,4,as&cnf&gap&mrg|ovl|tzi,1,1,51.99761904761905,1.8,46.52071308321308,37.666666666666664,1.8333333333333333,273,-4.988798701298702,-9.40317234848485,-1.155027507215008,-0.6566666666666666,-12.840981240981241,-17.11891053391053,-8.974639249639251,-6.761020923520923,-11.037098665223663,-2.386028138528139
2,2,1,ovl|tzi,0,0,51.99761904761905,1.86,46.52071308321308,37.666666666666664,1.8633333333333333,270,-4.988798701298702,-9.40317234848485,-1.155027507215008,-0.6266666666666667,-12.840981240981241,-17.11891053391053,-8.974639249639251,-6.761020923520923,-11.037098665223663,-2.386028138528139
6,3,2,as&ovl|cnf&mrg|gap&tzi,1,1,52.359523809523814,1.76,46.49690355940356,37.666666666666664,1.7033333333333334,286,-5.012608225108225,-9.560789141414142,-1.010662427849928,-0.7866666666666666,-12.864790764790765,-16.891738816738815,-8.832691197691197,-6.784830447330448,-10.901282918470418,-2.515500090187592
5,3,2,as&mrg|cnf&ovl|tzi,1,1,52.93095238095238,1.78,46.49690355940356,37.666666666666664,1.7133333333333334,287,-5.012608225108225,-9.404209054834055,-1.1738505591630592,-0.7766666666666666,-12.864790764790765,-17.131735209235206,-8.980753968253968,-6.784830447330448,-11.052601911976911,-2.421072781385281
6,3,3,as&gap&mrg|cnf&ovl|tzi,1,1,52.93095238095238,1.87,46.49690355940356,37.666666666666664,1.84,273,-5.012608225108225,-9.404209054834055,-1.1738505591630592,-0.65,-12.864790764790765,-17.131735209235206,-8.980753968253968,-6.784830447330448,-11.052601911976911,-2.421072781385281
3,2,2,cnf&ovl|tzi,0,0,52.93095238095238,1.93,46.49690355940356,37.666666666666664,1.87,270,-5.012608225108225,-9.404209054834055,-1.1738505591630592,-0.62,-12.864790764790765,-17.131735209235206,-8.980753968253968,-6.784830447330448,-11.052601911976911,-2.421072781385281
4,2,2,as&ovl|gap&tzi,0,1,53.359523809523814,2.15,46.49690355940356,37.666666666666664,2.066666666666667,258,-5.012608225108225,-9.56847628066378,-1.0968506493506498,-0.42333333333333334,-12.864790764790765,-16.89609307359307,-8.875234487734488,-6.784830447330448,-10.906272546897549,-2.440394570707071
5,2,3,as&cnf&ovl|gap&tzi,0,1,53.359523809523814,2.19,46.49690355940356,37.666666666666664,2.07,258,-5.012608225108225,-9.56847628066378,-1.0968506493506498,-0.42,-12.864790764790765,-16.89609307359307,-8.875234487734488,-6.784830447330448,-10.906272546897549,-2.440394570707071
4,3,2,gap&tzi|mrg|ovl,1,0,50.99761904761905,1.51,46.372444684944675,37.333333333333336,1.5133333333333334,291,-5.1370670995670995,-9.876621572871572,-0.8018217893217895,-0.9766666666666667,-12.989249639249639,-17.404639249639253,-8.593421717171719,-6.909289321789322,-11.33250946969697,-2.538616522366523
5,3,2,cnf&ovl|gap&tzi|mrg,1,0,50.99761904761905,1.53,46.372444684944675,37.333333333333336,1.5166666666666666,291,-5.1370670995670995,-9.876621572871572,-0.8018217893217895,-0.9733333333333334,-12.989249639249639,-17.404639249639253,-8.593421717171719,-6.909289321789322,-11.33250946969697,-2.538616522366523
5,3,2,as&ovl|gap&tzi|mrg,1,1,51.42619047619047,1.57,46.372444684944675,37.333333333333336,1.5833333333333333,286,-5.1370670995670995,-9.876621572871572,-0.8018217893217895,-0.9066666666666666,-12.989249639249639,-17.404639249639253,-8.593421717171719,-6.909289321789322,-11.33250946969697,-2.538616522366523
6,3,3,as&cnf&ovl|gap&tzi|mrg,1,1,51.42619047619047,1.59,46.372444684944675,37.333333333333336,1.5866666666666667,286,-5.1370670995670995,-9.876621572871572,-0.8018217893217895,-0.9033333333333333,-12.989249639249639,-17.404639249639253,-8.593421717171719,-6.909289321789322,-11.33250946969697,-2.538616522366523
4,3,2,cnf&mrg|ovl|tzi,1,0,51.99761904761905,1.67,46.187379749879746,37.333333333333336,1.6133333333333333,291,-5.322132034632034,-9.802009379509379,-1.3439069264069265,-0.8766666666666667,-13.174314574314575,-17.497481962481963,-9.268015873015873,-7.094354256854256,-11.389956709956708,-2.7811981421356426
6,4,2,as&mrg|cnf&gap|ovl|tzi,1,1,49.99761904761904,1.68,46.187379749879746,37.333333333333336,1.63,291,-5.322132034632034,-9.649820977633478,-1.3568073593073593,-0.86,-13.174314574314575,-17.459112554112554,-9.140829725829725,-7.094354256854256,-11.389956709956708,-2.7193614718614723
4,3,2,cnf&gap|ovl|tzi,0,0,49.99761904761904,1.75,46.187379749879746,37.333333333333336,1.7566666666666666,277,-5.322132034632034,-9.649820977633478,-1.3568073593073593,-0.7333333333333333,-13.174314574314575,-17.459112554112554,-9.140829725829725,-7.094354256854256,-11.389956709956708,-2.7193614718614723
4,3,2,as&gap|ovl|tzi,0,1,49.99761904761904,1.76,46.187379749879746,37.333333333333336,1.7833333333333334,277,-5.322132034632034,-9.649820977633478,-1.3568073593073593,-0.7066666666666667,-13.174314574314575,-17.459112554112554,-9.140829725829725,-7.094354256854256,-11.389956709956708,-2.7193614718614723
5,3,3,as&cnf&gap|ovl|tzi,0,1,49.99761904761904,1.76,46.187379749879746,37.333333333333336,1.7833333333333334,277,-5.322132034632034,-9.649820977633478,-1.3568073593073593,-0.7066666666666667,-13.174314574314575,-17.459112554112554,-9.140829725829725,-7.094354256854256,-11.389956709956708,-2.7193614718614723
5,3,2,as&ovl|cnf&mrg|tzi,1,1,52.359523809523814,1.74,46.16357022607023,37.333333333333336,1.69,286,-5.345941558441558,-9.803199855699855,-1.3439069264069265,-0.8,-13.198124098124097,-17.4980772005772,-9.305992063492065,-7.118163780663781,-11.413766233766234,-2.7817933802308805
5,3,2,as&gap|cnf&ovl|tzi,0,1,50.93095238095238,1.83,46.16357022607023,37.333333333333336,1.79,277,-5.345941558441558,-9.666334776334777,-1.422909902597403,-0.7,-13.198124098124097,-17.465584415584416,-9.16602453102453,-7.118163780663781,-11.413766233766234,-2.7544061147186145
6,3,3,as&ovl|cnf&gap&mrg|tzi,1,1,53.359523809523814,2.01,46.16357022607023,37.333333333333336,1.97,264,-5.345941558441558,-9.806733856421355,-1.509242424242425,-0.52,-13.198124098124097,-17.604274891774892,-9.311883116883118,-7.118163780663781,-11.341872745310246,-2.7737279040404044
3,2,2,as&ovl|tzi,0,1,53.359523809523814,2.09,46.16357022607023,37.333333333333336,2.05,258,-5.345941558441558,-9.806733856421355,-1.509242424242425,-0.44,-13.198124098124097,-17.604274891774892,-9.311883116883118,-7.118163780663781,-11.341872745310246,-2.7737279040404044
4,2,3,as&cnf&ovl|tzi,0,1,53.359523809523814,2.13,46.16357022607023,37.333333333333336,2.0533333333333332,258,-5.345941558441558,-9.806733856421355,-1.509242424242425,-0.43666666666666665,-13.198124098124097,-17.604274891774892,-9.311883116883118,-7.118163780663781,-11.341872745310246,-2.7737279040404044
3,3,1,mrg|ovl|tzi,1,0,50.99761904761905,1.5,46.039111351611346,37.0,1.5,291,-5.470400432900433,-10.286506132756132,-1.265082521645022,-0.99,-13.322582972582975,-17.84983585858586,-9.039729437229438,-7.2426226551226565,-11.691272997835497,-2.8446063311688317
4,3,2,cnf&ovl|mrg|tzi,1,0,50.99761904761905,1.52,46.039111351611346,37.0,1.5033333333333334,291,-5.470400432900433,-10.286506132756132,-1.265082521645022,-0.9866666666666667,-13.322582972582975,-17.84983585858586,-9.039729437229438,-7.2426226551226565,-11.691272997835497,-2.8446063311688317
4,3,2,as&ovl|mrg|tzi,1,1,51.42619047619047,1.56,46.039111351611346,37.0,1.57,286,-5.470400432900433,-10.286506132756132,-1.265082521645022,-0.92,-13.322582972582975,-17.84983585858586,-9.039729437229438,-7.2426226551226565,-11.691272997835497,-2.8446063311688317
5,3,3,as&cnf&ovl|mrg|tzi,1,1,51.42619047619047,1.58,46.039111351611346,37.0,1.5733333333333333,286,-5.470400432900433,-10.286506132756132,-1.265082521645022,-0.9166666666666666,-13.322582972582975,-17.84983585858586,-9.039729437229438,-7.2426226551226565,-11.691272997835497,-2.8446063311688317
4,3,2,gap&mrg|ovl|tzi,1,0,51.99761904761905,1.72,45.921506734006726,37.0,1.7833333333333334,274,-5.588005050505051,-10.101953463203463,-1.5005686327561325,-0.7066666666666667,-13.440187590187588,-17.683851010101012,-9.515739538239538,-7.360227272727273,-11.731125992063491,-2.8879928751803763
5,3,2,cnf&ovl|gap&mrg|tzi,1,0,52.93095238095238,1.79,45.897697210197194,37.0,1.79,274,-5.611814574314574,-10.149572510822509,-1.516294642857143,-0.7,-13.463997113997115,-17.707660533910534,-9.543901515151514,-7.384036796536796,-11.763693181818182,-2.935016684704186
6,4,2,as&gap|cnf&mrg|ovl|tzi,1,1,49.99761904761904,1.65,45.85404641654641,37.0,1.57,294,-5.655465367965367,-10.069869227994229,-1.760023899711401,-0.92,-13.507647907647907,-17.969953102453104,-9.47406204906205,-7.42768759018759,-11.655286796536796,-3.119154491341993
5,3,2,as&ovl|cnf&gap|tzi,0,1,51.35952380952381,1.98,45.8302368927369,37.0,1.9033333333333333,268,-5.679274891774892,-9.999774981962481,-2.028170093795094,-0.5866666666666667,-13.531457431457431,-17.86700577200577,-9.499105339105341,-7.451497113997113,-11.80225468975469,-3.1209302849927854
5,4,2,cnf&gap|mrg|ovl|tzi,1,0,48.99761904761904,1.47,45.70577801827801,36.666666666666664,1.45,294,-5.8037337662337665,-10.58127886002886,-1.8018578643578647,-1.04,-13.655916305916307,-18.195387806637807,-9.37109487734488,-7.575955988455989,-12.154866973304475,-3.029926497113997
5,4,2,as&gap|mrg|ovl|tzi,1,1,48.99761904761904,1.48,45.70577801827801,36.666666666666664,1.4566666666666668,294,-5.8037337662337665,-10.58127886002886,-1.8018578643578647,-1.0333333333333334,-13.655916305916307,-18.195387806637807,-9.37109487734488,-7.575955988455989,-12.154866973304475,-3.029926497113997
6,4,3,as&cnf&gap|mrg|ovl|tzi,1,1,48.99761904761904,1.48,45.70577801827801,36.666666666666664,1.4566666666666668,294,-5.8037337662337665,-10.58127886002886,-1.8018578643578647,-1.0333333333333334,-13.655916305916307,-18.195387806637807,-9.37109487734488,-7.575955988455989,-12.154866973304475,-3.029926497113997
6,4,2,as&gap|cnf&ovl|mrg|tzi,1,1,48.99761904761904,1.5,45.70577801827801,36.666666666666664,1.46,294,-5.8037337662337665,-10.58127886002886,-1.8018578643578647,-1.03,-13.655916305916307,-18.195387806637807,-9.37109487734488,-7.575955988455989,-12.154866973304475,-3.029926497113997
6,4,2,as&ovl|cnf&gap|mrg|tzi,1,1,49.42619047619047,1.53,45.70577801827801,36.666666666666664,1.5033333333333334,290,-5.8037337662337665,-10.58127886002886,-1.8018578643578647,-0.9866666666666667,-13.655916305916307,-18.195387806637807,-9.37109487734488,-7.575955988455989,-12.154866973304475,-3.029926497113997
5,3,2,as&ovl|gap&mrg|tzi,1,1,53.359523809523814,1.95,45.564363876863865,36.666666666666664,1.9466666666666668,264,-5.9451479076479075,-10.376925054112554,-2.045328733766234,-0.5433333333333333,-13.797330447330447,-18.297516233766235,-9.877604617604616,-7.71737012987013,-12.064587391774891,-3.4279568001443
6,3,3,as&cnf&ovl|gap&mrg|tzi,1,1,53.359523809523814,1.99,45.564363876863865,36.666666666666664,1.95,264,-5.9451479076479075,-10.376925054112554,-2.045328733766234,-0.54,-13.797330447330447,-18.297516233766235,-9.877604617604616,-7.71737012987013,-12.064587391774891,-3.4279568001443
2,2,1,gap|mrg,1,0,50.42619047619047,1.81,44.45710076960077,36.0,1.6166666666666667,276,-7.052411014911016,-11.93032212000962,-2.299375000000001,-0.8733333333333333,-14.904593554593557,-19.682651515151516,-10.47180194805195,-8.824633237133236,-13.431399711399711,-3.904938822751324
3,2,2,gap|mrg&ovl,1,0,51.42619047619047,2.12,44.315686628186626,36.0,1.9366666666666668,255,-7.193825156325157,-11.872492484367486,-2.620660774410776,-0.5533333333333333,-15.046007696007695,-19.797598003848,-10.569715608465609,-8.966047378547378,-13.490877825877826,-3.8037372234247253
4,2,3,cnf&mrg&ovl|gap,1,0,52.359523809523814,2.17,44.315686628186626,36.0,1.9366666666666668,255,-7.193825156325157,-11.872492484367486,-2.620660774410776,-0.5533333333333333,-15.046007696007695,-19.797598003848,-10.569715608465609,-8.966047378547378,-13.490877825877826,-3.8037372234247253
4,3,2,gap|mrg|ovl&tzi,1,0,50.42619047619047,1.81,44.123767436267435,35.66666666666667,1.6033333333333333,277,-7.38574434824435,-12.240493927368929,-2.725883237133239,-0.8866666666666667,-15.23792688792689,-19.921588504088508,-10.623492063492064,-9.15796657046657,-13.84262445887446,-4.26025974025974
5,3,3,as&ovl&tzi|gap|mrg,1,1,50.42619047619047,1.81,44.123767436267435,35.66666666666667,1.6033333333333333,277,-7.38574434824435,-12.240493927368929,-2.725883237133239,-0.8866666666666667,-15.23792688792689,-19.921588504088508,-10.623492063492064,-9.15796657046657,-13.84262445887446,-4.26025974025974
5,3,3,cnf&ovl&tzi|gap|mrg,1,0,50.42619047619047,1.81,44.123767436267435,35.66666666666667,1.6033333333333333,277,-7.38574434824435,-12.240493927368929,-2.725883237133239,-0.8866666666666667,-15.23792688792689,-19.921588504088508,-10.623492063492064,-9.15796657046657,-13.84262445887446,-4.26025974025974
6,3,4,as&cnf&ovl&tzi|gap|mrg,1,1,50.42619047619047,1.81,44.123767436267435,35.66666666666667,1.6033333333333333,277,-7.38574434824435,-12.240493927368929,-2.725883237133239,-0.8866666666666667,-15.23792688792689,-19.921588504088508,-10.623492063492064,-9.15796657046657,-13.84262445887446,-4.26025974025974
3,2,2,gap|mrg&tzi,1,0,52.359523809523814,2.65,44.03790885040885,35.66666666666667,2.3066666666666666,203,-7.4716029341029335,-12.084395592833094,-2.99376397907648,-0.18333333333333332,-15.323785473785472,-20.133590668590667,-10.98960978835979,-9.243825156325155,-13.834491191678689,-4.261989087301589
4,2,3,cnf&mrg&tzi|gap,1,0,52.359523809523814,2.66,44.03790885040885,35.66666666666667,2.3066666666666666,203,-7.4716029341029335,-12.084395592833094,-2.99376397907648,-0.18333333333333332,-15.323785473785472,-20.133590668590667,-10.98960978835979,-9.243825156325155,-13.834491191678689,-4.261989087301589
4,2,3,gap|mrg&ovl&tzi,1,0,52.359523809523814,2.69,44.03790885040885,35.66666666666667,2.31,203,-7.4716029341029335,-12.084395592833094,-2.99376397907648,-0.18,-15.323785473785472,-20.133590668590667,-10.98960978835979,-9.243825156325155,-13.834491191678689,-4.261989087301589
5,2,4,cnf&mrg&ovl&tzi|gap,1,0,52.359523809523814,2.69,44.03790885040885,35.66666666666667,2.31,203,-7.4716029341029335,-12.084395592833094,-2.99376397907648,-0.18,-15.323785473785472,-20.133590668590667,-10.98960978835979,-9.243825156325155,-13.834491191678689,-4.261989087301589
4,2,3,as&mrg&tzi|gap,1,1,52.359523809523814,2.69,44.03790885040885,35.66666666666667,2.3133333333333335,203,-7.4716029341029335,-12.084395592833094,-2.99376397907648,-0.17666666666666667,-15.323785473785472,-20.133590668590667,-10.98960978835979,-9.243825156325155,-13.834491191678689,-4.261989087301589
5,2,4,as&cnf&mrg&tzi|gap,1,1,52.359523809523814,2.69,44.03790885040885,35.66666666666667,2.3133333333333335,203,-7.4716029341029335,-12.084395592833094,-2.99376397907648,-0.17666666666666667,-15.323785473785472,-20.133590668590667,-10.98960978835979,-9.243825156325155,-13.834491191678689,-4.261989087301589
5,2,4,as&mrg&ovl&tzi|gap,1,1,52.359523809523814,2.72,44.03790885040885,35.66666666666667,2.3133333333333335,203,-7.4716029341029335,-12.084395592833094,-2.99376397907648,-0.17666666666666667,-15.323785473785472,-20.133590668590667,-10.98960978835979,-9.243825156325155,-13.834491191678689,-4.261989087301589
6,2,5,as&cnf&mrg&ovl&tzi|gap,1,1,52.359523809523814,2.72,44.03790885040885,35.66666666666667,2.3133333333333335,203,-7.4716029341029335,-12.084395592833094,-2.99376397907648,-0.17666666666666667,-15.323785473785472,-20.133590668590667,-10.98960978835979,-9.243825156325155,-13.834491191678689,-4.261989087301589
1,1,1,gap,0,0,52.359523809523814,2.72,44.03790885040885,35.66666666666667,2.32,201,-7.4716029341029335,-12.084395592833094,-2.99376397907648,-0.17,-15.323785473785472,-20.133590668590667,-10.98960978835979,-9.243825156325155,-13.834491191678689,-4.261989087301589
3,2,2,cnf&mrg|gap,1,0,51.35952380952381,1.97,43.9823532948533,35.66666666666667,1.7266666666666666,274,-7.527158489658489,-12.311116071428572,-2.876716720779221,-0.7633333333333333,-15.37934102934103,-20.1406265031265,-11.031896344396346,-9.29938071188071,-13.834225589225587,-4.533005802068303
3,2,2,as&mrg|gap,1,1,52.359523809523814,2.17,43.9823532948533,35.66666666666667,1.8766666666666667,267,-7.527158489658489,-12.202882996632997,-3.0696138468013485,-0.6133333333333333,-15.37934102934103,-20.18919191919192,-11.005681216931217,-9.29938071188071,-13.83658384439634,-4.3138822751322765
4,2,3,as&cnf&mrg|gap,1,1,52.359523809523814,2.19,43.9823532948533,35.66666666666667,1.8766666666666667,267,-7.527158489658489,-12.202882996632997,-3.0696138468013485,-0.6133333333333333,-15.37934102934103,-20.18919191919192,-11.005681216931217,-9.29938071188071,-13.83658384439634,-4.3138822751322765
4,2,3,as&mrg&ovl|gap,1,1,52.359523809523814,2.35,43.9823532948533,35.66666666666667,2.03,248,-7.527158489658489,-12.202882996632997,-3.0696138468013485,-0.46,-15.37934102934103,-20.18919191919192,-11.005681216931217,-9.29938071188071,-13.83658384439634,-4.3138822751322765
5,2,4,as&cnf&mrg&ovl|gap,1,1,52.359523809523814,2.37,43.9823532948533,35.66666666666667,2.03,248,-7.527158489658489,-12.202882996632997,-3.0696138468013485,-0.46,-15.37934102934103,-20.18919191919192,-11.005681216931217,-9.29938071188071,-13.83658384439634,-4.3138822751322765
3,3,1,gap|mrg|tzi,1,0,50.42619047619047,1.8,43.79043410293411,35.333333333333336,1.59,277,-7.719077681577683,-12.53761994949495,-3.1724497955747952,-0.9,-15.571260221260221,-20.347108585858585,-11.012766354016355,-9.491299903799904,-14.38414442039442,-4.539439634439635
4,3,2,as&tzi|gap|mrg,1,1,50.42619047619047,1.81,43.79043410293411,35.333333333333336,1.6,277,-7.719077681577683,-12.53761994949495,-3.1724497955747952,-0.89,-15.571260221260221,-20.347108585858585,-11.012766354016355,-9.491299903799904,-14.38414442039442,-4.539439634439635
4,3,2,cnf&tzi|gap|mrg,1,0,50.42619047619047,1.81,43.79043410293411,35.333333333333336,1.6,277,-7.719077681577683,-12.53761994949495,-3.1724497955747952,-0.89,-15.571260221260221,-20.347108585858585,-11.012766354016355,-9.491299903799904,-14.38414442039442,-4.539439634439635
5,3,3,as&cnf&tzi|gap|mrg,1,1,50.42619047619047,1.81,43.79043410293411,35.333333333333336,1.6,277,-7.719077681577683,-12.53761994949495,-3.1724497955747952,-0.89,-15.571260221260221,-20.347108585858585,-11.012766354016355,-9.491299903799904,-14.38414442039442,-4.539439634439635
5,4,2,as|cnf&gap|ovl|tzi,0,1,48.49761904761904,1.56,43.70821308321308,35.0,1.5033333333333334,300,-7.801298701298701,-11.492218614718617,-4.324866522366524,-0.9866666666666667,-15.65348124098124,-20.001614808802305,-11.29974972943723,-9.573520923520922,-13.846655844155842,-5.211073232323233
6,4,3,as|cnf&gap&mrg|ovl|tzi,1,1,48.49761904761904,1.57,43.70821308321308,35.0,1.51,300,-7.801298701298701,-11.492218614718617,-4.324866522366524,-0.98,-15.65348124098124,-20.001614808802305,-11.29974972943723,-9.573520923520922,-13.846655844155842,-5.211073232323233
3,3,1,as|ovl|tzi,0,1,48.49761904761904,1.57,43.70821308321308,35.0,1.53,300,-7.801298701298701,-11.492218614718617,-4.324866522366524,-0.96,-15.65348124098124,-20.001614808802305,-11.29974972943723,-9.573520923520922,-13.846655844155842,-5.211073232323233
4,3,2,as&cnf|ovl|tzi,0,1,48.49761904761904,1.57,43.70821308321308,35.0,1.5333333333333334,300,-7.801298701298701,-11.492218614718617,-4.324866522366524,-0.9566666666666667,-15.65348124098124,-20.001614808802305,-11.29974972943723,-9.573520923520922,-13.846655844155842,-5.211073232323233
4,3,2,as|gap&tzi|ovl,0,1,48.49761904761904,1.59,43.70821308321308,35.0,1.54,300,-7.801298701298701,-11.492218614718617,-4.324866522366524,-0.95,-15.65348124098124,-20.001614808802305,-11.29974972943723,-9.573520923520922,-13.846655844155842,-5.211073232323233
5,3,2,as&cnf|gap&tzi|ovl,0,1,48.49761904761904,1.59,43.70821308321308,35.0,1.5433333333333332,300,-7.801298701298701,-11.492218614718617,-4.324866522366524,-0.9466666666666667,-15.65348124098124,-20.001614808802305,-11.29974972943723,-9.573520923520922,-13.846655844155842,-5.211073232323233
3,2,2,gap|ovl&tzi,0,0,52.359523809523814,2.69,43.70457551707551,35.333333333333336,2.296666666666667,204,-7.8049362674362674,-12.442476551226553,-3.369568903318905,-0.19333333333333333,-15.657118807118806,-20.415575396825396,-11.187691197691198,-9.57715848965849,-14.179947540885045,-4.753463053150553
4,2,3,as&ovl&tzi|gap,0,1,52.359523809523814,2.7,43.70457551707551,35.333333333333336,2.296666666666667,204,-7.8049362674362674,-12.442476551226553,-3.369568903318905,-0.19333333333333333,-15.657118807118806,-20.415575396825396,-11.187691197691198,-9.57715848965849,-14.179947540885045,-4.753463053150553
4,2,3,cnf&ovl&tzi|gap,0,0,52.359523809523814,2.69,43.70457551707551,35.333333333333336,2.296666666666667,204,-7.8049362674362674,-12.442476551226553,-3.369568903318905,-0.19333333333333333,-15.657118807118806,-20.415575396825396,-11.187691197691198,-9.57715848965849,-14.179947540885045,-4.753463053150553
5,2,4,as&cnf&ovl&tzi|gap,0,1,52.359523809523814,2.7,43.70457551707551,35.333333333333336,2.296666666666667,204,-7.8049362674362674,-12.442476551226553,-3.369568903318905,-0.19333333333333333,-15.657118807118806,-20.415575396825396,-11.187691197691198,-9.57715848965849,-14.179947540885045,-4.753463053150553
4,3,2,as|cnf&ovl|tzi,0,1,49.43095238095238,1.61,43.68440355940356,35.0,1.5333333333333334,300,-7.825108225108226,-11.53348484848485,-4.324866522366524,-0.9566666666666667,-15.677290764790763,-20.037330447330447,-11.34677353896104,-9.597330447330448,-13.89705266955267,-5.248811327561328
5,3,2,as|cnf&ovl|gap&tzi,0,1,49.43095238095238,1.63,43.68440355940356,35.0,1.5433333333333332,300,-7.825108225108226,-11.53348484848485,-4.324866522366524,-0.9466666666666667,-15.677290764790763,-20.037330447330447,-11.34677353896104,-9.597330447330448,-13.89705266955267,-5.248811327561328
6,4,2,as|cnf&gap|mrg&ovl|tzi,1,1,47.92619047619047,1.61,43.68440355940356,35.0,1.55,300,-7.825108225108226,-11.53348484848485,-4.324866522366524,-0.94,-15.677290764790763,-20.037330447330447,-11.34677353896104,-9.597330447330448,-13.89705266955267,-5.248811327561328
4,3,2,as|mrg&ovl|tzi,1,1,47.92619047619047,1.62,43.68440355940356,35.0,1.5866666666666667,300,-7.825108225108226,-11.53348484848485,-4.324866522366524,-0.9033333333333333,-15.677290764790763,-20.037330447330447,-11.34677353896104,-9.597330447330448,-13.89705266955267,-5.248811327561328
5,3,3,as|cnf&mrg&ovl|tzi,1,1,48.85952380952381,1.65,43.68440355940356,35.0,1.5866666666666667,300,-7.825108225108226,-11.53348484848485,-4.324866522366524,-0.9033333333333333,-15.677290764790763,-20.037330447330447,-11.34677353896104,-9.597330447330448,-13.89705266955267,-5.248811327561328
5,3,2,as&cnf|mrg&ovl|tzi,1,1,47.92619047619047,1.64,43.68440355940356,35.0,1.5933333333333333,300,-7.825108225108226,-11.53348484848485,-4.324866522366524,-0.8966666666666666,-15.677290764790763,-20.037330447330447,-11.34677353896104,-9.597330447330448,-13.89705266955267,-5.248811327561328
5,3,2,as|gap&tzi|mrg&ovl,1,1,47.92619047619047,1.64,43.68440355940356,35.0,1.5966666666666667,300,-7.825108225108226,-11.53348484848485,-4.324866522366524,-0.8933333333333333,-15.677290764790763,-20.037330447330447,-11.34677353896104,-9.597330447330448,-13.89705266955267,-5.248811327561328
6,3,3,as|cnf&mrg&ovl|gap&tzi,1,1,48.85952380952381,1.67,43.68440355940356,35.0,1.5966666666666667,300,-7.825108225108226,-11.53348484848485,-4.324866522366524,-0.8933333333333333,-15.677290764790763,-20.037330447330447,-11.34677353896104,-9.597330447330448,-13.89705266955267,-5.248811327561328
6,3,2,as&cnf|gap&tzi|mrg&ovl,1,1,47.92619047619047,1.66,43.68440355940356,35.0,1.6033333333333333,300,-7.825108225108226,-11.53348484848485,-4.324866522366524,-0.8866666666666667,-15.677290764790763,-20.037330447330447,-11.34677353896104,-9.597330447330448,-13.89705266955267,-5.248811327561328
5,3,2,cnf&mrg|gap|ovl&tzi,1,0,51.35952380952381,1.97,43.64901996151996,35.333333333333336,1.7133333333333334,275,-7.860491822991824,-12.696049182299182,-3.3749028980278992,-0.7766666666666666,-15.712674362674365,-20.36792267917268,-11.236851250601251,-9.632714045214044,-14.272923430735931,-4.901949855699856
6,3,3,as&ovl&tzi|cnf&mrg|gap,1,1,51.35952380952381,1.97,43.64901996151996,35.333333333333336,1.7133333333333334,275,-7.860491822991824,-12.696049182299182,-3.3749028980278992,-0.7766666666666666,-15.712674362674365,-20.36792267917268,-11.236851250601251,-9.632714045214044,-14.272923430735931,-4.901949855699856
5,3,2,as&mrg|gap|ovl&tzi,1,1,52.359523809523814,2.14,43.64901996151996,35.333333333333336,1.86,268,-7.860491822991824,-12.515484908609908,-3.475779220779222,-0.63,-15.712674362674365,-20.470858585858583,-11.312602212602213,-9.632714045214044,-14.246977362914862,-4.808760672198174
6,3,3,as&cnf&mrg|gap|ovl&tzi,1,1,52.359523809523814,2.16,43.64901996151996,35.333333333333336,1.86,268,-7.860491822991824,-12.515484908609908,-3.475779220779222,-0.63,-15.712674362674365,-20.470858585858583,-11.312602212602213,-9.632714045214044,-14.246977362914862,-4.808760672198174
6,3,3,as&mrg|cnf&ovl&tzi|gap,1,1,52.359523809523814,2.14,43.64901996151996,35.333333333333336,1.86,268,-7.860491822991824,-12.515484908609908,-3.475779220779222,-0.63,-15.712674362674365,-20.470858585858583,-11.312602212602213,-9.632714045214044,-14.246977362914862,-4.808760672198174
4,3,2,gap|mrg&ovl|tzi,1,0,51.42619047619047,2.07,43.64901996151996,35.333333333333336,1.9066666666666667,256,-7.860491822991824,-12.586906114718616,-3.4204180194805236,-0.5833333333333334,-15.712674362674365,-20.26071729196729,-11.322685185185186,-9.632714045214044,-14.19608645983646,-4.686340037277538
5,3,3,cnf&mrg&ovl|gap|tzi,1,0,52.359523809523814,2.12,43.64901996151996,35.333333333333336,1.9066666666666667,256,-7.860491822991824,-12.586906114718616,-3.4204180194805236,-0.5833333333333334,-15.712674362674365,-20.26071729196729,-11.322685185185186,-9.632714045214044,-14.19608645983646,-4.686340037277538
5,3,2,as&tzi|gap|mrg&ovl,1,1,51.42619047619047,2.09,43.64901996151996,35.333333333333336,1.9166666666666667,256,-7.860491822991824,-12.586906114718616,-3.4204180194805236,-0.5733333333333334,-15.712674362674365,-20.26071729196729,-11.322685185185186,-9.632714045214044,-14.19608645983646,-4.686340037277538
5,3,2,cnf&tzi|gap|mrg&ovl,1,0,51.42619047619047,2.09,43.64901996151996,35.333333333333336,1.9166666666666667,256,-7.860491822991824,-12.586906114718616,-3.4204180194805236,-0.5733333333333334,-15.712674362674365,-20.26071729196729,-11.322685185185186,-9.632714045214044,-14.19608645983646,-4.686340037277538
6,3,3,as&tzi|cnf&mrg&ovl|gap,1,1,52.359523809523814,2.14,43.64901996151996,35.333333333333336,1.9166666666666667,256,-7.860491822991824,-12.586906114718616,-3.4204180194805236,-0.5733333333333334,-15.712674362674365,-20.26071729196729,-11.322685185185186,-9.632714045214044,-14.19608645983646,-4.686340037277538
6,3,3,as&cnf&tzi|gap|mrg&ovl,1,1,51.42619047619047,2.09,43.64901996151996,35.333333333333336,1.9166666666666667,256,-7.860491822991824,-12.586906114718616,-3.4204180194805236,-0.5733333333333334,-15.712674362674365,-20.26071729196729,-11.322685185185186,-9.632714045214044,-14.19608645983646,-4.686340037277538
5,4,2,as|cnf&mrg|ovl|tzi,1,1,48.49761904761904,1.54,43.374879749879746,34.66666666666667,1.4633333333333334,300,-8.134632034632034,-11.97948051948052,-4.909072871572873,-1.0266666666666666,-15.986814574314574,-20.325020292207792,-11.75641414141414,-9.906854256854256,-14.160766594516595,-5.717770562770563
6,4,2,as|cnf&mrg|gap&tzi|ovl,1,1,48.49761904761904,1.56,43.374879749879746,34.66666666666667,1.4733333333333334,300,-8.134632034632034,-11.97948051948052,-4.909072871572873,-1.0166666666666666,-15.986814574314574,-20.325020292207792,-11.75641414141414,-9.906854256854256,-14.160766594516595,-5.717770562770563
2,2,1,gap|tzi,0,0,52.359523809523814,2.64,43.371242183742176,35.0,2.28,204,-8.1382696007696,-12.773540764790765,-3.69245580808081,-0.21,-15.990452140452138,-20.60899951899952,-11.740769600769601,-9.910491822991823,-14.428678601491102,-5.048584355459355
3,2,2,as&tzi|gap,0,1,52.359523809523814,2.67,43.371242183742176,35.0,2.29,204,-8.1382696007696,-12.773540764790765,-3.69245580808081,-0.2,-15.990452140452138,-20.60899951899952,-11.740769600769601,-9.910491822991823,-14.428678601491102,-5.048584355459355
3,2,2,cnf&tzi|gap,0,0,52.359523809523814,2.66,43.371242183742176,35.0,2.29,204,-8.1382696007696,-12.773540764790765,-3.69245580808081,-0.2,-15.990452140452138,-20.60899951899952,-11.740769600769601,-9.910491822991823,-14.428678601491102,-5.048584355459355
4,2,3,as&cnf&tzi|gap,0,1,52.359523809523814,2.67,43.371242183742176,35.0,2.29,204,-8.1382696007696,-12.773540764790765,-3.69245580808081,-0.2,-15.990452140452138,-20.60899951899952,-11.740769600769601,-9.910491822991823,-14.428678601491102,-5.048584355459355
6,4,2,as|cnf&mrg|gap&ovl|tzi,1,1,47.85952380952381,1.6,43.351070226070235,34.66666666666667,1.5066666666666666,300,-8.158441558441558,-12.002958152958152,-4.9328823953823955,-0.9833333333333333,-16.010624098124097,-20.371006493506492,-11.773870851370853,-9.93066378066378,-14.161361832611833,-5.7409848484848505
4,3,2,as|cnf&mrg|tzi,1,1,47.85952380952381,1.6,43.351070226070235,34.66666666666667,1.5166666666666666,300,-8.158441558441558,-12.002958152958152,-4.9328823953823955,-0.9733333333333334,-16.010624098124097,-20.371006493506492,-11.773870851370853,-9.93066378066378,-14.161361832611833,-5.7409848484848505
5,3,2,as|cnf&mrg|gap&tzi,1,1,47.85952380952381,1.62,43.351070226070235,34.66666666666667,1.5266666666666666,300,-8.158441558441558,-12.002958152958152,-4.9328823953823955,-0.9633333333333334,-16.010624098124097,-20.371006493506492,-11.773870851370853,-9.93066378066378,-14.161361832611833,-5.7409848484848505
4,3,2,as|cnf&gap|tzi,0,1,48.85952380952381,1.72,43.351070226070235,34.66666666666667,1.61,299,-8.158441558441558,-11.756969696969696,-4.9017784992785005,-0.88,-16.010624098124097,-20.341047528860027,-11.629272186147187,-9.93066378066378,-14.19291305916306,-5.70827380952381
5,3,3,as|cnf&gap&mrg|tzi,1,1,48.85952380952381,1.73,43.351070226070235,34.66666666666667,1.6266666666666667,299,-8.158441558441558,-11.756969696969696,-4.9017784992785005,-0.8633333333333333,-16.010624098124097,-20.341047528860027,-11.629272186147187,-9.93066378066378,-14.19291305916306,-5.70827380952381
4,3,2,as|gap&ovl|tzi,0,1,48.85952380952381,1.73,43.351070226070235,34.66666666666667,1.6366666666666667,299,-8.158441558441558,-11.756969696969696,-4.9017784992785005,-0.8533333333333334,-16.010624098124097,-20.341047528860027,-11.629272186147187,-9.93066378066378,-14.19291305916306,-5.70827380952381
5,3,3,as|cnf&gap&ovl|tzi,0,1,48.85952380952381,1.73,43.351070226070235,34.66666666666667,1.6366666666666667,299,-8.158441558441558,-11.756969696969696,-4.9017784992785005,-0.8533333333333334,-16.010624098124097,-20.341047528860027,-11.629272186147187,-9.93066378066378,-14.19291305916306,-5.70827380952381
5,3,2,as&cnf|gap&ovl|tzi,0,1,48.85952380952381,1.77,43.351070226070235,34.66666666666667,1.6433333333333333,299,-8.158441558441558,-11.756969696969696,-4.9017784992785005,-0.8466666666666667,-16.010624098124097,-20.341047528860027,-11.629272186147187,-9.93066378066378,-14.19291305916306,-5.70827380952381
5,3,3,as|gap&mrg&ovl|tzi,1,1,48.85952380952381,1.73,43.351070226070235,34.66666666666667,1.6466666666666667,299,-8.158441558441558,-11.756969696969696,-4.9017784992785005,-0.8433333333333334,-16.010624098124097,-20.341047528860027,-11.629272186147187,-9.93066378066378,-14.19291305916306,-5.70827380952381
6,3,4,as|cnf&gap&mrg&ovl|tzi,1,1,48.85952380952381,1.73,43.351070226070235,34.66666666666667,1.6466666666666667,299,-8.158441558441558,-11.756969696969696,-4.9017784992785005,-0.8433333333333334,-16.010624098124097,-20.341047528860027,-11.629272186147187,-9.93066378066378,-14.19291305916306,-5.70827380952381
6,3,3,as&cnf|gap&mrg&ovl|tzi,1,1,48.85952380952381,1.77,43.351070226070235,34.66666666666667,1.6533333333333333,299,-8.158441558441558,-11.756969696969696,-4.9017784992785005,-0.8366666666666667,-16.010624098124097,-20.341047528860027,-11.629272186147187,-9.93066378066378,-14.19291305916306,-5.70827380952381
2,2,1,as|tzi,0,1,48.85952380952381,1.73,43.351070226070235,34.66666666666667,1.6666666666666667,299,-8.158441558441558,-11.756969696969696,-4.9017784992785005,-0.8233333333333334,-16.010624098124097,-20.341047528860027,-11.629272186147187,-9.93066378066378,-14.19291305916306,-5.70827380952381
3,2,2,as&cnf|tzi,0,1,48.85952380952381,1.77,43.351070226070235,34.66666666666667,1.6733333333333333,299,-8.158441558441558,-11.756969696969696,-4.9017784992785005,-0.8166666666666667,-16.010624098124097,-20.341047528860027,-11.629272186147187,-9.93066378066378,-14.19291305916306,-5.70827380952381
3,2,2,as|gap&tzi,0,1,48.85952380952381,1.76,43.351070226070235,34.66666666666667,1.6766666666666667,299,-8.158441558441558,-11.756969696969696,-4.9017784992785005,-0.8133333333333334,-16.010624098124097,-20.341047528860027,-11.629272186147187,-9.93066378066378,-14.19291305916306,-5.70827380952381
4,2,2,as&cnf|gap&tzi,0,1,48.85952380952381,1.8,43.351070226070235,34.66666666666667,1.6833333333333333,299,-8.158441558441558,-11.756969696969696,-4.9017784992785005,-0.8066666666666666,-16.010624098124097,-20.341047528860027,-11.629272186147187,-9.93066378066378,-14.19291305916306,-5.70827380952381
4,3,2,cnf&mrg|gap|tzi,1,0,51.35952380952381,1.95,43.315686628186626,35.0,1.7,275,-8.193825156325156,-13.041036556036556,-3.638482593795094,-0.79,-16.046007696007695,-20.58541786916787,-11.655496031746033,-9.966047378547376,-14.604040854978354,-5.137257696007697
5,3,2,as&tzi|cnf&mrg|gap,1,1,51.35952380952381,1.97,43.315686628186626,35.0,1.71,275,-8.193825156325156,-13.041036556036556,-3.638482593795094,-0.78,-16.046007696007695,-20.58541786916787,-11.655496031746033,-9.966047378547376,-14.604040854978354,-5.137257696007697
4,3,2,as&mrg|gap|tzi,1,1,52.359523809523814,2.12,43.315686628186626,35.0,1.8433333333333333,268,-8.193825156325156,-12.869938221500721,-3.737654521404522,-0.6466666666666666,-16.046007696007695,-20.720353535353535,-11.826761664261664,-9.966047378547376,-14.47966931216931,-5.104613095238096
5,3,3,as&cnf&mrg|gap|tzi,1,1,52.359523809523814,2.14,43.315686628186626,35.0,1.8433333333333333,268,-8.193825156325156,-12.869938221500721,-3.737654521404522,-0.6466666666666666,-16.046007696007695,-20.720353535353535,-11.826761664261664,-9.966047378547376,-14.47966931216931,-5.104613095238096
5,3,2,as&mrg|cnf&tzi|gap,1,1,52.359523809523814,2.14,43.315686628186626,35.0,1.8533333333333333,268,-8.193825156325156,-12.869938221500721,-3.737654521404522,-0.6366666666666667,-16.046007696007695,-20.720353535353535,-11.826761664261664,-9.966047378547376,-14.47966931216931,-5.104613095238096
5,3,3,as&mrg&ovl|gap|tzi,1,1,52.359523809523814,2.27,43.315686628186626,35.0,1.9966666666666666,249,-8.193825156325156,-12.869938221500721,-3.737654521404522,-0.49333333333333335,-16.046007696007695,-20.720353535353535,-11.826761664261664,-9.966047378547376,-14.47966931216931,-5.104613095238096
6,3,4,as&cnf&mrg&ovl|gap|tzi,1,1,52.359523809523814,2.29,43.315686628186626,35.0,1.9966666666666666,249,-8.193825156325156,-12.869938221500721,-3.737654521404522,-0.49333333333333335,-16.046007696007695,-20.720353535353535,-11.826761664261664,-9.966047378547376,-14.47966931216931,-5.104613095238096
6,3,3,as&mrg&ovl|cnf&tzi|gap,1,1,52.359523809523814,2.29,43.315686628186626,35.0,2.006666666666667,249,-8.193825156325156,-12.869938221500721,-3.737654521404522,-0.48333333333333334,-16.046007696007695,-20.720353535353535,-11.826761664261664,-9.966047378547376,-14.47966931216931,-5.104613095238096
6,5,2,as|cnf&gap|mrg|ovl|tzi,1,1,47.49761904761904,1.36,43.226611351611346,34.333333333333336,1.3433333333333333,300,-8.282900432900433,-12.507252886002885,-4.818578643578646,-1.1466666666666667,-16.135082972582975,-20.766092622655123,-11.737135642135643,-10.055122655122657,-14.417905844155849,-5.638667027417028
4,4,1,as|mrg|ovl|tzi,1,1,47.49761904761904,1.37,43.226611351611346,34.333333333333336,1.35,300,-8.282900432900433,-12.507252886002885,-4.818578643578646,-1.14,-16.135082972582975,-20.766092622655123,-11.737135642135643,-10.055122655122657,-14.417905844155849,-5.638667027417028
5,4,2,as|cnf&ovl|mrg|tzi,1,1,47.49761904761904,1.38,43.226611351611346,34.333333333333336,1.35,300,-8.282900432900433,-12.507252886002885,-4.818578643578646,-1.14,-16.135082972582975,-20.766092622655123,-11.737135642135643,-10.055122655122657,-14.417905844155849,-5.638667027417028
5,4,2,as&cnf|mrg|ovl|tzi,1,1,47.49761904761904,1.37,43.226611351611346,34.333333333333336,1.3533333333333333,300,-8.282900432900433,-12.507252886002885,-4.818578643578646,-1.1366666666666667,-16.135082972582975,-20.766092622655123,-11.737135642135643,-10.055122655122657,-14.417905844155849,-5.638667027417028
5,4,2,as|gap&tzi|mrg|ovl,1,1,47.49761904761904,1.38,43.226611351611346,34.333333333333336,1.36,300,-8.282900432900433,-12.507252886002885,-4.818578643578646,-1.13,-16.135082972582975,-20.766092622655123,-11.737135642135643,-10.055122655122657,-14.417905844155849,-5.638667027417028
6,4,2,as|cnf&ovl|gap&tzi|mrg,1,1,47.49761904761904,1.39,43.226611351611346,34.333333333333336,1.36,300,-8.282900432900433,-12.507252886002885,-4.818578643578646,-1.13,-16.135082972582975,-20.766092622655123,-11.737135642135643,-10.055122655122657,-14.417905844155849,-5.638667027417028
6,4,2,as&cnf|gap&tzi|mrg|ovl,1,1,47.49761904761904,1.38,43.226611351611346,34.333333333333336,1.3633333333333333,300,-8.282900432900433,-12.507252886002885,-4.818578643578646,-1.1266666666666667,-16.135082972582975,-20.766092622655123,-11.737135642135643,-10.055122655122657,-14.417905844155849,-5.638667027417028
5,4,2,as|cnf&gap|mrg|tzi,1,1,46.92619047619047,1.41,43.226611351611346,34.333333333333336,1.38,300,-8.282900432900433,-12.507252886002885,-4.818578643578646,-1.11,-16.135082972582975,-20.766092622655123,-11.737135642135643,-10.055122655122657,-14.417905844155849,-5.638667027417028
5,4,2,as|gap&ovl|mrg|tzi,1,1,46.92619047619047,1.42,43.226611351611346,34.333333333333336,1.3866666666666667,300,-8.282900432900433,-12.507252886002885,-4.818578643578646,-1.1033333333333333,-16.135082972582975,-20.766092622655123,-11.737135642135643,-10.055122655122657,-14.417905844155849,-5.638667027417028
6,4,3,as|cnf&gap&ovl|mrg|tzi,1,1,46.92619047619047,1.42,43.226611351611346,34.333333333333336,1.3866666666666667,300,-8.282900432900433,-12.507252886002885,-4.818578643578646,-1.1033333333333333,-16.135082972582975,-20.766092622655123,-11.737135642135643,-10.055122655122657,-14.417905844155849,-5.638667027417028
6,4,2,as&cnf|gap&ovl|mrg|tzi,1,1,46.92619047619047,1.44,43.226611351611346,34.333333333333336,1.3933333333333333,300,-8.282900432900433,-12.507252886002885,-4.818578643578646,-1.0966666666666667,-16.135082972582975,-20.766092622655123,-11.737135642135643,-10.055122655122657,-14.417905844155849,-5.638667027417028
3,3,1,as|mrg|tzi,1,1,46.92619047619047,1.42,43.226611351611346,34.333333333333336,1.3966666666666667,300,-8.282900432900433,-12.507252886002885,-4.818578643578646,-1.0933333333333333,-16.135082972582975,-20.766092622655123,-11.737135642135643,-10.055122655122657,-14.417905844155849,-5.638667027417028
4,3,2,as&cnf|mrg|tzi,1,1,46.92619047619047,1.44,43.226611351611346,34.333333333333336,1.4033333333333333,300,-8.282900432900433,-12.507252886002885,-4.818578643578646,-1.0866666666666667,-16.135082972582975,-20.766092622655123,-11.737135642135643,-10.055122655122657,-14.417905844155849,-5.638667027417028
4,3,2,as|gap&tzi|mrg,1,1,46.92619047619047,1.43,43.226611351611346,34.333333333333336,1.4066666666666667,300,-8.282900432900433,-12.507252886002885,-4.818578643578646,-1.0833333333333333,-16.135082972582975,-20.766092622655123,-11.737135642135643,-10.055122655122657,-14.417905844155849,-5.638667027417028
5,3,2,as&cnf|gap&tzi|mrg,1,1,46.92619047619047,1.45,43.226611351611346,34.333333333333336,1.4133333333333333,300,-8.282900432900433,-12.507252886002885,-4.818578643578646,-1.0766666666666667,-16.135082972582975,-20.766092622655123,-11.737135642135643,-10.055122655122657,-14.417905844155849,-5.638667027417028
5,4,2,as|gap&mrg|ovl|tzi,1,1,48.49761904761904,1.51,43.10900673400674,34.333333333333336,1.4866666666666666,300,-8.400505050505052,-12.206628787878788,-4.925330086580088,-1.0033333333333334,-16.25268759018759,-20.716275703463204,-11.95293786075036,-10.172727272727272,-14.560077561327562,-5.7459126984127
6,4,2,as&cnf|gap&mrg|ovl|tzi,1,1,48.49761904761904,1.51,43.10900673400674,34.333333333333336,1.49,300,-8.400505050505052,-12.206628787878788,-4.925330086580088,-1.0,-16.25268759018759,-20.716275703463204,-11.95293786075036,-10.172727272727272,-14.560077561327562,-5.7459126984127
3,3,1,gap|mrg|ovl,1,0,47.99761904761904,1.45,43.10154521404522,35.0,1.39,294,-8.40796657046657,-13.333680254930252,-3.9317031926406933,-1.1,-16.26014911014911,-20.877713443963444,-11.636571067821066,-10.180188792688794,-14.996012656325156,-5.295500992063494
4,3,2,cnf&ovl|gap|mrg,1,0,47.99761904761904,1.47,43.10154521404522,35.0,1.3933333333333333,294,-8.40796657046657,-13.333680254930252,-3.9317031926406933,-1.0966666666666667,-16.26014911014911,-20.877713443963444,-11.636571067821066,-10.180188792688794,-14.996012656325156,-5.295500992063494
4,3,2,as&ovl|gap|mrg,1,1,48.42619047619047,1.51,43.10154521404522,35.0,1.4433333333333334,290,-8.40796657046657,-13.333680254930252,-3.9317031926406933,-1.0466666666666666,-16.26014911014911,-20.877713443963444,-11.636571067821066,-10.180188792688794,-14.996012656325156,-5.295500992063494
5,3,3,as&cnf&ovl|gap|mrg,1,1,48.42619047619047,1.53,43.10154521404522,35.0,1.4466666666666668,290,-8.40796657046657,-13.333680254930252,-3.9317031926406933,-1.0433333333333332,-16.26014911014911,-20.877713443963444,-11.636571067821066,-10.180188792688794,-14.996012656325156,-5.295500992063494
6,4,2,as|cnf&ovl|gap&mrg|tzi,1,1,49.43095238095238,1.55,43.08519721019721,34.333333333333336,1.49,300,-8.424314574314575,-12.206782106782107,-4.948544372294374,-1.0,-16.276497113997117,-20.740680465367962,-11.999961670274173,-10.196536796536797,-14.604437229437227,-5.769126984126986
4,3,2,as&mrg|gap|ovl,1,1,48.99761904761904,1.61,42.983940596440604,35.0,1.55,291,-8.525571188071188,-13.109611141173641,-4.179094967532468,-0.94,-16.377753727753728,-20.937896224146225,-12.060674001924003,-10.29779341029341,-14.80188041125541,-5.2747166606541604
5,3,3,as&cnf&mrg|gap|ovl,1,1,48.99761904761904,1.61,42.983940596440604,35.0,1.55,291,-8.525571188071188,-13.109611141173641,-4.179094967532468,-0.94,-16.377753727753728,-20.937896224146225,-12.060674001924003,-10.29779341029341,-14.80188041125541,-5.2747166606541604
4,3,2,gap|mrg&tzi|ovl,1,0,48.99761904761904,1.67,42.983940596440604,35.0,1.6733333333333333,277,-8.525571188071188,-13.109611141173641,-4.179094967532468,-0.8166666666666667,-16.377753727753728,-20.937896224146225,-12.060674001924003,-10.29779341029341,-14.80188041125541,-5.2747166606541604
5,3,3,cnf&mrg&tzi|gap|ovl,1,0,48.99761904761904,1.68,42.983940596440604,35.0,1.6733333333333333,277,-8.525571188071188,-13.109611141173641,-4.179094967532468,-0.8166666666666667,-16.377753727753728,-20.937896224146225,-12.060674001924003,-10.29779341029341,-14.80188041125541,-5.2747166606541604
2,2,1,gap|ovl,0,0,48.99761904761904,1.71,42.983940596440604,35.0,1.6766666666666667,277,-8.525571188071188,-13.109611141173641,-4.179094967532468,-0.8133333333333334,-16.377753727753728,-20.937896224146225,-12.060674001924003,-10.29779341029341,-14.80188041125541,-5.2747166606541604
5,3,3,as&mrg&tzi|gap|ovl,1,1,48.99761904761904,1.68,42.983940596440604,35.0,1.6766666666666667,277,-8.525571188071188,-13.109611141173641,-4.179094967532468,-0.8133333333333334,-16.377753727753728,-20.937896224146225,-12.060674001924003,-10.29779341029341,-14.80188041125541,-5.2747166606541604
6,3,4,as&cnf&mrg&tzi|gap|ovl,1,1,48.99761904761904,1.68,42.983940596440604,35.0,1.6766666666666667,277,-8.525571188071188,-13.109611141173641,-4.179094967532468,-0.8133333333333334,-16.377753727753728,-20.937896224146225,-12.060674001924003,-10.29779341029341,-14.80188041125541,-5.2747166606541604
5,3,2,as&mrg|cnf&ovl|gap,1,1,49.93095238095238,1.66,42.96013107263107,35.0,1.5566666666666666,291,-8.549380711880712,-13.156544011544014,-4.226714015151516,-0.9333333333333333,-16.40156325156325,-20.984920033670033,-12.06126924001924,-10.321602934102934,-14.803426978114478,-5.309964676527177
5,3,2,cnf&ovl|gap|mrg&tzi,1,0,49.93095238095238,1.74,42.96013107263107,35.0,1.68,277,-8.549380711880712,-13.156544011544014,-4.226714015151516,-0.81,-16.40156325156325,-20.984920033670033,-12.06126924001924,-10.321602934102934,-14.803426978114478,-5.309964676527177
3,2,2,cnf&ovl|gap,0,0,49.93095238095238,1.78,42.96013107263107,35.0,1.6833333333333333,277,-8.549380711880712,-13.156544011544014,-4.226714015151516,-0.8066666666666666,-16.40156325156325,-20.984920033670033,-12.06126924001924,-10.321602934102934,-14.803426978114478,-5.309964676527177
6,3,3,as&mrg&tzi|cnf&ovl|gap,1,1,49.93095238095238,1.75,42.96013107263107,35.0,1.6833333333333333,277,-8.549380711880712,-13.156544011544014,-4.226714015151516,-0.8066666666666666,-16.40156325156325,-20.984920033670033,-12.06126924001924,-10.321602934102934,-14.803426978114478,-5.309964676527177
4,4,1,gap|mrg|ovl|tzi,1,0,47.99761904761904,1.44,42.76821188071188,34.66666666666667,1.3766666666666667,294,-8.741299903799904,-13.69819805194805,-4.3275036075036075,-1.1133333333333333,-16.593482443482444,-21.289414381914384,-12.080894660894662,-10.513522126022126,-15.422290764790764,-5.637952140452141
5,4,2,cnf&ovl|gap|mrg|tzi,1,0,47.99761904761904,1.46,42.76821188071188,34.66666666666667,1.38,294,-8.741299903799904,-13.69819805194805,-4.3275036075036075,-1.11,-16.593482443482444,-21.289414381914384,-12.080894660894662,-10.513522126022126,-15.422290764790764,-5.637952140452141
5,4,2,as&tzi|gap|mrg|ovl,1,1,47.99761904761904,1.45,42.76821188071188,34.66666666666667,1.3866666666666667,294,-8.741299903799904,-13.69819805194805,-4.3275036075036075,-1.1033333333333333,-16.593482443482444,-21.289414381914384,-12.080894660894662,-10.513522126022126,-15.422290764790764,-5.637952140452141
5,4,2,cnf&tzi|gap|mrg|ovl,1,0,47.99761904761904,1.45,42.76821188071188,34.66666666666667,1.3866666666666667,294,-8.741299903799904,-13.69819805194805,-4.3275036075036075,-1.1033333333333333,-16.593482443482444,-21.289414381914384,-12.080894660894662,-10.513522126022126,-15.422290764790764,-5.637952140452141
6,4,3,as&cnf&tzi|gap|mrg|ovl,1,1,47.99761904761904,1.45,42.76821188071188,34.66666666666667,1.3866666666666667,294,-8.741299903799904,-13.69819805194805,-4.3275036075036075,-1.1033333333333333,-16.593482443482444,-21.289414381914384,-12.080894660894662,-10.513522126022126,-15.422290764790764,-5.637952140452141
6,4,2,as&tzi|cnf&ovl|gap|mrg,1,1,47.99761904761904,1.47,42.76821188071188,34.66666666666667,1.39,294,-8.741299903799904,-13.69819805194805,-4.3275036075036075,-1.1,-16.593482443482444,-21.289414381914384,-12.080894660894662,-10.513522126022126,-15.422290764790764,-5.637952140452141
5,4,2,as&ovl|gap|mrg|tzi,1,1,48.42619047619047,1.5,42.76821188071188,34.66666666666667,1.43,290,-8.741299903799904,-13.69819805194805,-4.3275036075036075,-1.06,-16.593482443482444,-21.289414381914384,-12.080894660894662,-10.513522126022126,-15.422290764790764,-5.637952140452141
6,4,3,as&cnf&ovl|gap|mrg|tzi,1,1,48.42619047619047,1.52,42.76821188071188,34.66666666666667,1.4333333333333333,290,-8.741299903799904,-13.69819805194805,-4.3275036075036075,-1.0566666666666666,-16.593482443482444,-21.289414381914384,-12.080894660894662,-10.513522126022126,-15.422290764790764,-5.637952140452141
6,4,2,as&ovl|cnf&tzi|gap|mrg,1,1,48.42619047619047,1.51,42.76821188071188,34.66666666666667,1.44,290,-8.741299903799904,-13.69819805194805,-4.3275036075036075,-1.05,-16.593482443482444,-21.289414381914384,-12.080894660894662,-10.513522126022126,-15.422290764790764,-5.637952140452141
4,3,2,as|gap&mrg|tzi,1,1,48.85952380952381,1.67,42.75186387686388,34.0,1.6033333333333333,299,-8.757647907647907,-12.586327561327563,-5.392644300144301,-0.8866666666666667,-16.60983044733045,-21.089334415584418,-12.213065476190476,-10.52987012987013,-14.938088023088019,-6.142579365079366
5,3,2,as&cnf|gap&mrg|tzi,1,1,48.85952380952381,1.71,42.75186387686388,34.0,1.61,299,-8.757647907647907,-12.586327561327563,-5.392644300144301,-0.88,-16.60983044733045,-21.089334415584418,-12.213065476190476,-10.52987012987013,-14.938088023088019,-6.142579365079366
4,3,2,cnf&mrg|gap|ovl,1,0,48.99761904761904,1.57,42.65060726310727,34.66666666666667,1.48,294,-8.85890452140452,-13.470879479316977,-4.497882395382396,-1.01,-16.71108706108706,-21.247095959595956,-12.260006613756612,-10.631126743626742,-15.168140331890335,-5.903102002164504
5,4,2,as&mrg|gap|ovl|tzi,1,1,48.99761904761904,1.59,42.65060726310727,34.66666666666667,1.5333333333333334,291,-8.85890452140452,-13.470769901394899,-4.530467622655123,-0.9566666666666667,-16.71108706108706,-21.29590848965849,-12.374146224146227,-10.631126743626742,-15.154035744348244,-5.623450577200578
6,4,3,as&cnf&mrg|gap|ovl|tzi,1,1,48.99761904761904,1.59,42.65060726310727,34.66666666666667,1.5333333333333334,291,-8.85890452140452,-13.470769901394899,-4.530467622655123,-0.9566666666666667,-16.71108706108706,-21.29590848965849,-12.374146224146227,-10.631126743626742,-15.154035744348244,-5.623450577200578
6,4,2,as&mrg|cnf&tzi|gap|ovl,1,1,48.99761904761904,1.61,42.65060726310727,34.66666666666667,1.5433333333333332,291,-8.85890452140452,-13.470769901394899,-4.530467622655123,-0.9466666666666667,-16.71108706108706,-21.29590848965849,-12.374146224146227,-10.631126743626742,-15.154035744348244,-5.623450577200578
3,3,1,gap|ovl|tzi,0,0,48.99761904761904,1.66,42.65060726310727,34.66666666666667,1.66,277,-8.85890452140452,-13.470769901394899,-4.530467622655123,-0.83,-16.71108706108706,-21.29590848965849,-12.374146224146227,-10.631126743626742,-15.154035744348244,-5.623450577200578
4,3,2,as&tzi|gap|ovl,0,1,48.99761904761904,1.68,42.65060726310727,34.66666666666667,1.67,277,-8.85890452140452,-13.470769901394899,-4.530467622655123,-0.82,-16.71108706108706,-21.29590848965849,-12.374146224146227,-10.631126743626742,-15.154035744348244,-5.623450577200578
4,3,2,cnf&tzi|gap|ovl,0,0,48.99761904761904,1.68,42.65060726310727,34.66666666666667,1.67,277,-8.85890452140452,-13.470769901394899,-4.530467622655123,-0.82,-16.71108706108706,-21.29590848965849,-12.374146224146227,-10.631126743626742,-15.154035744348244,-5.623450577200578
5,3,3,as&cnf&tzi|gap|ovl,0,1,48.99761904761904,1.68,42.65060726310727,34.66666666666667,1.67,277,-8.85890452140452,-13.470769901394899,-4.530467622655123,-0.82,-16.71108706108706,-21.29590848965849,-12.374146224146227,-10.631126743626742,-15.154035744348244,-5.623450577200578
5,3,2,as&ovl|cnf&mrg|gap,1,1,49.35952380952381,1.64,42.62679773929774,34.66666666666667,1.54,290,-8.882714045214044,-13.490940355940356,-4.5443109668109685,-0.95,-16.734896584896582,-21.270905483405482,-12.284411375661374,-10.654936267436268,-15.21575937950938,-5.933650342712844
6,4,2,as&mrg|cnf&ovl|gap|tzi,1,1,49.93095238095238,1.64,42.62679773929774,34.66666666666667,1.54,291,-8.882714045214044,-13.471365139490137,-4.551884770322271,-0.95,-16.734896584896582,-21.319122775372776,-12.394602573352573,-10.654936267436268,-15.215781475468976,-5.647719907407408
4,3,2,cnf&ovl|gap|tzi,0,0,49.93095238095238,1.73,42.62679773929774,34.66666666666667,1.6666666666666667,277,-8.882714045214044,-13.471365139490137,-4.551884770322271,-0.8233333333333334,-16.734896584896582,-21.319122775372776,-12.394602573352573,-10.654936267436268,-15.215781475468976,-5.647719907407408
5,3,2,as&tzi|cnf&ovl|gap,0,1,49.93095238095238,1.75,42.62679773929774,34.66666666666667,1.6766666666666667,277,-8.882714045214044,-13.471365139490137,-4.551884770322271,-0.8133333333333334,-16.734896584896582,-21.319122775372776,-12.394602573352573,-10.654936267436268,-15.215781475468976,-5.647719907407408
5,3,2,as&ovl|gap|mrg&tzi,1,1,50.35952380952381,1.9,42.62679773929774,34.66666666666667,1.82,268,-8.882714045214044,-13.456327861952863,-4.679167117604618,-0.67,-16.734896584896582,-21.319866522366524,-12.4023082010582,-10.654936267436268,-15.136146284271284,-5.6944415885040875
6,3,3,as&ovl|cnf&mrg&tzi|gap,1,1,50.35952380952381,1.91,42.62679773929774,34.66666666666667,1.82,268,-8.882714045214044,-13.456327861952863,-4.679167117604618,-0.67,-16.734896584896582,-21.319866522366524,-12.4023082010582,-10.654936267436268,-15.136146284271284,-5.6944415885040875
3,2,2,as&ovl|gap,0,1,50.35952380952381,1.95,42.62679773929774,34.66666666666667,1.8233333333333333,268,-8.882714045214044,-13.456327861952863,-4.679167117604618,-0.6666666666666666,-16.734896584896582,-21.319866522366524,-12.4023082010582,-10.654936267436268,-15.136146284271284,-5.6944415885040875
6,3,3,as&cnf&ovl|gap|mrg&tzi,1,1,50.35952380952381,1.94,42.62679773929774,34.66666666666667,1.8233333333333333,268,-8.882714045214044,-13.456327861952863,-4.679167117604618,-0.6666666666666666,-16.734896584896582,-21.319866522366524,-12.4023082010582,-10.654936267436268,-15.136146284271284,-5.6944415885040875
4,2,3,as&cnf&ovl|gap,0,1,50.35952380952381,1.99,42.62679773929774,34.66666666666667,1.8266666666666667,268,-8.882714045214044,-13.456327861952863,-4.679167117604618,-0.6633333333333333,-16.734896584896582,-21.319866522366524,-12.4023082010582,-10.654936267436268,-15.136146284271284,-5.6944415885040875
4,4,1,as|cnf|ovl|tzi,0,1,48.49761904761904,1.5,42.42249879749879,34.0,1.4166666666666667,300,-9.087012987012988,-12.955223665223667,-5.517965367965369,-1.0733333333333333,-16.939195526695524,-21.355781475468977,-12.702056277056275,-10.859235209235209,-15.202929292929293,-6.424503968253968
3,3,1,cnf|ovl|tzi,0,0,48.49761904761904,1.5,42.42249879749879,34.0,1.42,300,-9.087012987012988,-12.955223665223667,-5.517965367965369,-1.07,-16.939195526695524,-21.355781475468977,-12.702056277056275,-10.859235209235209,-15.202929292929293,-6.424503968253968
5,4,2,as&mrg|cnf|ovl|tzi,1,1,48.49761904761904,1.5,42.42249879749879,34.0,1.42,300,-9.087012987012988,-12.955223665223667,-5.517965367965369,-1.07,-16.939195526695524,-21.355781475468977,-12.702056277056275,-10.859235209235209,-15.202929292929293,-6.424503968253968
5,4,2,as&gap|cnf|ovl|tzi,0,1,48.49761904761904,1.5,42.42249879749879,34.0,1.42,300,-9.087012987012988,-12.955223665223667,-5.517965367965369,-1.07,-16.939195526695524,-21.355781475468977,-12.702056277056275,-10.859235209235209,-15.202929292929293,-6.424503968253968
6,4,3,as&gap&mrg|cnf|ovl|tzi,1,1,48.49761904761904,1.5,42.42249879749879,34.0,1.42,300,-9.087012987012988,-12.955223665223667,-5.517965367965369,-1.07,-16.939195526695524,-21.355781475468977,-12.702056277056275,-10.859235209235209,-15.202929292929293,-6.424503968253968
5,4,2,as|cnf|gap&tzi|ovl,0,1,48.49761904761904,1.52,42.42249879749879,34.0,1.4266666666666667,300,-9.087012987012988,-12.955223665223667,-5.517965367965369,-1.0633333333333332,-16.939195526695524,-21.355781475468977,-12.702056277056275,-10.859235209235209,-15.202929292929293,-6.424503968253968
4,3,2,cnf|gap&tzi|ovl,0,0,48.49761904761904,1.52,42.42249879749879,34.0,1.43,300,-9.087012987012988,-12.955223665223667,-5.517965367965369,-1.06,-16.939195526695524,-21.355781475468977,-12.702056277056275,-10.859235209235209,-15.202929292929293,-6.424503968253968
6,4,2,as&mrg|cnf|gap&tzi|ovl,1,1,48.49761904761904,1.52,42.42249879749879,34.0,1.43,300,-9.087012987012988,-12.955223665223667,-5.517965367965369,-1.06,-16.939195526695524,-21.355781475468977,-12.702056277056275,-10.859235209235209,-15.202929292929293,-6.424503968253968
3,3,1,as|cnf|tzi,0,1,48.43095238095238,1.52,42.39868927368927,34.0,1.42,300,-9.11082251082251,-12.955223665223667,-5.542171717171718,-1.07,-16.96300505050505,-21.3795909992785,-12.725267857142859,-10.883044733044732,-15.251993145743144,-6.448313492063493
5,4,2,as|cnf|mrg&ovl|tzi,1,1,48.49761904761904,1.51,42.39868927368927,34.0,1.42,300,-9.11082251082251,-12.955223665223667,-5.542171717171718,-1.07,-16.96300505050505,-21.3795909992785,-12.725267857142859,-10.883044733044732,-15.251993145743144,-6.448313492063493
5,4,2,as|cnf|gap&ovl|tzi,0,1,48.43095238095238,1.52,42.39868927368927,34.0,1.42,300,-9.11082251082251,-12.955223665223667,-5.542171717171718,-1.07,-16.96300505050505,-21.3795909992785,-12.725267857142859,-10.883044733044732,-15.251993145743144,-6.448313492063493
6,4,3,as|cnf|gap&mrg&ovl|tzi,1,1,48.43095238095238,1.52,42.39868927368927,34.0,1.42,300,-9.11082251082251,-12.955223665223667,-5.542171717171718,-1.07,-16.96300505050505,-21.3795909992785,-12.725267857142859,-10.883044733044732,-15.251993145743144,-6.448313492063493
4,3,2,as&ovl|cnf|tzi,0,1,48.43095238095238,1.52,42.39868927368927,34.0,1.4233333333333333,300,-9.11082251082251,-12.955223665223667,-5.542171717171718,-1.0666666666666667,-16.96300505050505,-21.3795909992785,-12.725267857142859,-10.883044733044732,-15.251993145743144,-6.448313492063493
2,2,1,cnf|tzi,0,0,48.43095238095238,1.55,42.39868927368927,34.0,1.4266666666666667,300,-9.11082251082251,-12.955223665223667,-5.542171717171718,-1.0633333333333332,-16.96300505050505,-21.3795909992785,-12.725267857142859,-10.883044733044732,-15.251993145743144,-6.448313492063493
4,3,2,as&mrg|cnf|tzi,1,1,48.43095238095238,1.53,42.39868927368927,34.0,1.4266666666666667,300,-9.11082251082251,-12.955223665223667,-5.542171717171718,-1.0633333333333332,-16.96300505050505,-21.3795909992785,-12.725267857142859,-10.883044733044732,-15.251993145743144,-6.448313492063493
4,3,2,cnf|mrg&ovl|tzi,1,0,48.49761904761904,1.52,42.39868927368927,34.0,1.4266666666666667,300,-9.11082251082251,-12.955223665223667,-5.542171717171718,-1.0633333333333332,-16.96300505050505,-21.3795909992785,-12.725267857142859,-10.883044733044732,-15.251993145743144,-6.448313492063493
4,3,2,as&gap|cnf|tzi,0,1,48.43095238095238,1.55,42.39868927368927,34.0,1.4266666666666667,300,-9.11082251082251,-12.955223665223667,-5.542171717171718,-1.0633333333333332,-16.96300505050505,-21.3795909992785,-12.725267857142859,-10.883044733044732,-15.251993145743144,-6.448313492063493
4,3,2,cnf|gap&ovl|tzi,0,0,48.43095238095238,1.55,42.39868927368927,34.0,1.4266666666666667,300,-9.11082251082251,-12.955223665223667,-5.542171717171718,-1.0633333333333332,-16.96300505050505,-21.3795909992785,-12.725267857142859,-10.883044733044732,-15.251993145743144,-6.448313492063493
5,3,3,as&mrg&ovl|cnf|tzi,1,1,48.43095238095238,1.53,42.39868927368927,34.0,1.4266666666666667,300,-9.11082251082251,-12.955223665223667,-5.542171717171718,-1.0633333333333332,-16.96300505050505,-21.3795909992785,-12.725267857142859,-10.883044733044732,-15.251993145743144,-6.448313492063493
5,3,3,as&gap&mrg|cnf|tzi,1,1,48.43095238095238,1.55,42.39868927368927,34.0,1.4266666666666667,300,-9.11082251082251,-12.955223665223667,-5.542171717171718,-1.0633333333333332,-16.96300505050505,-21.3795909992785,-12.725267857142859,-10.883044733044732,-15.251993145743144,-6.448313492063493
5,3,3,cnf|gap&mrg&ovl|tzi,1,0,48.43095238095238,1.55,42.39868927368927,34.0,1.4266666666666667,300,-9.11082251082251,-12.955223665223667,-5.542171717171718,-1.0633333333333332,-16.96300505050505,-21.3795909992785,-12.725267857142859,-10.883044733044732,-15.251993145743144,-6.448313492063493
5,3,3,as&gap&ovl|cnf|tzi,0,1,48.43095238095238,1.55,42.39868927368927,34.0,1.4266666666666667,300,-9.11082251082251,-12.955223665223667,-5.542171717171718,-1.0633333333333332,-16.96300505050505,-21.3795909992785,-12.725267857142859,-10.883044733044732,-15.251993145743144,-6.448313492063493
6,4,2,as&gap|cnf|mrg&ovl|tzi,1,1,48.49761904761904,1.52,42.39868927368927,34.0,1.4266666666666667,300,-9.11082251082251,-12.955223665223667,-5.542171717171718,-1.0633333333333332,-16.96300505050505,-21.3795909992785,-12.725267857142859,-10.883044733044732,-15.251993145743144,-6.448313492063493
6,4,2,as&mrg|cnf|gap&ovl|tzi,1,1,48.43095238095238,1.53,42.39868927368927,34.0,1.4266666666666667,300,-9.11082251082251,-12.955223665223667,-5.542171717171718,-1.0633333333333332,-16.96300505050505,-21.3795909992785,-12.725267857142859,-10.883044733044732,-15.251993145743144,-6.448313492063493
6,3,4,as&gap&mrg&ovl|cnf|tzi,1,1,48.43095238095238,1.55,42.39868927368927,34.0,1.4266666666666667,300,-9.11082251082251,-12.955223665223667,-5.542171717171718,-1.0633333333333332,-16.96300505050505,-21.3795909992785,-12.725267857142859,-10.883044733044732,-15.251993145743144,-6.448313492063493
4,3,2,as|cnf|gap&tzi,0,1,48.43095238095238,1.54,42.39868927368927,34.0,1.43,300,-9.11082251082251,-12.955223665223667,-5.542171717171718,-1.06,-16.96300505050505,-21.3795909992785,-12.725267857142859,-10.883044733044732,-15.251993145743144,-6.448313492063493
6,4,2,as|cnf|gap&tzi|mrg&ovl,1,1,48.49761904761904,1.53,42.39868927368927,34.0,1.43,300,-9.11082251082251,-12.955223665223667,-5.542171717171718,-1.06,-16.96300505050505,-21.3795909992785,-12.725267857142859,-10.883044733044732,-15.251993145743144,-6.448313492063493
5,3,2,as&ovl|cnf|gap&tzi,0,1,48.43095238095238,1.54,42.39868927368927,34.0,1.4333333333333333,300,-9.11082251082251,-12.955223665223667,-5.542171717171718,-1.0566666666666666,-16.96300505050505,-21.3795909992785,-12.725267857142859,-10.883044733044732,-15.251993145743144,-6.448313492063493
3,2,2,cnf|gap&tzi,0,0,48.43095238095238,1.57,42.39868927368927,34.0,1.4366666666666668,300,-9.11082251082251,-12.955223665223667,-5.542171717171718,-1.0533333333333332,-16.96300505050505,-21.3795909992785,-12.725267857142859,-10.883044733044732,-15.251993145743144,-6.448313492063493
5,3,2,as&mrg|cnf|gap&tzi,1,1,48.43095238095238,1.55,42.39868927368927,34.0,1.4366666666666668,300,-9.11082251082251,-12.955223665223667,-5.542171717171718,-1.0533333333333332,-16.96300505050505,-21.3795909992785,-12.725267857142859,-10.883044733044732,-15.251993145743144,-6.448313492063493
5,3,2,cnf|gap&tzi|mrg&ovl,1,0,48.49761904761904,1.54,42.39868927368927,34.0,1.4366666666666668,300,-9.11082251082251,-12.955223665223667,-5.542171717171718,-1.0533333333333332,-16.96300505050505,-21.3795909992785,-12.725267857142859,-10.883044733044732,-15.251993145743144,-6.448313492063493
6,3,3,as&mrg&ovl|cnf|gap&tzi,1,1,48.43095238095238,1.55,42.39868927368927,34.0,1.4366666666666668,300,-9.11082251082251,-12.955223665223667,-5.542171717171718,-1.0533333333333332,-16.96300505050505,-21.3795909992785,-12.725267857142859,-10.883044733044732,-15.251993145743144,-6.448313492063493
5,4,2,cnf&mrg|gap|ovl|tzi,1,0,48.99761904761904,1.55,42.31727392977393,34.333333333333336,1.4666666666666666,294,-9.192237854737854,-13.824208002645502,-4.749118716931218,-1.0233333333333334,-17.044420394420396,-21.680750360750363,-12.57952922077922,-10.964460076960075,-15.623800354737853,-6.223997414622417
6,4,2,as&tzi|cnf&mrg|gap|ovl,1,1,48.99761904761904,1.57,42.31727392977393,34.333333333333336,1.4766666666666666,294,-9.192237854737854,-13.824208002645502,-4.749118716931218,-1.0133333333333334,-17.044420394420396,-21.680750360750363,-12.57952922077922,-10.964460076960075,-15.623800354737853,-6.223997414622417
6,4,2,as&ovl|cnf&mrg|gap|tzi,1,1,49.35952380952381,1.62,42.29346440596441,34.333333333333336,1.5266666666666666,290,-9.21604737854738,-13.839398899711398,-4.772333002645503,-0.9633333333333334,-17.068229918229918,-21.703964646464648,-12.585560966810968,-10.988269600769602,-15.623800354737853,-6.247806938431942
4,3,2,as&ovl|gap|tzi,0,1,50.35952380952381,1.89,42.29346440596441,34.333333333333336,1.8066666666666666,268,-9.21604737854738,-13.719867273929776,-5.001138017075518,-0.6833333333333333,-17.068229918229918,-21.699069264069266,-12.734880952380953,-10.988269600769602,-15.525928330928332,-6.010280784030785
5,3,3,as&cnf&ovl|gap|tzi,0,1,50.35952380952381,1.93,42.29346440596441,34.333333333333336,1.81,268,-9.21604737854738,-13.719867273929776,-5.001138017075518,-0.68,-17.068229918229918,-21.699069264069266,-12.734880952380953,-10.988269600769602,-15.525928330928332,-6.010280784030785
5,3,2,as&ovl|cnf&tzi|gap,0,1,50.35952380952381,1.91,42.29346440596441,34.333333333333336,1.8166666666666667,268,-9.21604737854738,-13.719867273929776,-5.001138017075518,-0.6733333333333333,-17.068229918229918,-21.699069264069266,-12.734880952380953,-10.988269600769602,-15.525928330928332,-6.010280784030785
4,4,1,as|cnf|mrg|tzi,1,1,47.49761904761904,1.34,42.2742303992304,33.666666666666664,1.3066666666666666,300,-9.235281385281386,-13.490546536796533,-5.673773448773448,-1.1833333333333333,-17.087463924963924,-21.777611381673882,-12.530232683982682,-11.007503607503608,-15.364096320346318,-6.60479797979798
5,5,1,as|cnf|mrg|ovl|tzi,1,1,47.49761904761904,1.33,42.2742303992304,33.666666666666664,1.3066666666666666,300,-9.235281385281386,-13.490546536796533,-5.673773448773448,-1.1833333333333333,-17.087463924963924,-21.777611381673882,-12.530232683982682,-11.007503607503608,-15.364096320346318,-6.60479797979798
6,5,2,as|cnf|gap&ovl|mrg|tzi,1,1,47.49761904761904,1.34,42.2742303992304,33.666666666666664,1.3066666666666666,300,-9.235281385281386,-13.490546536796533,-5.673773448773448,-1.1833333333333333,-17.087463924963924,-21.777611381673882,-12.530232683982682,-11.007503607503608,-15.364096320346318,-6.60479797979798
4,4,1,cnf|mrg|ovl|tzi,1,0,47.49761904761904,1.33,42.2742303992304,33.666666666666664,1.31,300,-9.235281385281386,-13.490546536796533,-5.673773448773448,-1.18,-17.087463924963924,-21.777611381673882,-12.530232683982682,-11.007503607503608,-15.364096320346318,-6.60479797979798
5,4,2,as&ovl|cnf|mrg|tzi,1,1,47.49761904761904,1.34,42.2742303992304,33.666666666666664,1.31,300,-9.235281385281386,-13.490546536796533,-5.673773448773448,-1.18,-17.087463924963924,-21.777611381673882,-12.530232683982682,-11.007503607503608,-15.364096320346318,-6.60479797979798
6,5,2,as&gap|cnf|mrg|ovl|tzi,1,1,47.49761904761904,1.33,42.2742303992304,33.666666666666664,1.31,300,-9.235281385281386,-13.490546536796533,-5.673773448773448,-1.18,-17.087463924963924,-21.777611381673882,-12.530232683982682,-11.007503607503608,-15.364096320346318,-6.60479797979798
3,3,1,cnf|mrg|tzi,1,0,47.49761904761904,1.35,42.2742303992304,33.666666666666664,1.3133333333333332,300,-9.235281385281386,-13.490546536796533,-5.673773448773448,-1.1766666666666667,-17.087463924963924,-21.777611381673882,-12.530232683982682,-11.007503607503608,-15.364096320346318,-6.60479797979798
5,4,2,as&gap|cnf|mrg|tzi,1,1,47.49761904761904,1.35,42.2742303992304,33.666666666666664,1.3133333333333332,300,-9.235281385281386,-13.490546536796533,-5.673773448773448,-1.1766666666666667,-17.087463924963924,-21.777611381673882,-12.530232683982682,-11.007503607503608,-15.364096320346318,-6.60479797979798
5,4,2,cnf|gap&ovl|mrg|tzi,1,0,47.49761904761904,1.35,42.2742303992304,33.666666666666664,1.3133333333333332,300,-9.235281385281386,-13.490546536796533,-5.673773448773448,-1.1766666666666667,-17.087463924963924,-21.777611381673882,-12.530232683982682,-11.007503607503608,-15.364096320346318,-6.60479797979798
6,4,3,as&gap&ovl|cnf|mrg|tzi,1,1,47.49761904761904,1.35,42.2742303992304,33.666666666666664,1.3133333333333332,300,-9.235281385281386,-13.490546536796533,-5.673773448773448,-1.1766666666666667,-17.087463924963924,-21.777611381673882,-12.530232683982682,-11.007503607503608,-15.364096320346318,-6.60479797979798
5,4,2,as|cnf|gap&tzi|mrg,1,1,47.49761904761904,1.35,42.2742303992304,33.666666666666664,1.3166666666666667,300,-9.235281385281386,-13.490546536796533,-5.673773448773448,-1.1733333333333333,-17.087463924963924,-21.777611381673882,-12.530232683982682,-11.007503607503608,-15.364096320346318,-6.60479797979798
6,5,2,as|cnf|gap&tzi|mrg|ovl,1,1,47.49761904761904,1.34,42.2742303992304,33.666666666666664,1.3166666666666667,300,-9.235281385281386,-13.490546536796533,-5.673773448773448,-1.1733333333333333,-17.087463924963924,-21.777611381673882,-12.530232683982682,-11.007503607503608,-15.364096320346318,-6.60479797979798
5,4,2,cnf|gap&tzi|mrg|ovl,1,0,47.49761904761904,1.34,42.2742303992304,33.666666666666664,1.32,300,-9.235281385281386,-13.490546536796533,-5.673773448773448,-1.17,-17.087463924963924,-21.777611381673882,-12.530232683982682,-11.007503607503608,-15.364096320346318,-6.60479797979798
6,4,2,as&ovl|cnf|gap&tzi|mrg,1,1,47.49761904761904,1.35,42.2742303992304,33.666666666666664,1.32,300,-9.235281385281386,-13.490546536796533,-5.673773448773448,-1.17,-17.087463924963924,-21.777611381673882,-12.530232683982682,-11.007503607503608,-15.364096320346318,-6.60479797979798
4,3,2,cnf|gap&tzi|mrg,1,0,47.49761904761904,1.36,42.2742303992304,33.666666666666664,1.3233333333333333,300,-9.235281385281386,-13.490546536796533,-5.673773448773448,-1.1666666666666667,-17.087463924963924,-21.777611381673882,-12.530232683982682,-11.007503607503608,-15.364096320346318,-6.60479797979798
6,5,2,as|cnf|gap&mrg|ovl|tzi,1,1,48.49761904761904,1.44,41.82329244829245,33.33333333333333,1.3933333333333333,300,-9.686219336219336,-13.67059704184704,-6.150732323232324,-1.0966666666666667,-17.538401875901872,-22.098303571428573,-13.212380952380954,-11.458441558441557,-15.980290404040403,-6.940317460317462
5,4,2,cnf|gap&mrg|ovl|tzi,1,0,48.49761904761904,1.44,41.82329244829245,33.33333333333333,1.3966666666666667,300,-9.686219336219336,-13.67059704184704,-6.150732323232324,-1.0933333333333333,-17.538401875901872,-22.098303571428573,-13.212380952380954,-11.458441558441557,-15.980290404040403,-6.940317460317462
5,4,2,as|cnf|gap&mrg|tzi,1,1,48.43095238095238,1.46,41.79948292448293,33.33333333333333,1.3966666666666667,300,-9.71002886002886,-13.694406565656566,-6.1513275613275615,-1.0933333333333333,-17.5622113997114,-22.098303571428573,-13.259067460317459,-11.482251082251082,-16.03176587301587,-7.0045238095238105
6,4,2,as&ovl|cnf|gap&mrg|tzi,1,1,48.43095238095238,1.46,41.79948292448293,33.33333333333333,1.4,300,-9.71002886002886,-13.694406565656566,-6.1513275613275615,-1.09,-17.5622113997114,-22.098303571428573,-13.259067460317459,-11.482251082251082,-16.03176587301587,-7.0045238095238105
4,3,2,cnf|gap&mrg|tzi,1,0,48.43095238095238,1.49,41.79948292448293,33.33333333333333,1.4033333333333333,300,-9.71002886002886,-13.694406565656566,-6.1513275613275615,-1.0866666666666667,-17.5622113997114,-22.098303571428573,-13.259067460317459,-11.482251082251082,-16.03176587301587,-7.0045238095238105
5,5,1,as|gap|mrg|ovl|tzi,1,1,46.49761904761904,1.33,40.28904521404521,32.33333333333333,1.27,300,-11.22046657046657,-15.432255291005292,-7.2245033670033685,-1.22,-19.072649110149108,-24.003958784271287,-14.389147276334773,-12.992688792688794,-17.604324795574797,-8.092611832611835
6,5,2,as|cnf&ovl|gap|mrg|tzi,1,1,46.49761904761904,1.34,40.28904521404521,32.33333333333333,1.27,300,-11.22046657046657,-15.432255291005292,-7.2245033670033685,-1.22,-19.072649110149108,-24.003958784271287,-14.389147276334773,-12.992688792688794,-17.604324795574797,-8.092611832611835
6,5,2,as&cnf|gap|mrg|ovl|tzi,1,1,46.49761904761904,1.33,40.28904521404521,32.33333333333333,1.2733333333333334,300,-11.22046657046657,-15.432255291005292,-7.2245033670033685,-1.2166666666666666,-19.072649110149108,-24.003958784271287,-14.389147276334773,-12.992688792688794,-17.604324795574797,-8.092611832611835
4,4,1,as|gap|mrg|ovl,1,1,46.49761904761904,1.34,40.28904521404521,32.33333333333333,1.28,300,-11.22046657046657,-15.432255291005292,-7.2245033670033685,-1.21,-19.072649110149108,-24.003958784271287,-14.389147276334773,-12.992688792688794,-17.604324795574797,-8.092611832611835
5,4,2,as|cnf&ovl|gap|mrg,1,1,46.49761904761904,1.35,40.28904521404521,32.33333333333333,1.28,300,-11.22046657046657,-15.432255291005292,-7.2245033670033685,-1.21,-19.072649110149108,-24.003958784271287,-14.389147276334773,-12.992688792688794,-17.604324795574797,-8.092611832611835
6,5,2,as|cnf&tzi|gap|mrg|ovl,1,1,46.49761904761904,1.34,40.28904521404521,32.33333333333333,1.28,300,-11.22046657046657,-15.432255291005292,-7.2245033670033685,-1.21,-19.072649110149108,-24.003958784271287,-14.389147276334773,-12.992688792688794,-17.604324795574797,-8.092611832611835
5,4,2,as&cnf|gap|mrg|ovl,1,1,46.49761904761904,1.34,40.28904521404521,32.33333333333333,1.2833333333333334,300,-11.22046657046657,-15.432255291005292,-7.2245033670033685,-1.2066666666666668,-19.072649110149108,-24.003958784271287,-14.389147276334773,-12.992688792688794,-17.604324795574797,-8.092611832611835
4,4,1,as|gap|mrg|tzi,1,1,45.92619047619047,1.38,40.28904521404521,32.33333333333333,1.3066666666666666,300,-11.22046657046657,-15.432255291005292,-7.2245033670033685,-1.1833333333333333,-19.072649110149108,-24.003958784271287,-14.389147276334773,-12.992688792688794,-17.604324795574797,-8.092611832611835
5,4,2,as&cnf|gap|mrg|tzi,1,1,45.92619047619047,1.4,40.28904521404521,32.33333333333333,1.3133333333333332,300,-11.22046657046657,-15.432255291005292,-7.2245033670033685,-1.1766666666666667,-19.072649110149108,-24.003958784271287,-14.389147276334773,-12.992688792688794,-17.604324795574797,-8.092611832611835
3,3,1,as|gap|mrg,1,1,45.92619047619047,1.39,40.28904521404521,32.33333333333333,1.3166666666666667,300,-11.22046657046657,-15.432255291005292,-7.2245033670033685,-1.1733333333333333,-19.072649110149108,-24.003958784271287,-14.389147276334773,-12.992688792688794,-17.604324795574797,-8.092611832611835
5,4,2,as|cnf&tzi|gap|mrg,1,1,45.92619047619047,1.39,40.28904521404521,32.33333333333333,1.3166666666666667,300,-11.22046657046657,-15.432255291005292,-7.2245033670033685,-1.1733333333333333,-19.072649110149108,-24.003958784271287,-14.389147276334773,-12.992688792688794,-17.604324795574797,-8.092611832611835
5,4,2,as|gap|mrg|ovl&tzi,1,1,45.92619047619047,1.39,40.28904521404521,32.33333333333333,1.3166666666666667,300,-11.22046657046657,-15.432255291005292,-7.2245033670033685,-1.1733333333333333,-19.072649110149108,-24.003958784271287,-14.389147276334773,-12.992688792688794,-17.604324795574797,-8.092611832611835
6,4,3,as|cnf&ovl&tzi|gap|mrg,1,1,45.92619047619047,1.39,40.28904521404521,32.33333333333333,1.3166666666666667,300,-11.22046657046657,-15.432255291005292,-7.2245033670033685,-1.1733333333333333,-19.072649110149108,-24.003958784271287,-14.389147276334773,-12.992688792688794,-17.604324795574797,-8.092611832611835
4,3,2,as&cnf|gap|mrg,1,1,45.92619047619047,1.41,40.28904521404521,32.33333333333333,1.3233333333333333,300,-11.22046657046657,-15.432255291005292,-7.2245033670033685,-1.1666666666666667,-19.072649110149108,-24.003958784271287,-14.389147276334773,-12.992688792688794,-17.604324795574797,-8.092611832611835
6,4,2,as&cnf|gap|mrg|ovl&tzi,1,1,45.92619047619047,1.41,40.28904521404521,32.33333333333333,1.3233333333333333,300,-11.22046657046657,-15.432255291005292,-7.2245033670033685,-1.1666666666666667,-19.072649110149108,-24.003958784271287,-14.389147276334773,-12.992688792688794,-17.604324795574797,-8.092611832611835
4,4,1,as|gap|ovl|tzi,0,1,47.49761904761904,1.47,40.1714405964406,32.33333333333333,1.4066666666666667,300,-11.338071188071188,-15.40359668109668,-7.3940277777777785,-1.0833333333333333,-19.190253727753728,-23.90613035113035,-14.516608796296298,-13.110293410293409,-17.592258297258297,-8.23041305916306
5,4,2,as&cnf|gap|ovl|tzi,0,1,47.49761904761904,1.47,40.1714405964406,32.33333333333333,1.41,300,-11.338071188071188,-15.40359668109668,-7.3940277777777785,-1.08,-19.190253727753728,-23.90613035113035,-14.516608796296298,-13.110293410293409,-17.592258297258297,-8.23041305916306
3,3,1,as|gap|ovl,0,1,47.49761904761904,1.49,40.1714405964406,32.33333333333333,1.4166666666666667,300,-11.338071188071188,-15.40359668109668,-7.3940277777777785,-1.0733333333333333,-19.190253727753728,-23.90613035113035,-14.516608796296298,-13.110293410293409,-17.592258297258297,-8.23041305916306
5,4,2,as|gap|mrg&tzi|ovl,1,1,47.49761904761904,1.48,40.1714405964406,32.33333333333333,1.4166666666666667,300,-11.338071188071188,-15.40359668109668,-7.3940277777777785,-1.0733333333333333,-19.190253727753728,-23.90613035113035,-14.516608796296298,-13.110293410293409,-17.592258297258297,-8.23041305916306
5,4,2,as|cnf&tzi|gap|ovl,0,1,47.49761904761904,1.49,40.1714405964406,32.33333333333333,1.4166666666666667,300,-11.338071188071188,-15.40359668109668,-7.3940277777777785,-1.0733333333333333,-19.190253727753728,-23.90613035113035,-14.516608796296298,-13.110293410293409,-17.592258297258297,-8.23041305916306
6,4,3,as|cnf&mrg&tzi|gap|ovl,1,1,47.49761904761904,1.49,40.1714405964406,32.33333333333333,1.4166666666666667,300,-11.338071188071188,-15.40359668109668,-7.3940277777777785,-1.0733333333333333,-19.190253727753728,-23.90613035113035,-14.516608796296298,-13.110293410293409,-17.592258297258297,-8.23041305916306
4,3,2,as&cnf|gap|ovl,0,1,47.49761904761904,1.49,40.1714405964406,32.33333333333333,1.42,300,-11.338071188071188,-15.40359668109668,-7.3940277777777785,-1.07,-19.190253727753728,-23.90613035113035,-14.516608796296298,-13.110293410293409,-17.592258297258297,-8.23041305916306
6,4,2,as&cnf|gap|mrg&tzi|ovl,1,1,47.49761904761904,1.48,40.1714405964406,32.33333333333333,1.42,300,-11.338071188071188,-15.40359668109668,-7.3940277777777785,-1.07,-19.190253727753728,-23.90613035113035,-14.516608796296298,-13.110293410293409,-17.592258297258297,-8.23041305916306
5,4,2,as|cnf&ovl|gap|tzi,0,1,48.43095238095238,1.51,40.14763107263107,32.33333333333333,1.41,300,-11.36188071188071,-15.427406204906202,-7.417837301587301,-1.08,-19.214063251563253,-23.953749398749398,-14.563632605820109,-13.13410293410293,-17.63868686868687,-8.234047017797018
4,3,2,as|cnf&ovl|gap,0,1,48.43095238095238,1.53,40.14763107263107,32.33333333333333,1.42,300,-11.36188071188071,-15.427406204906202,-7.417837301587301,-1.07,-19.214063251563253,-23.953749398749398,-14.563632605820109,-13.13410293410293,-17.63868686868687,-8.234047017797018
6,4,2,as|cnf&ovl|gap|mrg&tzi,1,1,48.43095238095238,1.52,40.14763107263107,32.33333333333333,1.42,300,-11.36188071188071,-15.427406204906202,-7.417837301587301,-1.07,-19.214063251563253,-23.953749398749398,-14.563632605820109,-13.13410293410293,-17.63868686868687,-8.234047017797018
5,4,2,as|gap|mrg&ovl|tzi,1,1,46.92619047619047,1.52,40.14763107263107,32.33333333333333,1.4533333333333334,300,-11.36188071188071,-15.427406204906202,-7.417837301587301,-1.0366666666666666,-19.214063251563253,-23.953749398749398,-14.563632605820109,-13.13410293410293,-17.63868686868687,-8.234047017797018
6,4,3,as|cnf&mrg&ovl|gap|tzi,1,1,47.85952380952381,1.55,40.14763107263107,32.33333333333333,1.4533333333333334,300,-11.36188071188071,-15.427406204906202,-7.417837301587301,-1.0366666666666666,-19.214063251563253,-23.953749398749398,-14.563632605820109,-13.13410293410293,-17.63868686868687,-8.234047017797018
6,4,2,as&cnf|gap|mrg&ovl|tzi,1,1,46.92619047619047,1.54,40.14763107263107,32.33333333333333,1.46,300,-11.36188071188071,-15.427406204906202,-7.417837301587301,-1.03,-19.214063251563253,-23.953749398749398,-14.563632605820109,-13.13410293410293,-17.63868686868687,-8.234047017797018
4,3,2,as|gap|mrg&ovl,1,1,46.92619047619047,1.54,40.14763107263107,32.33333333333333,1.4633333333333334,300,-11.36188071188071,-15.427406204906202,-7.417837301587301,-1.0266666666666666,-19.214063251563253,-23.953749398749398,-14.563632605820109,-13.13410293410293,-17.63868686868687,-8.234047017797018
5,3,3,as|cnf&mrg&ovl|gap,1,1,47.85952380952381,1.57,40.14763107263107,32.33333333333333,1.4633333333333334,300,-11.36188071188071,-15.427406204906202,-7.417837301587301,-1.0266666666666666,-19.214063251563253,-23.953749398749398,-14.563632605820109,-13.13410293410293,-17.63868686868687,-8.234047017797018
6,4,2,as|cnf&tzi|gap|mrg&ovl,1,1,46.92619047619047,1.54,40.14763107263107,32.33333333333333,1.4633333333333334,300,-11.36188071188071,-15.427406204906202,-7.417837301587301,-1.0266666666666666,-19.214063251563253,-23.953749398749398,-14.563632605820109,-13.13410293410293,-17.63868686868687,-8.234047017797018
5,3,2,as&cnf|gap|mrg&ovl,1,1,46.92619047619047,1.56,40.14763107263107,32.33333333333333,1.47,300,-11.36188071188071,-15.427406204906202,-7.417837301587301,-1.02,-19.214063251563253,-23.953749398749398,-14.563632605820109,-13.13410293410293,-17.63868686868687,-8.234047017797018
6,5,2,as|cnf&mrg|gap|ovl|tzi,1,1,47.49761904761904,1.44,39.83810726310726,32.0,1.36,300,-11.671404521404522,-15.735339105339104,-7.922142255892256,-1.13,-19.52358706108706,-24.2716335978836,-14.749332762145261,-13.44362674362674,-17.82194684944685,-8.705045093795095
5,4,2,as|cnf&mrg|gap|ovl,1,1,47.49761904761904,1.46,39.83810726310726,32.0,1.37,300,-11.671404521404522,-15.735339105339104,-7.922142255892256,-1.12,-19.52358706108706,-24.2716335978836,-14.749332762145261,-13.44362674362674,-17.82194684944685,-8.705045093795095
5,4,2,as|cnf&mrg|gap|tzi,1,1,46.85952380952381,1.5,39.814297739297736,32.0,1.4033333333333333,300,-11.695214045214044,-15.75912999037999,-7.945356541606542,-1.0866666666666667,-19.547396584896585,-24.319252645502644,-14.786894991582495,-13.467436267436264,-17.892184944684946,-8.728954425204428
4,3,2,as|cnf&mrg|gap,1,1,46.85952380952381,1.52,39.814297739297736,32.0,1.4133333333333333,300,-11.695214045214044,-15.75912999037999,-7.945356541606542,-1.0766666666666667,-19.547396584896585,-24.319252645502644,-14.786894991582495,-13.467436267436264,-17.892184944684946,-8.728954425204428
6,4,2,as|cnf&mrg|gap|ovl&tzi,1,1,46.85952380952381,1.52,39.814297739297736,32.0,1.4133333333333333,300,-11.695214045214044,-15.75912999037999,-7.945356541606542,-1.0766666666666667,-19.547396584896585,-24.319252645502644,-14.786894991582495,-13.467436267436264,-17.892184944684946,-8.728954425204428
3,3,1,as|gap|tzi,0,1,47.85952380952381,1.63,39.814297739297736,32.0,1.5133333333333334,299,-11.695214045214044,-15.720036075036075,-7.915372174122175,-0.9766666666666667,-19.547396584896585,-24.33579800986051,-14.896965939153443,-13.467436267436264,-17.978908730158732,-8.567380351130351
4,3,2,as&cnf|gap|tzi,0,1,47.85952380952381,1.67,39.814297739297736,32.0,1.52,299,-11.695214045214044,-15.720036075036075,-7.915372174122175,-0.97,-19.547396584896585,-24.33579800986051,-14.896965939153443,-13.467436267436264,-17.978908730158732,-8.567380351130351
2,2,1,as|gap,0,1,47.85952380952381,1.66,39.814297739297736,32.0,1.5233333333333334,299,-11.695214045214044,-15.720036075036075,-7.915372174122175,-0.9666666666666667,-19.547396584896585,-24.33579800986051,-14.896965939153443,-13.467436267436264,-17.978908730158732,-8.567380351130351
4,3,2,as|gap|mrg&tzi,1,1,47.85952380952381,1.64,39.814297739297736,32.0,1.5233333333333334,299,-11.695214045214044,-15.720036075036075,-7.915372174122175,-0.9666666666666667,-19.547396584896585,-24.33579800986051,-14.896965939153443,-13.467436267436264,-17.978908730158732,-8.567380351130351
4,3,2,as|cnf&tzi|gap,0,1,47.85952380952381,1.65,39.814297739297736,32.0,1.5233333333333334,299,-11.695214045214044,-15.720036075036075,-7.915372174122175,-0.9666666666666667,-19.547396584896585,-24.33579800986051,-14.896965939153443,-13.467436267436264,-17.978908730158732,-8.567380351130351
4,3,2,as|gap|ovl&tzi,0,1,47.85952380952381,1.65,39.814297739297736,32.0,1.5233333333333334,299,-11.695214045214044,-15.720036075036075,-7.915372174122175,-0.9666666666666667,-19.547396584896585,-24.33579800986051,-14.896965939153443,-13.467436267436264,-17.978908730158732,-8.567380351130351
5,3,3,as|cnf&mrg&tzi|gap,1,1,47.85952380952381,1.65,39.814297739297736,32.0,1.5233333333333334,299,-11.695214045214044,-15.720036075036075,-7.915372174122175,-0.9666666666666667,-19.547396584896585,-24.33579800986051,-14.896965939153443,-13.467436267436264,-17.978908730158732,-8.567380351130351
5,3,3,as|gap|mrg&ovl&tzi,1,1,47.85952380952381,1.65,39.814297739297736,32.0,1.5233333333333334,299,-11.695214045214044,-15.720036075036075,-7.915372174122175,-0.9666666666666667,-19.547396584896585,-24.33579800986051,-14.896965939153443,-13.467436267436264,-17.978908730158732,-8.567380351130351
5,3,3,as|cnf&ovl&tzi|gap,0,1,47.85952380952381,1.65,39.814297739297736,32.0,1.5233333333333334,299,-11.695214045214044,-15.720036075036075,-7.915372174122175,-0.9666666666666667,-19.547396584896585,-24.33579800986051,-14.896965939153443,-13.467436267436264,-17.978908730158732,-8.567380351130351
6,3,4,as|cnf&mrg&ovl&tzi|gap,1,1,47.85952380952381,1.65,39.814297739297736,32.0,1.5233333333333334,299,-11.695214045214044,-15.720036075036075,-7.915372174122175,-0.9666666666666667,-19.547396584896585,-24.33579800986051,-14.896965939153443,-13.467436267436264,-17.978908730158732,-8.567380351130351
3,2,2,as&cnf|gap,0,1,47.85952380952381,1.7,39.814297739297736,32.0,1.53,299,-11.695214045214044,-15.720036075036075,-7.915372174122175,-0.96,-19.547396584896585,-24.33579800986051,-14.896965939153443,-13.467436267436264,-17.978908730158732,-8.567380351130351
5,3,2,as&cnf|gap|mrg&tzi,1,1,47.85952380952381,1.68,39.814297739297736,32.0,1.53,299,-11.695214045214044,-15.720036075036075,-7.915372174122175,-0.96,-19.547396584896585,-24.33579800986051,-14.896965939153443,-13.467436267436264,-17.978908730158732,-8.567380351130351
5,3,2,as&cnf|gap|ovl&tzi,0,1,47.85952380952381,1.69,39.814297739297736,32.0,1.53,299,-11.695214045214044,-15.720036075036075,-7.915372174122175,-0.96,-19.547396584896585,-24.33579800986051,-14.896965939153443,-13.467436267436264,-17.978908730158732,-8.567380351130351
6,3,3,as&cnf|gap|mrg&ovl&tzi,1,1,47.85952380952381,1.69,39.814297739297736,32.0,1.53,299,-11.695214045214044,-15.720036075036075,-7.915372174122175,-0.96,-19.547396584896585,-24.33579800986051,-14.896965939153443,-13.467436267436264,-17.978908730158732,-8.567380351130351
5,5,1,as|cnf|gap|mrg|tzi,1,1,46.49761904761904,1.31,39.33666426166426,31.666666666666664,1.2333333333333334,300,-12.172847522847524,-16.635532708032706,-8.216192279942282,-1.2566666666666666,-20.02503006253006,-24.832738846801348,-15.266080898268402,-13.945069745069743,-18.54154341029341,-8.962335257335257
6,6,1,as|cnf|gap|mrg|ovl|tzi,1,1,46.49761904761904,1.3,39.33666426166426,31.666666666666664,1.2333333333333334,300,-12.172847522847524,-16.635532708032706,-8.216192279942282,-1.2566666666666666,-20.02503006253006,-24.832738846801348,-15.266080898268402,-13.945069745069743,-18.54154341029341,-8.962335257335257
5,5,1,cnf|gap|mrg|ovl|tzi,1,0,46.49761904761904,1.3,39.33666426166426,31.666666666666664,1.2366666666666666,300,-12.172847522847524,-16.635532708032706,-8.216192279942282,-1.2533333333333334,-20.02503006253006,-24.832738846801348,-15.266080898268402,-13.945069745069743,-18.54154341029341,-8.962335257335257
6,5,2,as&ovl|cnf|gap|mrg|tzi,1,1,46.49761904761904,1.31,39.33666426166426,31.666666666666664,1.2366666666666666,300,-12.172847522847524,-16.635532708032706,-8.216192279942282,-1.2533333333333334,-20.02503006253006,-24.832738846801348,-15.266080898268402,-13.945069745069743,-18.54154341029341,-8.962335257335257
4,4,1,cnf|gap|mrg|tzi,1,0,46.49761904761904,1.32,39.33666426166426,31.666666666666664,1.24,300,-12.172847522847524,-16.635532708032706,-8.216192279942282,-1.25,-20.02503006253006,-24.832738846801348,-15.266080898268402,-13.945069745069743,-18.54154341029341,-8.962335257335257
4,4,1,as|cnf|gap|mrg,1,1,46.49761904761904,1.32,39.33666426166426,31.666666666666664,1.2433333333333334,300,-12.172847522847524,-16.635532708032706,-8.216192279942282,-1.2466666666666666,-20.02503006253006,-24.832738846801348,-15.266080898268402,-13.945069745069743,-18.54154341029341,-8.962335257335257
5,5,1,as|cnf|gap|mrg|ovl,1,1,46.49761904761904,1.31,39.33666426166426,31.666666666666664,1.2433333333333334,300,-12.172847522847524,-16.635532708032706,-8.216192279942282,-1.2466666666666666,-20.02503006253006,-24.832738846801348,-15.266080898268402,-13.945069745069743,-18.54154341029341,-8.962335257335257
6,5,2,as|cnf|gap|mrg|ovl&tzi,1,1,46.49761904761904,1.32,39.33666426166426,31.666666666666664,1.2433333333333334,300,-12.172847522847524,-16.635532708032706,-8.216192279942282,-1.2466666666666666,-20.02503006253006,-24.832738846801348,-15.266080898268402,-13.945069745069743,-18.54154341029341,-8.962335257335257
4,4,1,cnf|gap|mrg|ovl,1,0,46.49761904761904,1.31,39.33666426166426,31.666666666666664,1.2466666666666666,300,-12.172847522847524,-16.635532708032706,-8.216192279942282,-1.2433333333333334,-20.02503006253006,-24.832738846801348,-15.266080898268402,-13.945069745069743,-18.54154341029341,-8.962335257335257
5,4,2,as&ovl|cnf|gap|mrg,1,1,46.49761904761904,1.32,39.33666426166426,31.666666666666664,1.2466666666666666,300,-12.172847522847524,-16.635532708032706,-8.216192279942282,-1.2433333333333334,-20.02503006253006,-24.832738846801348,-15.266080898268402,-13.945069745069743,-18.54154341029341,-8.962335257335257
6,5,2,as&tzi|cnf|gap|mrg|ovl,1,1,46.49761904761904,1.31,39.33666426166426,31.666666666666664,1.2466666666666666,300,-12.172847522847524,-16.635532708032706,-8.216192279942282,-1.2433333333333334,-20.02503006253006,-24.832738846801348,-15.266080898268402,-13.945069745069743,-18.54154341029341,-8.962335257335257
3,3,1,cnf|gap|mrg,1,0,46.49761904761904,1.33,39.33666426166426,31.666666666666664,1.25,300,-12.172847522847524,-16.635532708032706,-8.216192279942282,-1.24,-20.02503006253006,-24.832738846801348,-15.266080898268402,-13.945069745069743,-18.54154341029341,-8.962335257335257
5,4,2,as&tzi|cnf|gap|mrg,1,1,46.49761904761904,1.33,39.33666426166426,31.666666666666664,1.25,300,-12.172847522847524,-16.635532708032706,-8.216192279942282,-1.24,-20.02503006253006,-24.832738846801348,-15.266080898268402,-13.945069745069743,-18.54154341029341,-8.962335257335257
5,4,2,cnf|gap|mrg|ovl&tzi,1,0,46.49761904761904,1.33,39.33666426166426,31.666666666666664,1.25,300,-12.172847522847524,-16.635532708032706,-8.216192279942282,-1.24,-20.02503006253006,-24.832738846801348,-15.266080898268402,-13.945069745069743,-18.54154341029341,-8.962335257335257
6,4,3,as&ovl&tzi|cnf|gap|mrg,1,1,46.49761904761904,1.33,39.33666426166426,31.666666666666664,1.25,300,-12.172847522847524,-16.635532708032706,-8.216192279942282,-1.24,-20.02503006253006,-24.832738846801348,-15.266080898268402,-13.945069745069743,-18.54154341029341,-8.962335257335257
5,5,1,as|cnf|gap|ovl|tzi,0,1,47.49761904761904,1.41,38.88572631072631,31.333333333333336,1.32,300,-12.623785473785476,-16.799843073593074,-8.693538359788361,-1.17,-20.475968013468016,-25.169396494708995,-15.720577801827803,-14.396007696007695,-18.840191798941802,-9.62993326118326
4,4,1,cnf|gap|ovl|tzi,0,0,47.49761904761904,1.41,38.88572631072631,31.333333333333336,1.3233333333333333,300,-12.623785473785476,-16.799843073593074,-8.693538359788361,-1.1666666666666667,-20.475968013468016,-25.169396494708995,-15.720577801827803,-14.396007696007695,-18.840191798941802,-9.62993326118326
6,5,2,as&mrg|cnf|gap|ovl|tzi,1,1,47.49761904761904,1.41,38.88572631072631,31.333333333333336,1.3233333333333333,300,-12.623785473785476,-16.799843073593074,-8.693538359788361,-1.1666666666666667,-20.475968013468016,-25.169396494708995,-15.720577801827803,-14.396007696007695,-18.840191798941802,-9.62993326118326
4,4,1,as|cnf|gap|ovl,0,1,47.49761904761904,1.43,38.88572631072631,31.333333333333336,1.33,300,-12.623785473785476,-16.799843073593074,-8.693538359788361,-1.16,-20.475968013468016,-25.169396494708995,-15.720577801827803,-14.396007696007695,-18.840191798941802,-9.62993326118326
6,5,2,as|cnf|gap|mrg&tzi|ovl,1,1,47.49761904761904,1.42,38.88572631072631,31.333333333333336,1.33,300,-12.623785473785476,-16.799843073593074,-8.693538359788361,-1.16,-20.475968013468016,-25.169396494708995,-15.720577801827803,-14.396007696007695,-18.840191798941802,-9.62993326118326
3,3,1,cnf|gap|ovl,0,0,47.49761904761904,1.43,38.88572631072631,31.333333333333336,1.3333333333333333,300,-12.623785473785476,-16.799843073593074,-8.693538359788361,-1.1566666666666667,-20.475968013468016,-25.169396494708995,-15.720577801827803,-14.396007696007695,-18.840191798941802,-9.62993326118326
5,4,2,as&mrg|cnf|gap|ovl,1,1,47.49761904761904,1.43,38.88572631072631,31.333333333333336,1.3333333333333333,300,-12.623785473785476,-16.799843073593074,-8.693538359788361,-1.1566666666666667,-20.475968013468016,-25.169396494708995,-15.720577801827803,-14.396007696007695,-18.840191798941802,-9.62993326118326
5,4,2,cnf|gap|mrg&tzi|ovl,1,0,47.49761904761904,1.42,38.88572631072631,31.333333333333336,1.3333333333333333,300,-12.623785473785476,-16.799843073593074,-8.693538359788361,-1.1566666666666667,-20.475968013468016,-25.169396494708995,-15.720577801827803,-14.396007696007695,-18.840191798941802,-9.62993326118326
5,4,2,as&tzi|cnf|gap|ovl,0,1,47.49761904761904,1.43,38.88572631072631,31.333333333333336,1.3333333333333333,300,-12.623785473785476,-16.799843073593074,-8.693538359788361,-1.1566666666666667,-20.475968013468016,-25.169396494708995,-15.720577801827803,-14.396007696007695,-18.840191798941802,-9.62993326118326
6,4,3,as&mrg&tzi|cnf|gap|ovl,1,1,47.49761904761904,1.43,38.88572631072631,31.333333333333336,1.3333333333333333,300,-12.623785473785476,-16.799843073593074,-8.693538359788361,-1.1566666666666667,-20.475968013468016,-25.169396494708995,-15.720577801827803,-14.396007696007695,-18.840191798941802,-9.62993326118326
4,4,1,as|cnf|gap|tzi,0,1,47.43095238095238,1.43,38.86191678691679,31.333333333333336,1.3233333333333333,300,-12.647594997594998,-16.84686688311688,-8.722357503607505,-1.1666666666666667,-20.499777537277538,-25.193910383597878,-15.761011904761906,-14.419817219817219,-18.864001322751324,-9.653147546897547
6,5,2,as|cnf|gap|mrg&ovl|tzi,1,1,47.49761904761904,1.42,38.86191678691679,31.333333333333336,1.3233333333333333,300,-12.647594997594998,-16.84686688311688,-8.722357503607505,-1.1666666666666667,-20.499777537277538,-25.193910383597878,-15.761011904761906,-14.419817219817219,-18.864001322751324,-9.653147546897547
5,4,2,as&ovl|cnf|gap|tzi,0,1,47.43095238095238,1.43,38.86191678691679,31.333333333333336,1.3266666666666667,300,-12.647594997594998,-16.84686688311688,-8.722357503607505,-1.1633333333333333,-20.499777537277538,-25.193910383597878,-15.761011904761906,-14.419817219817219,-18.864001322751324,-9.653147546897547
3,3,1,cnf|gap|tzi,0,0,47.43095238095238,1.46,38.86191678691679,31.333333333333336,1.33,300,-12.647594997594998,-16.84686688311688,-8.722357503607505,-1.16,-20.499777537277538,-25.193910383597878,-15.761011904761906,-14.419817219817219,-18.864001322751324,-9.653147546897547
5,4,2,as&mrg|cnf|gap|tzi,1,1,47.43095238095238,1.44,38.86191678691679,31.333333333333336,1.33,300,-12.647594997594998,-16.84686688311688,-8.722357503607505,-1.16,-20.499777537277538,-25.193910383597878,-15.761011904761906,-14.419817219817219,-18.864001322751324,-9.653147546897547
5,4,2,cnf|gap|mrg&ovl|tzi,1,0,47.49761904761904,1.43,38.86191678691679,31.333333333333336,1.33,300,-12.647594997594998,-16.84686688311688,-8.722357503607505,-1.16,-20.499777537277538,-25.193910383597878,-15.761011904761906,-14.419817219817219,-18.864001322751324,-9.653147546897547
6,4,3,as&mrg&ovl|cnf|gap|tzi,1,1,47.43095238095238,1.44,38.86191678691679,31.333333333333336,1.33,300,-12.647594997594998,-16.84686688311688,-8.722357503607505,-1.16,-20.499777537277538,-25.193910383597878,-15.761011904761906,-14.419817219817219,-18.864001322751324,-9.653147546897547
3,3,1,as|cnf|gap,0,1,47.43095238095238,1.45,38.86191678691679,31.333333333333336,1.3333333333333333,300,-12.647594997594998,-16.84686688311688,-8.722357503607505,-1.1566666666666667,-20.499777537277538,-25.193910383597878,-15.761011904761906,-14.419817219817219,-18.864001322751324,-9.653147546897547
5,4,2,as|cnf|gap|mrg&ovl,1,1,47.49761904761904,1.44,38.86191678691679,31.333333333333336,1.3333333333333333,300,-12.647594997594998,-16.84686688311688,-8.722357503607505,-1.1566666666666667,-20.499777537277538,-25.193910383597878,-15.761011904761906,-14.419817219817219,-18.864001322751324,-9.653147546897547
5,4,2,as|cnf|gap|mrg&tzi,1,1,47.43095238095238,1.44,38.86191678691679,31.333333333333336,1.3333333333333333,300,-12.647594997594998,-16.84686688311688,-8.722357503607505,-1.1566666666666667,-20.499777537277538,-25.193910383597878,-15.761011904761906,-14.419817219817219,-18.864001322751324,-9.653147546897547
5,4,2,as|cnf|gap|ovl&tzi,0,1,47.43095238095238,1.45,38.86191678691679,31.333333333333336,1.3333333333333333,300,-12.647594997594998,-16.84686688311688,-8.722357503607505,-1.1566666666666667,-20.499777537277538,-25.193910383597878,-15.761011904761906,-14.419817219817219,-18.864001322751324,-9.653147546897547
6,4,3,as|cnf|gap|mrg&ovl&tzi,1,1,47.43095238095238,1.45,38.86191678691679,31.333333333333336,1.3333333333333333,300,-12.647594997594998,-16.84686688311688,-8.722357503607505,-1.1566666666666667,-20.499777537277538,-25.193910383597878,-15.761011904761906,-14.419817219817219,-18.864001322751324,-9.653147546897547
4,3,2,as&ovl|cnf|gap,0,1,47.43095238095238,1.45,38.86191678691679,31.333333333333336,1.3366666666666667,300,-12.647594997594998,-16.84686688311688,-8.722357503607505,-1.1533333333333333,-20.499777537277538,-25.193910383597878,-15.761011904761906,-14.419817219817219,-18.864001322751324,-9.653147546897547
6,4,2,as&ovl|cnf|gap|mrg&tzi,1,1,47.43095238095238,1.44,38.86191678691679,31.333333333333336,1.3366666666666667,300,-12.647594997594998,-16.84686688311688,-8.722357503607505,-1.1533333333333333,-20.499777537277538,-25.193910383597878,-15.761011904761906,-14.419817219817219,-18.864001322751324,-9.653147546897547
2,2,1,cnf|gap,0,0,47.43095238095238,1.48,38.86191678691679,31.333333333333336,1.34,300,-12.647594997594998,-16.84686688311688,-8.722357503607505,-1.15,-20.499777537277538,-25.193910383597878,-15.761011904761906,-14.419817219817219,-18.864001322751324,-9.653147546897547
4,3,2,as&mrg|cnf|gap,1,1,47.43095238095238,1.46,38.86191678691679,31.333333333333336,1.34,300,-12.647594997594998,-16.84686688311688,-8.722357503607505,-1.15,-20.499777537277538,-25.193910383597878,-15.761011904761906,-14.419817219817219,-18.864001322751324,-9.653147546897547
4,3,2,cnf|gap|mrg&ovl,1,0,47.49761904761904,1.45,38.86191678691679,31.333333333333336,1.34,300,-12.647594997594998,-16.84686688311688,-8.722357503607505,-1.15,-20.499777537277538,-25.193910383597878,-15.761011904761906,-14.419817219817219,-18.864001322751324,-9.653147546897547
4,3,2,cnf|gap|mrg&tzi,1,0,47.43095238095238,1.47,38.86191678691679,31.333333333333336,1.34,300,-12.647594997594998,-16.84686688311688,-8.722357503607505,-1.15,-20.499777537277538,-25.193910383597878,-15.761011904761906,-14.419817219817219,-18.864001322751324,-9.653147546897547
4,3,2,as&tzi|cnf|gap,0,1,47.43095238095238,1.48,38.86191678691679,31.333333333333336,1.34,300,-12.647594997594998,-16.84686688311688,-8.722357503607505,-1.15,-20.499777537277538,-25.193910383597878,-15.761011904761906,-14.419817219817219,-18.864001322751324,-9.653147546897547
4,3,2,cnf|gap|ovl&tzi,0,0,47.43095238095238,1.48,38.86191678691679,31.333333333333336,1.34,300,-12.647594997594998,-16.84686688311688,-8.722357503607505,-1.15,-20.499777537277538,-25.193910383597878,-15.761011904761906,-14.419817219817219,-18.864001322751324,-9.653147546897547
5,3,3,as&mrg&ovl|cnf|gap,1,1,47.43095238095238,1.46,38.86191678691679,31.333333333333336,1.34,300,-12.647594997594998,-16.84686688311688,-8.722357503607505,-1.15,-20.499777537277538,-25.193910383597878,-15.761011904761906,-14.419817219817219,-18.864001322751324,-9.653147546897547
5,3,3,as&mrg&tzi|cnf|gap,1,1,47.43095238095238,1.48,38.86191678691679,31.333333333333336,1.34,300,-12.647594997594998,-16.84686688311688,-8.722357503607505,-1.15,-20.499777537277538,-25.193910383597878,-15.761011904761906,-14.419817219817219,-18.864001322751324,-9.653147546897547
5,3,3,cnf|gap|mrg&ovl&tzi,1,0,47.43095238095238,1.48,38.86191678691679,31.333333333333336,1.34,300,-12.647594997594998,-16.84686688311688,-8.722357503607505,-1.15,-20.499777537277538,-25.193910383597878,-15.761011904761906,-14.419817219817219,-18.864001322751324,-9.653147546897547
5,3,3,as&ovl&tzi|cnf|gap,0,1,47.43095238095238,1.48,38.86191678691679,31.333333333333336,1.34,300,-12.647594997594998,-16.84686688311688,-8.722357503607505,-1.15,-20.499777537277538,-25.193910383597878,-15.761011904761906,-14.419817219817219,-18.864001322751324,-9.653147546897547
6,4,2,as&tzi|cnf|gap|mrg&ovl,1,1,47.49761904761904,1.45,38.86191678691679,31.333333333333336,1.34,300,-12.647594997594998,-16.84686688311688,-8.722357503607505,-1.15,-20.499777537277538,-25.193910383597878,-15.761011904761906,-14.419817219817219,-18.864001322751324,-9.653147546897547
6,4,2,as&mrg|cnf|gap|ovl&tzi,1,1,47.43095238095238,1.46,38.86191678691679,31.333333333333336,1.34,300,-12.647594997594998,-16.84686688311688,-8.722357503607505,-1.15,-20.499777537277538,-25.193910383597878,-15.761011904761906,-14.419817219817219,-18.864001322751324,-9.653147546897547
6,3,4,as&mrg&ovl&tzi|cnf|gap,1,1,47.43095238095238,1.48,38.86191678691679,31.333333333333336,1.34,300,-12.647594997594998,-16.84686688311688,-8.722357503607505,-1.15,-20.499777537277538,-25.193910383597878,-15.761011904761906,-14.419817219817219,-18.864001322751324,-9.653147546897547
